         Index            Ts             t            HF        Weight            Tr
           [#]          [°C]           [s]          [mW]          [mg]          [°C]
             0   3.21864e+01   0.00000e+00   2.98255e+01   2.47986e+00   2.50000e+01
             1   3.21871e+01   1.00000e+00   2.96563e+01   2.48033e+00   2.51667e+01
             2   3.22193e+01   2.00000e+00   2.95841e+01   2.48072e+00   2.53333e+01
             3   3.23186e+01   3.00000e+00   2.95389e+01   2.48107e+00   2.55000e+01
             4   3.24439e+01   4.00000e+00   2.94497e+01   2.48145e+00   2.56667e+01
             5   3.26168e+01   5.00000e+00   2.94483e+01   2.48182e+00   2.58333e+01
             6   3.28020e+01   6.00000e+00   2.94809e+01   2.48217e+00   2.60000e+01
             7   3.29836e+01   7.00000e+00   2.95290e+01   2.48249e+00   2.61667e+01
             8   3.31838e+01   8.00000e+00   2.97342e+01   2.48283e+00   2.63333e+01
             9   3.33769e+01   9.00000e+00   2.98552e+01   2.48337e+00   2.65000e+01
            10   3.35758e+01   1.00000e+01   2.99693e+01   2.48406e+00   2.66667e+01
            11   3.38072e+01   1.10000e+01   3.00926e+01   2.48481e+00   2.68333e+01
            12   3.40243e+01   1.20000e+01   3.03614e+01   2.48589e+00   2.70000e+01
            13   3.42528e+01   1.30000e+01   3.05583e+01   2.48684e+00   2.71667e+01
            14   3.44625e+01   1.40000e+01   3.07524e+01   2.48767e+00   2.73333e+01
            15   3.46998e+01   1.50000e+01   3.09524e+01   2.48839e+00   2.75000e+01
            16   3.49361e+01   1.60000e+01   3.12550e+01   2.48894e+00   2.76667e+01
            17   3.51578e+01   1.70000e+01   3.15054e+01   2.48931e+00   2.78333e+01
            18   3.53902e+01   1.80000e+01   3.17472e+01   2.48946e+00   2.80000e+01
            19   3.56217e+01   1.90000e+01   3.19908e+01   2.48946e+00   2.81667e+01
            20   3.58476e+01   2.00000e+01   3.22908e+01   2.48887e+00   2.83333e+01
            21   3.60780e+01   2.10000e+01   3.25626e+01   2.48868e+00   2.85000e+01
            22   3.63066e+01   2.20000e+01   3.28285e+01   2.48866e+00   2.86667e+01
            23   3.65448e+01   2.30000e+01   3.30945e+01   2.48869e+00   2.88333e+01
            24   3.67665e+01   2.40000e+01   3.33906e+01   2.48897e+00   2.90000e+01
            25   3.70009e+01   2.50000e+01   3.36702e+01   2.48936e+00   2.91667e+01
            26   3.72314e+01   2.60000e+01   3.39457e+01   2.48984e+00   2.93333e+01
            27   3.74511e+01   2.70000e+01   3.42198e+01   2.49036e+00   2.95000e+01
            28   3.76763e+01   2.80000e+01   3.44987e+01   2.49123e+00   2.96667e+01
            29   3.79003e+01   2.90000e+01   3.47738e+01   2.49177e+00   2.98333e+01
            30   3.81288e+01   3.00000e+01   3.50481e+01   2.49209e+00   3.00000e+01
            31   3.83469e+01   3.10000e+01   3.53218e+01   2.49224e+00   3.01667e+01
            32   3.85754e+01   3.20000e+01   3.55919e+01   2.49190e+00   3.03333e+01
            33   3.87952e+01   3.30000e+01   3.58629e+01   2.49169e+00   3.05000e+01
            34   3.90136e+01   3.40000e+01   3.61323e+01   2.49147e+00   3.06667e+01
            35   3.92424e+01   3.50000e+01   3.64007e+01   2.49121e+00   3.08333e+01
            36   3.94530e+01   3.60000e+01   3.66582e+01   2.49071e+00   3.10000e+01
            37   3.96614e+01   3.70000e+01   3.69187e+01   2.49059e+00   3.11667e+01
            38   3.98912e+01   3.80000e+01   3.71780e+01   2.49069e+00   3.13333e+01
            39   4.01132e+01   3.90000e+01   3.74347e+01   2.49088e+00   3.15000e+01
            40   4.03332e+01   4.00000e+01   3.76834e+01   2.49159e+00   3.16667e+01
            41   4.05432e+01   4.10000e+01   3.79335e+01   2.49211e+00   3.18333e+01
            42   4.07619e+01   4.20000e+01   3.81809e+01   2.49256e+00   3.20000e+01
            43   4.09765e+01   4.30000e+01   3.84267e+01   2.49293e+00   3.21667e+01
            44   4.11897e+01   4.40000e+01   3.86558e+01   2.49326e+00   3.23333e+01
            45   4.13944e+01   4.50000e+01   3.88924e+01   2.49339e+00   3.25000e+01
            46   4.16096e+01   4.60000e+01   3.91296e+01   2.49332e+00   3.26667e+01
            47   4.18127e+01   4.70000e+01   3.93663e+01   2.49311e+00   3.28333e+01
            48   4.20250e+01   4.80000e+01   3.95828e+01   2.49234e+00   3.30000e+01
            49   4.22392e+01   4.90000e+01   3.98059e+01   2.49195e+00   3.31667e+01
            50   4.24442e+01   5.00000e+01   4.00288e+01   2.49173e+00   3.33333e+01
            51   4.26409e+01   5.10000e+01   4.02506e+01   2.49159e+00   3.35000e+01
            52   4.28616e+01   5.20000e+01   4.04567e+01   2.49166e+00   3.36667e+01
            53   4.30634e+01   5.30000e+01   4.06688e+01   2.49188e+00   3.38333e+01
            54   4.32750e+01   5.40000e+01   4.08798e+01   2.49221e+00   3.40000e+01
            55   4.34849e+01   5.50000e+01   4.10884e+01   2.49259e+00   3.41667e+01
            56   4.36897e+01   5.60000e+01   4.12803e+01   2.49337e+00   3.43333e+01
            57   4.38808e+01   5.70000e+01   4.14773e+01   2.49381e+00   3.45000e+01
            58   4.40771e+01   5.80000e+01   4.16734e+01   2.49403e+00   3.46667e+01
            59   4.42925e+01   5.90000e+01   4.18676e+01   2.49407e+00   3.48333e+01
            60   4.44794e+01   6.00000e+01   4.20395e+01   2.49365e+00   3.50000e+01
            61   4.46861e+01   6.10000e+01   4.22181e+01   2.49333e+00   3.51667e+01
            62   4.48869e+01   6.20000e+01   4.23951e+01   2.49301e+00   3.53333e+01
            63   4.50770e+01   6.30000e+01   4.25702e+01   2.49266e+00   3.55000e+01
            64   4.52740e+01   6.40000e+01   4.27241e+01   2.49209e+00   3.56667e+01
            65   4.54768e+01   6.50000e+01   4.28862e+01   2.49192e+00   3.58333e+01
            66   4.56643e+01   6.60000e+01   4.30478e+01   2.49198e+00   3.60000e+01
            67   4.58619e+01   6.70000e+01   4.32080e+01   2.49214e+00   3.61667e+01
            68   4.60539e+01   6.80000e+01   4.33396e+01   2.49288e+00   3.63333e+01
            69   4.62291e+01   6.90000e+01   4.34803e+01   2.49342e+00   3.65000e+01
            70   4.64202e+01   7.00000e+01   4.36196e+01   2.49385e+00   3.66667e+01
            71   4.66060e+01   7.10000e+01   4.37572e+01   2.49421e+00   3.68333e+01
            72   4.67974e+01   7.20000e+01   4.38747e+01   2.49451e+00   3.70000e+01
            73   4.69905e+01   7.30000e+01   4.40013e+01   2.49458e+00   3.71667e+01
            74   4.71728e+01   7.40000e+01   4.41268e+01   2.49442e+00   3.73333e+01
            75   4.73671e+01   7.50000e+01   4.42491e+01   2.49411e+00   3.75000e+01
            76   4.75413e+01   7.60000e+01   4.43474e+01   2.49328e+00   3.76667e+01
            77   4.77196e+01   7.70000e+01   4.44571e+01   2.49290e+00   3.78333e+01
            78   4.78876e+01   7.80000e+01   4.45669e+01   2.49270e+00   3.80000e+01
            79   4.80667e+01   7.90000e+01   4.46749e+01   2.49258e+00   3.81667e+01
            80   4.82564e+01   8.00000e+01   4.47643e+01   2.49279e+00   3.83333e+01
            81   4.84439e+01   8.10000e+01   4.48621e+01   2.49306e+00   3.85000e+01
            82   4.86253e+01   8.20000e+01   4.49590e+01   2.49340e+00   3.86667e+01
            83   4.87903e+01   8.30000e+01   4.50542e+01   2.49376e+00   3.88333e+01
            84   4.89648e+01   8.40000e+01   4.51312e+01   2.49443e+00   3.90000e+01
            85   4.91467e+01   8.50000e+01   4.52159e+01   2.49477e+00   3.91667e+01
            86   4.93336e+01   8.60000e+01   4.53007e+01   2.49488e+00   3.93333e+01
            87   4.95016e+01   8.70000e+01   4.53837e+01   2.49487e+00   3.95000e+01
            88   4.96731e+01   8.80000e+01   4.54541e+01   2.49440e+00   3.96667e+01
            89   4.98609e+01   8.90000e+01   4.55293e+01   2.49403e+00   3.98333e+01
            90   5.00302e+01   9.00000e+01   4.56016e+01   2.49365e+00   4.00000e+01
            91   5.01965e+01   9.10000e+01   4.56711e+01   2.49324e+00   4.01667e+01
            92   5.03795e+01   9.20000e+01   4.57266e+01   2.49273e+00   4.03333e+01
            93   5.05436e+01   9.30000e+01   4.57881e+01   2.49252e+00   4.05000e+01
            94   5.07187e+01   9.40000e+01   4.58490e+01   2.49249e+00   4.06667e+01
            95   5.08853e+01   9.50000e+01   4.59092e+01   2.49258e+00   4.08333e+01
            96   5.10601e+01   9.60000e+01   4.59547e+01   2.49329e+00   4.10000e+01
            97   5.12392e+01   9.70000e+01   4.60066e+01   2.49380e+00   4.11667e+01
            98   5.14036e+01   9.80000e+01   4.60591e+01   2.49419e+00   4.13333e+01
            99   5.15595e+01   9.90000e+01   4.61114e+01   2.49450e+00   4.15000e+01
           100   5.17314e+01   1.00000e+02   4.61483e+01   2.49483e+00   4.16667e+01
           101   5.19117e+01   1.01000e+02   4.61926e+01   2.49489e+00   4.18333e+01
           102   5.20699e+01   1.02000e+02   4.62377e+01   2.49471e+00   4.20000e+01
           103   5.22366e+01   1.03000e+02   4.62825e+01   2.49440e+00   4.21667e+01
           104   5.24075e+01   1.04000e+02   4.63206e+01   2.49359e+00   4.23333e+01
           105   5.25745e+01   1.05000e+02   4.63611e+01   2.49320e+00   4.25000e+01
           106   5.27340e+01   1.06000e+02   4.64005e+01   2.49296e+00   4.26667e+01
           107   5.29153e+01   1.07000e+02   4.64387e+01   2.49280e+00   4.28333e+01
           108   5.30777e+01   1.08000e+02   4.64706e+01   2.49304e+00   4.30000e+01
           109   5.32470e+01   1.09000e+02   4.65042e+01   2.49332e+00   4.31667e+01
           110   5.34071e+01   1.10000e+02   4.65381e+01   2.49366e+00   4.33333e+01
           111   5.35722e+01   1.11000e+02   4.65718e+01   2.49403e+00   4.35000e+01
           112   5.37447e+01   1.12000e+02   4.65965e+01   2.49474e+00   4.36667e+01
           113   5.39084e+01   1.13000e+02   4.66230e+01   2.49508e+00   4.38333e+01
           114   5.40751e+01   1.14000e+02   4.66491e+01   2.49516e+00   4.40000e+01
           115   5.42288e+01   1.15000e+02   4.66763e+01   2.49510e+00   4.41667e+01
           116   5.44010e+01   1.16000e+02   4.66976e+01   2.49458e+00   4.43333e+01
           117   5.45647e+01   1.17000e+02   4.67212e+01   2.49418e+00   4.45000e+01
           118   5.47304e+01   1.18000e+02   4.67434e+01   2.49375e+00   4.46667e+01
           119   5.48977e+01   1.19000e+02   4.67652e+01   2.49334e+00   4.48333e+01
           120   5.50559e+01   1.20000e+02   4.67803e+01   2.49292e+00   4.50000e+01
           121   5.52258e+01   1.21000e+02   4.67996e+01   2.49278e+00   4.51667e+01
           122   5.53720e+01   1.22000e+02   4.68198e+01   2.49279e+00   4.53333e+01
           123   5.55400e+01   1.23000e+02   4.68399e+01   2.49289e+00   4.55000e+01
           124   5.57213e+01   1.24000e+02   4.68568e+01   2.49358e+00   4.56667e+01
           125   5.58824e+01   1.25000e+02   4.68750e+01   2.49398e+00   4.58333e+01
           126   5.60328e+01   1.26000e+02   4.68940e+01   2.49426e+00   4.60000e+01
           127   5.61907e+01   1.27000e+02   4.69122e+01   2.49449e+00   4.61667e+01
           128   5.63570e+01   1.28000e+02   4.69256e+01   2.49453e+00   4.63333e+01
           129   5.65136e+01   1.29000e+02   4.69418e+01   2.49435e+00   4.65000e+01
           130   5.66920e+01   1.30000e+02   4.69594e+01   2.49401e+00   4.66667e+01
           131   5.68541e+01   1.31000e+02   4.69764e+01   2.49363e+00   4.68333e+01
           132   5.70139e+01   1.32000e+02   4.69953e+01   2.49287e+00   4.70000e+01
           133   5.71698e+01   1.33000e+02   4.70125e+01   2.49246e+00   4.71667e+01
           134   5.73475e+01   1.34000e+02   4.70292e+01   2.49222e+00   4.73333e+01
           135   5.75113e+01   1.35000e+02   4.70463e+01   2.49211e+00   4.75000e+01
           136   5.76711e+01   1.36000e+02   4.70602e+01   2.49252e+00   4.76667e+01
           137   5.78287e+01   1.37000e+02   4.70749e+01   2.49284e+00   4.78333e+01
           138   5.79947e+01   1.38000e+02   4.70903e+01   2.49321e+00   4.80000e+01
           139   5.81578e+01   1.39000e+02   4.71056e+01   2.49361e+00   4.81667e+01
           140   5.83189e+01   1.40000e+02   4.71189e+01   2.49426e+00   4.83333e+01
           141   5.84888e+01   1.41000e+02   4.71327e+01   2.49455e+00   4.85000e+01
           142   5.86493e+01   1.42000e+02   4.71459e+01   2.49468e+00   4.86667e+01
           143   5.88111e+01   1.43000e+02   4.71579e+01   2.49472e+00   4.88333e+01
           144   5.89777e+01   1.44000e+02   4.71658e+01   2.49417e+00   4.90000e+01
           145   5.91262e+01   1.45000e+02   4.71748e+01   2.49371e+00   4.91667e+01
           146   5.92945e+01   1.46000e+02   4.71846e+01   2.49327e+00   4.93333e+01
           147   5.94589e+01   1.47000e+02   4.71945e+01   2.49288e+00   4.95000e+01
           148   5.96190e+01   1.48000e+02   4.72026e+01   2.49243e+00   4.96667e+01
           149   5.97818e+01   1.49000e+02   4.72128e+01   2.49230e+00   4.98333e+01
           150   5.99449e+01   1.50000e+02   4.72210e+01   2.49237e+00   5.00000e+01
           151   6.00998e+01   1.51000e+02   4.72273e+01   2.49257e+00   5.01667e+01
           152   6.02551e+01   1.52000e+02   4.72309e+01   2.49339e+00   5.03333e+01
           153   6.04165e+01   1.53000e+02   4.72373e+01   2.49391e+00   5.05000e+01
           154   6.05806e+01   1.54000e+02   4.72442e+01   2.49436e+00   5.06667e+01
           155   6.07463e+01   1.55000e+02   4.72526e+01   2.49477e+00   5.08333e+01
           156   6.09078e+01   1.56000e+02   4.72635e+01   2.49495e+00   5.10000e+01
           157   6.10819e+01   1.57000e+02   4.72725e+01   2.49495e+00   5.11667e+01
           158   6.12378e+01   1.58000e+02   4.72798e+01   2.49484e+00   5.13333e+01
           159   6.13817e+01   1.59000e+02   4.72861e+01   2.49467e+00   5.15000e+01
           160   6.15471e+01   1.60000e+02   4.72889e+01   2.49392e+00   5.16667e+01
           161   6.17160e+01   1.61000e+02   4.72935e+01   2.49348e+00   5.18333e+01
           162   6.18690e+01   1.62000e+02   4.72980e+01   2.49322e+00   5.20000e+01
           163   6.20344e+01   1.63000e+02   4.73024e+01   2.49308e+00   5.21667e+01
           164   6.22069e+01   1.64000e+02   4.73112e+01   2.49321e+00   5.23333e+01
           165   6.23615e+01   1.65000e+02   4.73189e+01   2.49343e+00   5.25000e+01
           166   6.25311e+01   1.66000e+02   4.73254e+01   2.49375e+00   5.26667e+01
           167   6.26747e+01   1.67000e+02   4.73303e+01   2.49412e+00   5.28333e+01
           168   6.28345e+01   1.68000e+02   4.73296e+01   2.49486e+00   5.30000e+01
           169   6.29970e+01   1.69000e+02   4.73329e+01   2.49528e+00   5.31667e+01
           170   6.31584e+01   1.70000e+02   4.73386e+01   2.49555e+00   5.33333e+01
           171   6.33111e+01   1.71000e+02   4.73455e+01   2.49569e+00   5.35000e+01
           172   6.34859e+01   1.72000e+02   4.73532e+01   2.49529e+00   5.36667e+01
           173   6.36461e+01   1.73000e+02   4.73584e+01   2.49495e+00   5.38333e+01
           174   6.38205e+01   1.74000e+02   4.73618e+01   2.49463e+00   5.40000e+01
           175   6.39670e+01   1.75000e+02   4.73640e+01   2.49431e+00   5.41667e+01
           176   6.41259e+01   1.76000e+02   4.73650e+01   2.49368e+00   5.43333e+01
           177   6.42893e+01   1.77000e+02   4.73675e+01   2.49342e+00   5.45000e+01
           178   6.44524e+01   1.78000e+02   4.73699e+01   2.49339e+00   5.46667e+01
           179   6.46164e+01   1.79000e+02   4.73724e+01   2.49348e+00   5.48333e+01
           180   6.47837e+01   1.80000e+02   4.73752e+01   2.49410e+00   5.50000e+01
           181   6.49302e+01   1.81000e+02   4.73783e+01   2.49456e+00   5.51667e+01
           182   6.50953e+01   1.82000e+02   4.73814e+01   2.49499e+00   5.53333e+01
           183   6.52535e+01   1.83000e+02   4.73833e+01   2.49540e+00   5.55000e+01
           184   6.54035e+01   1.84000e+02   4.73808e+01   2.49584e+00   5.56667e+01
           185   6.55735e+01   1.85000e+02   4.73816e+01   2.49606e+00   5.58333e+01
           186   6.57327e+01   1.86000e+02   4.73834e+01   2.49609e+00   5.60000e+01
           187   6.58886e+01   1.87000e+02   4.73856e+01   2.49598e+00   5.61667e+01
           188   6.60588e+01   1.88000e+02   4.73899e+01   2.49532e+00   5.63333e+01
           189   6.62141e+01   1.89000e+02   4.73916e+01   2.49493e+00   5.65000e+01
           190   6.63779e+01   1.90000e+02   4.73926e+01   2.49466e+00   5.66667e+01
           191   6.65413e+01   1.91000e+02   4.73941e+01   2.49444e+00   5.68333e+01
           192   6.66923e+01   1.92000e+02   4.73935e+01   2.49430e+00   5.70000e+01
           193   6.68573e+01   1.93000e+02   4.73945e+01   2.49439e+00   5.71667e+01
           194   6.70208e+01   1.94000e+02   4.73969e+01   2.49463e+00   5.73333e+01
           195   6.71842e+01   1.95000e+02   4.73999e+01   2.49493e+00   5.75000e+01
           196   6.73434e+01   1.96000e+02   4.74050e+01   2.49571e+00   5.76667e+01
           197   6.75035e+01   1.97000e+02   4.74091e+01   2.49616e+00   5.78333e+01
           198   6.76594e+01   1.98000e+02   4.74132e+01   2.49644e+00   5.80000e+01
           199   6.78160e+01   1.99000e+02   4.74173e+01   2.49660e+00   5.81667e+01
           200   6.79872e+01   2.00000e+02   4.74220e+01   2.49644e+00   5.83333e+01
           201   6.81380e+01   2.01000e+02   4.74261e+01   2.49628e+00   5.85000e+01
           202   6.83027e+01   2.02000e+02   4.74305e+01   2.49602e+00   5.86667e+01
           203   6.84697e+01   2.03000e+02   4.74336e+01   2.49569e+00   5.88333e+01
           204   6.86363e+01   2.04000e+02   4.74402e+01   2.49512e+00   5.90000e+01
           205   6.87965e+01   2.05000e+02   4.74431e+01   2.49490e+00   5.91667e+01
           206   6.89544e+01   2.06000e+02   4.74448e+01   2.49486e+00   5.93333e+01
           207   6.91214e+01   2.07000e+02   4.74457e+01   2.49490e+00   5.95000e+01
           208   6.92773e+01   2.08000e+02   4.74462e+01   2.49541e+00   5.96667e+01
           209   6.94368e+01   2.09000e+02   4.74481e+01   2.49582e+00   5.98333e+01
           210   6.96041e+01   2.10000e+02   4.74500e+01   2.49623e+00   6.00000e+01
           211   6.97590e+01   2.11000e+02   4.74514e+01   2.49664e+00   6.01667e+01
           212   6.99176e+01   2.12000e+02   4.74496e+01   2.49721e+00   6.03333e+01
           213   7.00816e+01   2.13000e+02   4.74495e+01   2.49750e+00   6.05000e+01
           214   7.02285e+01   2.14000e+02   4.74488e+01   2.49757e+00   6.06667e+01
           215   7.03961e+01   2.15000e+02   4.74486e+01   2.49753e+00   6.08333e+01
           216   7.05556e+01   2.16000e+02   4.74479e+01   2.49711e+00   6.10000e+01
           217   7.07229e+01   2.17000e+02   4.74469e+01   2.49686e+00   6.11667e+01
           218   7.08753e+01   2.18000e+02   4.74453e+01   2.49665e+00   6.13333e+01
           219   7.10442e+01   2.19000e+02   4.74438e+01   2.49647e+00   6.15000e+01
           220   7.11982e+01   2.20000e+02   4.74421e+01   2.49643e+00   6.16667e+01
           221   7.13726e+01   2.21000e+02   4.74407e+01   2.49657e+00   6.18333e+01
           222   7.15142e+01   2.22000e+02   4.74393e+01   2.49681e+00   6.20000e+01
           223   7.16780e+01   2.23000e+02   4.74388e+01   2.49710e+00   6.21667e+01
           224   7.18466e+01   2.24000e+02   4.74373e+01   2.49781e+00   6.23333e+01
           225   7.19986e+01   2.25000e+02   4.74365e+01   2.49816e+00   6.25000e+01
           226   7.21604e+01   2.26000e+02   4.74358e+01   2.49834e+00   6.26667e+01
           227   7.23140e+01   2.27000e+02   4.74347e+01   2.49844e+00   6.28333e+01
           228   7.24856e+01   2.28000e+02   4.74331e+01   2.49822e+00   6.30000e+01
           229   7.26467e+01   2.29000e+02   4.74298e+01   2.49798e+00   6.31667e+01
           230   7.28000e+01   2.30000e+02   4.74258e+01   2.49767e+00   6.33333e+01
           231   7.29670e+01   2.31000e+02   4.74218e+01   2.49736e+00   6.35000e+01
           232   7.31320e+01   2.32000e+02   4.74192e+01   2.49699e+00   6.36667e+01
           233   7.32847e+01   2.33000e+02   4.74155e+01   2.49688e+00   6.38333e+01
           234   7.34498e+01   2.34000e+02   4.74105e+01   2.49693e+00   6.40000e+01
           235   7.36057e+01   2.35000e+02   4.74053e+01   2.49708e+00   6.41667e+01
           236   7.37652e+01   2.36000e+02   4.73962e+01   2.49776e+00   6.43333e+01
           237   7.39182e+01   2.37000e+02   4.73892e+01   2.49820e+00   6.45000e+01
           238   7.40764e+01   2.38000e+02   4.73831e+01   2.49859e+00   6.46667e+01
           239   7.42313e+01   2.39000e+02   4.73788e+01   2.49896e+00   6.48333e+01
           240   7.44029e+01   2.40000e+02   4.73732e+01   2.49919e+00   6.50000e+01
           241   7.45659e+01   2.41000e+02   4.73699e+01   2.49918e+00   6.51667e+01
           242   7.47186e+01   2.42000e+02   4.73688e+01   2.49902e+00   6.53333e+01
           243   7.48726e+01   2.43000e+02   4.73677e+01   2.49881e+00   6.55000e+01
           244   7.50357e+01   2.44000e+02   4.73657e+01   2.49813e+00   6.56667e+01
           245   7.51958e+01   2.45000e+02   4.73629e+01   2.49775e+00   6.58333e+01
           246   7.53560e+01   2.46000e+02   4.73598e+01   2.49750e+00   6.60000e+01
           247   7.55201e+01   2.47000e+02   4.73570e+01   2.49738e+00   6.61667e+01
           248   7.56819e+01   2.48000e+02   4.73611e+01   2.49761e+00   6.63333e+01
           249   7.58381e+01   2.49000e+02   4.73624e+01   2.49787e+00   6.65000e+01
           250   7.60097e+01   2.50000e+02   4.73631e+01   2.49823e+00   6.66667e+01
           251   7.61809e+01   2.51000e+02   4.73633e+01   2.49862e+00   6.68333e+01
           252   7.63316e+01   2.52000e+02   4.73619e+01   2.49930e+00   6.70000e+01
           253   7.64950e+01   2.53000e+02   4.73604e+01   2.49963e+00   6.71667e+01
           254   7.66434e+01   2.54000e+02   4.73596e+01   2.49980e+00   6.73333e+01
           255   7.68088e+01   2.55000e+02   4.73586e+01   2.49988e+00   6.75000e+01
           256   7.69673e+01   2.56000e+02   4.73577e+01   2.49935e+00   6.76667e+01
           257   7.71376e+01   2.57000e+02   4.73570e+01   2.49893e+00   6.78333e+01
           258   7.72981e+01   2.58000e+02   4.73555e+01   2.49857e+00   6.80000e+01
           259   7.74582e+01   2.59000e+02   4.73532e+01   2.49825e+00   6.81667e+01
           260   7.76203e+01   2.60000e+02   4.73480e+01   2.49779e+00   6.83333e+01
           261   7.77691e+01   2.61000e+02   4.73434e+01   2.49765e+00   6.85000e+01
           262   7.79328e+01   2.62000e+02   4.73402e+01   2.49770e+00   6.86667e+01
           263   7.81002e+01   2.63000e+02   4.73375e+01   2.49785e+00   6.88333e+01
           264   7.82558e+01   2.64000e+02   4.73338e+01   2.49853e+00   6.90000e+01
           265   7.84234e+01   2.65000e+02   4.73303e+01   2.49894e+00   6.91667e+01
           266   7.85829e+01   2.66000e+02   4.73259e+01   2.49928e+00   6.93333e+01
           267   7.87379e+01   2.67000e+02   4.73209e+01   2.49955e+00   6.95000e+01
           268   7.88961e+01   2.68000e+02   4.73135e+01   2.49958e+00   6.96667e+01
           269   7.90484e+01   2.69000e+02   4.73085e+01   2.49951e+00   6.98333e+01
           270   7.92135e+01   2.70000e+02   4.73043e+01   2.49936e+00   7.00000e+01
           271   7.93798e+01   2.71000e+02   4.72998e+01   2.49914e+00   7.01667e+01
           272   7.95419e+01   2.72000e+02   4.72973e+01   2.49842e+00   7.03333e+01
           273   7.97047e+01   2.73000e+02   4.72935e+01   2.49803e+00   7.05000e+01
           274   7.98626e+01   2.74000e+02   4.72902e+01   2.49785e+00   7.06667e+01
           275   8.00172e+01   2.75000e+02   4.72865e+01   2.49777e+00   7.08333e+01
           276   8.01760e+01   2.76000e+02   4.72803e+01   2.49798e+00   7.10000e+01
           277   8.03339e+01   2.77000e+02   4.72759e+01   2.49824e+00   7.11667e+01
           278   8.05032e+01   2.78000e+02   4.72721e+01   2.49858e+00   7.13333e+01
           279   8.06624e+01   2.79000e+02   4.72681e+01   2.49895e+00   7.15000e+01
           280   8.08225e+01   2.80000e+02   4.72659e+01   2.49962e+00   7.16667e+01
           281   8.09833e+01   2.81000e+02   4.72629e+01   2.50000e+00   7.18333e+01
           282   8.11432e+01   2.82000e+02   4.72593e+01   2.50020e+00   7.20000e+01
           283   8.13043e+01   2.83000e+02   4.72559e+01   2.50026e+00   7.21667e+01
           284   8.14641e+01   2.84000e+02   4.72526e+01   2.49984e+00   7.23333e+01
           285   8.16188e+01   2.85000e+02   4.72484e+01   2.49955e+00   7.25000e+01
           286   8.17851e+01   2.86000e+02   4.72452e+01   2.49927e+00   7.26667e+01
           287   8.19456e+01   2.87000e+02   4.72425e+01   2.49898e+00   7.28333e+01
           288   8.21083e+01   2.88000e+02   4.72374e+01   2.49853e+00   7.30000e+01
           289   8.22675e+01   2.89000e+02   4.72319e+01   2.49840e+00   7.31667e+01
           290   8.24251e+01   2.90000e+02   4.72266e+01   2.49845e+00   7.33333e+01
           291   8.25872e+01   2.91000e+02   4.72216e+01   2.49859e+00   7.35000e+01
           292   8.27522e+01   2.92000e+02   4.72170e+01   2.49923e+00   7.36667e+01
           293   8.29062e+01   2.93000e+02   4.72133e+01   2.49968e+00   7.38333e+01
           294   8.30650e+01   2.94000e+02   4.72099e+01   2.50005e+00   7.40000e+01
           295   8.32343e+01   2.95000e+02   4.72061e+01   2.50038e+00   7.41667e+01
           296   8.33990e+01   2.96000e+02   4.72006e+01   2.50069e+00   7.43333e+01
           297   8.35416e+01   2.97000e+02   4.71968e+01   2.50079e+00   7.45000e+01
           298   8.37118e+01   2.98000e+02   4.71928e+01   2.50068e+00   7.46667e+01
           299   8.38632e+01   2.99000e+02   4.71884e+01   2.50047e+00   7.48333e+01
           300   8.40305e+01   3.00000e+02   4.71854e+01   2.49988e+00   7.50000e+01
           301   8.41920e+01   3.01000e+02   4.71819e+01   2.49953e+00   7.51667e+01
           302   8.43518e+01   3.02000e+02   4.71781e+01   2.49926e+00   7.53333e+01
           303   8.45178e+01   3.03000e+02   4.71744e+01   2.49904e+00   7.55000e+01
           304   8.46699e+01   3.04000e+02   4.71702e+01   2.49910e+00   7.56667e+01
           305   8.48443e+01   3.05000e+02   4.71649e+01   2.49925e+00   7.58333e+01
           306   8.49947e+01   3.06000e+02   4.71593e+01   2.49950e+00   7.60000e+01
           307   8.51611e+01   3.07000e+02   4.71545e+01   2.49981e+00   7.61667e+01
           308   8.53079e+01   3.08000e+02   4.71496e+01   2.50051e+00   7.63333e+01
           309   8.54830e+01   3.09000e+02   4.71447e+01   2.50090e+00   7.65000e+01
           310   8.56441e+01   3.10000e+02   4.71391e+01   2.50115e+00   7.66667e+01
           311   8.58007e+01   3.11000e+02   4.71328e+01   2.50134e+00   7.68333e+01
           312   8.59628e+01   3.12000e+02   4.71271e+01   2.50119e+00   7.70000e+01
           313   8.61122e+01   3.13000e+02   4.71219e+01   2.50099e+00   7.71667e+01
           314   8.62737e+01   3.14000e+02   4.71169e+01   2.50072e+00   7.73333e+01
           315   8.64328e+01   3.15000e+02   4.71116e+01   2.50043e+00   7.75000e+01
           316   8.66070e+01   3.16000e+02   4.71072e+01   2.49989e+00   7.76667e+01
           317   8.67622e+01   3.17000e+02   4.71047e+01   2.49960e+00   7.78333e+01
           318   8.69211e+01   3.18000e+02   4.71027e+01   2.49948e+00   7.80000e+01
           319   8.70803e+01   3.19000e+02   4.70992e+01   2.49947e+00   7.81667e+01
           320   8.72372e+01   3.20000e+02   4.70937e+01   2.49987e+00   7.83333e+01
           321   8.74055e+01   3.21000e+02   4.70887e+01   2.50021e+00   7.85000e+01
           322   8.75630e+01   3.22000e+02   4.70836e+01   2.50059e+00   7.86667e+01
           323   8.77290e+01   3.23000e+02   4.70787e+01   2.50099e+00   7.88333e+01
           324   8.78798e+01   3.24000e+02   4.70770e+01   2.50157e+00   7.90000e+01
           325   8.80510e+01   3.25000e+02   4.70725e+01   2.50188e+00   7.91667e+01
           326   8.82193e+01   3.26000e+02   4.70671e+01   2.50204e+00   7.93333e+01
           327   8.83719e+01   3.27000e+02   4.70617e+01   2.50210e+00   7.95000e+01
           328   8.85262e+01   3.28000e+02   4.70516e+01   2.50164e+00   7.96667e+01
           329   8.86851e+01   3.29000e+02   4.70444e+01   2.50131e+00   7.98333e+01
           330   8.88469e+01   3.30000e+02   4.70374e+01   2.50100e+00   8.00000e+01
           331   8.90168e+01   3.31000e+02   4.70300e+01   2.50069e+00   8.01667e+01
           332   8.91744e+01   3.32000e+02   4.70214e+01   2.50024e+00   8.03333e+01
           333   8.93365e+01   3.33000e+02   4.70135e+01   2.50008e+00   8.05000e+01
           334   8.94882e+01   3.34000e+02   4.70058e+01   2.50012e+00   8.06667e+01
           335   8.96506e+01   3.35000e+02   4.69977e+01   2.50025e+00   8.08333e+01
           336   8.98144e+01   3.36000e+02   4.69890e+01   2.50087e+00   8.10000e+01
           337   8.99706e+01   3.37000e+02   4.69827e+01   2.50133e+00   8.11667e+01
           338   9.01324e+01   3.38000e+02   4.69764e+01   2.50173e+00   8.13333e+01
           339   9.02873e+01   3.39000e+02   4.69698e+01   2.50210e+00   8.15000e+01
           340   9.04498e+01   3.40000e+02   4.69630e+01   2.50249e+00   8.16667e+01
           341   9.06086e+01   3.41000e+02   4.69561e+01   2.50265e+00   8.18333e+01
           342   9.07678e+01   3.42000e+02   4.69490e+01   2.50261e+00   8.20000e+01
           343   9.09293e+01   3.43000e+02   4.69422e+01   2.50246e+00   8.21667e+01
           344   9.10907e+01   3.44000e+02   4.69380e+01   2.50186e+00   8.23333e+01
           345   9.12584e+01   3.45000e+02   4.69322e+01   2.50146e+00   8.25000e+01
           346   9.14149e+01   3.46000e+02   4.69266e+01   2.50110e+00   8.26667e+01
           347   9.15777e+01   3.47000e+02   4.69214e+01   2.50077e+00   8.28333e+01
           348   9.17343e+01   3.48000e+02   4.69135e+01   2.50057e+00   8.30000e+01
           349   9.18974e+01   3.49000e+02   4.69063e+01   2.50055e+00   8.31667e+01
           350   9.20520e+01   3.50000e+02   4.68991e+01   2.50068e+00   8.33333e+01
           351   9.22174e+01   3.51000e+02   4.68923e+01   2.50089e+00   8.35000e+01
           352   9.23801e+01   3.52000e+02   4.68861e+01   2.50159e+00   8.36667e+01
           353   9.25344e+01   3.53000e+02   4.68808e+01   2.50201e+00   8.38333e+01
           354   9.27014e+01   3.54000e+02   4.68758e+01   2.50233e+00   8.40000e+01
           355   9.28697e+01   3.55000e+02   4.68705e+01   2.50261e+00   8.41667e+01
           356   9.30162e+01   3.56000e+02   4.68643e+01   2.50262e+00   8.43333e+01
           357   9.31812e+01   3.57000e+02   4.68580e+01   2.50251e+00   8.45000e+01
           358   9.33362e+01   3.58000e+02   4.68526e+01   2.50231e+00   8.46667e+01
           359   9.35029e+01   3.59000e+02   4.68471e+01   2.50207e+00   8.48333e+01
           360   9.36627e+01   3.60000e+02   4.68403e+01   2.50141e+00   8.50000e+01
           361   9.38326e+01   3.61000e+02   4.68361e+01   2.50105e+00   8.51667e+01
           362   9.39908e+01   3.62000e+02   4.68327e+01   2.50088e+00   8.53333e+01
           363   9.41546e+01   3.63000e+02   4.68277e+01   2.50081e+00   8.55000e+01
           364   9.43102e+01   3.64000e+02   4.68184e+01   2.50108e+00   8.56667e+01
           365   9.44667e+01   3.65000e+02   4.68094e+01   2.50135e+00   8.58333e+01
           366   9.46288e+01   3.66000e+02   4.68010e+01   2.50169e+00   8.60000e+01
           367   9.47949e+01   3.67000e+02   4.67931e+01   2.50206e+00   8.61667e+01
           368   9.49488e+01   3.68000e+02   4.67839e+01   2.50269e+00   8.63333e+01
           369   9.50986e+01   3.69000e+02   4.67763e+01   2.50305e+00   8.65000e+01
           370   9.52903e+01   3.70000e+02   4.67699e+01   2.50324e+00   8.66667e+01
           371   9.54364e+01   3.71000e+02   4.67635e+01   2.50331e+00   8.68333e+01
           372   9.55911e+01   3.72000e+02   4.67537e+01   2.50299e+00   8.70000e+01
           373   9.57470e+01   3.73000e+02   4.67464e+01   2.50275e+00   8.71667e+01
           374   9.59062e+01   3.74000e+02   4.67407e+01   2.50248e+00   8.73333e+01
           375   9.60683e+01   3.75000e+02   4.67364e+01   2.50216e+00   8.75000e+01
           376   9.62310e+01   3.76000e+02   4.67388e+01   2.50173e+00   8.76667e+01
           377   9.63853e+01   3.77000e+02   4.67393e+01   2.50156e+00   8.78333e+01
           378   9.65673e+01   3.78000e+02   4.67397e+01   2.50155e+00   8.80000e+01
           379   9.67096e+01   3.79000e+02   4.67396e+01   2.50162e+00   8.81667e+01
           380   9.68792e+01   3.80000e+02   4.67428e+01   2.50216e+00   8.83333e+01
           381   9.70455e+01   3.81000e+02   4.67446e+01   2.50256e+00   8.85000e+01
           382   9.71962e+01   3.82000e+02   4.67465e+01   2.50294e+00   8.86667e+01
           383   9.73694e+01   3.83000e+02   4.67480e+01   2.50330e+00   8.88333e+01
           384   9.75393e+01   3.84000e+02   4.67529e+01   2.50368e+00   8.90000e+01
           385   9.77040e+01   3.85000e+02   4.67538e+01   2.50380e+00   8.91667e+01
           386   9.78674e+01   3.86000e+02   4.67536e+01   2.50378e+00   8.93333e+01
           387   9.80286e+01   3.87000e+02   4.67526e+01   2.50368e+00   8.95000e+01
           388   9.81767e+01   3.88000e+02   4.67462e+01   2.50308e+00   8.96667e+01
           389   9.83453e+01   3.89000e+02   4.67407e+01   2.50268e+00   8.98333e+01
           390   9.85182e+01   3.90000e+02   4.67337e+01   2.50238e+00   9.00000e+01
           391   9.86741e+01   3.91000e+02   4.67271e+01   2.50218e+00   9.01667e+01
           392   9.88284e+01   3.92000e+02   4.67152e+01   2.50208e+00   9.03333e+01
           393   9.89885e+01   3.93000e+02   4.67079e+01   2.50215e+00   9.05000e+01
           394   9.91594e+01   3.94000e+02   4.67016e+01   2.50236e+00   9.06667e+01
           395   9.93124e+01   3.95000e+02   4.66949e+01   2.50263e+00   9.08333e+01
           396   9.94729e+01   3.96000e+02   4.66822e+01   2.50336e+00   9.10000e+01
           397   9.96269e+01   3.97000e+02   4.66739e+01   2.50382e+00   9.11667e+01
           398   9.97782e+01   3.98000e+02   4.66654e+01   2.50415e+00   9.13333e+01
           399   9.99417e+01   3.99000e+02   4.66564e+01   2.50440e+00   9.15000e+01
           400   1.00105e+02   4.00000e+02   4.66520e+01   2.50438e+00   9.16667e+01
           401   1.00268e+02   4.01000e+02   4.66477e+01   2.50429e+00   9.18333e+01
           402   1.00433e+02   4.02000e+02   4.66437e+01   2.50407e+00   9.20000e+01
           403   1.00592e+02   4.03000e+02   4.66394e+01   2.50377e+00   9.21667e+01
           404   1.00748e+02   4.04000e+02   4.66372e+01   2.50315e+00   9.23333e+01
           405   1.00916e+02   4.05000e+02   4.66340e+01   2.50284e+00   9.25000e+01
           406   1.01080e+02   4.06000e+02   4.66320e+01   2.50266e+00   9.26667e+01
           407   1.01229e+02   4.07000e+02   4.66306e+01   2.50255e+00   9.28333e+01
           408   1.01399e+02   4.08000e+02   4.66306e+01   2.50283e+00   9.30000e+01
           409   1.01570e+02   4.09000e+02   4.66285e+01   2.50310e+00   9.31667e+01
           410   1.01731e+02   4.10000e+02   4.66256e+01   2.50342e+00   9.33333e+01
           411   1.01887e+02   4.11000e+02   4.66228e+01   2.50378e+00   9.35000e+01
           412   1.02050e+02   4.12000e+02   4.66201e+01   2.50439e+00   9.36667e+01
           413   1.02209e+02   4.13000e+02   4.66171e+01   2.50471e+00   9.38333e+01
           414   1.02381e+02   4.14000e+02   4.66146e+01   2.50490e+00   9.40000e+01
           415   1.02545e+02   4.15000e+02   4.66124e+01   2.50501e+00   9.41667e+01
           416   1.02697e+02   4.16000e+02   4.66102e+01   2.50465e+00   9.43333e+01
           417   1.02866e+02   4.17000e+02   4.66082e+01   2.50434e+00   9.45000e+01
           418   1.03016e+02   4.18000e+02   4.66049e+01   2.50403e+00   9.46667e+01
           419   1.03184e+02   4.19000e+02   4.66016e+01   2.50375e+00   9.48333e+01
           420   1.03349e+02   4.20000e+02   4.65974e+01   2.50328e+00   9.50000e+01
           421   1.03497e+02   4.21000e+02   4.65937e+01   2.50312e+00   9.51667e+01
           422   1.03670e+02   4.22000e+02   4.65900e+01   2.50316e+00   9.53333e+01
           423   1.03833e+02   4.23000e+02   4.65859e+01   2.50330e+00   9.55000e+01
           424   1.03989e+02   4.24000e+02   4.65828e+01   2.50393e+00   9.56667e+01
           425   1.04157e+02   4.25000e+02   4.65778e+01   2.50438e+00   9.58333e+01
           426   1.04314e+02   4.26000e+02   4.65734e+01   2.50480e+00   9.60000e+01
           427   1.04473e+02   4.27000e+02   4.65694e+01   2.50518e+00   9.61667e+01
           428   1.04633e+02   4.28000e+02   4.65610e+01   2.50556e+00   9.63333e+01
           429   1.04796e+02   4.29000e+02   4.65551e+01   2.50573e+00   9.65000e+01
           430   1.04958e+02   4.30000e+02   4.65487e+01   2.50571e+00   9.66667e+01
           431   1.05119e+02   4.31000e+02   4.65424e+01   2.50557e+00   9.68333e+01
           432   1.05283e+02   4.32000e+02   4.65355e+01   2.50500e+00   9.70000e+01
           433   1.05440e+02   4.33000e+02   4.65305e+01   2.50463e+00   9.71667e+01
           434   1.05599e+02   4.34000e+02   4.65273e+01   2.50431e+00   9.73333e+01
           435   1.05771e+02   4.35000e+02   4.65247e+01   2.50404e+00   9.75000e+01
           436   1.05923e+02   4.36000e+02   4.65209e+01   2.50391e+00   9.76667e+01
           437   1.06088e+02   4.37000e+02   4.65170e+01   2.50394e+00   9.78333e+01
           438   1.06246e+02   4.38000e+02   4.65134e+01   2.50409e+00   9.80000e+01
           439   1.06407e+02   4.39000e+02   4.65093e+01   2.50432e+00   9.81667e+01
           440   1.06569e+02   4.40000e+02   4.65074e+01   2.50499e+00   9.83333e+01
           441   1.06733e+02   4.41000e+02   4.65019e+01   2.50541e+00   9.85000e+01
           442   1.06899e+02   4.42000e+02   4.64949e+01   2.50574e+00   9.86667e+01
           443   1.07064e+02   4.43000e+02   4.64885e+01   2.50602e+00   9.88333e+01
           444   1.07222e+02   4.44000e+02   4.64834e+01   2.50601e+00   9.90000e+01
           445   1.07379e+02   4.45000e+02   4.64774e+01   2.50591e+00   9.91667e+01
           446   1.07547e+02   4.46000e+02   4.64712e+01   2.50574e+00   9.93333e+01
           447   1.07707e+02   4.47000e+02   4.64646e+01   2.50550e+00   9.95000e+01
           448   1.07867e+02   4.48000e+02   4.64541e+01   2.50484e+00   9.96667e+01
           449   1.08026e+02   4.49000e+02   4.64477e+01   2.50451e+00   9.98333e+01
           450   1.08175e+02   4.50000e+02   4.64435e+01   2.50435e+00   1.00000e+02
           451   1.08341e+02   4.51000e+02   4.64401e+01   2.50428e+00   1.00167e+02
           452   1.08512e+02   4.52000e+02   4.64368e+01   2.50455e+00   1.00333e+02
           453   1.08665e+02   4.53000e+02   4.64326e+01   2.50487e+00   1.00500e+02
           454   1.08831e+02   4.54000e+02   4.64288e+01   2.50533e+00   1.00667e+02
           455   1.08989e+02   4.55000e+02   4.64253e+01   2.50588e+00   1.00833e+02
           456   1.09153e+02   4.56000e+02   4.64243e+01   2.50668e+00   1.01000e+02
           457   1.09313e+02   4.57000e+02   4.64209e+01   2.50709e+00   1.01167e+02
           458   1.09485e+02   4.58000e+02   4.64161e+01   2.50728e+00   1.01333e+02
           459   1.09648e+02   4.59000e+02   4.64113e+01   2.50736e+00   1.01500e+02
           460   1.09809e+02   4.60000e+02   4.64074e+01   2.50694e+00   1.01667e+02
           461   1.09966e+02   4.61000e+02   4.64010e+01   2.50663e+00   1.01833e+02
           462   1.10126e+02   4.62000e+02   4.63933e+01   2.50637e+00   1.02000e+02
           463   1.10288e+02   4.63000e+02   4.63849e+01   2.50617e+00   1.02167e+02
           464   1.10455e+02   4.64000e+02   4.63756e+01   2.50592e+00   1.02333e+02
           465   1.10609e+02   4.65000e+02   4.63707e+01   2.50591e+00   1.02500e+02
           466   1.10773e+02   4.66000e+02   4.63666e+01   2.50605e+00   1.02667e+02
           467   1.10928e+02   4.67000e+02   4.63629e+01   2.50629e+00   1.02833e+02
           468   1.11093e+02   4.68000e+02   4.63563e+01   2.50703e+00   1.03000e+02
           469   1.11252e+02   4.69000e+02   4.63503e+01   2.50751e+00   1.03167e+02
           470   1.11410e+02   4.70000e+02   4.63446e+01   2.50789e+00   1.03333e+02
           471   1.11568e+02   4.71000e+02   4.63401e+01   2.50821e+00   1.03500e+02
           472   1.11728e+02   4.72000e+02   4.63415e+01   2.50835e+00   1.03667e+02
           473   1.11905e+02   4.73000e+02   4.63415e+01   2.50838e+00   1.03833e+02
           474   1.12072e+02   4.74000e+02   4.63417e+01   2.50825e+00   1.04000e+02
           475   1.12225e+02   4.75000e+02   4.63422e+01   2.50802e+00   1.04167e+02
           476   1.12395e+02   4.76000e+02   4.63454e+01   2.50737e+00   1.04333e+02
           477   1.12553e+02   4.77000e+02   4.63462e+01   2.50700e+00   1.04500e+02
           478   1.12707e+02   4.78000e+02   4.63458e+01   2.50675e+00   1.04667e+02
           479   1.12872e+02   4.79000e+02   4.63447e+01   2.50656e+00   1.04833e+02
           480   1.13035e+02   4.80000e+02   4.63481e+01   2.50658e+00   1.05000e+02
           481   1.13208e+02   4.81000e+02   4.63489e+01   2.50669e+00   1.05167e+02
           482   1.13375e+02   4.82000e+02   4.63498e+01   2.50693e+00   1.05333e+02
           483   1.13534e+02   4.83000e+02   4.63516e+01   2.50726e+00   1.05500e+02
           484   1.13696e+02   4.84000e+02   4.63522e+01   2.50797e+00   1.05667e+02
           485   1.13852e+02   4.85000e+02   4.63519e+01   2.50842e+00   1.05833e+02
           486   1.14020e+02   4.86000e+02   4.63503e+01   2.50876e+00   1.06000e+02
           487   1.14179e+02   4.87000e+02   4.63479e+01   2.50902e+00   1.06167e+02
           488   1.14342e+02   4.88000e+02   4.63437e+01   2.50901e+00   1.06333e+02
           489   1.14507e+02   4.89000e+02   4.63420e+01   2.50894e+00   1.06500e+02
           490   1.14666e+02   4.90000e+02   4.63404e+01   2.50880e+00   1.06667e+02
           491   1.14832e+02   4.91000e+02   4.63389e+01   2.50859e+00   1.06833e+02
           492   1.14997e+02   4.92000e+02   4.63358e+01   2.50799e+00   1.07000e+02
           493   1.15156e+02   4.93000e+02   4.63326e+01   2.50769e+00   1.07167e+02
           494   1.15313e+02   4.94000e+02   4.63300e+01   2.50756e+00   1.07333e+02
           495   1.15477e+02   4.95000e+02   4.63270e+01   2.50751e+00   1.07500e+02
           496   1.15632e+02   4.96000e+02   4.63212e+01   2.50777e+00   1.07667e+02
           497   1.15800e+02   4.97000e+02   4.63167e+01   2.50804e+00   1.07833e+02
           498   1.15958e+02   4.98000e+02   4.63126e+01   2.50835e+00   1.08000e+02
           499   1.16130e+02   4.99000e+02   4.63094e+01   2.50869e+00   1.08167e+02
           500   1.16287e+02   5.00000e+02   4.63052e+01   2.50926e+00   1.08333e+02
           501   1.16440e+02   5.01000e+02   4.63022e+01   2.50955e+00   1.08500e+02
           502   1.16611e+02   5.02000e+02   4.63003e+01   2.50966e+00   1.08667e+02
           503   1.16774e+02   5.03000e+02   4.62982e+01   2.50967e+00   1.08833e+02
           504   1.16936e+02   5.04000e+02   4.62948e+01   2.50929e+00   1.09000e+02
           505   1.17097e+02   5.05000e+02   4.62917e+01   2.50899e+00   1.09167e+02
           506   1.17253e+02   5.06000e+02   4.62888e+01   2.50868e+00   1.09333e+02
           507   1.17423e+02   5.07000e+02   4.62869e+01   2.50839e+00   1.09500e+02
           508   1.17581e+02   5.08000e+02   4.62863e+01   2.50806e+00   1.09667e+02
           509   1.17741e+02   5.09000e+02   4.62853e+01   2.50794e+00   1.09833e+02
           510   1.17911e+02   5.10000e+02   4.62851e+01   2.50798e+00   1.10000e+02
           511   1.18072e+02   5.11000e+02   4.62846e+01   2.50811e+00   1.10167e+02
           512   1.18234e+02   5.12000e+02   4.62839e+01   2.50870e+00   1.10333e+02
           513   1.18402e+02   5.13000e+02   4.62825e+01   2.50912e+00   1.10500e+02
           514   1.18558e+02   5.14000e+02   4.62806e+01   2.50949e+00   1.10667e+02
           515   1.18721e+02   5.15000e+02   4.62789e+01   2.50986e+00   1.10833e+02
           516   1.18887e+02   5.16000e+02   4.62777e+01   2.51015e+00   1.11000e+02
           517   1.19045e+02   5.17000e+02   4.62758e+01   2.51025e+00   1.11167e+02
           518   1.19214e+02   5.18000e+02   4.62741e+01   2.51018e+00   1.11333e+02
           519   1.19378e+02   5.19000e+02   4.62726e+01   2.51000e+00   1.11500e+02
           520   1.19533e+02   5.20000e+02   4.62695e+01   2.50939e+00   1.11667e+02
           521   1.19697e+02   5.21000e+02   4.62672e+01   2.50902e+00   1.11833e+02
           522   1.19858e+02   5.22000e+02   4.62650e+01   2.50875e+00   1.12000e+02
           523   1.20024e+02   5.23000e+02   4.62624e+01   2.50853e+00   1.12167e+02
           524   1.20184e+02   5.24000e+02   4.62593e+01   2.50849e+00   1.12333e+02
           525   1.20345e+02   5.25000e+02   4.62573e+01   2.50856e+00   1.12500e+02
           526   1.20509e+02   5.26000e+02   4.62554e+01   2.50874e+00   1.12667e+02
           527   1.20676e+02   5.27000e+02   4.62531e+01   2.50899e+00   1.12833e+02
           528   1.20832e+02   5.28000e+02   4.62505e+01   2.50966e+00   1.13000e+02
           529   1.20999e+02   5.29000e+02   4.62465e+01   2.51007e+00   1.13167e+02
           530   1.21156e+02   5.30000e+02   4.62425e+01   2.51038e+00   1.13333e+02
           531   1.21318e+02   5.31000e+02   4.62387e+01   2.51063e+00   1.13500e+02
           532   1.21480e+02   5.32000e+02   4.62312e+01   2.51061e+00   1.13667e+02
           533   1.21649e+02   5.33000e+02   4.62259e+01   2.51052e+00   1.13833e+02
           534   1.21811e+02   5.34000e+02   4.62204e+01   2.51036e+00   1.14000e+02
           535   1.21976e+02   5.35000e+02   4.62143e+01   2.51016e+00   1.14167e+02
           536   1.22125e+02   5.36000e+02   4.62043e+01   2.50959e+00   1.14333e+02
           537   1.22291e+02   5.37000e+02   4.61968e+01   2.50933e+00   1.14500e+02
           538   1.22448e+02   5.38000e+02   4.61902e+01   2.50924e+00   1.14667e+02
           539   1.22618e+02   5.39000e+02   4.61842e+01   2.50922e+00   1.14833e+02
           540   1.22769e+02   5.40000e+02   4.61782e+01   2.50953e+00   1.15000e+02
           541   1.22936e+02   5.41000e+02   4.61747e+01   2.50980e+00   1.15167e+02
           542   1.23105e+02   5.42000e+02   4.61714e+01   2.51010e+00   1.15333e+02
           543   1.23259e+02   5.43000e+02   4.61671e+01   2.51042e+00   1.15500e+02
           544   1.23420e+02   5.44000e+02   4.61624e+01   2.51095e+00   1.15667e+02
           545   1.23579e+02   5.45000e+02   4.61580e+01   2.51119e+00   1.15833e+02
           546   1.23747e+02   5.46000e+02   4.61533e+01   2.51125e+00   1.16000e+02
           547   1.23907e+02   5.47000e+02   4.61495e+01   2.51122e+00   1.16167e+02
           548   1.24070e+02   5.48000e+02   4.61523e+01   2.51082e+00   1.16333e+02
           549   1.24235e+02   5.49000e+02   4.61530e+01   2.51050e+00   1.16500e+02
           550   1.24407e+02   5.50000e+02   4.61532e+01   2.51020e+00   1.16667e+02
           551   1.24561e+02   5.51000e+02   4.61530e+01   2.50996e+00   1.16833e+02
           552   1.24725e+02   5.52000e+02   4.61517e+01   2.50971e+00   1.17000e+02
           553   1.24886e+02   5.53000e+02   4.61513e+01   2.50967e+00   1.17167e+02
           554   1.25043e+02   5.54000e+02   4.61499e+01   2.50978e+00   1.17333e+02
           555   1.25206e+02   5.55000e+02   4.61485e+01   2.50998e+00   1.17500e+02
           556   1.25375e+02   5.56000e+02   4.61507e+01   2.51067e+00   1.17667e+02
           557   1.25536e+02   5.57000e+02   4.61505e+01   2.51115e+00   1.17833e+02
           558   1.25705e+02   5.58000e+02   4.61502e+01   2.51156e+00   1.18000e+02
           559   1.25877e+02   5.59000e+02   4.61494e+01   2.51192e+00   1.18167e+02
           560   1.26031e+02   5.60000e+02   4.61452e+01   2.51215e+00   1.18333e+02
           561   1.26197e+02   5.61000e+02   4.61456e+01   2.51222e+00   1.18500e+02
           562   1.26359e+02   5.62000e+02   4.61468e+01   2.51213e+00   1.18667e+02
           563   1.26511e+02   5.63000e+02   4.61454e+01   2.51194e+00   1.18833e+02
           564   1.26677e+02   5.64000e+02   4.61423e+01   2.51130e+00   1.19000e+02
           565   1.26834e+02   5.65000e+02   4.61400e+01   2.51093e+00   1.19167e+02
           566   1.27006e+02   5.66000e+02   4.61368e+01   2.51066e+00   1.19333e+02
           567   1.27169e+02   5.67000e+02   4.61330e+01   2.51045e+00   1.19500e+02
           568   1.27324e+02   5.68000e+02   4.61307e+01   2.51050e+00   1.19667e+02
           569   1.27490e+02   5.69000e+02   4.61281e+01   2.51064e+00   1.19833e+02
           570   1.27672e+02   5.70000e+02   4.61267e+01   2.51089e+00   1.20000e+02
           571   1.27821e+02   5.71000e+02   4.61256e+01   2.51119e+00   1.20167e+02
           572   1.27983e+02   5.72000e+02   4.61200e+01   2.51189e+00   1.20333e+02
           573   1.28144e+02   5.73000e+02   4.61175e+01   2.51231e+00   1.20500e+02
           574   1.28306e+02   5.74000e+02   4.61158e+01   2.51261e+00   1.20667e+02
           575   1.28462e+02   5.75000e+02   4.61138e+01   2.51281e+00   1.20833e+02
           576   1.28623e+02   5.76000e+02   4.61126e+01   2.51264e+00   1.21000e+02
           577   1.28791e+02   5.77000e+02   4.61104e+01   2.51245e+00   1.21167e+02
           578   1.28956e+02   5.78000e+02   4.61085e+01   2.51221e+00   1.21333e+02
           579   1.29125e+02   5.79000e+02   4.61068e+01   2.51193e+00   1.21500e+02
           580   1.29282e+02   5.80000e+02   4.61086e+01   2.51135e+00   1.21667e+02
           581   1.29445e+02   5.81000e+02   4.61079e+01   2.51109e+00   1.21833e+02
           582   1.29607e+02   5.82000e+02   4.61075e+01   2.51102e+00   1.22000e+02
           583   1.29772e+02   5.83000e+02   4.61067e+01   2.51103e+00   1.22167e+02
           584   1.29931e+02   5.84000e+02   4.61062e+01   2.51147e+00   1.22333e+02
           585   1.30099e+02   5.85000e+02   4.61073e+01   2.51180e+00   1.22500e+02
           586   1.30258e+02   5.86000e+02   4.61088e+01   2.51213e+00   1.22667e+02
           587   1.30426e+02   5.87000e+02   4.61099e+01   2.51244e+00   1.22833e+02
           588   1.30586e+02   5.88000e+02   4.61106e+01   2.51278e+00   1.23000e+02
           589   1.30749e+02   5.89000e+02   4.61110e+01   2.51285e+00   1.23167e+02
           590   1.30911e+02   5.90000e+02   4.61109e+01   2.51275e+00   1.23333e+02
           591   1.31080e+02   5.91000e+02   4.61093e+01   2.51260e+00   1.23500e+02
           592   1.31242e+02   5.92000e+02   4.61089e+01   2.51197e+00   1.23667e+02
           593   1.31410e+02   5.93000e+02   4.61079e+01   2.51159e+00   1.23833e+02
           594   1.31571e+02   5.94000e+02   4.61066e+01   2.51135e+00   1.24000e+02
           595   1.31739e+02   5.95000e+02   4.61047e+01   2.51120e+00   1.24167e+02
           596   1.31890e+02   5.96000e+02   4.60978e+01   2.51128e+00   1.24333e+02
           597   1.32055e+02   5.97000e+02   4.60945e+01   2.51146e+00   1.24500e+02
           598   1.32223e+02   5.98000e+02   4.60904e+01   2.51174e+00   1.24667e+02
           599   1.32380e+02   5.99000e+02   4.60842e+01   2.51206e+00   1.24833e+02
           600   1.32539e+02   6.00000e+02   4.60773e+01   2.51278e+00   1.25000e+02
           601   1.32704e+02   6.01000e+02   4.60701e+01   2.51321e+00   1.25167e+02
           602   1.32866e+02   6.02000e+02   4.60615e+01   2.51348e+00   1.25333e+02
           603   1.33030e+02   6.03000e+02   4.60528e+01   2.51366e+00   1.25500e+02
           604   1.33190e+02   6.04000e+02   4.60472e+01   2.51350e+00   1.25667e+02
           605   1.33355e+02   6.05000e+02   4.60421e+01   2.51334e+00   1.25833e+02
           606   1.33521e+02   6.06000e+02   4.60369e+01   2.51308e+00   1.26000e+02
           607   1.33671e+02   6.07000e+02   4.60319e+01   2.51279e+00   1.26167e+02
           608   1.33834e+02   6.08000e+02   4.60260e+01   2.51229e+00   1.26333e+02
           609   1.34001e+02   6.09000e+02   4.60224e+01   2.51205e+00   1.26500e+02
           610   1.34158e+02   6.10000e+02   4.60184e+01   2.51195e+00   1.26667e+02
           611   1.34303e+02   6.11000e+02   4.60146e+01   2.51194e+00   1.26833e+02
           612   1.34489e+02   6.12000e+02   4.60170e+01   2.51236e+00   1.27000e+02
           613   1.34652e+02   6.13000e+02   4.60135e+01   2.51270e+00   1.27167e+02
           614   1.34815e+02   6.14000e+02   4.60081e+01   2.51305e+00   1.27333e+02
           615   1.34975e+02   6.15000e+02   4.60027e+01   2.51340e+00   1.27500e+02
           616   1.35145e+02   6.16000e+02   4.60020e+01   2.51384e+00   1.27667e+02
           617   1.35309e+02   6.17000e+02   4.60006e+01   2.51406e+00   1.27833e+02
           618   1.35473e+02   6.18000e+02   4.59982e+01   2.51413e+00   1.28000e+02
           619   1.35626e+02   6.19000e+02   4.59966e+01   2.51409e+00   1.28167e+02
           620   1.35793e+02   6.20000e+02   4.59913e+01   2.51356e+00   1.28333e+02
           621   1.35954e+02   6.21000e+02   4.59892e+01   2.51321e+00   1.28500e+02
           622   1.36108e+02   6.22000e+02   4.59882e+01   2.51291e+00   1.28667e+02
           623   1.36269e+02   6.23000e+02   4.59862e+01   2.51264e+00   1.28833e+02
           624   1.36439e+02   6.24000e+02   4.59838e+01   2.51241e+00   1.29000e+02
           625   1.36612e+02   6.25000e+02   4.59801e+01   2.51241e+00   1.29167e+02
           626   1.36767e+02   6.26000e+02   4.59768e+01   2.51255e+00   1.29333e+02
           627   1.36931e+02   6.27000e+02   4.59745e+01   2.51277e+00   1.29500e+02
           628   1.37095e+02   6.28000e+02   4.59739e+01   2.51347e+00   1.29667e+02
           629   1.37256e+02   6.29000e+02   4.59717e+01   2.51387e+00   1.29833e+02
           630   1.37427e+02   6.30000e+02   4.59691e+01   2.51416e+00   1.30000e+02
           631   1.37587e+02   6.31000e+02   4.59674e+01   2.51439e+00   1.30167e+02
           632   1.37740e+02   6.32000e+02   4.59625e+01   2.51435e+00   1.30333e+02
           633   1.37896e+02   6.33000e+02   4.59599e+01   2.51423e+00   1.30500e+02
           634   1.38067e+02   6.34000e+02   4.59584e+01   2.51403e+00   1.30667e+02
           635   1.38229e+02   6.35000e+02   4.59573e+01   2.51381e+00   1.30833e+02
           636   1.38401e+02   6.36000e+02   4.59594e+01   2.51327e+00   1.31000e+02
           637   1.38566e+02   6.37000e+02   4.59582e+01   2.51302e+00   1.31167e+02
           638   1.38720e+02   6.38000e+02   4.59573e+01   2.51294e+00   1.31333e+02
           639   1.38889e+02   6.39000e+02   4.59566e+01   2.51295e+00   1.31500e+02
           640   1.39051e+02   6.40000e+02   4.59554e+01   2.51333e+00   1.31667e+02
           641   1.39212e+02   6.41000e+02   4.59528e+01   2.51366e+00   1.31833e+02
           642   1.39376e+02   6.42000e+02   4.59495e+01   2.51401e+00   1.32000e+02
           643   1.39537e+02   6.43000e+02   4.59464e+01   2.51436e+00   1.32167e+02
           644   1.39706e+02   6.44000e+02   4.59439e+01   2.51483e+00   1.32333e+02
           645   1.39858e+02   6.45000e+02   4.59428e+01   2.51501e+00   1.32500e+02
           646   1.40028e+02   6.46000e+02   4.59421e+01   2.51501e+00   1.32667e+02
           647   1.40192e+02   6.47000e+02   4.59409e+01   2.51491e+00   1.32833e+02
           648   1.40355e+02   6.48000e+02   4.59384e+01   2.51439e+00   1.33000e+02
           649   1.40511e+02   6.49000e+02   4.59375e+01   2.51403e+00   1.33167e+02
           650   1.40671e+02   6.50000e+02   4.59369e+01   2.51374e+00   1.33333e+02
           651   1.40831e+02   6.51000e+02   4.59358e+01   2.51350e+00   1.33500e+02
           652   1.40998e+02   6.52000e+02   4.59352e+01   2.51340e+00   1.33667e+02
           653   1.41169e+02   6.53000e+02   4.59338e+01   2.51348e+00   1.33833e+02
           654   1.41331e+02   6.54000e+02   4.59327e+01   2.51368e+00   1.34000e+02
           655   1.41494e+02   6.55000e+02   4.59318e+01   2.51395e+00   1.34167e+02
           656   1.41655e+02   6.56000e+02   4.59314e+01   2.51464e+00   1.34333e+02
           657   1.41813e+02   6.57000e+02   4.59312e+01   2.51503e+00   1.34500e+02
           658   1.41988e+02   6.58000e+02   4.59301e+01   2.51525e+00   1.34667e+02
           659   1.42144e+02   6.59000e+02   4.59282e+01   2.51536e+00   1.34833e+02
           660   1.42313e+02   6.60000e+02   4.59239e+01   2.51513e+00   1.35000e+02
           661   1.42466e+02   6.61000e+02   4.59192e+01   2.51493e+00   1.35167e+02
           662   1.42634e+02   6.62000e+02   4.59142e+01   2.51469e+00   1.35333e+02
           663   1.42797e+02   6.63000e+02   4.59101e+01   2.51441e+00   1.35500e+02
           664   1.42961e+02   6.64000e+02   4.59065e+01   2.51395e+00   1.35667e+02
           665   1.43125e+02   6.65000e+02   4.59024e+01   2.51378e+00   1.35833e+02
           666   1.43290e+02   6.66000e+02   4.58985e+01   2.51378e+00   1.36000e+02
           667   1.43445e+02   6.67000e+02   4.58949e+01   2.51388e+00   1.36167e+02
           668   1.43606e+02   6.68000e+02   4.58857e+01   2.51444e+00   1.36333e+02
           669   1.43767e+02   6.69000e+02   4.58816e+01   2.51483e+00   1.36500e+02
           670   1.43926e+02   6.70000e+02   4.58780e+01   2.51519e+00   1.36667e+02
           671   1.44088e+02   6.71000e+02   4.58727e+01   2.51553e+00   1.36833e+02
           672   1.44261e+02   6.72000e+02   4.58721e+01   2.51581e+00   1.37000e+02
           673   1.44421e+02   6.73000e+02   4.58708e+01   2.51587e+00   1.37167e+02
           674   1.44584e+02   6.74000e+02   4.58702e+01   2.51580e+00   1.37333e+02
           675   1.44745e+02   6.75000e+02   4.58707e+01   2.51565e+00   1.37500e+02
           676   1.44910e+02   6.76000e+02   4.58729e+01   2.51497e+00   1.37667e+02
           677   1.45072e+02   6.77000e+02   4.58746e+01   2.51458e+00   1.37833e+02
           678   1.45242e+02   6.78000e+02   4.58750e+01   2.51432e+00   1.38000e+02
           679   1.45396e+02   6.79000e+02   4.58755e+01   2.51414e+00   1.38167e+02
           680   1.45554e+02   6.80000e+02   4.58779e+01   2.51415e+00   1.38333e+02
           681   1.45730e+02   6.81000e+02   4.58795e+01   2.51429e+00   1.38500e+02
           682   1.45894e+02   6.82000e+02   4.58800e+01   2.51453e+00   1.38667e+02
           683   1.46062e+02   6.83000e+02   4.58798e+01   2.51482e+00   1.38833e+02
           684   1.46223e+02   6.84000e+02   4.58827e+01   2.51550e+00   1.39000e+02
           685   1.46391e+02   6.85000e+02   4.58828e+01   2.51584e+00   1.39167e+02
           686   1.46554e+02   6.86000e+02   4.58832e+01   2.51601e+00   1.39333e+02
           687   1.46712e+02   6.87000e+02   4.58839e+01   2.51610e+00   1.39500e+02
           688   1.46880e+02   6.88000e+02   4.58766e+01   2.51579e+00   1.39667e+02
           689   1.47043e+02   6.89000e+02   4.58715e+01   2.51551e+00   1.39833e+02
           690   1.47200e+02   6.90000e+02   4.58675e+01   2.51523e+00   1.40000e+02
           691   1.47359e+02   6.91000e+02   4.58632e+01   2.51500e+00   1.40167e+02
           692   1.47520e+02   6.92000e+02   4.58553e+01   2.51463e+00   1.40333e+02
           693   1.47686e+02   6.93000e+02   4.58507e+01   2.51456e+00   1.40500e+02
           694   1.47853e+02   6.94000e+02   4.58466e+01   2.51468e+00   1.40667e+02
           695   1.48021e+02   6.95000e+02   4.58421e+01   2.51490e+00   1.40833e+02
           696   1.48177e+02   6.96000e+02   4.58369e+01   2.51565e+00   1.41000e+02
           697   1.48332e+02   6.97000e+02   4.58328e+01   2.51609e+00   1.41167e+02
           698   1.48502e+02   6.98000e+02   4.58296e+01   2.51637e+00   1.41333e+02
           699   1.48660e+02   6.99000e+02   4.58269e+01   2.51655e+00   1.41500e+02
           700   1.48824e+02   7.00000e+02   4.58249e+01   2.51656e+00   1.41667e+02
           701   1.48987e+02   7.01000e+02   4.58216e+01   2.51648e+00   1.41833e+02
           702   1.49156e+02   7.02000e+02   4.58172e+01   2.51633e+00   1.42000e+02
           703   1.49314e+02   7.03000e+02   4.58137e+01   2.51616e+00   1.42167e+02
           704   1.49477e+02   7.04000e+02   4.58135e+01   2.51565e+00   1.42333e+02
           705   1.49648e+02   7.05000e+02   4.58122e+01   2.51541e+00   1.42500e+02
           706   1.49807e+02   7.06000e+02   4.58106e+01   2.51532e+00   1.42667e+02
           707   1.49974e+02   7.07000e+02   4.58086e+01   2.51532e+00   1.42833e+02
           708   1.50135e+02   7.08000e+02   4.58089e+01   2.51566e+00   1.43000e+02
           709   1.50301e+02   7.09000e+02   4.58070e+01   2.51591e+00   1.43167e+02
           710   1.50455e+02   7.10000e+02   4.58049e+01   2.51617e+00   1.43333e+02
           711   1.50621e+02   7.11000e+02   4.58031e+01   2.51644e+00   1.43500e+02
           712   1.50786e+02   7.12000e+02   4.58017e+01   2.51676e+00   1.43667e+02
           713   1.50953e+02   7.13000e+02   4.57986e+01   2.51685e+00   1.43833e+02
           714   1.51114e+02   7.14000e+02   4.57958e+01   2.51680e+00   1.44000e+02
           715   1.51278e+02   7.15000e+02   4.57940e+01   2.51664e+00   1.44167e+02
           716   1.51442e+02   7.16000e+02   4.57893e+01   2.51593e+00   1.44333e+02
           717   1.51612e+02   7.17000e+02   4.57855e+01   2.51540e+00   1.44500e+02
           718   1.51764e+02   7.18000e+02   4.57822e+01   2.51496e+00   1.44667e+02
           719   1.51932e+02   7.19000e+02   4.57792e+01   2.51457e+00   1.44833e+02
           720   1.52096e+02   7.20000e+02   4.57748e+01   2.51422e+00   1.45000e+02
           721   1.52256e+02   7.21000e+02   4.57697e+01   2.51417e+00   1.45167e+02
           722   1.52410e+02   7.22000e+02   4.57634e+01   2.51431e+00   1.45333e+02
           723   1.52591e+02   7.23000e+02   4.57565e+01   2.51455e+00   1.45500e+02
           724   1.52741e+02   7.24000e+02   4.57527e+01   2.51539e+00   1.45667e+02
           725   1.52908e+02   7.25000e+02   4.57497e+01   2.51587e+00   1.45833e+02
           726   1.53072e+02   7.26000e+02   4.57477e+01   2.51619e+00   1.46000e+02
           727   1.53235e+02   7.27000e+02   4.57469e+01   2.51644e+00   1.46167e+02
           728   1.53400e+02   7.28000e+02   4.57451e+01   2.51641e+00   1.46333e+02
           729   1.53563e+02   7.29000e+02   4.57431e+01   2.51625e+00   1.46500e+02
           730   1.53716e+02   7.30000e+02   4.57419e+01   2.51597e+00   1.46667e+02
           731   1.53881e+02   7.31000e+02   4.57419e+01   2.51565e+00   1.46833e+02
           732   1.54046e+02   7.32000e+02   4.57461e+01   2.51497e+00   1.47000e+02
           733   1.54216e+02   7.33000e+02   4.57480e+01   2.51463e+00   1.47167e+02
           734   1.54379e+02   7.34000e+02   4.57482e+01   2.51450e+00   1.47333e+02
           735   1.54549e+02   7.35000e+02   4.57482e+01   2.51449e+00   1.47500e+02
           736   1.54714e+02   7.36000e+02   4.57531e+01   2.51494e+00   1.47667e+02
           737   1.54869e+02   7.37000e+02   4.57539e+01   2.51531e+00   1.47833e+02
           738   1.55037e+02   7.38000e+02   4.57532e+01   2.51568e+00   1.48000e+02
           739   1.55201e+02   7.39000e+02   4.57510e+01   2.51604e+00   1.48167e+02
           740   1.55369e+02   7.40000e+02   4.57481e+01   2.51655e+00   1.48333e+02
           741   1.55534e+02   7.41000e+02   4.57458e+01   2.51678e+00   1.48500e+02
           742   1.55692e+02   7.42000e+02   4.57438e+01   2.51681e+00   1.48667e+02
           743   1.55854e+02   7.43000e+02   4.57419e+01   2.51673e+00   1.48833e+02
           744   1.56023e+02   7.44000e+02   4.57347e+01   2.51615e+00   1.49000e+02
           745   1.56181e+02   7.45000e+02   4.57302e+01   2.51581e+00   1.49167e+02
           746   1.56341e+02   7.46000e+02   4.57273e+01   2.51553e+00   1.49333e+02
           747   1.56505e+02   7.47000e+02   4.57249e+01   2.51530e+00   1.49500e+02
           748   1.56665e+02   7.48000e+02   4.57217e+01   2.51524e+00   1.49667e+02
           749   1.56827e+02   7.49000e+02   4.57189e+01   2.51539e+00   1.49833e+02
           750   1.56995e+02   7.50000e+02   4.57167e+01   2.51567e+00   1.50000e+02
           751   1.57160e+02   7.51000e+02   4.57148e+01   2.51603e+00   1.50167e+02
           752   1.57322e+02   7.52000e+02   4.57170e+01   2.51684e+00   1.50333e+02
           753   1.57482e+02   7.53000e+02   4.57168e+01   2.51729e+00   1.50500e+02
           754   1.57647e+02   7.54000e+02   4.57156e+01   2.51759e+00   1.50667e+02
           755   1.57818e+02   7.55000e+02   4.57146e+01   2.51781e+00   1.50833e+02
           756   1.57976e+02   7.56000e+02   4.57184e+01   2.51761e+00   1.51000e+02
           757   1.58146e+02   7.57000e+02   4.57211e+01   2.51742e+00   1.51167e+02
           758   1.58305e+02   7.58000e+02   4.57228e+01   2.51719e+00   1.51333e+02
           759   1.58469e+02   7.59000e+02   4.57252e+01   2.51693e+00   1.51500e+02
           760   1.58631e+02   7.60000e+02   4.57293e+01   2.51640e+00   1.51667e+02
           761   1.58800e+02   7.61000e+02   4.57325e+01   2.51625e+00   1.51833e+02
           762   1.58957e+02   7.62000e+02   4.57335e+01   2.51632e+00   1.52000e+02
           763   1.59123e+02   7.63000e+02   4.57335e+01   2.51648e+00   1.52167e+02
           764   1.59290e+02   7.64000e+02   4.57366e+01   2.51709e+00   1.52333e+02
           765   1.59464e+02   7.65000e+02   4.57390e+01   2.51750e+00   1.52500e+02
           766   1.59622e+02   7.66000e+02   4.57413e+01   2.51784e+00   1.52667e+02
           767   1.59784e+02   7.67000e+02   4.57438e+01   2.51813e+00   1.52833e+02
           768   1.59954e+02   7.68000e+02   4.57475e+01   2.51835e+00   1.53000e+02
           769   1.60116e+02   7.69000e+02   4.57517e+01   2.51836e+00   1.53167e+02
           770   1.60275e+02   7.70000e+02   4.57544e+01   2.51826e+00   1.53333e+02
           771   1.60433e+02   7.71000e+02   4.57554e+01   2.51816e+00   1.53500e+02
           772   1.60593e+02   7.72000e+02   4.57529e+01   2.51774e+00   1.53667e+02
           773   1.60770e+02   7.73000e+02   4.57505e+01   2.51754e+00   1.53833e+02
           774   1.60930e+02   7.74000e+02   4.57488e+01   2.51742e+00   1.54000e+02
           775   1.61095e+02   7.75000e+02   4.57480e+01   2.51738e+00   1.54167e+02
           776   1.61262e+02   7.76000e+02   4.57506e+01   2.51766e+00   1.54333e+02
           777   1.61430e+02   7.77000e+02   4.57515e+01   2.51790e+00   1.54500e+02
           778   1.61593e+02   7.78000e+02   4.57522e+01   2.51816e+00   1.54667e+02
           779   1.61747e+02   7.79000e+02   4.57529e+01   2.51844e+00   1.54833e+02
           780   1.61909e+02   7.80000e+02   4.57482e+01   2.51887e+00   1.55000e+02
           781   1.62066e+02   7.81000e+02   4.57481e+01   2.51908e+00   1.55167e+02
           782   1.62230e+02   7.82000e+02   4.57496e+01   2.51910e+00   1.55333e+02
           783   1.62397e+02   7.83000e+02   4.57516e+01   2.51900e+00   1.55500e+02
           784   1.62566e+02   7.84000e+02   4.57569e+01   2.51851e+00   1.55667e+02
           785   1.62727e+02   7.85000e+02   4.57591e+01   2.51815e+00   1.55833e+02
           786   1.62898e+02   7.86000e+02   4.57603e+01   2.51784e+00   1.56000e+02
           787   1.63054e+02   7.87000e+02   4.57621e+01   2.51755e+00   1.56167e+02
           788   1.63225e+02   7.88000e+02   4.57653e+01   2.51725e+00   1.56333e+02
           789   1.63390e+02   7.89000e+02   4.57667e+01   2.51721e+00   1.56500e+02
           790   1.63551e+02   7.90000e+02   4.57670e+01   2.51733e+00   1.56667e+02
           791   1.63723e+02   7.91000e+02   4.57663e+01   2.51755e+00   1.56833e+02
           792   1.63878e+02   7.92000e+02   4.57617e+01   2.51827e+00   1.57000e+02
           793   1.64038e+02   7.93000e+02   4.57602e+01   2.51869e+00   1.57167e+02
           794   1.64206e+02   7.94000e+02   4.57601e+01   2.51901e+00   1.57333e+02
           795   1.64365e+02   7.95000e+02   4.57611e+01   2.51928e+00   1.57500e+02
           796   1.64535e+02   7.96000e+02   4.57602e+01   2.51931e+00   1.57667e+02
           797   1.64695e+02   7.97000e+02   4.57597e+01   2.51923e+00   1.57833e+02
           798   1.64860e+02   7.98000e+02   4.57598e+01   2.51908e+00   1.58000e+02
           799   1.65017e+02   7.99000e+02   4.57594e+01   2.51891e+00   1.58167e+02
           800   1.65180e+02   8.00000e+02   4.57577e+01   2.51835e+00   1.58333e+02
           801   1.65346e+02   8.01000e+02   4.57585e+01   2.51808e+00   1.58500e+02
           802   1.65513e+02   8.02000e+02   4.57591e+01   2.51795e+00   1.58667e+02
           803   1.65678e+02   8.03000e+02   4.57591e+01   2.51790e+00   1.58833e+02
           804   1.65845e+02   8.04000e+02   4.57648e+01   2.51817e+00   1.59000e+02
           805   1.66000e+02   8.05000e+02   4.57667e+01   2.51840e+00   1.59167e+02
           806   1.66172e+02   8.06000e+02   4.57679e+01   2.51861e+00   1.59333e+02
           807   1.66330e+02   8.07000e+02   4.57693e+01   2.51880e+00   1.59500e+02
           808   1.66495e+02   8.08000e+02   4.57699e+01   2.51912e+00   1.59667e+02
           809   1.66660e+02   8.09000e+02   4.57693e+01   2.51922e+00   1.59833e+02
           810   1.66827e+02   8.10000e+02   4.57687e+01   2.51916e+00   1.60000e+02
           811   1.66987e+02   8.11000e+02   4.57683e+01   2.51904e+00   1.60167e+02
           812   1.67153e+02   8.12000e+02   4.57669e+01   2.51863e+00   1.60333e+02
           813   1.67321e+02   8.13000e+02   4.57653e+01   2.51841e+00   1.60500e+02
           814   1.67480e+02   8.14000e+02   4.57629e+01   2.51828e+00   1.60667e+02
           815   1.67643e+02   8.15000e+02   4.57604e+01   2.51820e+00   1.60833e+02
           816   1.67818e+02   8.16000e+02   4.57550e+01   2.51834e+00   1.61000e+02
           817   1.67968e+02   8.17000e+02   4.57511e+01   2.51852e+00   1.61167e+02
           818   1.68132e+02   8.18000e+02   4.57487e+01   2.51875e+00   1.61333e+02
           819   1.68298e+02   8.19000e+02   4.57483e+01   2.51901e+00   1.61500e+02
           820   1.68461e+02   8.20000e+02   4.57447e+01   2.51946e+00   1.61667e+02
           821   1.68622e+02   8.21000e+02   4.57409e+01   2.51969e+00   1.61833e+02
           822   1.68780e+02   8.22000e+02   4.57369e+01   2.51979e+00   1.62000e+02
           823   1.68950e+02   8.23000e+02   4.57339e+01   2.51981e+00   1.62167e+02
           824   1.69114e+02   8.24000e+02   4.57314e+01   2.51946e+00   1.62333e+02
           825   1.69273e+02   8.25000e+02   4.57290e+01   2.51921e+00   1.62500e+02
           826   1.69436e+02   8.26000e+02   4.57275e+01   2.51900e+00   1.62667e+02
           827   1.69610e+02   8.27000e+02   4.57257e+01   2.51879e+00   1.62833e+02
           828   1.69778e+02   8.28000e+02   4.57236e+01   2.51853e+00   1.63000e+02
           829   1.69938e+02   8.29000e+02   4.57175e+01   2.51848e+00   1.63167e+02
           830   1.70091e+02   8.30000e+02   4.57121e+01   2.51856e+00   1.63333e+02
           831   1.70261e+02   8.31000e+02   4.57093e+01   2.51869e+00   1.63500e+02
           832   1.70430e+02   8.32000e+02   4.57032e+01   2.51919e+00   1.63667e+02
           833   1.70586e+02   8.33000e+02   4.56986e+01   2.51947e+00   1.63833e+02
           834   1.70755e+02   8.34000e+02   4.56944e+01   2.51966e+00   1.64000e+02
           835   1.70921e+02   8.35000e+02   4.56912e+01   2.51979e+00   1.64167e+02
           836   1.71073e+02   8.36000e+02   4.56835e+01   2.51974e+00   1.64333e+02
           837   1.71232e+02   8.37000e+02   4.56784e+01   2.51959e+00   1.64500e+02
           838   1.71391e+02   8.38000e+02   4.56752e+01   2.51940e+00   1.64667e+02
           839   1.71563e+02   8.39000e+02   4.56727e+01   2.51922e+00   1.64833e+02
           840   1.71732e+02   8.40000e+02   4.56754e+01   2.51884e+00   1.65000e+02
           841   1.71894e+02   8.41000e+02   4.56734e+01   2.51873e+00   1.65167e+02
           842   1.72056e+02   8.42000e+02   4.56709e+01   2.51875e+00   1.65333e+02
           843   1.72224e+02   8.43000e+02   4.56670e+01   2.51885e+00   1.65500e+02
           844   1.72389e+02   8.44000e+02   4.56620e+01   2.51933e+00   1.65667e+02
           845   1.72546e+02   8.45000e+02   4.56568e+01   2.51967e+00   1.65833e+02
           846   1.72713e+02   8.46000e+02   4.56521e+01   2.51998e+00   1.66000e+02
           847   1.72876e+02   8.47000e+02   4.56492e+01   2.52027e+00   1.66167e+02
           848   1.73043e+02   8.48000e+02   4.56466e+01   2.52056e+00   1.66333e+02
           849   1.73199e+02   8.49000e+02   4.56434e+01   2.52072e+00   1.66500e+02
           850   1.73372e+02   8.50000e+02   4.56406e+01   2.52074e+00   1.66667e+02
           851   1.73531e+02   8.51000e+02   4.56374e+01   2.52067e+00   1.66833e+02
           852   1.73689e+02   8.52000e+02   4.56299e+01   2.52031e+00   1.67000e+02
           853   1.73854e+02   8.53000e+02   4.56261e+01   2.52010e+00   1.67167e+02
           854   1.74012e+02   8.54000e+02   4.56228e+01   2.51993e+00   1.67333e+02
           855   1.74182e+02   8.55000e+02   4.56200e+01   2.51979e+00   1.67500e+02
           856   1.74353e+02   8.56000e+02   4.56229e+01   2.51974e+00   1.67667e+02
           857   1.74510e+02   8.57000e+02   4.56214e+01   2.51979e+00   1.67833e+02
           858   1.74676e+02   8.58000e+02   4.56197e+01   2.51992e+00   1.68000e+02
           859   1.74844e+02   8.59000e+02   4.56189e+01   2.52009e+00   1.68167e+02
           860   1.74997e+02   8.60000e+02   4.56178e+01   2.52052e+00   1.68333e+02
           861   1.75167e+02   8.61000e+02   4.56191e+01   2.52075e+00   1.68500e+02
           862   1.75328e+02   8.62000e+02   4.56229e+01   2.52088e+00   1.68667e+02
           863   1.75494e+02   8.63000e+02   4.56266e+01   2.52096e+00   1.68833e+02
           864   1.75655e+02   8.64000e+02   4.56322e+01   2.52078e+00   1.69000e+02
           865   1.75822e+02   8.65000e+02   4.56366e+01   2.52060e+00   1.69167e+02
           866   1.75982e+02   8.66000e+02   4.56412e+01   2.52041e+00   1.69333e+02
           867   1.76151e+02   8.67000e+02   4.56454e+01   2.52020e+00   1.69500e+02
           868   1.76319e+02   8.68000e+02   4.56557e+01   2.51981e+00   1.69667e+02
           869   1.76488e+02   8.69000e+02   4.56617e+01   2.51967e+00   1.69833e+02
           870   1.76655e+02   8.70000e+02   4.56665e+01   2.51965e+00   1.70000e+02
           871   1.76823e+02   8.71000e+02   4.56718e+01   2.51970e+00   1.70167e+02
           872   1.76985e+02   8.72000e+02   4.56757e+01   2.52008e+00   1.70333e+02
           873   1.77142e+02   8.73000e+02   4.56787e+01   2.52037e+00   1.70500e+02
           874   1.77315e+02   8.74000e+02   4.56816e+01   2.52066e+00   1.70667e+02
           875   1.77477e+02   8.75000e+02   4.56846e+01   2.52094e+00   1.70833e+02
           876   1.77643e+02   8.76000e+02   4.56856e+01   2.52121e+00   1.71000e+02
           877   1.77807e+02   8.77000e+02   4.56883e+01   2.52127e+00   1.71167e+02
           878   1.77965e+02   8.78000e+02   4.56914e+01   2.52123e+00   1.71333e+02
           879   1.78134e+02   8.79000e+02   4.56946e+01   2.52116e+00   1.71500e+02
           880   1.78296e+02   8.80000e+02   4.56972e+01   2.52073e+00   1.71667e+02
           881   1.78457e+02   8.81000e+02   4.56984e+01   2.52050e+00   1.71833e+02
           882   1.78625e+02   8.82000e+02   4.56978e+01   2.52039e+00   1.72000e+02
           883   1.78790e+02   8.83000e+02   4.56969e+01   2.52033e+00   1.72167e+02
           884   1.78949e+02   8.84000e+02   4.56997e+01   2.52045e+00   1.72333e+02
           885   1.79118e+02   8.85000e+02   4.57030e+01   2.52060e+00   1.72500e+02
           886   1.79278e+02   8.86000e+02   4.57049e+01   2.52078e+00   1.72667e+02
           887   1.79443e+02   8.87000e+02   4.57067e+01   2.52098e+00   1.72833e+02
           888   1.79616e+02   8.88000e+02   4.57068e+01   2.52135e+00   1.73000e+02
           889   1.79783e+02   8.89000e+02   4.57072e+01   2.52152e+00   1.73167e+02
           890   1.79931e+02   8.90000e+02   4.57079e+01   2.52155e+00   1.73333e+02
           891   1.80096e+02   8.91000e+02   4.57088e+01   2.52151e+00   1.73500e+02
           892   1.80257e+02   8.92000e+02   4.57091e+01   2.52121e+00   1.73667e+02
           893   1.80439e+02   8.93000e+02   4.57085e+01   2.52099e+00   1.73833e+02
           894   1.80594e+02   8.94000e+02   4.57092e+01   2.52076e+00   1.74000e+02
           895   1.80760e+02   8.95000e+02   4.57110e+01   2.52054e+00   1.74167e+02
           896   1.80920e+02   8.96000e+02   4.57125e+01   2.52035e+00   1.74333e+02
           897   1.81083e+02   8.97000e+02   4.57152e+01   2.52037e+00   1.74500e+02
           898   1.81249e+02   8.98000e+02   4.57177e+01   2.52052e+00   1.74667e+02
           899   1.81415e+02   8.99000e+02   4.57188e+01   2.52074e+00   1.74833e+02
           900   1.81578e+02   9.00000e+02   4.57231e+01   2.52130e+00   1.75000e+02
           901   1.81739e+02   9.01000e+02   4.57277e+01   2.52161e+00   1.75167e+02
           902   1.81902e+02   9.02000e+02   4.57325e+01   2.52181e+00   1.75333e+02
           903   1.82075e+02   9.03000e+02   4.57376e+01   2.52194e+00   1.75500e+02
           904   1.82239e+02   9.04000e+02   4.57447e+01   2.52185e+00   1.75667e+02
           905   1.82408e+02   9.05000e+02   4.57468e+01   2.52175e+00   1.75833e+02
           906   1.82568e+02   9.06000e+02   4.57470e+01   2.52160e+00   1.76000e+02
           907   1.82730e+02   9.07000e+02   4.57469e+01   2.52140e+00   1.76167e+02
           908   1.82892e+02   9.08000e+02   4.57462e+01   2.52101e+00   1.76333e+02
           909   1.83063e+02   9.09000e+02   4.57468e+01   2.52084e+00   1.76500e+02
           910   1.83230e+02   9.10000e+02   4.57486e+01   2.52079e+00   1.76667e+02
           911   1.83396e+02   9.11000e+02   4.57509e+01   2.52079e+00   1.76833e+02
           912   1.83559e+02   9.12000e+02   4.57472e+01   2.52109e+00   1.77000e+02
           913   1.83714e+02   9.13000e+02   4.57458e+01   2.52131e+00   1.77167e+02
           914   1.83871e+02   9.14000e+02   4.57450e+01   2.52154e+00   1.77333e+02
           915   1.84038e+02   9.15000e+02   4.57444e+01   2.52177e+00   1.77500e+02
           916   1.84206e+02   9.16000e+02   4.57425e+01   2.52203e+00   1.77667e+02
           917   1.84368e+02   9.17000e+02   4.57412e+01   2.52214e+00   1.77833e+02
           918   1.84532e+02   9.18000e+02   4.57403e+01   2.52215e+00   1.78000e+02
           919   1.84703e+02   9.19000e+02   4.57396e+01   2.52210e+00   1.78167e+02
           920   1.84867e+02   9.20000e+02   4.57361e+01   2.52171e+00   1.78333e+02
           921   1.85020e+02   9.21000e+02   4.57325e+01   2.52149e+00   1.78500e+02
           922   1.85190e+02   9.22000e+02   4.57305e+01   2.52134e+00   1.78667e+02
           923   1.85354e+02   9.23000e+02   4.57283e+01   2.52123e+00   1.78833e+02
           924   1.85519e+02   9.24000e+02   4.57263e+01   2.52117e+00   1.79000e+02
           925   1.85681e+02   9.25000e+02   4.57257e+01   2.52122e+00   1.79167e+02
           926   1.85846e+02   9.26000e+02   4.57251e+01   2.52134e+00   1.79333e+02
           927   1.86007e+02   9.27000e+02   4.57246e+01   2.52149e+00   1.79500e+02
           928   1.86172e+02   9.28000e+02   4.57233e+01   2.52189e+00   1.79667e+02
           929   1.86326e+02   9.29000e+02   4.57230e+01   2.52212e+00   1.79833e+02
           930   1.86495e+02   9.30000e+02   4.57226e+01   2.52226e+00   1.80000e+02
           931   1.86662e+02   9.31000e+02   4.57224e+01   2.52237e+00   1.80167e+02
           932   1.86822e+02   9.32000e+02   4.57279e+01   2.52226e+00   1.80333e+02
           933   1.86997e+02   9.33000e+02   4.57297e+01   2.52211e+00   1.80500e+02
           934   1.87157e+02   9.34000e+02   4.57305e+01   2.52193e+00   1.80667e+02
           935   1.87321e+02   9.35000e+02   4.57320e+01   2.52173e+00   1.80833e+02
           936   1.87485e+02   9.36000e+02   4.57352e+01   2.52132e+00   1.81000e+02
           937   1.87653e+02   9.37000e+02   4.57365e+01   2.52113e+00   1.81167e+02
           938   1.87815e+02   9.38000e+02   4.57368e+01   2.52105e+00   1.81333e+02
           939   1.87976e+02   9.39000e+02   4.57370e+01   2.52105e+00   1.81500e+02
           940   1.88152e+02   9.40000e+02   4.57378e+01   2.52131e+00   1.81667e+02
           941   1.88313e+02   9.41000e+02   4.57397e+01   2.52151e+00   1.81833e+02
           942   1.88467e+02   9.42000e+02   4.57428e+01   2.52172e+00   1.82000e+02
           943   1.88638e+02   9.43000e+02   4.57448e+01   2.52193e+00   1.82167e+02
           944   1.88804e+02   9.44000e+02   4.57448e+01   2.52224e+00   1.82333e+02
           945   1.88972e+02   9.45000e+02   4.57452e+01   2.52235e+00   1.82500e+02
           946   1.89127e+02   9.46000e+02   4.57467e+01   2.52235e+00   1.82667e+02
           947   1.89292e+02   9.47000e+02   4.57502e+01   2.52230e+00   1.82833e+02
           948   1.89456e+02   9.48000e+02   4.57531e+01   2.52196e+00   1.83000e+02
           949   1.89620e+02   9.49000e+02   4.57561e+01   2.52173e+00   1.83167e+02
           950   1.89793e+02   9.50000e+02   4.57576e+01   2.52157e+00   1.83333e+02
           951   1.89961e+02   9.51000e+02   4.57575e+01   2.52145e+00   1.83500e+02
           952   1.90115e+02   9.52000e+02   4.57583e+01   2.52138e+00   1.83667e+02
           953   1.90275e+02   9.53000e+02   4.57583e+01   2.52142e+00   1.83833e+02
           954   1.90442e+02   9.54000e+02   4.57580e+01   2.52156e+00   1.84000e+02
           955   1.90615e+02   9.55000e+02   4.57570e+01   2.52175e+00   1.84167e+02
           956   1.90786e+02   9.56000e+02   4.57567e+01   2.52221e+00   1.84333e+02
           957   1.90939e+02   9.57000e+02   4.57557e+01   2.52250e+00   1.84500e+02
           958   1.91110e+02   9.58000e+02   4.57538e+01   2.52268e+00   1.84667e+02
           959   1.91262e+02   9.59000e+02   4.57518e+01   2.52282e+00   1.84833e+02
           960   1.91430e+02   9.60000e+02   4.57457e+01   2.52277e+00   1.85000e+02
           961   1.91597e+02   9.61000e+02   4.57445e+01   2.52266e+00   1.85167e+02
           962   1.91756e+02   9.62000e+02   4.57457e+01   2.52248e+00   1.85333e+02
           963   1.91920e+02   9.63000e+02   4.57446e+01   2.52227e+00   1.85500e+02
           964   1.92076e+02   9.64000e+02   4.57440e+01   2.52186e+00   1.85667e+02
           965   1.92243e+02   9.65000e+02   4.57434e+01   2.52164e+00   1.85833e+02
           966   1.92416e+02   9.66000e+02   4.57422e+01   2.52155e+00   1.86000e+02
           967   1.92571e+02   9.67000e+02   4.57426e+01   2.52152e+00   1.86167e+02
           968   1.92745e+02   9.68000e+02   4.57497e+01   2.52177e+00   1.86333e+02
           969   1.92904e+02   9.69000e+02   4.57516e+01   2.52199e+00   1.86500e+02
           970   1.93079e+02   9.70000e+02   4.57514e+01   2.52222e+00   1.86667e+02
           971   1.93238e+02   9.71000e+02   4.57502e+01   2.52244e+00   1.86833e+02
           972   1.93383e+02   9.72000e+02   4.57460e+01   2.52277e+00   1.87000e+02
           973   1.93564e+02   9.73000e+02   4.57447e+01   2.52291e+00   1.87167e+02
           974   1.93728e+02   9.74000e+02   4.57450e+01   2.52292e+00   1.87333e+02
           975   1.93889e+02   9.75000e+02   4.57450e+01   2.52287e+00   1.87500e+02
           976   1.94069e+02   9.76000e+02   4.57484e+01   2.52254e+00   1.87667e+02
           977   1.94225e+02   9.77000e+02   4.57489e+01   2.52232e+00   1.87833e+02
           978   1.94380e+02   9.78000e+02   4.57472e+01   2.52213e+00   1.88000e+02
           979   1.94548e+02   9.79000e+02   4.57450e+01   2.52199e+00   1.88167e+02
           980   1.94709e+02   9.80000e+02   4.57404e+01   2.52194e+00   1.88333e+02
           981   1.94875e+02   9.81000e+02   4.57421e+01   2.52202e+00   1.88500e+02
           982   1.95039e+02   9.82000e+02   4.57450e+01   2.52219e+00   1.88667e+02
           983   1.95208e+02   9.83000e+02   4.57469e+01   2.52240e+00   1.88833e+02
           984   1.95365e+02   9.84000e+02   4.57498e+01   2.52286e+00   1.89000e+02
           985   1.95535e+02   9.85000e+02   4.57496e+01   2.52310e+00   1.89167e+02
           986   1.95693e+02   9.86000e+02   4.57489e+01   2.52321e+00   1.89333e+02
           987   1.95857e+02   9.87000e+02   4.57482e+01   2.52326e+00   1.89500e+02
           988   1.96024e+02   9.88000e+02   4.57500e+01   2.52306e+00   1.89667e+02
           989   1.96195e+02   9.89000e+02   4.57513e+01   2.52290e+00   1.89833e+02
           990   1.96366e+02   9.90000e+02   4.57537e+01   2.52270e+00   1.90000e+02
           991   1.96519e+02   9.91000e+02   4.57565e+01   2.52248e+00   1.90167e+02
           992   1.96692e+02   9.92000e+02   4.57571e+01   2.52216e+00   1.90333e+02
           993   1.96847e+02   9.93000e+02   4.57587e+01   2.52199e+00   1.90500e+02
           994   1.97008e+02   9.94000e+02   4.57598e+01   2.52192e+00   1.90667e+02
           995   1.97176e+02   9.95000e+02   4.57595e+01   2.52191e+00   1.90833e+02
           996   1.97338e+02   9.96000e+02   4.57623e+01   2.52218e+00   1.91000e+02
           997   1.97505e+02   9.97000e+02   4.57648e+01   2.52240e+00   1.91167e+02
           998   1.97673e+02   9.98000e+02   4.57678e+01   2.52261e+00   1.91333e+02
           999   1.97835e+02   9.99000e+02   4.57703e+01   2.52279e+00   1.91500e+02
          1000   1.98010e+02   1.00000e+03   4.57729e+01   2.52296e+00   1.91667e+02
          1001   1.98168e+02   1.00100e+03   4.57749e+01   2.52299e+00   1.91833e+02
          1002   1.98338e+02   1.00200e+03   4.57775e+01   2.52298e+00   1.92000e+02
          1003   1.98492e+02   1.00300e+03   4.57795e+01   2.52295e+00   1.92167e+02
          1004   1.98656e+02   1.00400e+03   4.57769e+01   2.52269e+00   1.92333e+02
          1005   1.98825e+02   1.00500e+03   4.57752e+01   2.52261e+00   1.92500e+02
          1006   1.98990e+02   1.00600e+03   4.57726e+01   2.52262e+00   1.92667e+02
          1007   1.99158e+02   1.00700e+03   4.57692e+01   2.52268e+00   1.92833e+02
          1008   1.99318e+02   1.00800e+03   4.57668e+01   2.52297e+00   1.93000e+02
          1009   1.99480e+02   1.00900e+03   4.57672e+01   2.52321e+00   1.93167e+02
          1010   1.99653e+02   1.01000e+03   4.57676e+01   2.52349e+00   1.93333e+02
          1011   1.99812e+02   1.01100e+03   4.57682e+01   2.52380e+00   1.93500e+02
          1012   1.99974e+02   1.01200e+03   4.57653e+01   2.52421e+00   1.93667e+02
          1013   2.00139e+02   1.01300e+03   4.57643e+01   2.52449e+00   1.93833e+02
          1014   2.00296e+02   1.01400e+03   4.57634e+01   2.52470e+00   1.94000e+02
          1015   2.00458e+02   1.01500e+03   4.57612e+01   2.52483e+00   1.94167e+02
          1016   2.00615e+02   1.01600e+03   4.57617e+01   2.52474e+00   1.94333e+02
          1017   2.00789e+02   1.01700e+03   4.57611e+01   2.52465e+00   1.94500e+02
          1018   2.00966e+02   1.01800e+03   4.57614e+01   2.52451e+00   1.94667e+02
          1019   2.01124e+02   1.01900e+03   4.57621e+01   2.52434e+00   1.94833e+02
          1020   2.01298e+02   1.02000e+03   4.57670e+01   2.52404e+00   1.95000e+02
          1021   2.01452e+02   1.02100e+03   4.57721e+01   2.52391e+00   1.95167e+02
          1022   2.01619e+02   1.02200e+03   4.57777e+01   2.52389e+00   1.95333e+02
          1023   2.01781e+02   1.02300e+03   4.57836e+01   2.52391e+00   1.95500e+02
          1024   2.01940e+02   1.02400e+03   4.57869e+01   2.52419e+00   1.95667e+02
          1025   2.02108e+02   1.02500e+03   4.57900e+01   2.52440e+00   1.95833e+02
          1026   2.02277e+02   1.02600e+03   4.57930e+01   2.52462e+00   1.96000e+02
          1027   2.02441e+02   1.02700e+03   4.57970e+01   2.52483e+00   1.96167e+02
          1028   2.02607e+02   1.02800e+03   4.58077e+01   2.52505e+00   1.96333e+02
          1029   2.02777e+02   1.02900e+03   4.58152e+01   2.52513e+00   1.96500e+02
          1030   2.02945e+02   1.03000e+03   4.58215e+01   2.52512e+00   1.96667e+02
          1031   2.03109e+02   1.03100e+03   4.58283e+01   2.52504e+00   1.96833e+02
          1032   2.03274e+02   1.03200e+03   4.58324e+01   2.52467e+00   1.97000e+02
          1033   2.03431e+02   1.03300e+03   4.58381e+01   2.52446e+00   1.97167e+02
          1034   2.03595e+02   1.03400e+03   4.58452e+01   2.52431e+00   1.97333e+02
          1035   2.03764e+02   1.03500e+03   4.58528e+01   2.52419e+00   1.97500e+02
          1036   2.03923e+02   1.03600e+03   4.58610e+01   2.52416e+00   1.97667e+02
          1037   2.04095e+02   1.03700e+03   4.58692e+01   2.52422e+00   1.97833e+02
          1038   2.04264e+02   1.03800e+03   4.58773e+01   2.52435e+00   1.98000e+02
          1039   2.04425e+02   1.03900e+03   4.58854e+01   2.52452e+00   1.98167e+02
          1040   2.04594e+02   1.04000e+03   4.58946e+01   2.52490e+00   1.98333e+02
          1041   2.04757e+02   1.04100e+03   4.59018e+01   2.52510e+00   1.98500e+02
          1042   2.04924e+02   1.04200e+03   4.59083e+01   2.52519e+00   1.98667e+02
          1043   2.05089e+02   1.04300e+03   4.59138e+01   2.52522e+00   1.98833e+02
          1044   2.05257e+02   1.04400e+03   4.59188e+01   2.52498e+00   1.99000e+02
          1045   2.05424e+02   1.04500e+03   4.59226e+01   2.52477e+00   1.99167e+02
          1046   2.05587e+02   1.04600e+03   4.59252e+01   2.52451e+00   1.99333e+02
          1047   2.05753e+02   1.04700e+03   4.59260e+01   2.52421e+00   1.99500e+02
          1048   2.05914e+02   1.04800e+03   4.59220e+01   2.52373e+00   1.99667e+02
          1049   2.06078e+02   1.04900e+03   4.59230e+01   2.52347e+00   1.99833e+02
          1050   2.06246e+02   1.05000e+03   4.59265e+01   2.52335e+00   2.00000e+02
          1051   2.06407e+02   1.05100e+03   4.59298e+01   2.52330e+00   2.00167e+02
          1052   2.06573e+02   1.05200e+03   4.59265e+01   2.52358e+00   2.00333e+02
          1053   2.06733e+02   1.05300e+03   4.59265e+01   2.52379e+00   2.00500e+02
          1054   2.06898e+02   1.05400e+03   4.59271e+01   2.52397e+00   2.00667e+02
          1055   2.07061e+02   1.05500e+03   4.59286e+01   2.52413e+00   2.00833e+02
          1056   2.07217e+02   1.05600e+03   4.59323e+01   2.52430e+00   2.01000e+02
          1057   2.07389e+02   1.05700e+03   4.59357e+01   2.52429e+00   2.01167e+02
          1058   2.07563e+02   1.05800e+03   4.59378e+01   2.52415e+00   2.01333e+02
          1059   2.07729e+02   1.05900e+03   4.59398e+01   2.52393e+00   2.01500e+02
          1060   2.07890e+02   1.06000e+03   4.59442e+01   2.52332e+00   2.01667e+02
          1061   2.08054e+02   1.06100e+03   4.59464e+01   2.52296e+00   2.01833e+02
          1062   2.08215e+02   1.06200e+03   4.59496e+01   2.52272e+00   2.02000e+02
          1063   2.08380e+02   1.06300e+03   4.59540e+01   2.52255e+00   2.02167e+02
          1064   2.08551e+02   1.06400e+03   4.59598e+01   2.52261e+00   2.02333e+02
          1065   2.08718e+02   1.06500e+03   4.59634e+01   2.52275e+00   2.02500e+02
          1066   2.08875e+02   1.06600e+03   4.59679e+01   2.52298e+00   2.02667e+02
          1067   2.09041e+02   1.06700e+03   4.59736e+01   2.52326e+00   2.02833e+02
          1068   2.09209e+02   1.06800e+03   4.59757e+01   2.52387e+00   2.03000e+02
          1069   2.09365e+02   1.06900e+03   4.59783e+01   2.52420e+00   2.03167e+02
          1070   2.09538e+02   1.07000e+03   4.59808e+01   2.52438e+00   2.03333e+02
          1071   2.09706e+02   1.07100e+03   4.59841e+01   2.52447e+00   2.03500e+02
          1072   2.09876e+02   1.07200e+03   4.59923e+01   2.52422e+00   2.03667e+02
          1073   2.10037e+02   1.07300e+03   4.59975e+01   2.52402e+00   2.03833e+02
          1074   2.10192e+02   1.07400e+03   4.60020e+01   2.52380e+00   2.04000e+02
          1075   2.10370e+02   1.07500e+03   4.60065e+01   2.52356e+00   2.04167e+02
          1076   2.10531e+02   1.07600e+03   4.60093e+01   2.52318e+00   2.04333e+02
          1077   2.10689e+02   1.07700e+03   4.60120e+01   2.52305e+00   2.04500e+02
          1078   2.10854e+02   1.07800e+03   4.60143e+01   2.52307e+00   2.04667e+02
          1079   2.11020e+02   1.07900e+03   4.60175e+01   2.52316e+00   2.04833e+02
          1080   2.11188e+02   1.08000e+03   4.60211e+01   2.52362e+00   2.05000e+02
          1081   2.11355e+02   1.08100e+03   4.60241e+01   2.52392e+00   2.05167e+02
          1082   2.11518e+02   1.08200e+03   4.60258e+01   2.52416e+00   2.05333e+02
          1083   2.11684e+02   1.08300e+03   4.60280e+01   2.52436e+00   2.05500e+02
          1084   2.11852e+02   1.08400e+03   4.60295e+01   2.52444e+00   2.05667e+02
          1085   2.12011e+02   1.08500e+03   4.60304e+01   2.52441e+00   2.05833e+02
          1086   2.12169e+02   1.08600e+03   4.60303e+01   2.52428e+00   2.06000e+02
          1087   2.12343e+02   1.08700e+03   4.60302e+01   2.52408e+00   2.06167e+02
          1088   2.12505e+02   1.08800e+03   4.60299e+01   2.52356e+00   2.06333e+02
          1089   2.12675e+02   1.08900e+03   4.60324e+01   2.52329e+00   2.06500e+02
          1090   2.12831e+02   1.09000e+03   4.60370e+01   2.52315e+00   2.06667e+02
          1091   2.12998e+02   1.09100e+03   4.60414e+01   2.52308e+00   2.06833e+02
          1092   2.13166e+02   1.09200e+03   4.60438e+01   2.52331e+00   2.07000e+02
          1093   2.13331e+02   1.09300e+03   4.60482e+01   2.52353e+00   2.07167e+02
          1094   2.13488e+02   1.09400e+03   4.60525e+01   2.52379e+00   2.07333e+02
          1095   2.13654e+02   1.09500e+03   4.60553e+01   2.52406e+00   2.07500e+02
          1096   2.13815e+02   1.09600e+03   4.60626e+01   2.52448e+00   2.07667e+02
          1097   2.13985e+02   1.09700e+03   4.60676e+01   2.52467e+00   2.07833e+02
          1098   2.14156e+02   1.09800e+03   4.60714e+01   2.52472e+00   2.08000e+02
          1099   2.14324e+02   1.09900e+03   4.60752e+01   2.52468e+00   2.08167e+02
          1100   2.14486e+02   1.10000e+03   4.60810e+01   2.52422e+00   2.08333e+02
          1101   2.14654e+02   1.10100e+03   4.60847e+01   2.52391e+00   2.08500e+02
          1102   2.14823e+02   1.10200e+03   4.60889e+01   2.52365e+00   2.08667e+02
          1103   2.14977e+02   1.10300e+03   4.60932e+01   2.52341e+00   2.08833e+02
          1104   2.15144e+02   1.10400e+03   4.60935e+01   2.52321e+00   2.09000e+02
          1105   2.15312e+02   1.10500e+03   4.60990e+01   2.52321e+00   2.09167e+02
          1106   2.15476e+02   1.10600e+03   4.61062e+01   2.52333e+00   2.09333e+02
          1107   2.15640e+02   1.10700e+03   4.61131e+01   2.52352e+00   2.09500e+02
          1108   2.15805e+02   1.10800e+03   4.61208e+01   2.52411e+00   2.09667e+02
          1109   2.15967e+02   1.10900e+03   4.61276e+01   2.52444e+00   2.09833e+02
          1110   2.16131e+02   1.11000e+03   4.61340e+01   2.52467e+00   2.10000e+02
          1111   2.16298e+02   1.11100e+03   4.61411e+01   2.52484e+00   2.10167e+02
          1112   2.16465e+02   1.11200e+03   4.61525e+01   2.52475e+00   2.10333e+02
          1113   2.16631e+02   1.11300e+03   4.61605e+01   2.52461e+00   2.10500e+02
          1114   2.16806e+02   1.11400e+03   4.61683e+01   2.52442e+00   2.10667e+02
          1115   2.16968e+02   1.11500e+03   4.61753e+01   2.52419e+00   2.10833e+02
          1116   2.17132e+02   1.11600e+03   4.61830e+01   2.52370e+00   2.11000e+02
          1117   2.17298e+02   1.11700e+03   4.61917e+01   2.52349e+00   2.11167e+02
          1118   2.17460e+02   1.11800e+03   4.62015e+01   2.52340e+00   2.11333e+02
          1119   2.17626e+02   1.11900e+03   4.62117e+01   2.52338e+00   2.11500e+02
          1120   2.17794e+02   1.12000e+03   4.62238e+01   2.52371e+00   2.11667e+02
          1121   2.17956e+02   1.12100e+03   4.62337e+01   2.52396e+00   2.11833e+02
          1122   2.18123e+02   1.12200e+03   4.62439e+01   2.52422e+00   2.12000e+02
          1123   2.18288e+02   1.12300e+03   4.62540e+01   2.52447e+00   2.12167e+02
          1124   2.18451e+02   1.12400e+03   4.62669e+01   2.52479e+00   2.12333e+02
          1125   2.18621e+02   1.12500e+03   4.62777e+01   2.52491e+00   2.12500e+02
          1126   2.18789e+02   1.12600e+03   4.62894e+01   2.52491e+00   2.12667e+02
          1127   2.18955e+02   1.12700e+03   4.63036e+01   2.52484e+00   2.12833e+02
          1128   2.19132e+02   1.12800e+03   4.63198e+01   2.52438e+00   2.13000e+02
          1129   2.19289e+02   1.12900e+03   4.63308e+01   2.52409e+00   2.13167e+02
          1130   2.19451e+02   1.13000e+03   4.63391e+01   2.52385e+00   2.13333e+02
          1131   2.19620e+02   1.13100e+03   4.63459e+01   2.52362e+00   2.13500e+02
          1132   2.19786e+02   1.13200e+03   4.63491e+01   2.52347e+00   2.13667e+02
          1133   2.19952e+02   1.13300e+03   4.63538e+01   2.52348e+00   2.13833e+02
          1134   2.20112e+02   1.13400e+03   4.63579e+01   2.52362e+00   2.14000e+02
          1135   2.20290e+02   1.13500e+03   4.63617e+01   2.52383e+00   2.14167e+02
          1136   2.20464e+02   1.13600e+03   4.63621e+01   2.52441e+00   2.14333e+02
          1137   2.20617e+02   1.13700e+03   4.63645e+01   2.52476e+00   2.14500e+02
          1138   2.20773e+02   1.13800e+03   4.63675e+01   2.52502e+00   2.14667e+02
          1139   2.20938e+02   1.13900e+03   4.63713e+01   2.52520e+00   2.14833e+02
          1140   2.21095e+02   1.14000e+03   4.63673e+01   2.52514e+00   2.15000e+02
          1141   2.21264e+02   1.14100e+03   4.63705e+01   2.52502e+00   2.15167e+02
          1142   2.21427e+02   1.14200e+03   4.63748e+01   2.52482e+00   2.15333e+02
          1143   2.21592e+02   1.14300e+03   4.63793e+01   2.52458e+00   2.15500e+02
          1144   2.21754e+02   1.14400e+03   4.63900e+01   2.52405e+00   2.15667e+02
          1145   2.21925e+02   1.14500e+03   4.63966e+01   2.52380e+00   2.15833e+02
          1146   2.22086e+02   1.14600e+03   4.64021e+01   2.52368e+00   2.16000e+02
          1147   2.22258e+02   1.14700e+03   4.64066e+01   2.52364e+00   2.16167e+02
          1148   2.22424e+02   1.14800e+03   4.64168e+01   2.52397e+00   2.16333e+02
          1149   2.22593e+02   1.14900e+03   4.64215e+01   2.52420e+00   2.16500e+02
          1150   2.22761e+02   1.15000e+03   4.64253e+01   2.52433e+00   2.16667e+02
          1151   2.22913e+02   1.15100e+03   4.64290e+01   2.52435e+00   2.16833e+02
          1152   2.23090e+02   1.15200e+03   4.64269e+01   2.52427e+00   2.17000e+02
          1153   2.23250e+02   1.15300e+03   4.64285e+01   2.52404e+00   2.17167e+02
          1154   2.23421e+02   1.15400e+03   4.64313e+01   2.52376e+00   2.17333e+02
          1155   2.23575e+02   1.15500e+03   4.64337e+01   2.52344e+00   2.17500e+02
          1156   2.23742e+02   1.15600e+03   4.64346e+01   2.52271e+00   2.17667e+02
          1157   2.23906e+02   1.15700e+03   4.64406e+01   2.52235e+00   2.17833e+02
          1158   2.24068e+02   1.15800e+03   4.64473e+01   2.52216e+00   2.18000e+02
          1159   2.24235e+02   1.15900e+03   4.64536e+01   2.52208e+00   2.18167e+02
          1160   2.24394e+02   1.16000e+03   4.64611e+01   2.52247e+00   2.18333e+02
          1161   2.24556e+02   1.16100e+03   4.64683e+01   2.52278e+00   2.18500e+02
          1162   2.24730e+02   1.16200e+03   4.64767e+01   2.52313e+00   2.18667e+02
          1163   2.24897e+02   1.16300e+03   4.64855e+01   2.52350e+00   2.18833e+02
          1164   2.25064e+02   1.16400e+03   4.65019e+01   2.52406e+00   2.19000e+02
          1165   2.25236e+02   1.16500e+03   4.65115e+01   2.52435e+00   2.19167e+02
          1166   2.25402e+02   1.16600e+03   4.65183e+01   2.52445e+00   2.19333e+02
          1167   2.25567e+02   1.16700e+03   4.65237e+01   2.52444e+00   2.19500e+02
          1168   2.25726e+02   1.16800e+03   4.65282e+01   2.52391e+00   2.19667e+02
          1169   2.25897e+02   1.16900e+03   4.65330e+01   2.52352e+00   2.19833e+02
          1170   2.26063e+02   1.17000e+03   4.65384e+01   2.52315e+00   2.20000e+02
          1171   2.26231e+02   1.17100e+03   4.65446e+01   2.52279e+00   2.20167e+02
          1172   2.26392e+02   1.17200e+03   4.65482e+01   2.52235e+00   2.20333e+02
          1173   2.26558e+02   1.17300e+03   4.65539e+01   2.52222e+00   2.20500e+02
          1174   2.26723e+02   1.17400e+03   4.65600e+01   2.52227e+00   2.20667e+02
          1175   2.26881e+02   1.17500e+03   4.65660e+01   2.52243e+00   2.20833e+02
          1176   2.27048e+02   1.17600e+03   4.65676e+01   2.52313e+00   2.21000e+02
          1177   2.27212e+02   1.17700e+03   4.65727e+01   2.52357e+00   2.21167e+02
          1178   2.27378e+02   1.17800e+03   4.65788e+01   2.52388e+00   2.21333e+02
          1179   2.27545e+02   1.17900e+03   4.65853e+01   2.52407e+00   2.21500e+02
          1180   2.27711e+02   1.18000e+03   4.65957e+01   2.52400e+00   2.21667e+02
          1181   2.27876e+02   1.18100e+03   4.66025e+01   2.52382e+00   2.21833e+02
          1182   2.28042e+02   1.18200e+03   4.66100e+01   2.52354e+00   2.22000e+02
          1183   2.28203e+02   1.18300e+03   4.66184e+01   2.52322e+00   2.22167e+02
          1184   2.28379e+02   1.18400e+03   4.66252e+01   2.52246e+00   2.22333e+02
          1185   2.28542e+02   1.18500e+03   4.66311e+01   2.52213e+00   2.22500e+02
          1186   2.28708e+02   1.18600e+03   4.66376e+01   2.52200e+00   2.22667e+02
          1187   2.28868e+02   1.18700e+03   4.66449e+01   2.52196e+00   2.22833e+02
          1188   2.29037e+02   1.18800e+03   4.66505e+01   2.52246e+00   2.23000e+02
          1189   2.29197e+02   1.18900e+03   4.66569e+01   2.52285e+00   2.23167e+02
          1190   2.29370e+02   1.19000e+03   4.66640e+01   2.52325e+00   2.23333e+02
          1191   2.29533e+02   1.19100e+03   4.66705e+01   2.52366e+00   2.23500e+02
          1192   2.29703e+02   1.19200e+03   4.66774e+01   2.52417e+00   2.23667e+02
          1193   2.29860e+02   1.19300e+03   4.66833e+01   2.52437e+00   2.23833e+02
          1194   2.30028e+02   1.19400e+03   4.66903e+01   2.52439e+00   2.24000e+02
          1195   2.30196e+02   1.19500e+03   4.66969e+01   2.52430e+00   2.24167e+02
          1196   2.30365e+02   1.19600e+03   4.67026e+01   2.52364e+00   2.24333e+02
          1197   2.30521e+02   1.19700e+03   4.67102e+01   2.52325e+00   2.24500e+02
          1198   2.30696e+02   1.19800e+03   4.67179e+01   2.52298e+00   2.24667e+02
          1199   2.30854e+02   1.19900e+03   4.67249e+01   2.52277e+00   2.24833e+02
          1200   2.31023e+02   1.20000e+03   4.67329e+01   2.52271e+00   2.25000e+02
          1201   2.31183e+02   1.20100e+03   4.67409e+01   2.52282e+00   2.25167e+02
          1202   2.31351e+02   1.20200e+03   4.67480e+01   2.52306e+00   2.25333e+02
          1203   2.31520e+02   1.20300e+03   4.67549e+01   2.52337e+00   2.25500e+02
          1204   2.31680e+02   1.20400e+03   4.67670e+01   2.52414e+00   2.25667e+02
          1205   2.31852e+02   1.20500e+03   4.67766e+01   2.52457e+00   2.25833e+02
          1206   2.32019e+02   1.20600e+03   4.67861e+01   2.52482e+00   2.26000e+02
          1207   2.32180e+02   1.20700e+03   4.67963e+01   2.52497e+00   2.26167e+02
          1208   2.32347e+02   1.20800e+03   4.68043e+01   2.52468e+00   2.26333e+02
          1209   2.32515e+02   1.20900e+03   4.68134e+01   2.52435e+00   2.26500e+02
          1210   2.32677e+02   1.21000e+03   4.68233e+01   2.52397e+00   2.26667e+02
          1211   2.32842e+02   1.21100e+03   4.68326e+01   2.52360e+00   2.26833e+02
          1212   2.33011e+02   1.21200e+03   4.68432e+01   2.52295e+00   2.27000e+02
          1213   2.33185e+02   1.21300e+03   4.68548e+01   2.52271e+00   2.27167e+02
          1214   2.33342e+02   1.21400e+03   4.68678e+01   2.52269e+00   2.27333e+02
          1215   2.33511e+02   1.21500e+03   4.68803e+01   2.52278e+00   2.27500e+02
          1216   2.33678e+02   1.21600e+03   4.68915e+01   2.52345e+00   2.27667e+02
          1217   2.33838e+02   1.21700e+03   4.69034e+01   2.52386e+00   2.27833e+02
          1218   2.34012e+02   1.21800e+03   4.69150e+01   2.52415e+00   2.28000e+02
          1219   2.34175e+02   1.21900e+03   4.69257e+01   2.52438e+00   2.28167e+02
          1220   2.34337e+02   1.22000e+03   4.69395e+01   2.52451e+00   2.28333e+02
          1221   2.34507e+02   1.22100e+03   4.69532e+01   2.52444e+00   2.28500e+02
          1222   2.34678e+02   1.22200e+03   4.69662e+01   2.52420e+00   2.28667e+02
          1223   2.34842e+02   1.22300e+03   4.69783e+01   2.52390e+00   2.28833e+02
          1224   2.35003e+02   1.22400e+03   4.69917e+01   2.52321e+00   2.29000e+02
          1225   2.35177e+02   1.22500e+03   4.70042e+01   2.52283e+00   2.29167e+02
          1226   2.35341e+02   1.22600e+03   4.70158e+01   2.52262e+00   2.29333e+02
          1227   2.35504e+02   1.22700e+03   4.70279e+01   2.52253e+00   2.29500e+02
          1228   2.35665e+02   1.22800e+03   4.70395e+01   2.52284e+00   2.29667e+02
          1229   2.35841e+02   1.22900e+03   4.70514e+01   2.52312e+00   2.29833e+02
          1230   2.36007e+02   1.23000e+03   4.70627e+01   2.52344e+00   2.30000e+02
          1231   2.36169e+02   1.23100e+03   4.70730e+01   2.52377e+00   2.30167e+02
          1232   2.36336e+02   1.23200e+03   4.70832e+01   2.52429e+00   2.30333e+02
          1233   2.36502e+02   1.23300e+03   4.70935e+01   2.52450e+00   2.30500e+02
          1234   2.36668e+02   1.23400e+03   4.71027e+01   2.52451e+00   2.30667e+02
          1235   2.36835e+02   1.23500e+03   4.71116e+01   2.52437e+00   2.30833e+02
          1236   2.37003e+02   1.23600e+03   4.71210e+01   2.52372e+00   2.31000e+02
          1237   2.37162e+02   1.23700e+03   4.71304e+01   2.52331e+00   2.31167e+02
          1238   2.37334e+02   1.23800e+03   4.71388e+01   2.52298e+00   2.31333e+02
          1239   2.37495e+02   1.23900e+03   4.71469e+01   2.52270e+00   2.31500e+02
          1240   2.37660e+02   1.24000e+03   4.71501e+01   2.52252e+00   2.31667e+02
          1241   2.37831e+02   1.24100e+03   4.71557e+01   2.52256e+00   2.31833e+02
          1242   2.37991e+02   1.24200e+03   4.71627e+01   2.52271e+00   2.32000e+02
          1243   2.38156e+02   1.24300e+03   4.71699e+01   2.52294e+00   2.32167e+02
          1244   2.38325e+02   1.24400e+03   4.71780e+01   2.52362e+00   2.32333e+02
          1245   2.38495e+02   1.24500e+03   4.71863e+01   2.52394e+00   2.32500e+02
          1246   2.38653e+02   1.24600e+03   4.71938e+01   2.52408e+00   2.32667e+02
          1247   2.38820e+02   1.24700e+03   4.72010e+01   2.52414e+00   2.32833e+02
          1248   2.38981e+02   1.24800e+03   4.72081e+01   2.52378e+00   2.33000e+02
          1249   2.39148e+02   1.24900e+03   4.72161e+01   2.52343e+00   2.33167e+02
          1250   2.39314e+02   1.25000e+03   4.72263e+01   2.52309e+00   2.33333e+02
          1251   2.39482e+02   1.25100e+03   4.72371e+01   2.52277e+00   2.33500e+02
          1252   2.39650e+02   1.25200e+03   4.72521e+01   2.52226e+00   2.33667e+02
          1253   2.39815e+02   1.25300e+03   4.72642e+01   2.52209e+00   2.33833e+02
          1254   2.39981e+02   1.25400e+03   4.72760e+01   2.52212e+00   2.34000e+02
          1255   2.40144e+02   1.25500e+03   4.72886e+01   2.52224e+00   2.34167e+02
          1256   2.40314e+02   1.25600e+03   4.73022e+01   2.52289e+00   2.34333e+02
          1257   2.40479e+02   1.25700e+03   4.73145e+01   2.52330e+00   2.34500e+02
          1258   2.40641e+02   1.25800e+03   4.73273e+01   2.52359e+00   2.34667e+02
          1259   2.40818e+02   1.25900e+03   4.73402e+01   2.52382e+00   2.34833e+02
          1260   2.40976e+02   1.26000e+03   4.73577e+01   2.52391e+00   2.35000e+02
          1261   2.41145e+02   1.26100e+03   4.73725e+01   2.52382e+00   2.35167e+02
          1262   2.41316e+02   1.26200e+03   4.73858e+01   2.52357e+00   2.35333e+02
          1263   2.41481e+02   1.26300e+03   4.73996e+01   2.52324e+00   2.35500e+02
          1264   2.41644e+02   1.26400e+03   4.74153e+01   2.52255e+00   2.35667e+02
          1265   2.41812e+02   1.26500e+03   4.74302e+01   2.52218e+00   2.35833e+02
          1266   2.41976e+02   1.26600e+03   4.74433e+01   2.52196e+00   2.36000e+02
          1267   2.42146e+02   1.26700e+03   4.74552e+01   2.52185e+00   2.36167e+02
          1268   2.42311e+02   1.26800e+03   4.74664e+01   2.52217e+00   2.36333e+02
          1269   2.42484e+02   1.26900e+03   4.74771e+01   2.52244e+00   2.36500e+02
          1270   2.42644e+02   1.27000e+03   4.74873e+01   2.52275e+00   2.36667e+02
          1271   2.42807e+02   1.27100e+03   4.74973e+01   2.52307e+00   2.36833e+02
          1272   2.42976e+02   1.27200e+03   4.75079e+01   2.52358e+00   2.37000e+02
          1273   2.43146e+02   1.27300e+03   4.75215e+01   2.52380e+00   2.37167e+02
          1274   2.43308e+02   1.27400e+03   4.75350e+01   2.52386e+00   2.37333e+02
          1275   2.43468e+02   1.27500e+03   4.75476e+01   2.52382e+00   2.37500e+02
          1276   2.43637e+02   1.27600e+03   4.75529e+01   2.52323e+00   2.37667e+02
          1277   2.43797e+02   1.27700e+03   4.75620e+01   2.52283e+00   2.37833e+02
          1278   2.43966e+02   1.27800e+03   4.75729e+01   2.52251e+00   2.38000e+02
          1279   2.44129e+02   1.27900e+03   4.75842e+01   2.52222e+00   2.38167e+02
          1280   2.44299e+02   1.28000e+03   4.76003e+01   2.52192e+00   2.38333e+02
          1281   2.44472e+02   1.28100e+03   4.76135e+01   2.52189e+00   2.38500e+02
          1282   2.44642e+02   1.28200e+03   4.76254e+01   2.52200e+00   2.38667e+02
          1283   2.44802e+02   1.28300e+03   4.76378e+01   2.52217e+00   2.38833e+02
          1284   2.44963e+02   1.28400e+03   4.76480e+01   2.52283e+00   2.39000e+02
          1285   2.45126e+02   1.28500e+03   4.76601e+01   2.52320e+00   2.39167e+02
          1286   2.45297e+02   1.28600e+03   4.76731e+01   2.52344e+00   2.39333e+02
          1287   2.45468e+02   1.28700e+03   4.76855e+01   2.52363e+00   2.39500e+02
          1288   2.45629e+02   1.28800e+03   4.76973e+01   2.52356e+00   2.39667e+02
          1289   2.45797e+02   1.28900e+03   4.77077e+01   2.52338e+00   2.39833e+02
          1290   2.45964e+02   1.29000e+03   4.77187e+01   2.52310e+00   2.40000e+02
          1291   2.46128e+02   1.29100e+03   4.77321e+01   2.52279e+00   2.40167e+02
          1292   2.46296e+02   1.29200e+03   4.77440e+01   2.52219e+00   2.40333e+02
          1293   2.46465e+02   1.29300e+03   4.77540e+01   2.52189e+00   2.40500e+02
          1294   2.46634e+02   1.29400e+03   4.77644e+01   2.52176e+00   2.40667e+02
          1295   2.46798e+02   1.29500e+03   4.77748e+01   2.52175e+00   2.40833e+02
          1296   2.46958e+02   1.29600e+03   4.77797e+01   2.52216e+00   2.41000e+02
          1297   2.47125e+02   1.29700e+03   4.77870e+01   2.52248e+00   2.41167e+02
          1298   2.47287e+02   1.29800e+03   4.77942e+01   2.52280e+00   2.41333e+02
          1299   2.47461e+02   1.29900e+03   4.78006e+01   2.52309e+00   2.41500e+02
          1300   2.47633e+02   1.30000e+03   4.78083e+01   2.52348e+00   2.41667e+02
          1301   2.47784e+02   1.30100e+03   4.78152e+01   2.52361e+00   2.41833e+02
          1302   2.47958e+02   1.30200e+03   4.78236e+01   2.52356e+00   2.42000e+02
          1303   2.48121e+02   1.30300e+03   4.78323e+01   2.52337e+00   2.42167e+02
          1304   2.48289e+02   1.30400e+03   4.78361e+01   2.52270e+00   2.42333e+02
          1305   2.48445e+02   1.30500e+03   4.78448e+01   2.52227e+00   2.42500e+02
          1306   2.48617e+02   1.30600e+03   4.78550e+01   2.52194e+00   2.42667e+02
          1307   2.48779e+02   1.30700e+03   4.78654e+01   2.52166e+00   2.42833e+02
          1308   2.48939e+02   1.30800e+03   4.78758e+01   2.52155e+00   2.43000e+02
          1309   2.49107e+02   1.30900e+03   4.78870e+01   2.52160e+00   2.43167e+02
          1310   2.49279e+02   1.31000e+03   4.78997e+01   2.52176e+00   2.43333e+02
          1311   2.49447e+02   1.31100e+03   4.79136e+01   2.52199e+00   2.43500e+02
          1312   2.49612e+02   1.31200e+03   4.79340e+01   2.52265e+00   2.43667e+02
          1313   2.49785e+02   1.31300e+03   4.79469e+01   2.52296e+00   2.43833e+02
          1314   2.49948e+02   1.31400e+03   4.79566e+01   2.52313e+00   2.44000e+02
          1315   2.50115e+02   1.31500e+03   4.79648e+01   2.52322e+00   2.44167e+02
          1316   2.50276e+02   1.31600e+03   4.79756e+01   2.52288e+00   2.44333e+02
          1317   2.50445e+02   1.31700e+03   4.79868e+01   2.52255e+00   2.44500e+02
          1318   2.50612e+02   1.31800e+03   4.79994e+01   2.52223e+00   2.44667e+02
          1319   2.50780e+02   1.31900e+03   4.80131e+01   2.52191e+00   2.44833e+02
          1320   2.50955e+02   1.32000e+03   4.80253e+01   2.52140e+00   2.45000e+02
          1321   2.51113e+02   1.32100e+03   4.80371e+01   2.52123e+00   2.45167e+02
          1322   2.51272e+02   1.32200e+03   4.80483e+01   2.52126e+00   2.45333e+02
          1323   2.51430e+02   1.32300e+03   4.80594e+01   2.52138e+00   2.45500e+02
          1324   2.51603e+02   1.32400e+03   4.80671e+01   2.52203e+00   2.45667e+02
          1325   2.51768e+02   1.32500e+03   4.80748e+01   2.52245e+00   2.45833e+02
          1326   2.51940e+02   1.32600e+03   4.80811e+01   2.52278e+00   2.46000e+02
          1327   2.52109e+02   1.32700e+03   4.80879e+01   2.52305e+00   2.46167e+02
          1328   2.52278e+02   1.32800e+03   4.80998e+01   2.52322e+00   2.46333e+02
          1329   2.52437e+02   1.32900e+03   4.81097e+01   2.52318e+00   2.46500e+02
          1330   2.52601e+02   1.33000e+03   4.81182e+01   2.52297e+00   2.46667e+02
          1331   2.52770e+02   1.33100e+03   4.81262e+01   2.52268e+00   2.46833e+02
          1332   2.52936e+02   1.33200e+03   4.81297e+01   2.52197e+00   2.47000e+02
          1333   2.53100e+02   1.33300e+03   4.81380e+01   2.52154e+00   2.47167e+02
          1334   2.53256e+02   1.33400e+03   4.81485e+01   2.52123e+00   2.47333e+02
          1335   2.53425e+02   1.33500e+03   4.81595e+01   2.52099e+00   2.47500e+02
          1336   2.53591e+02   1.33600e+03   4.81713e+01   2.52107e+00   2.47667e+02
          1337   2.53762e+02   1.33700e+03   4.81832e+01   2.52121e+00   2.47833e+02
          1338   2.53924e+02   1.33800e+03   4.81950e+01   2.52143e+00   2.48000e+02
          1339   2.54092e+02   1.33900e+03   4.82051e+01   2.52171e+00   2.48167e+02
          1340   2.54260e+02   1.34000e+03   4.82182e+01   2.52228e+00   2.48333e+02
          1341   2.54427e+02   1.34100e+03   4.82294e+01   2.52256e+00   2.48500e+02
          1342   2.54594e+02   1.34200e+03   4.82416e+01   2.52268e+00   2.48667e+02
          1343   2.54761e+02   1.34300e+03   4.82533e+01   2.52269e+00   2.48833e+02
          1344   2.54927e+02   1.34400e+03   4.82627e+01   2.52226e+00   2.49000e+02
          1345   2.55093e+02   1.34500e+03   4.82706e+01   2.52193e+00   2.49167e+02
          1346   2.55265e+02   1.34600e+03   4.82784e+01   2.52157e+00   2.49333e+02
          1347   2.55424e+02   1.34700e+03   4.82869e+01   2.52118e+00   2.49500e+02
          1348   2.55586e+02   1.34800e+03   4.82929e+01   2.52064e+00   2.49667e+02
          1349   2.55753e+02   1.34900e+03   4.83013e+01   2.52043e+00   2.49833e+02
          1350   2.55921e+02   1.35000e+03   4.83105e+01   2.52040e+00   2.50000e+02
          1351   2.56093e+02   1.35100e+03   4.83191e+01   2.52047e+00   2.50167e+02
          1352   2.56250e+02   1.35200e+03   4.83272e+01   2.52105e+00   2.50333e+02
          1353   2.56419e+02   1.35300e+03   4.83364e+01   2.52145e+00   2.50500e+02
          1354   2.56577e+02   1.35400e+03   4.83473e+01   2.52180e+00   2.50667e+02
          1355   2.56742e+02   1.35500e+03   4.83609e+01   2.52214e+00   2.50833e+02
          1356   2.56919e+02   1.35600e+03   4.83787e+01   2.52244e+00   2.51000e+02
          1357   2.57079e+02   1.35700e+03   4.83931e+01   2.52250e+00   2.51167e+02
          1358   2.57248e+02   1.35800e+03   4.84063e+01   2.52241e+00   2.51333e+02
          1359   2.57416e+02   1.35900e+03   4.84184e+01   2.52224e+00   2.51500e+02
          1360   2.57578e+02   1.36000e+03   4.84313e+01   2.52156e+00   2.51667e+02
          1361   2.57749e+02   1.36100e+03   4.84426e+01   2.52115e+00   2.51833e+02
          1362   2.57909e+02   1.36200e+03   4.84527e+01   2.52088e+00   2.52000e+02
          1363   2.58082e+02   1.36300e+03   4.84624e+01   2.52070e+00   2.52167e+02
          1364   2.58259e+02   1.36400e+03   4.84774e+01   2.52071e+00   2.52333e+02
          1365   2.58416e+02   1.36500e+03   4.84897e+01   2.52084e+00   2.52500e+02
          1366   2.58582e+02   1.36600e+03   4.85020e+01   2.52108e+00   2.52667e+02
          1367   2.58749e+02   1.36700e+03   4.85141e+01   2.52137e+00   2.52833e+02
          1368   2.58912e+02   1.36800e+03   4.85174e+01   2.52201e+00   2.53000e+02
          1369   2.59078e+02   1.36900e+03   4.85282e+01   2.52234e+00   2.53167e+02
          1370   2.59240e+02   1.37000e+03   4.85412e+01   2.52250e+00   2.53333e+02
          1371   2.59408e+02   1.37100e+03   4.85554e+01   2.52259e+00   2.53500e+02
          1372   2.59569e+02   1.37200e+03   4.85737e+01   2.52233e+00   2.53667e+02
          1373   2.59737e+02   1.37300e+03   4.85905e+01   2.52208e+00   2.53833e+02
          1374   2.59907e+02   1.37400e+03   4.86072e+01   2.52179e+00   2.54000e+02
          1375   2.60075e+02   1.37500e+03   4.86246e+01   2.52148e+00   2.54167e+02
          1376   2.60244e+02   1.37600e+03   4.86450e+01   2.52100e+00   2.54333e+02
          1377   2.60412e+02   1.37700e+03   4.86609e+01   2.52071e+00   2.54500e+02
          1378   2.60576e+02   1.37800e+03   4.86767e+01   2.52052e+00   2.54667e+02
          1379   2.60749e+02   1.37900e+03   4.86925e+01   2.52040e+00   2.54833e+02
          1380   2.60913e+02   1.38000e+03   4.87088e+01   2.52065e+00   2.55000e+02
          1381   2.61079e+02   1.38100e+03   4.87227e+01   2.52085e+00   2.55167e+02
          1382   2.61248e+02   1.38200e+03   4.87357e+01   2.52108e+00   2.55333e+02
          1383   2.61415e+02   1.38300e+03   4.87482e+01   2.52134e+00   2.55500e+02
          1384   2.61580e+02   1.38400e+03   4.87551e+01   2.52174e+00   2.55667e+02
          1385   2.61743e+02   1.38500e+03   4.87666e+01   2.52193e+00   2.55833e+02
          1386   2.61913e+02   1.38600e+03   4.87788e+01   2.52199e+00   2.56000e+02
          1387   2.62070e+02   1.38700e+03   4.87910e+01   2.52194e+00   2.56167e+02
          1388   2.62245e+02   1.38800e+03   4.87995e+01   2.52154e+00   2.56333e+02
          1389   2.62404e+02   1.38900e+03   4.88115e+01   2.52125e+00   2.56500e+02
          1390   2.62567e+02   1.39000e+03   4.88245e+01   2.52097e+00   2.56667e+02
          1391   2.62738e+02   1.39100e+03   4.88384e+01   2.52069e+00   2.56833e+02
          1392   2.62900e+02   1.39200e+03   4.88534e+01   2.52039e+00   2.57000e+02
          1393   2.63071e+02   1.39300e+03   4.88676e+01   2.52030e+00   2.57167e+02
          1394   2.63237e+02   1.39400e+03   4.88816e+01   2.52035e+00   2.57333e+02
          1395   2.63402e+02   1.39500e+03   4.88954e+01   2.52046e+00   2.57500e+02
          1396   2.63572e+02   1.39600e+03   4.89122e+01   2.52097e+00   2.57667e+02
          1397   2.63740e+02   1.39700e+03   4.89273e+01   2.52126e+00   2.57833e+02
          1398   2.63902e+02   1.39800e+03   4.89439e+01   2.52149e+00   2.58000e+02
          1399   2.64071e+02   1.39900e+03   4.89607e+01   2.52168e+00   2.58167e+02
          1400   2.64237e+02   1.40000e+03   4.89757e+01   2.52169e+00   2.58333e+02
          1401   2.64408e+02   1.40100e+03   4.89894e+01   2.52160e+00   2.58500e+02
          1402   2.64568e+02   1.40200e+03   4.90029e+01   2.52143e+00   2.58667e+02
          1403   2.64736e+02   1.40300e+03   4.90154e+01   2.52120e+00   2.58833e+02
          1404   2.64905e+02   1.40400e+03   4.90256e+01   2.52060e+00   2.59000e+02
          1405   2.65064e+02   1.40500e+03   4.90390e+01   2.52025e+00   2.59167e+02
          1406   2.65238e+02   1.40600e+03   4.90551e+01   2.52003e+00   2.59333e+02
          1407   2.65410e+02   1.40700e+03   4.90725e+01   2.51987e+00   2.59500e+02
          1408   2.65575e+02   1.40800e+03   4.90886e+01   2.51997e+00   2.59667e+02
          1409   2.65733e+02   1.40900e+03   4.91031e+01   2.52010e+00   2.59833e+02
          1410   2.65899e+02   1.41000e+03   4.91179e+01   2.52030e+00   2.60000e+02
          1411   2.66068e+02   1.41100e+03   4.91327e+01   2.52052e+00   2.60167e+02
          1412   2.66227e+02   1.41200e+03   4.91489e+01   2.52101e+00   2.60333e+02
          1413   2.66401e+02   1.41300e+03   4.91645e+01   2.52123e+00   2.60500e+02
          1414   2.66563e+02   1.41400e+03   4.91794e+01   2.52132e+00   2.60667e+02
          1415   2.66741e+02   1.41500e+03   4.91948e+01   2.52133e+00   2.60833e+02
          1416   2.66910e+02   1.41600e+03   4.92167e+01   2.52098e+00   2.61000e+02
          1417   2.67070e+02   1.41700e+03   4.92355e+01   2.52067e+00   2.61167e+02
          1418   2.67232e+02   1.41800e+03   4.92523e+01   2.52036e+00   2.61333e+02
          1419   2.67403e+02   1.41900e+03   4.92686e+01   2.52007e+00   2.61500e+02
          1420   2.67568e+02   1.42000e+03   4.92853e+01   2.51963e+00   2.61667e+02
          1421   2.67742e+02   1.42100e+03   4.93022e+01   2.51945e+00   2.61833e+02
          1422   2.67903e+02   1.42200e+03   4.93184e+01   2.51941e+00   2.62000e+02
          1423   2.68063e+02   1.42300e+03   4.93334e+01   2.51946e+00   2.62167e+02
          1424   2.68238e+02   1.42400e+03   4.93479e+01   2.51990e+00   2.62333e+02
          1425   2.68404e+02   1.42500e+03   4.93616e+01   2.52019e+00   2.62500e+02
          1426   2.68572e+02   1.42600e+03   4.93748e+01   2.52041e+00   2.62667e+02
          1427   2.68732e+02   1.42700e+03   4.93875e+01   2.52060e+00   2.62833e+02
          1428   2.68909e+02   1.42800e+03   4.93955e+01   2.52075e+00   2.63000e+02
          1429   2.69073e+02   1.42900e+03   4.94062e+01   2.52073e+00   2.63167e+02
          1430   2.69239e+02   1.43000e+03   4.94177e+01   2.52060e+00   2.63333e+02
          1431   2.69402e+02   1.43100e+03   4.94300e+01   2.52041e+00   2.63500e+02
          1432   2.69560e+02   1.43200e+03   4.94356e+01   2.51991e+00   2.63667e+02
          1433   2.69730e+02   1.43300e+03   4.94468e+01   2.51963e+00   2.63833e+02
          1434   2.69897e+02   1.43400e+03   4.94606e+01   2.51947e+00   2.64000e+02
          1435   2.70058e+02   1.43500e+03   4.94740e+01   2.51938e+00   2.64167e+02
          1436   2.70224e+02   1.43600e+03   4.94886e+01   2.51952e+00   2.64333e+02
          1437   2.70391e+02   1.43700e+03   4.95022e+01   2.51968e+00   2.64500e+02
          1438   2.70556e+02   1.43800e+03   4.95165e+01   2.51988e+00   2.64667e+02
          1439   2.70727e+02   1.43900e+03   4.95310e+01   2.52011e+00   2.64833e+02
          1440   2.70895e+02   1.44000e+03   4.95525e+01   2.52056e+00   2.65000e+02
          1441   2.71057e+02   1.44100e+03   4.95709e+01   2.52080e+00   2.65167e+02
          1442   2.71231e+02   1.44200e+03   4.95871e+01   2.52093e+00   2.65333e+02
          1443   2.71400e+02   1.44300e+03   4.96019e+01   2.52099e+00   2.65500e+02
          1444   2.71565e+02   1.44400e+03   4.96169e+01   2.52077e+00   2.65667e+02
          1445   2.71726e+02   1.44500e+03   4.96322e+01   2.52057e+00   2.65833e+02
          1446   2.71898e+02   1.44600e+03   4.96483e+01   2.52032e+00   2.66000e+02
          1447   2.72062e+02   1.44700e+03   4.96661e+01   2.52005e+00   2.66167e+02
          1448   2.72226e+02   1.44800e+03   4.96872e+01   2.51959e+00   2.66333e+02
          1449   2.72403e+02   1.44900e+03   4.97063e+01   2.51933e+00   2.66500e+02
          1450   2.72566e+02   1.45000e+03   4.97220e+01   2.51921e+00   2.66667e+02
          1451   2.72730e+02   1.45100e+03   4.97360e+01   2.51917e+00   2.66833e+02
          1452   2.72888e+02   1.45200e+03   4.97465e+01   2.51940e+00   2.67000e+02
          1453   2.73062e+02   1.45300e+03   4.97601e+01   2.51957e+00   2.67167e+02
          1454   2.73231e+02   1.45400e+03   4.97747e+01   2.51974e+00   2.67333e+02
          1455   2.73391e+02   1.45500e+03   4.97886e+01   2.51988e+00   2.67500e+02
          1456   2.73576e+02   1.45600e+03   4.98031e+01   2.52009e+00   2.67667e+02
          1457   2.73736e+02   1.45700e+03   4.98142e+01   2.52014e+00   2.67833e+02
          1458   2.73901e+02   1.45800e+03   4.98240e+01   2.52008e+00   2.68000e+02
          1459   2.74059e+02   1.45900e+03   4.98348e+01   2.51996e+00   2.68167e+02
          1460   2.74224e+02   1.46000e+03   4.98389e+01   2.51953e+00   2.68333e+02
          1461   2.74392e+02   1.46100e+03   4.98508e+01   2.51925e+00   2.68500e+02
          1462   2.74561e+02   1.46200e+03   4.98644e+01   2.51902e+00   2.68667e+02
          1463   2.74726e+02   1.46300e+03   4.98784e+01   2.51881e+00   2.68833e+02
          1464   2.74887e+02   1.46400e+03   4.98925e+01   2.51870e+00   2.69000e+02
          1465   2.75051e+02   1.46500e+03   4.99074e+01   2.51869e+00   2.69167e+02
          1466   2.75216e+02   1.46600e+03   4.99220e+01   2.51876e+00   2.69333e+02
          1467   2.75381e+02   1.46700e+03   4.99356e+01   2.51889e+00   2.69500e+02
          1468   2.75558e+02   1.46800e+03   4.99556e+01   2.51929e+00   2.69667e+02
          1469   2.75723e+02   1.46900e+03   4.99689e+01   2.51953e+00   2.69833e+02
          1470   2.75890e+02   1.47000e+03   4.99816e+01   2.51970e+00   2.70000e+02
          1471   2.76060e+02   1.47100e+03   4.99957e+01   2.51985e+00   2.70167e+02
          1472   2.76219e+02   1.47200e+03   5.00090e+01   2.51980e+00   2.70333e+02
          1473   2.76395e+02   1.47300e+03   5.00221e+01   2.51969e+00   2.70500e+02
          1474   2.76559e+02   1.47400e+03   5.00363e+01   2.51952e+00   2.70667e+02
          1475   2.76728e+02   1.47500e+03   5.00513e+01   2.51930e+00   2.70833e+02
          1476   2.76888e+02   1.47600e+03   5.00619e+01   2.51883e+00   2.71000e+02
          1477   2.77053e+02   1.47700e+03   5.00751e+01   2.51858e+00   2.71167e+02
          1478   2.77215e+02   1.47800e+03   5.00887e+01   2.51844e+00   2.71333e+02
          1479   2.77389e+02   1.47900e+03   5.01039e+01   2.51834e+00   2.71500e+02
          1480   2.77559e+02   1.48000e+03   5.01249e+01   2.51847e+00   2.71667e+02
          1481   2.77717e+02   1.48100e+03   5.01416e+01   2.51858e+00   2.71833e+02
          1482   2.77886e+02   1.48200e+03   5.01581e+01   2.51869e+00   2.72000e+02
          1483   2.78061e+02   1.48300e+03   5.01761e+01   2.51882e+00   2.72167e+02
          1484   2.78223e+02   1.48400e+03   5.01966e+01   2.51903e+00   2.72333e+02
          1485   2.78389e+02   1.48500e+03   5.02152e+01   2.51906e+00   2.72500e+02
          1486   2.78551e+02   1.48600e+03   5.02334e+01   2.51900e+00   2.72667e+02
          1487   2.78720e+02   1.48700e+03   5.02512e+01   2.51888e+00   2.72833e+02
          1488   2.78892e+02   1.48800e+03   5.02714e+01   2.51844e+00   2.73000e+02
          1489   2.79060e+02   1.48900e+03   5.02891e+01   2.51812e+00   2.73167e+02
          1490   2.79221e+02   1.49000e+03   5.03063e+01   2.51785e+00   2.73333e+02
          1491   2.79396e+02   1.49100e+03   5.03240e+01   2.51761e+00   2.73500e+02
          1492   2.79561e+02   1.49200e+03   5.03424e+01   2.51740e+00   2.73667e+02
          1493   2.79727e+02   1.49300e+03   5.03606e+01   2.51734e+00   2.73833e+02
          1494   2.79894e+02   1.49400e+03   5.03778e+01   2.51735e+00   2.74000e+02
          1495   2.80059e+02   1.49500e+03   5.03954e+01   2.51742e+00   2.74167e+02
          1496   2.80224e+02   1.49600e+03   5.04104e+01   2.51778e+00   2.74333e+02
          1497   2.80389e+02   1.49700e+03   5.04271e+01   2.51794e+00   2.74500e+02
          1498   2.80558e+02   1.49800e+03   5.04452e+01   2.51801e+00   2.74667e+02
          1499   2.80725e+02   1.49900e+03   5.04642e+01   2.51803e+00   2.74833e+02
          1500   2.80888e+02   1.50000e+03   5.04849e+01   2.51787e+00   2.75000e+02
          1501   2.81064e+02   1.50100e+03   5.05080e+01   2.51766e+00   2.75167e+02
          1502   2.81223e+02   1.50200e+03   5.05314e+01   2.51743e+00   2.75333e+02
          1503   2.81393e+02   1.50300e+03   5.05546e+01   2.51719e+00   2.75500e+02
          1504   2.81565e+02   1.50400e+03   5.05773e+01   2.51678e+00   2.75667e+02
          1505   2.81727e+02   1.50500e+03   5.05963e+01   2.51653e+00   2.75833e+02
          1506   2.81897e+02   1.50600e+03   5.06132e+01   2.51640e+00   2.76000e+02
          1507   2.82066e+02   1.50700e+03   5.06294e+01   2.51631e+00   2.76167e+02
          1508   2.82224e+02   1.50800e+03   5.06535e+01   2.51649e+00   2.76333e+02
          1509   2.82401e+02   1.50900e+03   5.06742e+01   2.51661e+00   2.76500e+02
          1510   2.82575e+02   1.51000e+03   5.06927e+01   2.51671e+00   2.76667e+02
          1511   2.82734e+02   1.51100e+03   5.07103e+01   2.51680e+00   2.76833e+02
          1512   2.82908e+02   1.51200e+03   5.07213e+01   2.51683e+00   2.77000e+02
          1513   2.83068e+02   1.51300e+03   5.07352e+01   2.51669e+00   2.77167e+02
          1514   2.83228e+02   1.51400e+03   5.07483e+01   2.51646e+00   2.77333e+02
          1515   2.83393e+02   1.51500e+03   5.07611e+01   2.51620e+00   2.77500e+02
          1516   2.83563e+02   1.51600e+03   5.07752e+01   2.51567e+00   2.77667e+02
          1517   2.83741e+02   1.51700e+03   5.07902e+01   2.51534e+00   2.77833e+02
          1518   2.83901e+02   1.51800e+03   5.08053e+01   2.51509e+00   2.78000e+02
          1519   2.84068e+02   1.51900e+03   5.08210e+01   2.51489e+00   2.78167e+02
          1520   2.84233e+02   1.52000e+03   5.08320e+01   2.51493e+00   2.78333e+02
          1521   2.84400e+02   1.52100e+03   5.08446e+01   2.51496e+00   2.78500e+02
          1522   2.84560e+02   1.52200e+03   5.08578e+01   2.51505e+00   2.78667e+02
          1523   2.84723e+02   1.52300e+03   5.08720e+01   2.51518e+00   2.78833e+02
          1524   2.84898e+02   1.52400e+03   5.08876e+01   2.51552e+00   2.79000e+02
          1525   2.85065e+02   1.52500e+03   5.09025e+01   2.51571e+00   2.79167e+02
          1526   2.85229e+02   1.52600e+03   5.09204e+01   2.51582e+00   2.79333e+02
          1527   2.85400e+02   1.52700e+03   5.09378e+01   2.51587e+00   2.79500e+02
          1528   2.85561e+02   1.52800e+03   5.09508e+01   2.51575e+00   2.79667e+02
          1529   2.85725e+02   1.52900e+03   5.09627e+01   2.51560e+00   2.79833e+02
          1530   2.85887e+02   1.53000e+03   5.09757e+01   2.51538e+00   2.80000e+02
          1531   2.86062e+02   1.53100e+03   5.09896e+01   2.51515e+00   2.80167e+02
          1532   2.86228e+02   1.53200e+03   5.10066e+01   2.51475e+00   2.80333e+02
          1533   2.86389e+02   1.53300e+03   5.10231e+01   2.51453e+00   2.80500e+02
          1534   2.86566e+02   1.53400e+03   5.10396e+01   2.51440e+00   2.80667e+02
          1535   2.86737e+02   1.53500e+03   5.10551e+01   2.51432e+00   2.80833e+02
          1536   2.86896e+02   1.53600e+03   5.10683e+01   2.51447e+00   2.81000e+02
          1537   2.87057e+02   1.53700e+03   5.10831e+01   2.51456e+00   2.81167e+02
          1538   2.87224e+02   1.53800e+03   5.10972e+01   2.51465e+00   2.81333e+02
          1539   2.87395e+02   1.53900e+03   5.11112e+01   2.51471e+00   2.81500e+02
          1540   2.87561e+02   1.54000e+03   5.11260e+01   2.51478e+00   2.81667e+02
          1541   2.87732e+02   1.54100e+03   5.11391e+01   2.51473e+00   2.81833e+02
          1542   2.87895e+02   1.54200e+03   5.11538e+01   2.51457e+00   2.82000e+02
          1543   2.88070e+02   1.54300e+03   5.11696e+01   2.51434e+00   2.82167e+02
          1544   2.88224e+02   1.54400e+03   5.11821e+01   2.51386e+00   2.82333e+02
          1545   2.88399e+02   1.54500e+03   5.11969e+01   2.51351e+00   2.82500e+02
          1546   2.88563e+02   1.54600e+03   5.12124e+01   2.51322e+00   2.82667e+02
          1547   2.88726e+02   1.54700e+03   5.12288e+01   2.51296e+00   2.82833e+02
          1548   2.88887e+02   1.54800e+03   5.12467e+01   2.51280e+00   2.83000e+02
          1549   2.89053e+02   1.54900e+03   5.12662e+01   2.51271e+00   2.83167e+02
          1550   2.89226e+02   1.55000e+03   5.12858e+01   2.51270e+00   2.83333e+02
          1551   2.89392e+02   1.55100e+03   5.13054e+01   2.51274e+00   2.83500e+02
          1552   2.89566e+02   1.55200e+03   5.13319e+01   2.51303e+00   2.83667e+02
          1553   2.89730e+02   1.55300e+03   5.13526e+01   2.51314e+00   2.83833e+02
          1554   2.89896e+02   1.55400e+03   5.13718e+01   2.51314e+00   2.84000e+02
          1555   2.90061e+02   1.55500e+03   5.13904e+01   2.51307e+00   2.84167e+02
          1556   2.90233e+02   1.55600e+03   5.14095e+01   2.51276e+00   2.84333e+02
          1557   2.90407e+02   1.55700e+03   5.14279e+01   2.51244e+00   2.84500e+02
          1558   2.90572e+02   1.55800e+03   5.14462e+01   2.51207e+00   2.84667e+02
          1559   2.90738e+02   1.55900e+03   5.14634e+01   2.51168e+00   2.84833e+02
          1560   2.90902e+02   1.56000e+03   5.14754e+01   2.51106e+00   2.85000e+02
          1561   2.91067e+02   1.56100e+03   5.14899e+01   2.51070e+00   2.85167e+02
          1562   2.91238e+02   1.56200e+03   5.15038e+01   2.51047e+00   2.85333e+02
          1563   2.91402e+02   1.56300e+03   5.15165e+01   2.51033e+00   2.85500e+02
          1564   2.91563e+02   1.56400e+03   5.15278e+01   2.51054e+00   2.85667e+02
          1565   2.91727e+02   1.56500e+03   5.15431e+01   2.51068e+00   2.85833e+02
          1566   2.91904e+02   1.56600e+03   5.15584e+01   2.51081e+00   2.86000e+02
          1567   2.92067e+02   1.56700e+03   5.15727e+01   2.51095e+00   2.86167e+02
          1568   2.92229e+02   1.56800e+03   5.15839e+01   2.51115e+00   2.86333e+02
          1569   2.92393e+02   1.56900e+03   5.15954e+01   2.51112e+00   2.86500e+02
          1570   2.92563e+02   1.57000e+03   5.16082e+01   2.51095e+00   2.86667e+02
          1571   2.92728e+02   1.57100e+03   5.16220e+01   2.51069e+00   2.86833e+02
          1572   2.92894e+02   1.57200e+03   5.16337e+01   2.51002e+00   2.87000e+02
          1573   2.93070e+02   1.57300e+03   5.16461e+01   2.50956e+00   2.87167e+02
          1574   2.93232e+02   1.57400e+03   5.16599e+01   2.50918e+00   2.87333e+02
          1575   2.93401e+02   1.57500e+03   5.16747e+01   2.50884e+00   2.87500e+02
          1576   2.93559e+02   1.57600e+03   5.16856e+01   2.50861e+00   2.87667e+02
          1577   2.93728e+02   1.57700e+03   5.16983e+01   2.50852e+00   2.87833e+02
          1578   2.93890e+02   1.57800e+03   5.17124e+01   2.50854e+00   2.88000e+02
          1579   2.94064e+02   1.57900e+03   5.17268e+01   2.50864e+00   2.88167e+02
          1580   2.94228e+02   1.58000e+03   5.17465e+01   2.50908e+00   2.88333e+02
          1581   2.94387e+02   1.58100e+03   5.17643e+01   2.50927e+00   2.88500e+02
          1582   2.94561e+02   1.58200e+03   5.17810e+01   2.50935e+00   2.88667e+02
          1583   2.94728e+02   1.58300e+03   5.17983e+01   2.50937e+00   2.88833e+02
          1584   2.94897e+02   1.58400e+03   5.18192e+01   2.50911e+00   2.89000e+02
          1585   2.95060e+02   1.58500e+03   5.18371e+01   2.50883e+00   2.89167e+02
          1586   2.95226e+02   1.58600e+03   5.18537e+01   2.50852e+00   2.89333e+02
          1587   2.95396e+02   1.58700e+03   5.18691e+01   2.50820e+00   2.89500e+02
          1588   2.95566e+02   1.58800e+03   5.18877e+01   2.50762e+00   2.89667e+02
          1589   2.95736e+02   1.58900e+03   5.19048e+01   2.50729e+00   2.89833e+02
          1590   2.95896e+02   1.59000e+03   5.19225e+01   2.50708e+00   2.90000e+02
          1591   2.96064e+02   1.59100e+03   5.19409e+01   2.50690e+00   2.90167e+02
          1592   2.96235e+02   1.59200e+03   5.19569e+01   2.50698e+00   2.90333e+02
          1593   2.96400e+02   1.59300e+03   5.19748e+01   2.50700e+00   2.90500e+02
          1594   2.96562e+02   1.59400e+03   5.19931e+01   2.50704e+00   2.90667e+02
          1595   2.96728e+02   1.59500e+03   5.20105e+01   2.50709e+00   2.90833e+02
          1596   2.96894e+02   1.59600e+03   5.20319e+01   2.50712e+00   2.91000e+02
          1597   2.97065e+02   1.59700e+03   5.20545e+01   2.50692e+00   2.91167e+02
          1598   2.97229e+02   1.59800e+03   5.20757e+01   2.50638e+00   2.91333e+02
          1599   2.97402e+02   1.59900e+03   5.20955e+01   2.50558e+00   2.91500e+02
          1600   2.97568e+02   1.60000e+03   5.21216e+01   2.50421e+00   2.91667e+02
          1601   2.97734e+02   1.60100e+03   5.21431e+01   2.50330e+00   2.91833e+02
          1602   2.97903e+02   1.60200e+03   5.21632e+01   2.50272e+00   2.92000e+02
          1603   2.98066e+02   1.60300e+03   5.21827e+01   2.50234e+00   2.92167e+02
          1604   2.98237e+02   1.60400e+03   5.22011e+01   2.50229e+00   2.92333e+02
          1605   2.98413e+02   1.60500e+03   5.22197e+01   2.50249e+00   2.92500e+02
          1606   2.98578e+02   1.60600e+03   5.22384e+01   2.50288e+00   2.92667e+02
          1607   2.98738e+02   1.60700e+03   5.22560e+01   2.50337e+00   2.92833e+02
          1608   2.98904e+02   1.60800e+03   5.22659e+01   2.50469e+00   2.93000e+02
          1609   2.99073e+02   1.60900e+03   5.22809e+01   2.50541e+00   2.93167e+02
          1610   2.99240e+02   1.61000e+03   5.22957e+01   2.50590e+00   2.93333e+02
          1611   2.99407e+02   1.61100e+03   5.23101e+01   2.50631e+00   2.93500e+02
          1612   2.99570e+02   1.61200e+03   5.23194e+01   2.50613e+00   2.93667e+02
          1613   2.99735e+02   1.61300e+03   5.23296e+01   2.50598e+00   2.93833e+02
          1614   2.99906e+02   1.61400e+03   5.23415e+01   2.50578e+00   2.94000e+02
          1615   3.00071e+02   1.61500e+03   5.23536e+01   2.50556e+00   2.94167e+02
          1616   3.00230e+02   1.61600e+03   5.23627e+01   2.50501e+00   2.94333e+02
          1617   3.00400e+02   1.61700e+03   5.23738e+01   2.50479e+00   2.94500e+02
          1618   3.00572e+02   1.61800e+03   5.23840e+01   2.50470e+00   2.94667e+02
          1619   3.00730e+02   1.61900e+03   5.23946e+01   2.50466e+00   2.94833e+02
          1620   3.00902e+02   1.62000e+03   5.24036e+01   2.50484e+00   2.95000e+02
          1621   3.01059e+02   1.62100e+03   5.24150e+01   2.50481e+00   2.95167e+02
          1622   3.01223e+02   1.62200e+03   5.24270e+01   2.50468e+00   2.95333e+02
          1623   3.01398e+02   1.62300e+03   5.24390e+01   2.50450e+00   2.95500e+02
          1624   3.01561e+02   1.62400e+03   5.24519e+01   2.50400e+00   2.95667e+02
          1625   3.01733e+02   1.62500e+03   5.24612e+01   2.50345e+00   2.95833e+02
          1626   3.01893e+02   1.62600e+03   5.24709e+01   2.50283e+00   2.96000e+02
          1627   3.02057e+02   1.62700e+03   5.24832e+01   2.50218e+00   2.96167e+02
          1628   3.02228e+02   1.62800e+03   5.25001e+01   2.50130e+00   2.96333e+02
          1629   3.02392e+02   1.62900e+03   5.25139e+01   2.50068e+00   2.96500e+02
          1630   3.02563e+02   1.63000e+03   5.25266e+01   2.50021e+00   2.96667e+02
          1631   3.02727e+02   1.63100e+03   5.25397e+01   2.49984e+00   2.96833e+02
          1632   3.02895e+02   1.63200e+03   5.25569e+01   2.49993e+00   2.97000e+02
          1633   3.03056e+02   1.63300e+03   5.25738e+01   2.50001e+00   2.97167e+02
          1634   3.03214e+02   1.63400e+03   5.25906e+01   2.50018e+00   2.97333e+02
          1635   3.03388e+02   1.63500e+03   5.26074e+01   2.50040e+00   2.97500e+02
          1636   3.03568e+02   1.63600e+03   5.26306e+01   2.50097e+00   2.97667e+02
          1637   3.03733e+02   1.63700e+03   5.26477e+01   2.50121e+00   2.97833e+02
          1638   3.03886e+02   1.63800e+03   5.26641e+01   2.50124e+00   2.98000e+02
          1639   3.04055e+02   1.63900e+03   5.26802e+01   2.50117e+00   2.98167e+02
          1640   3.04232e+02   1.64000e+03   5.26997e+01   2.50078e+00   2.98333e+02
          1641   3.04400e+02   1.64100e+03   5.27185e+01   2.50049e+00   2.98500e+02
          1642   3.04561e+02   1.64200e+03   5.27364e+01   2.50022e+00   2.98667e+02
          1643   3.04730e+02   1.64300e+03   5.27548e+01   2.49998e+00   2.98833e+02
          1644   3.04894e+02   1.64400e+03   5.27688e+01   2.49968e+00   2.99000e+02
          1645   3.05061e+02   1.64500e+03   5.27821e+01   2.49957e+00   2.99167e+02
          1646   3.05221e+02   1.64600e+03   5.27938e+01   2.49958e+00   2.99333e+02
          1647   3.05395e+02   1.64700e+03   5.28050e+01   2.49965e+00   2.99500e+02
          1648   3.05562e+02   1.64800e+03   5.28178e+01   2.50004e+00   2.99667e+02
          1649   3.05737e+02   1.64900e+03   5.28299e+01   2.50026e+00   2.99833e+02
          1650   3.05893e+02   1.65000e+03   5.28410e+01   2.50037e+00   3.00000e+02
          1651   3.06068e+02   1.65100e+03   5.28507e+01   2.50042e+00   3.00167e+02
          1652   3.06228e+02   1.65200e+03   5.28528e+01   2.50029e+00   3.00333e+02
          1653   3.06394e+02   1.65300e+03   5.28593e+01   2.50006e+00   3.00500e+02
          1654   3.06549e+02   1.65400e+03   5.28673e+01   2.49973e+00   3.00667e+02
          1655   3.06711e+02   1.65500e+03   5.28764e+01   2.49936e+00   3.00833e+02
          1656   3.06888e+02   1.65600e+03   5.28877e+01   2.49871e+00   3.01000e+02
          1657   3.07050e+02   1.65700e+03   5.29009e+01   2.49828e+00   3.01167e+02
          1658   3.07218e+02   1.65800e+03   5.29149e+01   2.49797e+00   3.01333e+02
          1659   3.07384e+02   1.65900e+03   5.29282e+01   2.49773e+00   3.01500e+02
          1660   3.07546e+02   1.66000e+03   5.29415e+01   2.49776e+00   3.01667e+02
          1661   3.07714e+02   1.66100e+03   5.29550e+01   2.49776e+00   3.01833e+02
          1662   3.07879e+02   1.66200e+03   5.29703e+01   2.49776e+00   3.02000e+02
          1663   3.08047e+02   1.66300e+03   5.29868e+01   2.49773e+00   3.02167e+02
          1664   3.08225e+02   1.66400e+03   5.30136e+01   2.49773e+00   3.02333e+02
          1665   3.08392e+02   1.66500e+03   5.30347e+01   2.49753e+00   3.02500e+02
          1666   3.08557e+02   1.66600e+03   5.30547e+01   2.49720e+00   3.02667e+02
          1667   3.08726e+02   1.66700e+03   5.30752e+01   2.49680e+00   3.02833e+02
          1668   3.08882e+02   1.66800e+03   5.30945e+01   2.49607e+00   3.03000e+02
          1669   3.09054e+02   1.66900e+03   5.31136e+01   2.49557e+00   3.03167e+02
          1670   3.09216e+02   1.67000e+03   5.31301e+01   2.49519e+00   3.03333e+02
          1671   3.09398e+02   1.67100e+03   5.31450e+01   2.49488e+00   3.03500e+02
          1672   3.09556e+02   1.67200e+03   5.31685e+01   2.49481e+00   3.03667e+02
          1673   3.09725e+02   1.67300e+03   5.31900e+01   2.49475e+00   3.03833e+02
          1674   3.09893e+02   1.67400e+03   5.32104e+01   2.49471e+00   3.04000e+02
          1675   3.10061e+02   1.67500e+03   5.32302e+01   2.49468e+00   3.04167e+02
          1676   3.10232e+02   1.67600e+03   5.32501e+01   2.49478e+00   3.04333e+02
          1677   3.10396e+02   1.67700e+03   5.32712e+01   2.49463e+00   3.04500e+02
          1678   3.10557e+02   1.67800e+03   5.32908e+01   2.49432e+00   3.04667e+02
          1679   3.10716e+02   1.67900e+03   5.33089e+01   2.49392e+00   3.04833e+02
          1680   3.10887e+02   1.68000e+03   5.33236e+01   2.49315e+00   3.05000e+02
          1681   3.11063e+02   1.68100e+03   5.33387e+01   2.49256e+00   3.05167e+02
          1682   3.11230e+02   1.68200e+03   5.33544e+01   2.49202e+00   3.05333e+02
          1683   3.11398e+02   1.68300e+03   5.33698e+01   2.49151e+00   3.05500e+02
          1684   3.11565e+02   1.68400e+03   5.33892e+01   2.49115e+00   3.05667e+02
          1685   3.11737e+02   1.68500e+03   5.34061e+01   2.49094e+00   3.05833e+02
          1686   3.11898e+02   1.68600e+03   5.34219e+01   2.49085e+00   3.06000e+02
          1687   3.12061e+02   1.68700e+03   5.34372e+01   2.49085e+00   3.06167e+02
          1688   3.12224e+02   1.68800e+03   5.34451e+01   2.49116e+00   3.06333e+02
          1689   3.12389e+02   1.68900e+03   5.34590e+01   2.49115e+00   3.06500e+02
          1690   3.12557e+02   1.69000e+03   5.34737e+01   2.49097e+00   3.06667e+02
          1691   3.12722e+02   1.69100e+03   5.34876e+01   2.49069e+00   3.06833e+02
          1692   3.12890e+02   1.69200e+03   5.35023e+01   2.49001e+00   3.07000e+02
          1693   3.13064e+02   1.69300e+03   5.35169e+01   2.48941e+00   3.07167e+02
          1694   3.13225e+02   1.69400e+03   5.35311e+01   2.48881e+00   3.07333e+02
          1695   3.13390e+02   1.69500e+03   5.35451e+01   2.48819e+00   3.07500e+02
          1696   3.13557e+02   1.69600e+03   5.35608e+01   2.48743e+00   3.07667e+02
          1697   3.13729e+02   1.69700e+03   5.35776e+01   2.48700e+00   3.07833e+02
          1698   3.13894e+02   1.69800e+03   5.35951e+01   2.48676e+00   3.08000e+02
          1699   3.14058e+02   1.69900e+03   5.36135e+01   2.48663e+00   3.08167e+02
          1700   3.14220e+02   1.70000e+03   5.36306e+01   2.48698e+00   3.08333e+02
          1701   3.14386e+02   1.70100e+03   5.36500e+01   2.48708e+00   3.08500e+02
          1702   3.14560e+02   1.70200e+03   5.36702e+01   2.48708e+00   3.08667e+02
          1703   3.14723e+02   1.70300e+03   5.36914e+01   2.48703e+00   3.08833e+02
          1704   3.14891e+02   1.70400e+03   5.37195e+01   2.48676e+00   3.09000e+02
          1705   3.15063e+02   1.70500e+03   5.37423e+01   2.48634e+00   3.09167e+02
          1706   3.15230e+02   1.70600e+03   5.37640e+01   2.48582e+00   3.09333e+02
          1707   3.15399e+02   1.70700e+03   5.37862e+01   2.48523e+00   3.09500e+02
          1708   3.15568e+02   1.70800e+03   5.38118e+01   2.48417e+00   3.09667e+02
          1709   3.15733e+02   1.70900e+03   5.38337e+01   2.48348e+00   3.09833e+02
          1710   3.15898e+02   1.71000e+03   5.38539e+01   2.48300e+00   3.10000e+02
          1711   3.16071e+02   1.71100e+03   5.38744e+01   2.48263e+00   3.10167e+02
          1712   3.16237e+02   1.71200e+03   5.38933e+01   2.48269e+00   3.10333e+02
          1713   3.16404e+02   1.71300e+03   5.39128e+01   2.48271e+00   3.10500e+02
          1714   3.16568e+02   1.71400e+03   5.39328e+01   2.48275e+00   3.10667e+02
          1715   3.16737e+02   1.71500e+03   5.39525e+01   2.48280e+00   3.10833e+02
          1716   3.16905e+02   1.71600e+03   5.39673e+01   2.48302e+00   3.11000e+02
          1717   3.17073e+02   1.71700e+03   5.39856e+01   2.48286e+00   3.11167e+02
          1718   3.17235e+02   1.71800e+03   5.40022e+01   2.48251e+00   3.11333e+02
          1719   3.17399e+02   1.71900e+03   5.40164e+01   2.48207e+00   3.11500e+02
          1720   3.17568e+02   1.72000e+03   5.40264e+01   2.48106e+00   3.11667e+02
          1721   3.17731e+02   1.72100e+03   5.40382e+01   2.48030e+00   3.11833e+02
          1722   3.17903e+02   1.72200e+03   5.40519e+01   2.47967e+00   3.12000e+02
          1723   3.18072e+02   1.72300e+03   5.40676e+01   2.47913e+00   3.12167e+02
          1724   3.18234e+02   1.72400e+03   5.40807e+01   2.47875e+00   3.12333e+02
          1725   3.18404e+02   1.72500e+03   5.40961e+01   2.47855e+00   3.12500e+02
          1726   3.18572e+02   1.72600e+03   5.41123e+01   2.47849e+00   3.12667e+02
          1727   3.18729e+02   1.72700e+03   5.41277e+01   2.47849e+00   3.12833e+02
          1728   3.18890e+02   1.72800e+03   5.41365e+01   2.47889e+00   3.13000e+02
          1729   3.19061e+02   1.72900e+03   5.41493e+01   2.47887e+00   3.13167e+02
          1730   3.19225e+02   1.73000e+03   5.41627e+01   2.47864e+00   3.13333e+02
          1731   3.19398e+02   1.73100e+03   5.41752e+01   2.47831e+00   3.13500e+02
          1732   3.19570e+02   1.73200e+03   5.41976e+01   2.47752e+00   3.13667e+02
          1733   3.19732e+02   1.73300e+03   5.42143e+01   2.47681e+00   3.13833e+02
          1734   3.19901e+02   1.73400e+03   5.42284e+01   2.47610e+00   3.14000e+02
          1735   3.20071e+02   1.73500e+03   5.42418e+01   2.47543e+00   3.14167e+02
          1736   3.20225e+02   1.73600e+03   5.42512e+01   2.47470e+00   3.14333e+02
          1737   3.20395e+02   1.73700e+03   5.42639e+01   2.47427e+00   3.14500e+02
          1738   3.20567e+02   1.73800e+03   5.42769e+01   2.47403e+00   3.14667e+02
          1739   3.20725e+02   1.73900e+03   5.42907e+01   2.47390e+00   3.14833e+02
          1740   3.20896e+02   1.74000e+03   5.43078e+01   2.47431e+00   3.15000e+02
          1741   3.21061e+02   1.74100e+03   5.43242e+01   2.47443e+00   3.15167e+02
          1742   3.21232e+02   1.74200e+03   5.43410e+01   2.47441e+00   3.15333e+02
          1743   3.21391e+02   1.74300e+03   5.43578e+01   2.47429e+00   3.15500e+02
          1744   3.21561e+02   1.74400e+03   5.43747e+01   2.47395e+00   3.15667e+02
          1745   3.21730e+02   1.74500e+03   5.43917e+01   2.47346e+00   3.15833e+02
          1746   3.21895e+02   1.74600e+03   5.44097e+01   2.47281e+00   3.16000e+02
          1747   3.22058e+02   1.74700e+03   5.44277e+01   2.47211e+00   3.16167e+02
          1748   3.22230e+02   1.74800e+03   5.44468e+01   2.47100e+00   3.16333e+02
          1749   3.22398e+02   1.74900e+03   5.44619e+01   2.47023e+00   3.16500e+02
          1750   3.22561e+02   1.75000e+03   5.44761e+01   2.46964e+00   3.16667e+02
          1751   3.22737e+02   1.75100e+03   5.44909e+01   2.46917e+00   3.16833e+02
          1752   3.22892e+02   1.75200e+03   5.45047e+01   2.46916e+00   3.17000e+02
          1753   3.23063e+02   1.75300e+03   5.45168e+01   2.46910e+00   3.17167e+02
          1754   3.23234e+02   1.75400e+03   5.45277e+01   2.46907e+00   3.17333e+02
          1755   3.23400e+02   1.75500e+03   5.45391e+01   2.46905e+00   3.17500e+02
          1756   3.23565e+02   1.75600e+03   5.45463e+01   2.46926e+00   3.17667e+02
          1757   3.23723e+02   1.75700e+03   5.45560e+01   2.46915e+00   3.17833e+02
          1758   3.23891e+02   1.75800e+03   5.45665e+01   2.46882e+00   3.18000e+02
          1759   3.24059e+02   1.75900e+03   5.45779e+01   2.46835e+00   3.18167e+02
          1760   3.24229e+02   1.76000e+03   5.45877e+01   2.46736e+00   3.18333e+02
          1761   3.24392e+02   1.76100e+03   5.45991e+01   2.46658e+00   3.18500e+02
          1762   3.24553e+02   1.76200e+03   5.46089e+01   2.46585e+00   3.18667e+02
          1763   3.24716e+02   1.76300e+03   5.46182e+01   2.46519e+00   3.18833e+02
          1764   3.24888e+02   1.76400e+03   5.46248e+01   2.46461e+00   3.19000e+02
          1765   3.25057e+02   1.76500e+03   5.46313e+01   2.46427e+00   3.19167e+02
          1766   3.25213e+02   1.76600e+03   5.46378e+01   2.46408e+00   3.19333e+02
          1767   3.25392e+02   1.76700e+03   5.46460e+01   2.46396e+00   3.19500e+02
          1768   3.25549e+02   1.76800e+03   5.46558e+01   2.46431e+00   3.19667e+02
          1769   3.25722e+02   1.76900e+03   5.46635e+01   2.46429e+00   3.19833e+02
          1770   3.25888e+02   1.77000e+03   5.46711e+01   2.46408e+00   3.20000e+02
          1771   3.26047e+02   1.77100e+03   5.46796e+01   2.46373e+00   3.20167e+02
          1772   3.26215e+02   1.77200e+03   5.46810e+01   2.46293e+00   3.20333e+02
          1773   3.26374e+02   1.77300e+03   5.46861e+01   2.46218e+00   3.20500e+02
          1774   3.26540e+02   1.77400e+03   5.46908e+01   2.46141e+00   3.20667e+02
          1775   3.26707e+02   1.77500e+03   5.46946e+01   2.46063e+00   3.20833e+02
          1776   3.26882e+02   1.77600e+03   5.47034e+01   2.45966e+00   3.21000e+02
          1777   3.27041e+02   1.77700e+03   5.47092e+01   2.45907e+00   3.21167e+02
          1778   3.27205e+02   1.77800e+03   5.47135e+01   2.45867e+00   3.21333e+02
          1779   3.27375e+02   1.77900e+03   5.47174e+01   2.45838e+00   3.21500e+02
          1780   3.27539e+02   1.78000e+03   5.47191e+01   2.45866e+00   3.21667e+02
          1781   3.27706e+02   1.78100e+03   5.47226e+01   2.45867e+00   3.21833e+02
          1782   3.27870e+02   1.78200e+03   5.47263e+01   2.45858e+00   3.22000e+02
          1783   3.28031e+02   1.78300e+03   5.47293e+01   2.45842e+00   3.22167e+02
          1784   3.28196e+02   1.78400e+03   5.47309e+01   2.45806e+00   3.22333e+02
          1785   3.28364e+02   1.78500e+03   5.47352e+01   2.45752e+00   3.22500e+02
          1786   3.28527e+02   1.78600e+03   5.47402e+01   2.45685e+00   3.22667e+02
          1787   3.28693e+02   1.78700e+03   5.47455e+01   2.45608e+00   3.22833e+02
          1788   3.28860e+02   1.78800e+03   5.47528e+01   2.45477e+00   3.23000e+02
          1789   3.29023e+02   1.78900e+03   5.47587e+01   2.45386e+00   3.23167e+02
          1790   3.29191e+02   1.79000e+03   5.47637e+01   2.45313e+00   3.23333e+02
          1791   3.29354e+02   1.79100e+03   5.47686e+01   2.45250e+00   3.23500e+02
          1792   3.29524e+02   1.79200e+03   5.47786e+01   2.45228e+00   3.23667e+02
          1793   3.29690e+02   1.79300e+03   5.47888e+01   2.45210e+00   3.23833e+02
          1794   3.29850e+02   1.79400e+03   5.47973e+01   2.45198e+00   3.24000e+02
          1795   3.30023e+02   1.79500e+03   5.48057e+01   2.45189e+00   3.24167e+02
          1796   3.30184e+02   1.79600e+03   5.48188e+01   2.45208e+00   3.24333e+02
          1797   3.30352e+02   1.79700e+03   5.48311e+01   2.45188e+00   3.24500e+02
          1798   3.30519e+02   1.79800e+03   5.48423e+01   2.45148e+00   3.24667e+02
          1799   3.30681e+02   1.79900e+03   5.48533e+01   2.45096e+00   3.24833e+02
          1800   3.30847e+02   1.80000e+03   5.48651e+01   2.44981e+00   3.25000e+02
          1801   3.31023e+02   1.80100e+03   5.48742e+01   2.44886e+00   3.25167e+02
          1802   3.31188e+02   1.80200e+03   5.48836e+01   2.44797e+00   3.25333e+02
          1803   3.31345e+02   1.80300e+03   5.48931e+01   2.44712e+00   3.25500e+02
          1804   3.31520e+02   1.80400e+03   5.49012e+01   2.44623e+00   3.25667e+02
          1805   3.31687e+02   1.80500e+03   5.49090e+01   2.44563e+00   3.25833e+02
          1806   3.31853e+02   1.80600e+03   5.49165e+01   2.44522e+00   3.26000e+02
          1807   3.32016e+02   1.80700e+03   5.49240e+01   2.44489e+00   3.26167e+02
          1808   3.32183e+02   1.80800e+03   5.49265e+01   2.44509e+00   3.26333e+02
          1809   3.32342e+02   1.80900e+03   5.49316e+01   2.44495e+00   3.26500e+02
          1810   3.32510e+02   1.81000e+03   5.49348e+01   2.44467e+00   3.26667e+02
          1811   3.32682e+02   1.81100e+03   5.49367e+01   2.44432e+00   3.26833e+02
          1812   3.32841e+02   1.81200e+03   5.49361e+01   2.44363e+00   3.27000e+02
          1813   3.33005e+02   1.81300e+03   5.49370e+01   2.44284e+00   3.27167e+02
          1814   3.33167e+02   1.81400e+03   5.49383e+01   2.44196e+00   3.27333e+02
          1815   3.33339e+02   1.81500e+03   5.49397e+01   2.44105e+00   3.27500e+02
          1816   3.33503e+02   1.81600e+03   5.49385e+01   2.43975e+00   3.27667e+02
          1817   3.33670e+02   1.81700e+03   5.49401e+01   2.43886e+00   3.27833e+02
          1818   3.33835e+02   1.81800e+03   5.49437e+01   2.43818e+00   3.28000e+02
          1819   3.33989e+02   1.81900e+03   5.49478e+01   2.43761e+00   3.28167e+02
          1820   3.34157e+02   1.82000e+03   5.49462e+01   2.43753e+00   3.28333e+02
          1821   3.34323e+02   1.82100e+03   5.49468e+01   2.43732e+00   3.28500e+02
          1822   3.34492e+02   1.82200e+03   5.49484e+01   2.43708e+00   3.28667e+02
          1823   3.34657e+02   1.82300e+03   5.49504e+01   2.43681e+00   3.28833e+02
          1824   3.34822e+02   1.82400e+03   5.49586e+01   2.43657e+00   3.29000e+02
          1825   3.34989e+02   1.82500e+03   5.49626e+01   2.43600e+00   3.29167e+02
          1826   3.35152e+02   1.82600e+03   5.49650e+01   2.43525e+00   3.29333e+02
          1827   3.35323e+02   1.82700e+03   5.49672e+01   2.43441e+00   3.29500e+02
          1828   3.35488e+02   1.82800e+03   5.49704e+01   2.43301e+00   3.29667e+02
          1829   3.35645e+02   1.82900e+03   5.49749e+01   2.43191e+00   3.29833e+02
          1830   3.35813e+02   1.83000e+03   5.49807e+01   2.43095e+00   3.30000e+02
          1831   3.35980e+02   1.83100e+03   5.49878e+01   2.43007e+00   3.30167e+02
          1832   3.36146e+02   1.83200e+03   5.49925e+01   2.42945e+00   3.30333e+02
          1833   3.36312e+02   1.83300e+03   5.49968e+01   2.42896e+00   3.30500e+02
          1834   3.36474e+02   1.83400e+03   5.50040e+01   2.42859e+00   3.30667e+02
          1835   3.36639e+02   1.83500e+03   5.50137e+01   2.42827e+00   3.30833e+02
          1836   3.36805e+02   1.83600e+03   5.50261e+01   2.42833e+00   3.31000e+02
          1837   3.36974e+02   1.83700e+03   5.50361e+01   2.42801e+00   3.31167e+02
          1838   3.37141e+02   1.83800e+03   5.50454e+01   2.42746e+00   3.31333e+02
          1839   3.37308e+02   1.83900e+03   5.50554e+01   2.42682e+00   3.31500e+02
          1840   3.37477e+02   1.84000e+03   5.50669e+01   2.42567e+00   3.31667e+02
          1841   3.37633e+02   1.84100e+03   5.50765e+01   2.42460e+00   3.31833e+02
          1842   3.37799e+02   1.84200e+03   5.50863e+01   2.42356e+00   3.32000e+02
          1843   3.37976e+02   1.84300e+03   5.50972e+01   2.42254e+00   3.32167e+02
          1844   3.38143e+02   1.84400e+03   5.51112e+01   2.42136e+00   3.32333e+02
          1845   3.38305e+02   1.84500e+03   5.51224e+01   2.42048e+00   3.32500e+02
          1846   3.38472e+02   1.84600e+03   5.51332e+01   2.41980e+00   3.32667e+02
          1847   3.38638e+02   1.84700e+03   5.51432e+01   2.41923e+00   3.32833e+02
          1848   3.38801e+02   1.84800e+03   5.51488e+01   2.41915e+00   3.33000e+02
          1849   3.38964e+02   1.84900e+03   5.51558e+01   2.41883e+00   3.33167e+02
          1850   3.39134e+02   1.85000e+03   5.51635e+01   2.41838e+00   3.33333e+02
          1851   3.39303e+02   1.85100e+03   5.51724e+01   2.41785e+00   3.33500e+02
          1852   3.39471e+02   1.85200e+03   5.51827e+01   2.41714e+00   3.33667e+02
          1853   3.39632e+02   1.85300e+03   5.51908e+01   2.41625e+00   3.33833e+02
          1854   3.39799e+02   1.85400e+03   5.51991e+01   2.41522e+00   3.34000e+02
          1855   3.39968e+02   1.85500e+03   5.52093e+01   2.41414e+00   3.34167e+02
          1856   3.40130e+02   1.85600e+03   5.52166e+01   2.41265e+00   3.34333e+02
          1857   3.40293e+02   1.85700e+03   5.52267e+01   2.41149e+00   3.34500e+02
          1858   3.40454e+02   1.85800e+03   5.52377e+01   2.41051e+00   3.34667e+02
          1859   3.40626e+02   1.85900e+03   5.52490e+01   2.40966e+00   3.34833e+02
          1860   3.40795e+02   1.86000e+03   5.52638e+01   2.40925e+00   3.35000e+02
          1861   3.40959e+02   1.86100e+03   5.52767e+01   2.40878e+00   3.35167e+02
          1862   3.41118e+02   1.86200e+03   5.52895e+01   2.40832e+00   3.35333e+02
          1863   3.41292e+02   1.86300e+03   5.53016e+01   2.40785e+00   3.35500e+02
          1864   3.41460e+02   1.86400e+03   5.53183e+01   2.40754e+00   3.35667e+02
          1865   3.41628e+02   1.86500e+03   5.53313e+01   2.40689e+00   3.35833e+02
          1866   3.41796e+02   1.86600e+03   5.53429e+01   2.40601e+00   3.36000e+02
          1867   3.41961e+02   1.86700e+03   5.53534e+01   2.40502e+00   3.36167e+02
          1868   3.42128e+02   1.86800e+03   5.53615e+01   2.40349e+00   3.36333e+02
          1869   3.42291e+02   1.86900e+03   5.53712e+01   2.40219e+00   3.36500e+02
          1870   3.42460e+02   1.87000e+03   5.53812e+01   2.40095e+00   3.36667e+02
          1871   3.42624e+02   1.87100e+03   5.53895e+01   2.39977e+00   3.36833e+02
          1872   3.42788e+02   1.87200e+03   5.53939e+01   2.39874e+00   3.37000e+02
          1873   3.42956e+02   1.87300e+03   5.54027e+01   2.39789e+00   3.37167e+02
          1874   3.43124e+02   1.87400e+03   5.54138e+01   2.39718e+00   3.37333e+02
          1875   3.43288e+02   1.87500e+03   5.54246e+01   2.39655e+00   3.37500e+02
          1876   3.43449e+02   1.87600e+03   5.54307e+01   2.39636e+00   3.37667e+02
          1877   3.43615e+02   1.87700e+03   5.54396e+01   2.39584e+00   3.37833e+02
          1878   3.43785e+02   1.87800e+03   5.54482e+01   2.39512e+00   3.38000e+02
          1879   3.43950e+02   1.87900e+03   5.54568e+01   2.39428e+00   3.38167e+02
          1880   3.44110e+02   1.88000e+03   5.54647e+01   2.39306e+00   3.38333e+02
          1881   3.44277e+02   1.88100e+03   5.54738e+01   2.39183e+00   3.38500e+02
          1882   3.44449e+02   1.88200e+03   5.54842e+01   2.39053e+00   3.38667e+02
          1883   3.44621e+02   1.88300e+03   5.54950e+01   2.38921e+00   3.38833e+02
          1884   3.44778e+02   1.88400e+03   5.55076e+01   2.38765e+00   3.39000e+02
          1885   3.44945e+02   1.88500e+03   5.55189e+01   2.38643e+00   3.39167e+02
          1886   3.45111e+02   1.88600e+03   5.55311e+01   2.38541e+00   3.39333e+02
          1887   3.45275e+02   1.88700e+03   5.55452e+01   2.38450e+00   3.39500e+02
          1888   3.45440e+02   1.88800e+03   5.55566e+01   2.38411e+00   3.39667e+02
          1889   3.45607e+02   1.88900e+03   5.55695e+01   2.38351e+00   3.39833e+02
          1890   3.45775e+02   1.89000e+03   5.55832e+01   2.38281e+00   3.40000e+02
          1891   3.45946e+02   1.89100e+03   5.55981e+01   2.38204e+00   3.40167e+02
          1892   3.46112e+02   1.89200e+03   5.56235e+01   2.38115e+00   3.40333e+02
          1893   3.46275e+02   1.89300e+03   5.56493e+01   2.38006e+00   3.40500e+02
          1894   3.46443e+02   1.89400e+03   5.56761e+01   2.37879e+00   3.40667e+02
          1895   3.46611e+02   1.89500e+03   5.57032e+01   2.37745e+00   3.40833e+02
          1896   3.46779e+02   1.89600e+03   5.57330e+01   2.37563e+00   3.41000e+02
          1897   3.46940e+02   1.89700e+03   5.57616e+01   2.37418e+00   3.41167e+02
          1898   3.47113e+02   1.89800e+03   5.57913e+01   2.37288e+00   3.41333e+02
          1899   3.47278e+02   1.89900e+03   5.58202e+01   2.37167e+00   3.41500e+02
          1900   3.47454e+02   1.90000e+03   5.58575e+01   2.37085e+00   3.41667e+02
          1901   3.47626e+02   1.90100e+03   5.58852e+01   2.37001e+00   3.41833e+02
          1902   3.47804e+02   1.90200e+03   5.59110e+01   2.36918e+00   3.42000e+02
          1903   3.47969e+02   1.90300e+03   5.59360e+01   2.36834e+00   3.42167e+02
          1904   3.48130e+02   1.90400e+03   5.59571e+01   2.36763e+00   3.42333e+02
          1905   3.48296e+02   1.90500e+03   5.59802e+01   2.36661e+00   3.42500e+02
          1906   3.48473e+02   1.90600e+03   5.60015e+01   2.36540e+00   3.42667e+02
          1907   3.48638e+02   1.90700e+03   5.60211e+01   2.36407e+00   3.42833e+02
          1908   3.48801e+02   1.90800e+03   5.60331e+01   2.36218e+00   3.43000e+02
          1909   3.48962e+02   1.90900e+03   5.60508e+01   2.36054e+00   3.43167e+02
          1910   3.49128e+02   1.91000e+03   5.60675e+01   2.35898e+00   3.43333e+02
          1911   3.49295e+02   1.91100e+03   5.60826e+01   2.35749e+00   3.43500e+02
          1912   3.49459e+02   1.91200e+03   5.60925e+01   2.35616e+00   3.43667e+02
          1913   3.49627e+02   1.91300e+03   5.61039e+01   2.35504e+00   3.43833e+02
          1914   3.49799e+02   1.91400e+03   5.61147e+01   2.35408e+00   3.44000e+02
          1915   3.49957e+02   1.91500e+03   5.61261e+01   2.35319e+00   3.44167e+02
          1916   3.50131e+02   1.91600e+03   5.61290e+01   2.35283e+00   3.44333e+02
          1917   3.50303e+02   1.91700e+03   5.61335e+01   2.35212e+00   3.44500e+02
          1918   3.50461e+02   1.91800e+03   5.61392e+01   2.35125e+00   3.44667e+02
          1919   3.50624e+02   1.91900e+03   5.61451e+01   2.35027e+00   3.44833e+02
          1920   3.50788e+02   1.92000e+03   5.61437e+01   2.34893e+00   3.45000e+02
          1921   3.50957e+02   1.92100e+03   5.61469e+01   2.34759e+00   3.45167e+02
          1922   3.51116e+02   1.92200e+03   5.61506e+01   2.34618e+00   3.45333e+02
          1923   3.51288e+02   1.92300e+03   5.61554e+01   2.34473e+00   3.45500e+02
          1924   3.51446e+02   1.92400e+03   5.61562e+01   2.34304e+00   3.45667e+02
          1925   3.51607e+02   1.92500e+03   5.61599e+01   2.34168e+00   3.45833e+02
          1926   3.51779e+02   1.92600e+03   5.61671e+01   2.34050e+00   3.46000e+02
          1927   3.51943e+02   1.92700e+03   5.61761e+01   2.33942e+00   3.46167e+02
          1928   3.52109e+02   1.92800e+03   5.61844e+01   2.33880e+00   3.46333e+02
          1929   3.52275e+02   1.92900e+03   5.61894e+01   2.33802e+00   3.46500e+02
          1930   3.52438e+02   1.93000e+03   5.61934e+01   2.33719e+00   3.46667e+02
          1931   3.52606e+02   1.93100e+03   5.61982e+01   2.33633e+00   3.46833e+02
          1932   3.52776e+02   1.93200e+03   5.62029e+01   2.33539e+00   3.47000e+02
          1933   3.52938e+02   1.93300e+03   5.62041e+01   2.33422e+00   3.47167e+02
          1934   3.53103e+02   1.93400e+03   5.62048e+01   2.33289e+00   3.47333e+02
          1935   3.53278e+02   1.93500e+03   5.62055e+01   2.33146e+00   3.47500e+02
          1936   3.53439e+02   1.93600e+03   5.62015e+01   2.32951e+00   3.47667e+02
          1937   3.53600e+02   1.93700e+03   5.61982e+01   2.32789e+00   3.47833e+02
          1938   3.53760e+02   1.93800e+03   5.61947e+01   2.32641e+00   3.48000e+02
          1939   3.53930e+02   1.93900e+03   5.61904e+01   2.32500e+00   3.48167e+02
          1940   3.54100e+02   1.94000e+03   5.61801e+01   2.32387e+00   3.48333e+02
          1941   3.54249e+02   1.94100e+03   5.61770e+01   2.32283e+00   3.48500e+02
          1942   3.54419e+02   1.94200e+03   5.61750e+01   2.32187e+00   3.48667e+02
          1943   3.54584e+02   1.94300e+03   5.61734e+01   2.32094e+00   3.48833e+02
          1944   3.54750e+02   1.94400e+03   5.61722e+01   2.32030e+00   3.49000e+02
          1945   3.54907e+02   1.94500e+03   5.61738e+01   2.31933e+00   3.49167e+02
          1946   3.55077e+02   1.94600e+03   5.61747e+01   2.31815e+00   3.49333e+02
          1947   3.55239e+02   1.94700e+03   5.61757e+01   2.31685e+00   3.49500e+02
          1948   3.55404e+02   1.94800e+03   5.61844e+01   2.31495e+00   3.49667e+02
          1949   3.55574e+02   1.94900e+03   5.61883e+01   2.31316e+00   3.49833e+02
          1950   3.55737e+02   1.95000e+03   5.61911e+01   2.31139e+00   3.50000e+02
          1951   3.55907e+02   1.95100e+03   5.61950e+01   2.30962e+00   3.50167e+02
          1952   3.56070e+02   1.95200e+03   5.62064e+01   2.30766e+00   3.50333e+02
          1953   3.56240e+02   1.95300e+03   5.62151e+01   2.30611e+00   3.50500e+02
          1954   3.56409e+02   1.95400e+03   5.62226e+01   2.30478e+00   3.50667e+02
          1955   3.56568e+02   1.95500e+03   5.62282e+01   2.30358e+00   3.50833e+02
          1956   3.56736e+02   1.95600e+03   5.62332e+01   2.30298e+00   3.51000e+02
          1957   3.56902e+02   1.95700e+03   5.62402e+01   2.30207e+00   3.51167e+02
          1958   3.57064e+02   1.95800e+03   5.62473e+01   2.30106e+00   3.51333e+02
          1959   3.57230e+02   1.95900e+03   5.62536e+01   2.29998e+00   3.51500e+02
          1960   3.57397e+02   1.96000e+03   5.62621e+01   2.29866e+00   3.51667e+02
          1961   3.57567e+02   1.96100e+03   5.62708e+01   2.29716e+00   3.51833e+02
          1962   3.57739e+02   1.96200e+03   5.62800e+01   2.29551e+00   3.52000e+02
          1963   3.57896e+02   1.96300e+03   5.62903e+01   2.29377e+00   3.52167e+02
          1964   3.58054e+02   1.96400e+03   5.62980e+01   2.29147e+00   3.52333e+02
          1965   3.58225e+02   1.96500e+03   5.63068e+01   2.28957e+00   3.52500e+02
          1966   3.58393e+02   1.96600e+03   5.63152e+01   2.28785e+00   3.52667e+02
          1967   3.58561e+02   1.96700e+03   5.63217e+01   2.28621e+00   3.52833e+02
          1968   3.58721e+02   1.96800e+03   5.63328e+01   2.28494e+00   3.53000e+02
          1969   3.58893e+02   1.96900e+03   5.63396e+01   2.28369e+00   3.53167e+02
          1970   3.59056e+02   1.97000e+03   5.63443e+01   2.28250e+00   3.53333e+02
          1971   3.59232e+02   1.97100e+03   5.63486e+01   2.28134e+00   3.53500e+02
          1972   3.59398e+02   1.97200e+03   5.63575e+01   2.28038e+00   3.53667e+02
          1973   3.59559e+02   1.97300e+03   5.63649e+01   2.27906e+00   3.53833e+02
          1974   3.59727e+02   1.97400e+03   5.63705e+01   2.27749e+00   3.54000e+02
          1975   3.59886e+02   1.97500e+03   5.63766e+01   2.27576e+00   3.54167e+02
          1976   3.60049e+02   1.97600e+03   5.63733e+01   2.27329e+00   3.54333e+02
          1977   3.60217e+02   1.97700e+03   5.63759e+01   2.27106e+00   3.54500e+02
          1978   3.60380e+02   1.97800e+03   5.63796e+01   2.26898e+00   3.54667e+02
          1979   3.60540e+02   1.97900e+03   5.63827e+01   2.26700e+00   3.54833e+02
          1980   3.60711e+02   1.98000e+03   5.63889e+01   2.26494e+00   3.55000e+02
          1981   3.60885e+02   1.98100e+03   5.63950e+01   2.26320e+00   3.55167e+02
          1982   3.61042e+02   1.98200e+03   5.64007e+01   2.26163e+00   3.55333e+02
          1983   3.61210e+02   1.98300e+03   5.64036e+01   2.26013e+00   3.55500e+02
          1984   3.61372e+02   1.98400e+03   5.64071e+01   2.25925e+00   3.55667e+02
          1985   3.61540e+02   1.98500e+03   5.64117e+01   2.25798e+00   3.55833e+02
          1986   3.61701e+02   1.98600e+03   5.64145e+01   2.25655e+00   3.56000e+02
          1987   3.61869e+02   1.98700e+03   5.64162e+01   2.25504e+00   3.56167e+02
          1988   3.62032e+02   1.98800e+03   5.64210e+01   2.25309e+00   3.56333e+02
          1989   3.62199e+02   1.98900e+03   5.64251e+01   2.25109e+00   3.56500e+02
          1990   3.62374e+02   1.99000e+03   5.64293e+01   2.24900e+00   3.56667e+02
          1991   3.62528e+02   1.99100e+03   5.64335e+01   2.24686e+00   3.56833e+02
          1992   3.62691e+02   1.99200e+03   5.64371e+01   2.24426e+00   3.57000e+02
          1993   3.62865e+02   1.99300e+03   5.64429e+01   2.24203e+00   3.57167e+02
          1994   3.63029e+02   1.99400e+03   5.64478e+01   2.23998e+00   3.57333e+02
          1995   3.63189e+02   1.99500e+03   5.64518e+01   2.23803e+00   3.57500e+02
          1996   3.63357e+02   1.99600e+03   5.64588e+01   2.23648e+00   3.57667e+02
          1997   3.63526e+02   1.99700e+03   5.64649e+01   2.23486e+00   3.57833e+02
          1998   3.63689e+02   1.99800e+03   5.64701e+01   2.23325e+00   3.58000e+02
          1999   3.63855e+02   1.99900e+03   5.64751e+01   2.23164e+00   3.58167e+02
          2000   3.64024e+02   2.00000e+03   5.64831e+01   2.23014e+00   3.58333e+02
          2001   3.64191e+02   2.00100e+03   5.64894e+01   2.22833e+00   3.58500e+02
          2002   3.64356e+02   2.00200e+03   5.64955e+01   2.22634e+00   3.58667e+02
          2003   3.64513e+02   2.00300e+03   5.65017e+01   2.22424e+00   3.58833e+02
          2004   3.64684e+02   2.00400e+03   5.65069e+01   2.22151e+00   3.59000e+02
          2005   3.64851e+02   2.00500e+03   5.65139e+01   2.21897e+00   3.59167e+02
          2006   3.65021e+02   2.00600e+03   5.65225e+01   2.21642e+00   3.59333e+02
          2007   3.65178e+02   2.00700e+03   5.65316e+01   2.21385e+00   3.59500e+02
          2008   3.65349e+02   2.00800e+03   5.65390e+01   2.21128e+00   3.59667e+02
          2009   3.65513e+02   2.00900e+03   5.65482e+01   2.20907e+00   3.59833e+02
          2010   3.65679e+02   2.01000e+03   5.65576e+01   2.20710e+00   3.60000e+02
          2011   3.65847e+02   2.01100e+03   5.65661e+01   2.20526e+00   3.60167e+02
          2012   3.66012e+02   2.01200e+03   5.65772e+01   2.20406e+00   3.60333e+02
          2013   3.66177e+02   2.01300e+03   5.65865e+01   2.20250e+00   3.60500e+02
          2014   3.66346e+02   2.01400e+03   5.65955e+01   2.20081e+00   3.60667e+02
          2015   3.66516e+02   2.01500e+03   5.66045e+01   2.19904e+00   3.60833e+02
          2016   3.66674e+02   2.01600e+03   5.66133e+01   2.19697e+00   3.61000e+02
          2017   3.66841e+02   2.01700e+03   5.66189e+01   2.19474e+00   3.61167e+02
          2018   3.67013e+02   2.01800e+03   5.66232e+01   2.19237e+00   3.61333e+02
          2019   3.67177e+02   2.01900e+03   5.66283e+01   2.18994e+00   3.61500e+02
          2020   3.67337e+02   2.02000e+03   5.66330e+01   2.18704e+00   3.61667e+02
          2021   3.67508e+02   2.02100e+03   5.66404e+01   2.18459e+00   3.61833e+02
          2022   3.67672e+02   2.02200e+03   5.66498e+01   2.18235e+00   3.62000e+02
          2023   3.67836e+02   2.02300e+03   5.66607e+01   2.18020e+00   3.62167e+02
          2024   3.68006e+02   2.02400e+03   5.66657e+01   2.17853e+00   3.62333e+02
          2025   3.68169e+02   2.02500e+03   5.66706e+01   2.17670e+00   3.62500e+02
          2026   3.68327e+02   2.02600e+03   5.66741e+01   2.17486e+00   3.62667e+02
          2027   3.68496e+02   2.02700e+03   5.66765e+01   2.17300e+00   3.62833e+02
          2028   3.68664e+02   2.02800e+03   5.66838e+01   2.17111e+00   3.63000e+02
          2029   3.68831e+02   2.02900e+03   5.66886e+01   2.16895e+00   3.63167e+02
          2030   3.69000e+02   2.03000e+03   5.66924e+01   2.16660e+00   3.63333e+02
          2031   3.69168e+02   2.03100e+03   5.66970e+01   2.16413e+00   3.63500e+02
          2032   3.69337e+02   2.03200e+03   5.67014e+01   2.16102e+00   3.63667e+02
          2033   3.69492e+02   2.03300e+03   5.67058e+01   2.15821e+00   3.63833e+02
          2034   3.69662e+02   2.03400e+03   5.67094e+01   2.15553e+00   3.64000e+02
          2035   3.69816e+02   2.03500e+03   5.67129e+01   2.15292e+00   3.64167e+02
          2036   3.69988e+02   2.03600e+03   5.67120e+01   2.15045e+00   3.64333e+02
          2037   3.70153e+02   2.03700e+03   5.67135e+01   2.14818e+00   3.64500e+02
          2038   3.70317e+02   2.03800e+03   5.67167e+01   2.14605e+00   3.64667e+02
          2039   3.70481e+02   2.03900e+03   5.67223e+01   2.14398e+00   3.64833e+02
          2040   3.70657e+02   2.04000e+03   5.67352e+01   2.14233e+00   3.65000e+02
          2041   3.70819e+02   2.04100e+03   5.67446e+01   2.14025e+00   3.65167e+02
          2042   3.70980e+02   2.04200e+03   5.67544e+01   2.13798e+00   3.65333e+02
          2043   3.71144e+02   2.04300e+03   5.67644e+01   2.13558e+00   3.65500e+02
          2044   3.71316e+02   2.04400e+03   5.67728e+01   2.13263e+00   3.65667e+02
          2045   3.71477e+02   2.04500e+03   5.67812e+01   2.12977e+00   3.65833e+02
          2046   3.71640e+02   2.04600e+03   5.67893e+01   2.12691e+00   3.66000e+02
          2047   3.71811e+02   2.04700e+03   5.67986e+01   2.12405e+00   3.66167e+02
          2048   3.71986e+02   2.04800e+03   5.68156e+01   2.12100e+00   3.66333e+02
          2049   3.72148e+02   2.04900e+03   5.68266e+01   2.11834e+00   3.66500e+02
          2050   3.72313e+02   2.05000e+03   5.68340e+01   2.11589e+00   3.66667e+02
          2051   3.72484e+02   2.05100e+03   5.68407e+01   2.11354e+00   3.66833e+02
          2052   3.72649e+02   2.05200e+03   5.68440e+01   2.11171e+00   3.67000e+02
          2053   3.72816e+02   2.05300e+03   5.68516e+01   2.10959e+00   3.67167e+02
          2054   3.72979e+02   2.05400e+03   5.68610e+01   2.10735e+00   3.67333e+02
          2055   3.73148e+02   2.05500e+03   5.68698e+01   2.10503e+00   3.67500e+02
          2056   3.73309e+02   2.05600e+03   5.68757e+01   2.10240e+00   3.67667e+02
          2057   3.73475e+02   2.05700e+03   5.68847e+01   2.09961e+00   3.67833e+02
          2058   3.73640e+02   2.05800e+03   5.68958e+01   2.09669e+00   3.68000e+02
          2059   3.73799e+02   2.05900e+03   5.69065e+01   2.09367e+00   3.68167e+02
          2060   3.73973e+02   2.06000e+03   5.69154e+01   2.09010e+00   3.68333e+02
          2061   3.74134e+02   2.06100e+03   5.69233e+01   2.08697e+00   3.68500e+02
          2062   3.74310e+02   2.06200e+03   5.69327e+01   2.08406e+00   3.68667e+02
          2063   3.74473e+02   2.06300e+03   5.69434e+01   2.08127e+00   3.68833e+02
          2064   3.74636e+02   2.06400e+03   5.69553e+01   2.07891e+00   3.69000e+02
          2065   3.74800e+02   2.06500e+03   5.69634e+01   2.07652e+00   3.69167e+02
          2066   3.74975e+02   2.06600e+03   5.69697e+01   2.07414e+00   3.69333e+02
          2067   3.75142e+02   2.06700e+03   5.69755e+01   2.07176e+00   3.69500e+02
          2068   3.75302e+02   2.06800e+03   5.69821e+01   2.06949e+00   3.69667e+02
          2069   3.75465e+02   2.06900e+03   5.69915e+01   2.06681e+00   3.69833e+02
          2070   3.75631e+02   2.07000e+03   5.69998e+01   2.06390e+00   3.70000e+02
          2071   3.75803e+02   2.07100e+03   5.70078e+01   2.06087e+00   3.70167e+02
          2072   3.75968e+02   2.07200e+03   5.70141e+01   2.05709e+00   3.70333e+02
          2073   3.76131e+02   2.07300e+03   5.70200e+01   2.05363e+00   3.70500e+02
          2074   3.76297e+02   2.07400e+03   5.70253e+01   2.05030e+00   3.70667e+02
          2075   3.76457e+02   2.07500e+03   5.70296e+01   2.04705e+00   3.70833e+02
          2076   3.76622e+02   2.07600e+03   5.70355e+01   2.04393e+00   3.71000e+02
          2077   3.76800e+02   2.07700e+03   5.70413e+01   2.04104e+00   3.71167e+02
          2078   3.76962e+02   2.07800e+03   5.70461e+01   2.03830e+00   3.71333e+02
          2079   3.77121e+02   2.07900e+03   5.70508e+01   2.03563e+00   3.71500e+02
          2080   3.77293e+02   2.08000e+03   5.70529e+01   2.03346e+00   3.71667e+02
          2081   3.77454e+02   2.08100e+03   5.70556e+01   2.03087e+00   3.71833e+02
          2082   3.77620e+02   2.08200e+03   5.70575e+01   2.02811e+00   3.72000e+02
          2083   3.77782e+02   2.08300e+03   5.70575e+01   2.02525e+00   3.72167e+02
          2084   3.77950e+02   2.08400e+03   5.70538e+01   2.02188e+00   3.72333e+02
          2085   3.78120e+02   2.08500e+03   5.70537e+01   2.01854e+00   3.72500e+02
          2086   3.78279e+02   2.08600e+03   5.70532e+01   2.01518e+00   3.72667e+02
          2087   3.78448e+02   2.08700e+03   5.70517e+01   2.01181e+00   3.72833e+02
          2088   3.78610e+02   2.08800e+03   5.70513e+01   2.00814e+00   3.73000e+02
          2089   3.78776e+02   2.08900e+03   5.70529e+01   2.00483e+00   3.73167e+02
          2090   3.78943e+02   2.09000e+03   5.70538e+01   2.00169e+00   3.73333e+02
          2091   3.79104e+02   2.09100e+03   5.70538e+01   1.99862e+00   3.73500e+02
          2092   3.79261e+02   2.09200e+03   5.70546e+01   1.99601e+00   3.73667e+02
          2093   3.79432e+02   2.09300e+03   5.70575e+01   1.99321e+00   3.73833e+02
          2094   3.79600e+02   2.09400e+03   5.70593e+01   1.99036e+00   3.74000e+02
          2095   3.79758e+02   2.09500e+03   5.70611e+01   1.98748e+00   3.74167e+02
          2096   3.79927e+02   2.09600e+03   5.70721e+01   1.98449e+00   3.74333e+02
          2097   3.80097e+02   2.09700e+03   5.70788e+01   1.98130e+00   3.74500e+02
          2098   3.80262e+02   2.09800e+03   5.70844e+01   1.97797e+00   3.74667e+02
          2099   3.80422e+02   2.09900e+03   5.70889e+01   1.97457e+00   3.74833e+02
          2100   3.80593e+02   2.10000e+03   5.70934e+01   1.97070e+00   3.75000e+02
          2101   3.80764e+02   2.10100e+03   5.70959e+01   1.96711e+00   3.75167e+02
          2102   3.80926e+02   2.10200e+03   5.70968e+01   1.96363e+00   3.75333e+02
          2103   3.81082e+02   2.10300e+03   5.70983e+01   1.96022e+00   3.75500e+02
          2104   3.81254e+02   2.10400e+03   5.71015e+01   1.95680e+00   3.75667e+02
          2105   3.81424e+02   2.10500e+03   5.71044e+01   1.95325e+00   3.75833e+02
          2106   3.81588e+02   2.10600e+03   5.71073e+01   1.94970e+00   3.76000e+02
          2107   3.81755e+02   2.10700e+03   5.71103e+01   1.94623e+00   3.76167e+02
          2108   3.81917e+02   2.10800e+03   5.71072e+01   1.94291e+00   3.76333e+02
          2109   3.82083e+02   2.10900e+03   5.71077e+01   1.93958e+00   3.76500e+02
          2110   3.82239e+02   2.11000e+03   5.71082e+01   1.93622e+00   3.76667e+02
          2111   3.82406e+02   2.11100e+03   5.71072e+01   1.93284e+00   3.76833e+02
          2112   3.82581e+02   2.11200e+03   5.71086e+01   1.92953e+00   3.77000e+02
          2113   3.82739e+02   2.11300e+03   5.71073e+01   1.92608e+00   3.77167e+02
          2114   3.82907e+02   2.11400e+03   5.71072e+01   1.92261e+00   3.77333e+02
          2115   3.83072e+02   2.11500e+03   5.71084e+01   1.91914e+00   3.77500e+02
          2116   3.83238e+02   2.11600e+03   5.71064e+01   1.91554e+00   3.77667e+02
          2117   3.83400e+02   2.11700e+03   5.71056e+01   1.91213e+00   3.77833e+02
          2118   3.83567e+02   2.11800e+03   5.71066e+01   1.90878e+00   3.78000e+02
          2119   3.83727e+02   2.11900e+03   5.71082e+01   1.90545e+00   3.78167e+02
          2120   3.83890e+02   2.12000e+03   5.71061e+01   1.90230e+00   3.78333e+02
          2121   3.84061e+02   2.12100e+03   5.71064e+01   1.89900e+00   3.78500e+02
          2122   3.84218e+02   2.12200e+03   5.71083e+01   1.89561e+00   3.78667e+02
          2123   3.84394e+02   2.12300e+03   5.71117e+01   1.89215e+00   3.78833e+02
          2124   3.84558e+02   2.12400e+03   5.71227e+01   1.88839e+00   3.79000e+02
          2125   3.84718e+02   2.12500e+03   5.71274e+01   1.88461e+00   3.79167e+02
          2126   3.84889e+02   2.12600e+03   5.71306e+01   1.88077e+00   3.79333e+02
          2127   3.85051e+02   2.12700e+03   5.71345e+01   1.87689e+00   3.79500e+02
          2128   3.85219e+02   2.12800e+03   5.71433e+01   1.87275e+00   3.79667e+02
          2129   3.85382e+02   2.12900e+03   5.71512e+01   1.86886e+00   3.79833e+02
          2130   3.85547e+02   2.13000e+03   5.71599e+01   1.86509e+00   3.80000e+02
          2131   3.85713e+02   2.13100e+03   5.71699e+01   1.86139e+00   3.80167e+02
          2132   3.85886e+02   2.13200e+03   5.71848e+01   1.85799e+00   3.80333e+02
          2133   3.86052e+02   2.13300e+03   5.71962e+01   1.85450e+00   3.80500e+02
          2134   3.86208e+02   2.13400e+03   5.72072e+01   1.85099e+00   3.80667e+02
          2135   3.86375e+02   2.13500e+03   5.72173e+01   1.84746e+00   3.80833e+02
          2136   3.86551e+02   2.13600e+03   5.72305e+01   1.84391e+00   3.81000e+02
          2137   3.86715e+02   2.13700e+03   5.72417e+01   1.84016e+00   3.81167e+02
          2138   3.86885e+02   2.13800e+03   5.72525e+01   1.83629e+00   3.81333e+02
          2139   3.87047e+02   2.13900e+03   5.72632e+01   1.83234e+00   3.81500e+02
          2140   3.87221e+02   2.14000e+03   5.72777e+01   1.82796e+00   3.81667e+02
          2141   3.87381e+02   2.14100e+03   5.72888e+01   1.82380e+00   3.81833e+02
          2142   3.87550e+02   2.14200e+03   5.72980e+01   1.81973e+00   3.82000e+02
          2143   3.87714e+02   2.14300e+03   5.73067e+01   1.81570e+00   3.82167e+02
          2144   3.87876e+02   2.14400e+03   5.73095e+01   1.81178e+00   3.82333e+02
          2145   3.88046e+02   2.14500e+03   5.73150e+01   1.80795e+00   3.82500e+02
          2146   3.88207e+02   2.14600e+03   5.73215e+01   1.80420e+00   3.82667e+02
          2147   3.88376e+02   2.14700e+03   5.73293e+01   1.80047e+00   3.82833e+02
          2148   3.88542e+02   2.14800e+03   5.73361e+01   1.79698e+00   3.83000e+02
          2149   3.88715e+02   2.14900e+03   5.73434e+01   1.79326e+00   3.83167e+02
          2150   3.88869e+02   2.15000e+03   5.73503e+01   1.78942e+00   3.83333e+02
          2151   3.89041e+02   2.15100e+03   5.73579e+01   1.78549e+00   3.83500e+02
          2152   3.89200e+02   2.15200e+03   5.73619e+01   1.78114e+00   3.83667e+02
          2153   3.89367e+02   2.15300e+03   5.73676e+01   1.77677e+00   3.83833e+02
          2154   3.89532e+02   2.15400e+03   5.73736e+01   1.77236e+00   3.84000e+02
          2155   3.89699e+02   2.15500e+03   5.73788e+01   1.76793e+00   3.84167e+02
          2156   3.89873e+02   2.15600e+03   5.73907e+01   1.76338e+00   3.84333e+02
          2157   3.90037e+02   2.15700e+03   5.73996e+01   1.75922e+00   3.84500e+02
          2158   3.90201e+02   2.15800e+03   5.74065e+01   1.75521e+00   3.84667e+02
          2159   3.90364e+02   2.15900e+03   5.74138e+01   1.75123e+00   3.84833e+02
          2160   3.90535e+02   2.16000e+03   5.74206e+01   1.74776e+00   3.85000e+02
          2161   3.90702e+02   2.16100e+03   5.74273e+01   1.74399e+00   3.85167e+02
          2162   3.90861e+02   2.16200e+03   5.74353e+01   1.74011e+00   3.85333e+02
          2163   3.91024e+02   2.16300e+03   5.74436e+01   1.73618e+00   3.85500e+02
          2164   3.91194e+02   2.16400e+03   5.74529e+01   1.73199e+00   3.85667e+02
          2165   3.91363e+02   2.16500e+03   5.74621e+01   1.72779e+00   3.85833e+02
          2166   3.91527e+02   2.16600e+03   5.74701e+01   1.72357e+00   3.86000e+02
          2167   3.91691e+02   2.16700e+03   5.74761e+01   1.71935e+00   3.86167e+02
          2168   3.91857e+02   2.16800e+03   5.74844e+01   1.71480e+00   3.86333e+02
          2169   3.92028e+02   2.16900e+03   5.74936e+01   1.71041e+00   3.86500e+02
          2170   3.92185e+02   2.17000e+03   5.75027e+01   1.70613e+00   3.86667e+02
          2171   3.92359e+02   2.17100e+03   5.75110e+01   1.70189e+00   3.86833e+02
          2172   3.92521e+02   2.17200e+03   5.75191e+01   1.69777e+00   3.87000e+02
          2173   3.92697e+02   2.17300e+03   5.75256e+01   1.69367e+00   3.87167e+02
          2174   3.92855e+02   2.17400e+03   5.75313e+01   1.68968e+00   3.87333e+02
          2175   3.93021e+02   2.17500e+03   5.75358e+01   1.68578e+00   3.87500e+02
          2176   3.93179e+02   2.17600e+03   5.75356e+01   1.68196e+00   3.87667e+02
          2177   3.93352e+02   2.17700e+03   5.75389e+01   1.67792e+00   3.87833e+02
          2178   3.93524e+02   2.17800e+03   5.75431e+01   1.67374e+00   3.88000e+02
          2179   3.93685e+02   2.17900e+03   5.75476e+01   1.66947e+00   3.88167e+02
          2180   3.93848e+02   2.18000e+03   5.75521e+01   1.66484e+00   3.88333e+02
          2181   3.94014e+02   2.18100e+03   5.75553e+01   1.66032e+00   3.88500e+02
          2182   3.94179e+02   2.18200e+03   5.75583e+01   1.65580e+00   3.88667e+02
          2183   3.94343e+02   2.18300e+03   5.75613e+01   1.65128e+00   3.88833e+02
          2184   3.94505e+02   2.18400e+03   5.75618e+01   1.64665e+00   3.89000e+02
          2185   3.94677e+02   2.18500e+03   5.75638e+01   1.64219e+00   3.89167e+02
          2186   3.94837e+02   2.18600e+03   5.75675e+01   1.63778e+00   3.89333e+02
          2187   3.95008e+02   2.18700e+03   5.75719e+01   1.63338e+00   3.89500e+02
          2188   3.95174e+02   2.18800e+03   5.75794e+01   1.62912e+00   3.89667e+02
          2189   3.95338e+02   2.18900e+03   5.75858e+01   1.62469e+00   3.89833e+02
          2190   3.95502e+02   2.19000e+03   5.75901e+01   1.62016e+00   3.90000e+02
          2191   3.95667e+02   2.19100e+03   5.75942e+01   1.61554e+00   3.90167e+02
          2192   3.95833e+02   2.19200e+03   5.75976e+01   1.61057e+00   3.90333e+02
          2193   3.95995e+02   2.19300e+03   5.76032e+01   1.60563e+00   3.90500e+02
          2194   3.96161e+02   2.19400e+03   5.76082e+01   1.60066e+00   3.90667e+02
          2195   3.96332e+02   2.19500e+03   5.76122e+01   1.59569e+00   3.90833e+02
          2196   3.96499e+02   2.19600e+03   5.76192e+01   1.59055e+00   3.91000e+02
          2197   3.96668e+02   2.19700e+03   5.76262e+01   1.58567e+00   3.91167e+02
          2198   3.96827e+02   2.19800e+03   5.76346e+01   1.58093e+00   3.91333e+02
          2199   3.96988e+02   2.19900e+03   5.76433e+01   1.57628e+00   3.91500e+02
          2200   3.97155e+02   2.20000e+03   5.76486e+01   1.57200e+00   3.91667e+02
          2201   3.97324e+02   2.20100e+03   5.76556e+01   1.56756e+00   3.91833e+02
          2202   3.97494e+02   2.20200e+03   5.76639e+01   1.56306e+00   3.92000e+02
          2203   3.97650e+02   2.20300e+03   5.76734e+01   1.55853e+00   3.92167e+02
          2204   3.97818e+02   2.20400e+03   5.76885e+01   1.55394e+00   3.92333e+02
          2205   3.97986e+02   2.20500e+03   5.77020e+01   1.54923e+00   3.92500e+02
          2206   3.98157e+02   2.20600e+03   5.77149e+01   1.54441e+00   3.92667e+02
          2207   3.98324e+02   2.20700e+03   5.77266e+01   1.53954e+00   3.92833e+02
          2208   3.98488e+02   2.20800e+03   5.77450e+01   1.53437e+00   3.93000e+02
          2209   3.98653e+02   2.20900e+03   5.77593e+01   1.52941e+00   3.93167e+02
          2210   3.98821e+02   2.21000e+03   5.77723e+01   1.52453e+00   3.93333e+02
          2211   3.98990e+02   2.21100e+03   5.77861e+01   1.51971e+00   3.93500e+02
          2212   3.99157e+02   2.21200e+03   5.78021e+01   1.51508e+00   3.93667e+02
          2213   3.99326e+02   2.21300e+03   5.78168e+01   1.51042e+00   3.93833e+02
          2214   3.99491e+02   2.21400e+03   5.78346e+01   1.50572e+00   3.94000e+02
          2215   3.99655e+02   2.21500e+03   5.78541e+01   1.50098e+00   3.94167e+02
          2216   3.99820e+02   2.21600e+03   5.78695e+01   1.49627e+00   3.94333e+02
          2217   3.99994e+02   2.21700e+03   5.78863e+01   1.49144e+00   3.94500e+02
          2218   4.00152e+02   2.21800e+03   5.79020e+01   1.48655e+00   3.94667e+02
          2219   4.00322e+02   2.21900e+03   5.79175e+01   1.48162e+00   3.94833e+02
          2220   4.00489e+02   2.22000e+03   5.79359e+01   1.47636e+00   3.95000e+02
          2221   4.00649e+02   2.22100e+03   5.79529e+01   1.47123e+00   3.95167e+02
          2222   4.00826e+02   2.22200e+03   5.79681e+01   1.46615e+00   3.95333e+02
          2223   4.00998e+02   2.22300e+03   5.79829e+01   1.46113e+00   3.95500e+02
          2224   4.01165e+02   2.22400e+03   5.79987e+01   1.45627e+00   3.95667e+02
          2225   4.01328e+02   2.22500e+03   5.80123e+01   1.45154e+00   3.95833e+02
          2226   4.01491e+02   2.22600e+03   5.80242e+01   1.44691e+00   3.96000e+02
          2227   4.01656e+02   2.22700e+03   5.80355e+01   1.44234e+00   3.96167e+02
          2228   4.01822e+02   2.22800e+03   5.80396e+01   1.43812e+00   3.96333e+02
          2229   4.01989e+02   2.22900e+03   5.80500e+01   1.43364e+00   3.96500e+02
          2230   4.02157e+02   2.23000e+03   5.80617e+01   1.42902e+00   3.96667e+02
          2231   4.02321e+02   2.23100e+03   5.80736e+01   1.42430e+00   3.96833e+02
          2232   4.02484e+02   2.23200e+03   5.80799e+01   1.41924e+00   3.97000e+02
          2233   4.02653e+02   2.23300e+03   5.80890e+01   1.41420e+00   3.97167e+02
          2234   4.02817e+02   2.23400e+03   5.80991e+01   1.40913e+00   3.97333e+02
          2235   4.02986e+02   2.23500e+03   5.81084e+01   1.40403e+00   3.97500e+02
          2236   4.03145e+02   2.23600e+03   5.81185e+01   1.39871e+00   3.97667e+02
          2237   4.03317e+02   2.23700e+03   5.81284e+01   1.39372e+00   3.97833e+02
          2238   4.03488e+02   2.23800e+03   5.81367e+01   1.38892e+00   3.98000e+02
          2239   4.03650e+02   2.23900e+03   5.81456e+01   1.38421e+00   3.98167e+02
          2240   4.03814e+02   2.24000e+03   5.81537e+01   1.37981e+00   3.98333e+02
          2241   4.03982e+02   2.24100e+03   5.81595e+01   1.37531e+00   3.98500e+02
          2242   4.04145e+02   2.24200e+03   5.81659e+01   1.37091e+00   3.98667e+02
          2243   4.04315e+02   2.24300e+03   5.81743e+01   1.36655e+00   3.98833e+02
          2244   4.04476e+02   2.24400e+03   5.81818e+01   1.36214e+00   3.99000e+02
          2245   4.04650e+02   2.24500e+03   5.81910e+01   1.35758e+00   3.99167e+02
          2246   4.04809e+02   2.24600e+03   5.81999e+01   1.35288e+00   3.99333e+02
          2247   4.04972e+02   2.24700e+03   5.82080e+01   1.34810e+00   3.99500e+02
          2248   4.05144e+02   2.24800e+03   5.82178e+01   1.34305e+00   3.99667e+02
          2249   4.05302e+02   2.24900e+03   5.82288e+01   1.33816e+00   3.99833e+02
          2250   4.05464e+02   2.25000e+03   5.82397e+01   1.33335e+00   4.00000e+02
          2251   4.05640e+02   2.25100e+03   5.82517e+01   1.32860e+00   4.00167e+02
          2252   4.05808e+02   2.25200e+03   5.82717e+01   1.32399e+00   4.00333e+02
          2253   4.05972e+02   2.25300e+03   5.82874e+01   1.31942e+00   4.00500e+02
          2254   4.06142e+02   2.25400e+03   5.83022e+01   1.31481e+00   4.00667e+02
          2255   4.06303e+02   2.25500e+03   5.83187e+01   1.31016e+00   4.00833e+02
          2256   4.06468e+02   2.25600e+03   5.83383e+01   1.30559e+00   4.01000e+02
          2257   4.06642e+02   2.25700e+03   5.83575e+01   1.30083e+00   4.01167e+02
          2258   4.06807e+02   2.25800e+03   5.83755e+01   1.29596e+00   4.01333e+02
          2259   4.06972e+02   2.25900e+03   5.83934e+01   1.29104e+00   4.01500e+02
          2260   4.07143e+02   2.26000e+03   5.84201e+01   1.28575e+00   4.01667e+02
          2261   4.07310e+02   2.26100e+03   5.84442e+01   1.28067e+00   4.01833e+02
          2262   4.07475e+02   2.26200e+03   5.84667e+01   1.27563e+00   4.02000e+02
          2263   4.07644e+02   2.26300e+03   5.84898e+01   1.27063e+00   4.02167e+02
          2264   4.07814e+02   2.26400e+03   5.85169e+01   1.26575e+00   4.02333e+02
          2265   4.07982e+02   2.26500e+03   5.85417e+01   1.26095e+00   4.02500e+02
          2266   4.08148e+02   2.26600e+03   5.85646e+01   1.25626e+00   4.02667e+02
          2267   4.08312e+02   2.26700e+03   5.85868e+01   1.25165e+00   4.02833e+02
          2268   4.08479e+02   2.26800e+03   5.86107e+01   1.24736e+00   4.03000e+02
          2269   4.08653e+02   2.26900e+03   5.86324e+01   1.24294e+00   4.03167e+02
          2270   4.08820e+02   2.27000e+03   5.86534e+01   1.23847e+00   4.03333e+02
          2271   4.08984e+02   2.27100e+03   5.86750e+01   1.23395e+00   4.03500e+02
          2272   4.09152e+02   2.27200e+03   5.86940e+01   1.22937e+00   4.03667e+02
          2273   4.09323e+02   2.27300e+03   5.87129e+01   1.22467e+00   4.03833e+02
          2274   4.09488e+02   2.27400e+03   5.87322e+01   1.21988e+00   4.04000e+02
          2275   4.09652e+02   2.27500e+03   5.87513e+01   1.21506e+00   4.04167e+02
          2276   4.09819e+02   2.27600e+03   5.87663e+01   1.21001e+00   4.04333e+02
          2277   4.09989e+02   2.27700e+03   5.87848e+01   1.20517e+00   4.04500e+02
          2278   4.10147e+02   2.27800e+03   5.88037e+01   1.20043e+00   4.04667e+02
          2279   4.10318e+02   2.27900e+03   5.88225e+01   1.19573e+00   4.04833e+02
          2280   4.10485e+02   2.28000e+03   5.88368e+01   1.19128e+00   4.05000e+02
          2281   4.10650e+02   2.28100e+03   5.88514e+01   1.18677e+00   4.05167e+02
          2282   4.10820e+02   2.28200e+03   5.88678e+01   1.18222e+00   4.05333e+02
          2283   4.10982e+02   2.28300e+03   5.88845e+01   1.17765e+00   4.05500e+02
          2284   4.11154e+02   2.28400e+03   5.88994e+01   1.17307e+00   4.05667e+02
          2285   4.11321e+02   2.28500e+03   5.89139e+01   1.16834e+00   4.05833e+02
          2286   4.11485e+02   2.28600e+03   5.89292e+01   1.16348e+00   4.06000e+02
          2287   4.11656e+02   2.28700e+03   5.89445e+01   1.15855e+00   4.06167e+02
          2288   4.11818e+02   2.28800e+03   5.89571e+01   1.15329e+00   4.06333e+02
          2289   4.11979e+02   2.28900e+03   5.89732e+01   1.14820e+00   4.06500e+02
          2290   4.12146e+02   2.29000e+03   5.89911e+01   1.14317e+00   4.06667e+02
          2291   4.12320e+02   2.29100e+03   5.90093e+01   1.13819e+00   4.06833e+02
          2292   4.12481e+02   2.29200e+03   5.90287e+01   1.13335e+00   4.07000e+02
          2293   4.12648e+02   2.29300e+03   5.90469e+01   1.12859e+00   4.07167e+02
          2294   4.12812e+02   2.29400e+03   5.90646e+01   1.12391e+00   4.07333e+02
          2295   4.12985e+02   2.29500e+03   5.90822e+01   1.11924e+00   4.07500e+02
          2296   4.13153e+02   2.29600e+03   5.91059e+01   1.11483e+00   4.07667e+02
          2297   4.13318e+02   2.29700e+03   5.91278e+01   1.11019e+00   4.07833e+02
          2298   4.13486e+02   2.29800e+03   5.91518e+01   1.10543e+00   4.08000e+02
          2299   4.13658e+02   2.29900e+03   5.91753e+01   1.10059e+00   4.08167e+02
          2300   4.13822e+02   2.30000e+03   5.91991e+01   1.09549e+00   4.08333e+02
          2301   4.13991e+02   2.30100e+03   5.92217e+01   1.09042e+00   4.08500e+02
          2302   4.14153e+02   2.30200e+03   5.92438e+01   1.08536e+00   4.08667e+02
          2303   4.14321e+02   2.30300e+03   5.92655e+01   1.08031e+00   4.08833e+02
          2304   4.14490e+02   2.30400e+03   5.92906e+01   1.07524e+00   4.09000e+02
          2305   4.14655e+02   2.30500e+03   5.93124e+01   1.07036e+00   4.09167e+02
          2306   4.14828e+02   2.30600e+03   5.93329e+01   1.06560e+00   4.09333e+02
          2307   4.14999e+02   2.30700e+03   5.93529e+01   1.06088e+00   4.09500e+02
          2308   4.15161e+02   2.30800e+03   5.93700e+01   1.05651e+00   4.09667e+02
          2309   4.15331e+02   2.30900e+03   5.93830e+01   1.05196e+00   4.09833e+02
          2310   4.15492e+02   2.31000e+03   5.93945e+01   1.04731e+00   4.10000e+02
          2311   4.15662e+02   2.31100e+03   5.94054e+01   1.04260e+00   4.10167e+02
          2312   4.15832e+02   2.31200e+03   5.94094e+01   1.03774e+00   4.10333e+02
          2313   4.15994e+02   2.31300e+03   5.94194e+01   1.03281e+00   4.10500e+02
          2314   4.16158e+02   2.31400e+03   5.94322e+01   1.02781e+00   4.10667e+02
          2315   4.16325e+02   2.31500e+03   5.94462e+01   1.02278e+00   4.10833e+02
          2316   4.16495e+02   2.31600e+03   5.94528e+01   1.01755e+00   4.11000e+02
          2317   4.16649e+02   2.31700e+03   5.94646e+01   1.01253e+00   4.11167e+02
          2318   4.16811e+02   2.31800e+03   5.94775e+01   1.00762e+00   4.11333e+02
          2319   4.16977e+02   2.31900e+03   5.94906e+01   1.00278e+00   4.11500e+02
          2320   4.17148e+02   2.32000e+03   5.95072e+01   9.98219e-01   4.11667e+02
          2321   4.17311e+02   2.32100e+03   5.95257e+01   9.93589e-01   4.11833e+02
          2322   4.17481e+02   2.32200e+03   5.95465e+01   9.88937e-01   4.12000e+02
          2323   4.17654e+02   2.32300e+03   5.95669e+01   9.84259e-01   4.12167e+02
          2324   4.17825e+02   2.32400e+03   5.95996e+01   9.79596e-01   4.12333e+02
          2325   4.17992e+02   2.32500e+03   5.96245e+01   9.74760e-01   4.12500e+02
          2326   4.18152e+02   2.32600e+03   5.96474e+01   9.69808e-01   4.12667e+02
          2327   4.18319e+02   2.32700e+03   5.96700e+01   9.64803e-01   4.12833e+02
          2328   4.18488e+02   2.32800e+03   5.96957e+01   9.59493e-01   4.13000e+02
          2329   4.18656e+02   2.32900e+03   5.97203e+01   9.54369e-01   4.13167e+02
          2330   4.18833e+02   2.33000e+03   5.97449e+01   9.49343e-01   4.13333e+02
          2331   4.18998e+02   2.33100e+03   5.97703e+01   9.44386e-01   4.13500e+02
          2332   4.19167e+02   2.33200e+03   5.97981e+01   9.39630e-01   4.13667e+02
          2333   4.19337e+02   2.33300e+03   5.98218e+01   9.34935e-01   4.13833e+02
          2334   4.19498e+02   2.33400e+03   5.98437e+01   9.30312e-01   4.14000e+02
          2335   4.19663e+02   2.33500e+03   5.98649e+01   9.25719e-01   4.14167e+02
          2336   4.19831e+02   2.33600e+03   5.98814e+01   9.21372e-01   4.14333e+02
          2337   4.20001e+02   2.33700e+03   5.98995e+01   9.16793e-01   4.14500e+02
          2338   4.20169e+02   2.33800e+03   5.99202e+01   9.12091e-01   4.14667e+02
          2339   4.20334e+02   2.33900e+03   5.99421e+01   9.07320e-01   4.14833e+02
          2340   4.20507e+02   2.34000e+03   5.99590e+01   9.02248e-01   4.15000e+02
          2341   4.20666e+02   2.34100e+03   5.99772e+01   8.97215e-01   4.15167e+02
          2342   4.20833e+02   2.34200e+03   5.99951e+01   8.92170e-01   4.15333e+02
          2343   4.20998e+02   2.34300e+03   6.00127e+01   8.87130e-01   4.15500e+02
          2344   4.21166e+02   2.34400e+03   6.00294e+01   8.81997e-01   4.15667e+02
          2345   4.21330e+02   2.34500e+03   6.00484e+01   8.77053e-01   4.15833e+02
          2346   4.21498e+02   2.34600e+03   6.00677e+01   8.72232e-01   4.16000e+02
          2347   4.21668e+02   2.34700e+03   6.00890e+01   8.67480e-01   4.16167e+02
          2348   4.21841e+02   2.34800e+03   6.01134e+01   8.63067e-01   4.16333e+02
          2349   4.21998e+02   2.34900e+03   6.01336e+01   8.58528e-01   4.16500e+02
          2350   4.22167e+02   2.35000e+03   6.01537e+01   8.53948e-01   4.16667e+02
          2351   4.22331e+02   2.35100e+03   6.01755e+01   8.49346e-01   4.16833e+02
          2352   4.22503e+02   2.35200e+03   6.02009e+01   8.44719e-01   4.17000e+02
          2353   4.22675e+02   2.35300e+03   6.02247e+01   8.39935e-01   4.17167e+02
          2354   4.22834e+02   2.35400e+03   6.02506e+01   8.35043e-01   4.17333e+02
          2355   4.23007e+02   2.35500e+03   6.02778e+01   8.30105e-01   4.17500e+02
          2356   4.23176e+02   2.35600e+03   6.03053e+01   8.24876e-01   4.17667e+02
          2357   4.23339e+02   2.35700e+03   6.03289e+01   8.19838e-01   4.17833e+02
          2358   4.23504e+02   2.35800e+03   6.03510e+01   8.14908e-01   4.18000e+02
          2359   4.23672e+02   2.35900e+03   6.03727e+01   8.10041e-01   4.18167e+02
          2360   4.23848e+02   2.36000e+03   6.03965e+01   8.05362e-01   4.18333e+02
          2361   4.24014e+02   2.36100e+03   6.04164e+01   8.00725e-01   4.18500e+02
          2362   4.24177e+02   2.36200e+03   6.04360e+01   7.96157e-01   4.18667e+02
          2363   4.24356e+02   2.36300e+03   6.04551e+01   7.91634e-01   4.18833e+02
          2364   4.24520e+02   2.36400e+03   6.04702e+01   7.87387e-01   4.19000e+02
          2365   4.24679e+02   2.36500e+03   6.04869e+01   7.82929e-01   4.19167e+02
          2366   4.24845e+02   2.36600e+03   6.05038e+01   7.78360e-01   4.19333e+02
          2367   4.25010e+02   2.36700e+03   6.05215e+01   7.73735e-01   4.19500e+02
          2368   4.25180e+02   2.36800e+03   6.05336e+01   7.68868e-01   4.19667e+02
          2369   4.25341e+02   2.36900e+03   6.05497e+01   7.63971e-01   4.19833e+02
          2370   4.25507e+02   2.37000e+03   6.05648e+01   7.59042e-01   4.20000e+02
          2371   4.25675e+02   2.37100e+03   6.05804e+01   7.54106e-01   4.20167e+02
          2372   4.25845e+02   2.37200e+03   6.05996e+01   7.48966e-01   4.20333e+02
          2373   4.26011e+02   2.37300e+03   6.06184e+01   7.44067e-01   4.20500e+02
          2374   4.26174e+02   2.37400e+03   6.06385e+01   7.39320e-01   4.20667e+02
          2375   4.26343e+02   2.37500e+03   6.06578e+01   7.34654e-01   4.20833e+02
          2376   4.26511e+02   2.37600e+03   6.06815e+01   7.30357e-01   4.21000e+02
          2377   4.26680e+02   2.37700e+03   6.07055e+01   7.25979e-01   4.21167e+02
          2378   4.26843e+02   2.37800e+03   6.07317e+01   7.21603e-01   4.21333e+02
          2379   4.27005e+02   2.37900e+03   6.07583e+01   7.17232e-01   4.21500e+02
          2380   4.27177e+02   2.38000e+03   6.07863e+01   7.12950e-01   4.21667e+02
          2381   4.27345e+02   2.38100e+03   6.08136e+01   7.08447e-01   4.21833e+02
          2382   4.27515e+02   2.38200e+03   6.08409e+01   7.03822e-01   4.22000e+02
          2383   4.27683e+02   2.38300e+03   6.08671e+01   6.99132e-01   4.22167e+02
          2384   4.27847e+02   2.38400e+03   6.09005e+01   6.94063e-01   4.22333e+02
          2385   4.28016e+02   2.38500e+03   6.09289e+01   6.89187e-01   4.22500e+02
          2386   4.28195e+02   2.38600e+03   6.09560e+01   6.84425e-01   4.22667e+02
          2387   4.28361e+02   2.38700e+03   6.09835e+01   6.79731e-01   4.22833e+02
          2388   4.28524e+02   2.38800e+03   6.10102e+01   6.75169e-01   4.23000e+02
          2389   4.28690e+02   2.38900e+03   6.10391e+01   6.70718e-01   4.23167e+02
          2390   4.28863e+02   2.39000e+03   6.10700e+01   6.66357e-01   4.23333e+02
          2391   4.29027e+02   2.39100e+03   6.11011e+01   6.62050e-01   4.23500e+02
          2392   4.29190e+02   2.39200e+03   6.11300e+01   6.58119e-01   4.23667e+02
          2393   4.29361e+02   2.39300e+03   6.11607e+01   6.53962e-01   4.23833e+02
          2394   4.29526e+02   2.39400e+03   6.11911e+01   6.49719e-01   4.24000e+02
          2395   4.29698e+02   2.39500e+03   6.12210e+01   6.45427e-01   4.24167e+02
          2396   4.29859e+02   2.39600e+03   6.12517e+01   6.40924e-01   4.24333e+02
          2397   4.30029e+02   2.39700e+03   6.12807e+01   6.36423e-01   4.24500e+02
          2398   4.30204e+02   2.39800e+03   6.13098e+01   6.31893e-01   4.24667e+02
          2399   4.30375e+02   2.39900e+03   6.13384e+01   6.27320e-01   4.24833e+02
          2400   4.30543e+02   2.40000e+03   6.13700e+01   6.22484e-01   4.25000e+02
          2401   4.30710e+02   2.40100e+03   6.13998e+01   6.17833e-01   4.25167e+02
          2402   4.30875e+02   2.40200e+03   6.14294e+01   6.13279e-01   4.25333e+02
          2403   4.31046e+02   2.40300e+03   6.14586e+01   6.08778e-01   4.25500e+02
          2404   4.31205e+02   2.40400e+03   6.14803e+01   6.04507e-01   4.25667e+02
          2405   4.31371e+02   2.40500e+03   6.15056e+01   6.00280e-01   4.25833e+02
          2406   4.31540e+02   2.40600e+03   6.15318e+01   5.96125e-01   4.26000e+02
          2407   4.31710e+02   2.40700e+03   6.15587e+01   5.92014e-01   4.26167e+02
          2408   4.31880e+02   2.40800e+03   6.15901e+01   5.88150e-01   4.26333e+02
          2409   4.32046e+02   2.40900e+03   6.16185e+01   5.84067e-01   4.26500e+02
          2410   4.32216e+02   2.41000e+03   6.16453e+01   5.79871e-01   4.26667e+02
          2411   4.32382e+02   2.41100e+03   6.16714e+01   5.75600e-01   4.26833e+02
          2412   4.32549e+02   2.41200e+03   6.16945e+01   5.71026e-01   4.27000e+02
          2413   4.32715e+02   2.41300e+03   6.17180e+01   5.66500e-01   4.27167e+02
          2414   4.32881e+02   2.41400e+03   6.17417e+01   5.61966e-01   4.27333e+02
          2415   4.33047e+02   2.41500e+03   6.17661e+01   5.57427e-01   4.27500e+02
          2416   4.33222e+02   2.41600e+03   6.17919e+01   5.52801e-01   4.27667e+02
          2417   4.33391e+02   2.41700e+03   6.18150e+01   5.48407e-01   4.27833e+02
          2418   4.33553e+02   2.41800e+03   6.18360e+01   5.44140e-01   4.28000e+02
          2419   4.33719e+02   2.41900e+03   6.18571e+01   5.39934e-01   4.28167e+02
          2420   4.33887e+02   2.42000e+03   6.18766e+01   5.36095e-01   4.28333e+02
          2421   4.34052e+02   2.42100e+03   6.18994e+01   5.32111e-01   4.28500e+02
          2422   4.34220e+02   2.42200e+03   6.19231e+01   5.28113e-01   4.28667e+02
          2423   4.34383e+02   2.42300e+03   6.19477e+01   5.24109e-01   4.28833e+02
          2424   4.34557e+02   2.42400e+03   6.19764e+01   5.20098e-01   4.29000e+02
          2425   4.34720e+02   2.42500e+03   6.20056e+01   5.16003e-01   4.29167e+02
          2426   4.34883e+02   2.42600e+03   6.20334e+01   5.11840e-01   4.29333e+02
          2427   4.35048e+02   2.42700e+03   6.20605e+01   5.07629e-01   4.29500e+02
          2428   4.35224e+02   2.42800e+03   6.20914e+01   5.03237e-01   4.29667e+02
          2429   4.35391e+02   2.42900e+03   6.21201e+01   4.98976e-01   4.29833e+02
          2430   4.35559e+02   2.43000e+03   6.21478e+01   4.94797e-01   4.30000e+02
          2431   4.35728e+02   2.43100e+03   6.21751e+01   4.90675e-01   4.30167e+02
          2432   4.35894e+02   2.43200e+03   6.22102e+01   4.86708e-01   4.30333e+02
          2433   4.36069e+02   2.43300e+03   6.22448e+01   4.82788e-01   4.30500e+02
          2434   4.36239e+02   2.43400e+03   6.22785e+01   4.78939e-01   4.30667e+02
          2435   4.36400e+02   2.43500e+03   6.23116e+01   4.75135e-01   4.30833e+02
          2436   4.36568e+02   2.43600e+03   6.23456e+01   4.71610e-01   4.31000e+02
          2437   4.36738e+02   2.43700e+03   6.23811e+01   4.67936e-01   4.31167e+02
          2438   4.36903e+02   2.43800e+03   6.24185e+01   4.64196e-01   4.31333e+02
          2439   4.37067e+02   2.43900e+03   6.24578e+01   4.60415e-01   4.31500e+02
          2440   4.37234e+02   2.44000e+03   6.25024e+01   4.56525e-01   4.31667e+02
          2441   4.37412e+02   2.44100e+03   6.25412e+01   4.52584e-01   4.31833e+02
          2442   4.37584e+02   2.44200e+03   6.25792e+01   4.48590e-01   4.32000e+02
          2443   4.37747e+02   2.44300e+03   6.26176e+01   4.44578e-01   4.32167e+02
          2444   4.37920e+02   2.44400e+03   6.26600e+01   4.40425e-01   4.32333e+02
          2445   4.38090e+02   2.44500e+03   6.26981e+01   4.36427e-01   4.32500e+02
          2446   4.38256e+02   2.44600e+03   6.27353e+01   4.32525e-01   4.32667e+02
          2447   4.38430e+02   2.44700e+03   6.27718e+01   4.28688e-01   4.32833e+02
          2448   4.38597e+02   2.44800e+03   6.28077e+01   4.25115e-01   4.33000e+02
          2449   4.38764e+02   2.44900e+03   6.28429e+01   4.21532e-01   4.33167e+02
          2450   4.38929e+02   2.45000e+03   6.28767e+01   4.17995e-01   4.33333e+02
          2451   4.39101e+02   2.45100e+03   6.29096e+01   4.14488e-01   4.33500e+02
          2452   4.39266e+02   2.45200e+03   6.29369e+01   4.11186e-01   4.33667e+02
          2453   4.39434e+02   2.45300e+03   6.29673e+01   4.07723e-01   4.33833e+02
          2454   4.39601e+02   2.45400e+03   6.29977e+01   4.04197e-01   4.34000e+02
          2455   4.39772e+02   2.45500e+03   6.30286e+01   4.00640e-01   4.34167e+02
          2456   4.39937e+02   2.45600e+03   6.30583e+01   3.96889e-01   4.34333e+02
          2457   4.40105e+02   2.45700e+03   6.30884e+01   3.93137e-01   4.34500e+02
          2458   4.40274e+02   2.45800e+03   6.31177e+01   3.89373e-01   4.34667e+02
          2459   4.40441e+02   2.45900e+03   6.31463e+01   3.85610e-01   4.34833e+02
          2460   4.40604e+02   2.46000e+03   6.31731e+01   3.81782e-01   4.35000e+02
          2461   4.40776e+02   2.46100e+03   6.32008e+01   3.78137e-01   4.35167e+02
          2462   4.40941e+02   2.46200e+03   6.32280e+01   3.74613e-01   4.35333e+02
          2463   4.41107e+02   2.46300e+03   6.32546e+01   3.71152e-01   4.35500e+02
          2464   4.41283e+02   2.46400e+03   6.32816e+01   3.68022e-01   4.35667e+02
          2465   4.41449e+02   2.46500e+03   6.33093e+01   3.64811e-01   4.35833e+02
          2466   4.41613e+02   2.46600e+03   6.33386e+01   3.61610e-01   4.36000e+02
          2467   4.41780e+02   2.46700e+03   6.33679e+01   3.58418e-01   4.36167e+02
          2468   4.41944e+02   2.46800e+03   6.33877e+01   3.55292e-01   4.36333e+02
          2469   4.42117e+02   2.46900e+03   6.34109e+01   3.52028e-01   4.36500e+02
          2470   4.42281e+02   2.47000e+03   6.34364e+01   3.48711e-01   4.36667e+02
          2471   4.42451e+02   2.47100e+03   6.34622e+01   3.45370e-01   4.36833e+02
          2472   4.42615e+02   2.47200e+03   6.34908e+01   3.41846e-01   4.37000e+02
          2473   4.42778e+02   2.47300e+03   6.35199e+01   3.38447e-01   4.37167e+02
          2474   4.42957e+02   2.47400e+03   6.35495e+01   3.35110e-01   4.37333e+02
          2475   4.43124e+02   2.47500e+03   6.35790e+01   3.31806e-01   4.37500e+02
          2476   4.43286e+02   2.47600e+03   6.36110e+01   3.28661e-01   4.37667e+02
          2477   4.43446e+02   2.47700e+03   6.36434e+01   3.25570e-01   4.37833e+02
          2478   4.43620e+02   2.47800e+03   6.36762e+01   3.22552e-01   4.38000e+02
          2479   4.43788e+02   2.47900e+03   6.37079e+01   3.19584e-01   4.38167e+02
          2480   4.43959e+02   2.48000e+03   6.37448e+01   3.16902e-01   4.38333e+02
          2481   4.44129e+02   2.48100e+03   6.37783e+01   3.14097e-01   4.38500e+02
          2482   4.44292e+02   2.48200e+03   6.38124e+01   3.11250e-01   4.38667e+02
          2483   4.44468e+02   2.48300e+03   6.38483e+01   3.08370e-01   4.38833e+02
          2484   4.44630e+02   2.48400e+03   6.38886e+01   3.05407e-01   4.39000e+02
          2485   4.44807e+02   2.48500e+03   6.39285e+01   3.02395e-01   4.39167e+02
          2486   4.44971e+02   2.48600e+03   6.39687e+01   2.99366e-01   4.39333e+02
          2487   4.45140e+02   2.48700e+03   6.40084e+01   2.96327e-01   4.39500e+02
          2488   4.45303e+02   2.48800e+03   6.40519e+01   2.93155e-01   4.39667e+02
          2489   4.45471e+02   2.48900e+03   6.40972e+01   2.90141e-01   4.39833e+02
          2490   4.45644e+02   2.49000e+03   6.41425e+01   2.87211e-01   4.40000e+02
          2491   4.45814e+02   2.49100e+03   6.41884e+01   2.84335e-01   4.40167e+02
          2492   4.45983e+02   2.49200e+03   6.42474e+01   2.81751e-01   4.40333e+02
          2493   4.46154e+02   2.49300e+03   6.42985e+01   2.79135e-01   4.40500e+02
          2494   4.46322e+02   2.49400e+03   6.43448e+01   2.76559e-01   4.40667e+02
          2495   4.46492e+02   2.49500e+03   6.43904e+01   2.74020e-01   4.40833e+02
          2496   4.46663e+02   2.49600e+03   6.44405e+01   2.71758e-01   4.41000e+02
          2497   4.46837e+02   2.49700e+03   6.44894e+01   2.69383e-01   4.41167e+02
          2498   4.47008e+02   2.49800e+03   6.45379e+01   2.66935e-01   4.41333e+02
          2499   4.47175e+02   2.49900e+03   6.45874e+01   2.64437e-01   4.41500e+02
          2500   4.47344e+02   2.50000e+03   6.46370e+01   2.61900e-01   4.41667e+02
          2501   4.47516e+02   2.50100e+03   6.46871e+01   2.59308e-01   4.41833e+02
          2502   4.47683e+02   2.50200e+03   6.47385e+01   2.56689e-01   4.42000e+02
          2503   4.47844e+02   2.50300e+03   6.47881e+01   2.54074e-01   4.42167e+02
          2504   4.48015e+02   2.50400e+03   6.48360e+01   2.51384e-01   4.42333e+02
          2505   4.48187e+02   2.50500e+03   6.48865e+01   2.48853e-01   4.42500e+02
          2506   4.48360e+02   2.50600e+03   6.49372e+01   2.46423e-01   4.42667e+02
          2507   4.48526e+02   2.50700e+03   6.49892e+01   2.44047e-01   4.42833e+02
          2508   4.48706e+02   2.50800e+03   6.50444e+01   2.41982e-01   4.43000e+02
          2509   4.48864e+02   2.50900e+03   6.50954e+01   2.39890e-01   4.43167e+02
          2510   4.49041e+02   2.51000e+03   6.51461e+01   2.37842e-01   4.43333e+02
          2511   4.49211e+02   2.51100e+03   6.51959e+01   2.35808e-01   4.43500e+02
          2512   4.49372e+02   2.51200e+03   6.52397e+01   2.33902e-01   4.43667e+02
          2513   4.49547e+02   2.51300e+03   6.52876e+01   2.31847e-01   4.43833e+02
          2514   4.49718e+02   2.51400e+03   6.53389e+01   2.29735e-01   4.44000e+02
          2515   4.49888e+02   2.51500e+03   6.53911e+01   2.27602e-01   4.44167e+02
          2516   4.50059e+02   2.51600e+03   6.54421e+01   2.25313e-01   4.44333e+02
          2517   4.50220e+02   2.51700e+03   6.54912e+01   2.23113e-01   4.44500e+02
          2518   4.50391e+02   2.51800e+03   6.55405e+01   2.20965e-01   4.44667e+02
          2519   4.50565e+02   2.51900e+03   6.55910e+01   2.18846e-01   4.44833e+02
          2520   4.50725e+02   2.52000e+03   6.56375e+01   2.16840e-01   4.45000e+02
          2521   4.50899e+02   2.52100e+03   6.56846e+01   2.14912e-01   4.45167e+02
          2522   4.51073e+02   2.52200e+03   6.57316e+01   2.13080e-01   4.45333e+02
          2523   4.51246e+02   2.52300e+03   6.57777e+01   2.11315e-01   4.45500e+02
          2524   4.51418e+02   2.52400e+03   6.58295e+01   2.09878e-01   4.45667e+02
          2525   4.51585e+02   2.52500e+03   6.58787e+01   2.08345e-01   4.45833e+02
          2526   4.51747e+02   2.52600e+03   6.59276e+01   2.06815e-01   4.46000e+02
          2527   4.51921e+02   2.52700e+03   6.59765e+01   2.05293e-01   4.46167e+02
          2528   4.52089e+02   2.52800e+03   6.60199e+01   2.03868e-01   4.46333e+02
          2529   4.52254e+02   2.52900e+03   6.60658e+01   2.02348e-01   4.46500e+02
          2530   4.52425e+02   2.53000e+03   6.61120e+01   2.00795e-01   4.46667e+02
          2531   4.52591e+02   2.53100e+03   6.61596e+01   1.99224e-01   4.46833e+02
          2532   4.52764e+02   2.53200e+03   6.62070e+01   1.97565e-01   4.47000e+02
          2533   4.52934e+02   2.53300e+03   6.62535e+01   1.95976e-01   4.47167e+02
          2534   4.53103e+02   2.53400e+03   6.62983e+01   1.94428e-01   4.47333e+02
          2535   4.53281e+02   2.53500e+03   6.63418e+01   1.92912e-01   4.47500e+02
          2536   4.53441e+02   2.53600e+03   6.63851e+01   1.91546e-01   4.47667e+02
          2537   4.53611e+02   2.53700e+03   6.64266e+01   1.90229e-01   4.47833e+02
          2538   4.53783e+02   2.53800e+03   6.64663e+01   1.88995e-01   4.48000e+02
          2539   4.53947e+02   2.53900e+03   6.65049e+01   1.87819e-01   4.48167e+02
          2540   4.54123e+02   2.54000e+03   6.65364e+01   1.86934e-01   4.48333e+02
          2541   4.54289e+02   2.54100e+03   6.65702e+01   1.85960e-01   4.48500e+02
          2542   4.54454e+02   2.54200e+03   6.66044e+01   1.84986e-01   4.48667e+02
          2543   4.54618e+02   2.54300e+03   6.66379e+01   1.84019e-01   4.48833e+02
          2544   4.54791e+02   2.54400e+03   6.66610e+01   1.83142e-01   4.49000e+02
          2545   4.54958e+02   2.54500e+03   6.66904e+01   1.82182e-01   4.49167e+02
          2546   4.55122e+02   2.54600e+03   6.67214e+01   1.81189e-01   4.49333e+02
          2547   4.55288e+02   2.54700e+03   6.67540e+01   1.80185e-01   4.49500e+02
          2548   4.55455e+02   2.54800e+03   6.67801e+01   1.79097e-01   4.49667e+02
          2549   4.55618e+02   2.54900e+03   6.68111e+01   1.78054e-01   4.49833e+02
          2550   4.55790e+02   2.55000e+03   6.68431e+01   1.77050e-01   4.50000e+02
          2551   4.55958e+02   2.55100e+03   6.68758e+01   1.76074e-01   4.50167e+02
          2552   4.56127e+02   2.55200e+03   6.69057e+01   1.75190e-01   4.50333e+02
          2553   4.56295e+02   2.55300e+03   6.69311e+01   1.74372e-01   4.50500e+02
          2554   4.56458e+02   2.55400e+03   6.69555e+01   1.73622e-01   4.50667e+02
          2555   4.56635e+02   2.55500e+03   6.69803e+01   1.72919e-01   4.50833e+02
          2556   4.56796e+02   2.55600e+03   6.70050e+01   1.72485e-01   4.51000e+02
          2557   4.56968e+02   2.55700e+03   6.70272e+01   1.71973e-01   4.51167e+02
          2558   4.57135e+02   2.55800e+03   6.70486e+01   1.71462e-01   4.51333e+02
          2559   4.57306e+02   2.55900e+03   6.70685e+01   1.70957e-01   4.51500e+02
          2560   4.57467e+02   2.56000e+03   6.70778e+01   1.70524e-01   4.51667e+02
          2561   4.57628e+02   2.56100e+03   6.70927e+01   1.70016e-01   4.51833e+02
          2562   4.57794e+02   2.56200e+03   6.71089e+01   1.69465e-01   4.52000e+02
          2563   4.57962e+02   2.56300e+03   6.71261e+01   1.68886e-01   4.52167e+02
          2564   4.58130e+02   2.56400e+03   6.71376e+01   1.68207e-01   4.52333e+02
          2565   4.58293e+02   2.56500e+03   6.71505e+01   1.67581e-01   4.52500e+02
          2566   4.58460e+02   2.56600e+03   6.71621e+01   1.66985e-01   4.52667e+02
          2567   4.58628e+02   2.56700e+03   6.71732e+01   1.66418e-01   4.52833e+02
          2568   4.58792e+02   2.56800e+03   6.71835e+01   1.65933e-01   4.53000e+02
          2569   4.58960e+02   2.56900e+03   6.71971e+01   1.65514e-01   4.53167e+02
          2570   4.59121e+02   2.57000e+03   6.72116e+01   1.65167e-01   4.53333e+02
          2571   4.59291e+02   2.57100e+03   6.72262e+01   1.64868e-01   4.53500e+02
          2572   4.59459e+02   2.57200e+03   6.72390e+01   1.64819e-01   4.53667e+02
          2573   4.59618e+02   2.57300e+03   6.72524e+01   1.64680e-01   4.53833e+02
          2574   4.59788e+02   2.57400e+03   6.72643e+01   1.64529e-01   4.54000e+02
          2575   4.59948e+02   2.57500e+03   6.72748e+01   1.64376e-01   4.54167e+02
          2576   4.60117e+02   2.57600e+03   6.72851e+01   1.64253e-01   4.54333e+02
          2577   4.60292e+02   2.57700e+03   6.72958e+01   1.64053e-01   4.54500e+02
          2578   4.60451e+02   2.57800e+03   6.73072e+01   1.63804e-01   4.54667e+02
          2579   4.60624e+02   2.57900e+03   6.73178e+01   1.63532e-01   4.54833e+02
          2580   4.60786e+02   2.58000e+03   6.73276e+01   1.63126e-01   4.55000e+02
          2581   4.60952e+02   2.58100e+03   6.73387e+01   1.62773e-01   4.55167e+02
          2582   4.61121e+02   2.58200e+03   6.73483e+01   1.62441e-01   4.55333e+02
          2583   4.61282e+02   2.58300e+03   6.73567e+01   1.62122e-01   4.55500e+02
          2584   4.61444e+02   2.58400e+03   6.73643e+01   1.61832e-01   4.55667e+02
          2585   4.61609e+02   2.58500e+03   6.73727e+01   1.61608e-01   4.55833e+02
          2586   4.61781e+02   2.58600e+03   6.73802e+01   1.61441e-01   4.56000e+02
          2587   4.61945e+02   2.58700e+03   6.73897e+01   1.61310e-01   4.56167e+02
          2588   4.62109e+02   2.58800e+03   6.74055e+01   1.61382e-01   4.56333e+02
          2589   4.62281e+02   2.58900e+03   6.74187e+01   1.61397e-01   4.56500e+02
          2590   4.62449e+02   2.59000e+03   6.74301e+01   1.61407e-01   4.56667e+02
          2591   4.62603e+02   2.59100e+03   6.74412e+01   1.61414e-01   4.56833e+02
          2592   4.62777e+02   2.59200e+03   6.74546e+01   1.61443e-01   4.57000e+02
          2593   4.62944e+02   2.59300e+03   6.74665e+01   1.61384e-01   4.57167e+02
          2594   4.63101e+02   2.59400e+03   6.74778e+01   1.61270e-01   4.57333e+02
          2595   4.63269e+02   2.59500e+03   6.74879e+01   1.61121e-01   4.57500e+02
          2596   4.63443e+02   2.59600e+03   6.75006e+01   1.60797e-01   4.57667e+02
          2597   4.63611e+02   2.59700e+03   6.75102e+01   1.60545e-01   4.57833e+02
          2598   4.63772e+02   2.59800e+03   6.75200e+01   1.60306e-01   4.58000e+02
          2599   4.63937e+02   2.59900e+03   6.75299e+01   1.60077e-01   4.58167e+02
          2600   4.64108e+02   2.60000e+03   6.75351e+01   1.59866e-01   4.58333e+02
          2601   4.64274e+02   2.60100e+03   6.75434e+01   1.59724e-01   4.58500e+02
          2602   4.64432e+02   2.60200e+03   6.75513e+01   1.59647e-01   4.58667e+02
          2603   4.64602e+02   2.60300e+03   6.75592e+01   1.59614e-01   4.58833e+02
          2604   4.64763e+02   2.60400e+03   6.75648e+01   1.59768e-01   4.59000e+02
          2605   4.64928e+02   2.60500e+03   6.75740e+01   1.59859e-01   4.59167e+02
          2606   4.65095e+02   2.60600e+03   6.75830e+01   1.59939e-01   4.59333e+02
          2607   4.65262e+02   2.60700e+03   6.75901e+01   1.60016e-01   4.59500e+02
          2608   4.65425e+02   2.60800e+03   6.76026e+01   1.60119e-01   4.59667e+02
          2609   4.65595e+02   2.60900e+03   6.76130e+01   1.60141e-01   4.59833e+02
          2610   4.65760e+02   2.61000e+03   6.76230e+01   1.60107e-01   4.60000e+02
          2611   4.65925e+02   2.61100e+03   6.76311e+01   1.60039e-01   4.60167e+02
          2612   4.66091e+02   2.61200e+03   6.76360e+01   1.59784e-01   4.60333e+02
          2613   4.66258e+02   2.61300e+03   6.76396e+01   1.59571e-01   4.60500e+02
          2614   4.66426e+02   2.61400e+03   6.76437e+01   1.59369e-01   4.60667e+02
          2615   4.66589e+02   2.61500e+03   6.76490e+01   1.59173e-01   4.60833e+02
          2616   4.66753e+02   2.61600e+03   6.76540e+01   1.58945e-01   4.61000e+02
          2617   4.66920e+02   2.61700e+03   6.76635e+01   1.58817e-01   4.61167e+02
          2618   4.67092e+02   2.61800e+03   6.76743e+01   1.58752e-01   4.61333e+02
          2619   4.67255e+02   2.61900e+03   6.76854e+01   1.58725e-01   4.61500e+02
          2620   4.67411e+02   2.62000e+03   6.76869e+01   1.58902e-01   4.61667e+02
          2621   4.67576e+02   2.62100e+03   6.76904e+01   1.59011e-01   4.61833e+02
          2622   4.67740e+02   2.62200e+03   6.76942e+01   1.59115e-01   4.62000e+02
          2623   4.67911e+02   2.62300e+03   6.76992e+01   1.59220e-01   4.62167e+02
          2624   4.68083e+02   2.62400e+03   6.77161e+01   1.59354e-01   4.62333e+02
          2625   4.68248e+02   2.62500e+03   6.77288e+01   1.59409e-01   4.62500e+02
          2626   4.68418e+02   2.62600e+03   6.77407e+01   1.59407e-01   4.62667e+02
          2627   4.68585e+02   2.62700e+03   6.77525e+01   1.59368e-01   4.62833e+02
          2628   4.68743e+02   2.62800e+03   6.77580e+01   1.59170e-01   4.63000e+02
          2629   4.68907e+02   2.62900e+03   6.77669e+01   1.59013e-01   4.63167e+02
          2630   4.69070e+02   2.63000e+03   6.77776e+01   1.58847e-01   4.63333e+02
          2631   4.69236e+02   2.63100e+03   6.77899e+01   1.58678e-01   4.63500e+02
          2632   4.69409e+02   2.63200e+03   6.78115e+01   1.58484e-01   4.63667e+02
          2633   4.69577e+02   2.63300e+03   6.78303e+01   1.58376e-01   4.63833e+02
          2634   4.69742e+02   2.63400e+03   6.78500e+01   1.58332e-01   4.64000e+02
          2635   4.69912e+02   2.63500e+03   6.78689e+01   1.58330e-01   4.64167e+02
          2636   4.70075e+02   2.63600e+03   6.78898e+01   1.58516e-01   4.64333e+02
          2637   4.70240e+02   2.63700e+03   6.79069e+01   1.58656e-01   4.64500e+02
          2638   4.70407e+02   2.63800e+03   6.79226e+01   1.58787e-01   4.64667e+02
          2639   4.70572e+02   2.63900e+03   6.79391e+01   1.58912e-01   4.64833e+02
          2640   4.70744e+02   2.64000e+03   6.79647e+01   1.59079e-01   4.65000e+02
          2641   4.70912e+02   2.64100e+03   6.79856e+01   1.59147e-01   4.65167e+02
          2642   4.71082e+02   2.64200e+03   6.80050e+01   1.59156e-01   4.65333e+02
          2643   4.71249e+02   2.64300e+03   6.80239e+01   1.59130e-01   4.65500e+02
          2644   4.71416e+02   2.64400e+03   6.80426e+01   1.58900e-01   4.65667e+02
          2645   4.71577e+02   2.64500e+03   6.80653e+01   1.58725e-01   4.65833e+02
          2646   4.71742e+02   2.64600e+03   6.80870e+01   1.58560e-01   4.66000e+02
          2647   4.71908e+02   2.64700e+03   6.81075e+01   1.58397e-01   4.66167e+02
          2648   4.72081e+02   2.64800e+03   6.81261e+01   1.58199e-01   4.66333e+02
          2649   4.72247e+02   2.64900e+03   6.81440e+01   1.58088e-01   4.66500e+02
          2650   4.72415e+02   2.65000e+03   6.81619e+01   1.58032e-01   4.66667e+02
          2651   4.72578e+02   2.65100e+03   6.81787e+01   1.58008e-01   4.66833e+02
          2652   4.72746e+02   2.65200e+03   6.81997e+01   1.58170e-01   4.67000e+02
          2653   4.72921e+02   2.65300e+03   6.82159e+01   1.58289e-01   4.67167e+02
          2654   4.73090e+02   2.65400e+03   6.82301e+01   1.58416e-01   4.67333e+02
          2655   4.73253e+02   2.65500e+03   6.82447e+01   1.58550e-01   4.67500e+02
          2656   4.73418e+02   2.65600e+03   6.82466e+01   1.58743e-01   4.67667e+02
          2657   4.73578e+02   2.65700e+03   6.82546e+01   1.58854e-01   4.67833e+02
          2658   4.73748e+02   2.65800e+03   6.82655e+01   1.58904e-01   4.68000e+02
          2659   4.73909e+02   2.65900e+03   6.82781e+01   1.58916e-01   4.68167e+02
          2660   4.74082e+02   2.66000e+03   6.82875e+01   1.58775e-01   4.68333e+02
          2661   4.74246e+02   2.66100e+03   6.82990e+01   1.58650e-01   4.68500e+02
          2662   4.74406e+02   2.66200e+03   6.83123e+01   1.58505e-01   4.68667e+02
          2663   4.74573e+02   2.66300e+03   6.83251e+01   1.58354e-01   4.68833e+02
          2664   4.74739e+02   2.66400e+03   6.83341e+01   1.58147e-01   4.69000e+02
          2665   4.74899e+02   2.66500e+03   6.83439e+01   1.58035e-01   4.69167e+02
          2666   4.75068e+02   2.66600e+03   6.83538e+01   1.57971e-01   4.69333e+02
          2667   4.75235e+02   2.66700e+03   6.83628e+01   1.57932e-01   4.69500e+02
          2668   4.75408e+02   2.66800e+03   6.83753e+01   1.58076e-01   4.69667e+02
          2669   4.75570e+02   2.66900e+03   6.83833e+01   1.58195e-01   4.69833e+02
          2670   4.75742e+02   2.67000e+03   6.83909e+01   1.58331e-01   4.70000e+02
          2671   4.75904e+02   2.67100e+03   6.83995e+01   1.58477e-01   4.70167e+02
          2672   4.76072e+02   2.67200e+03   6.83996e+01   1.58708e-01   4.70333e+02
          2673   4.76235e+02   2.67300e+03   6.84046e+01   1.58855e-01   4.70500e+02
          2674   4.76400e+02   2.67400e+03   6.84117e+01   1.58966e-01   4.70667e+02
          2675   4.76564e+02   2.67500e+03   6.84203e+01   1.59054e-01   4.70833e+02
          2676   4.76724e+02   2.67600e+03   6.84254e+01   1.58976e-01   4.71000e+02
          2677   4.76891e+02   2.67700e+03   6.84341e+01   1.58888e-01   4.71167e+02
          2678   4.77058e+02   2.67800e+03   6.84443e+01   1.58773e-01   4.71333e+02
          2679   4.77227e+02   2.67900e+03   6.84561e+01   1.58640e-01   4.71500e+02
          2680   4.77390e+02   2.68000e+03   6.84739e+01   1.58367e-01   4.71667e+02
          2681   4.77555e+02   2.68100e+03   6.84872e+01   1.58210e-01   4.71833e+02
          2682   4.77722e+02   2.68200e+03   6.85004e+01   1.58120e-01   4.72000e+02
          2683   4.77891e+02   2.68300e+03   6.85127e+01   1.58077e-01   4.72167e+02
          2684   4.78063e+02   2.68400e+03   6.85336e+01   1.58191e-01   4.72333e+02
          2685   4.78225e+02   2.68500e+03   6.85524e+01   1.58290e-01   4.72500e+02
          2686   4.78389e+02   2.68600e+03   6.85726e+01   1.58410e-01   4.72667e+02
          2687   4.78561e+02   2.68700e+03   6.85943e+01   1.58543e-01   4.72833e+02
          2688   4.78728e+02   2.68800e+03   6.86160e+01   1.58789e-01   4.73000e+02
          2689   4.78891e+02   2.68900e+03   6.86360e+01   1.58929e-01   4.73167e+02
          2690   4.79054e+02   2.69000e+03   6.86550e+01   1.59008e-01   4.73333e+02
          2691   4.79227e+02   2.69100e+03   6.86748e+01   1.59047e-01   4.73500e+02
          2692   4.79389e+02   2.69200e+03   6.86956e+01   1.58931e-01   4.73667e+02
          2693   4.79557e+02   2.69300e+03   6.87159e+01   1.58830e-01   4.73833e+02
          2694   4.79733e+02   2.69400e+03   6.87363e+01   1.58703e-01   4.74000e+02
          2695   4.79900e+02   2.69500e+03   6.87575e+01   1.58559e-01   4.74167e+02
          2696   4.80062e+02   2.69600e+03   6.87868e+01   1.58297e-01   4.74333e+02
          2697   4.80229e+02   2.69700e+03   6.88139e+01   1.58131e-01   4.74500e+02
          2698   4.80394e+02   2.69800e+03   6.88407e+01   1.58025e-01   4.74667e+02
          2699   4.80559e+02   2.69900e+03   6.88663e+01   1.57953e-01   4.74833e+02
          2700   4.80727e+02   2.70000e+03   6.88876e+01   1.58011e-01   4.75000e+02
          2701   4.80890e+02   2.70100e+03   6.89116e+01   1.58080e-01   4.75167e+02
          2702   4.81062e+02   2.70200e+03   6.89372e+01   1.58183e-01   4.75333e+02
          2703   4.81226e+02   2.70300e+03   6.89630e+01   1.58309e-01   4.75500e+02
          2704   4.81403e+02   2.70400e+03   6.89940e+01   1.58574e-01   4.75667e+02
          2705   4.81570e+02   2.70500e+03   6.90198e+01   1.58739e-01   4.75833e+02
          2706   4.81740e+02   2.70600e+03   6.90425e+01   1.58859e-01   4.76000e+02
          2707   4.81903e+02   2.70700e+03   6.90642e+01   1.58957e-01   4.76167e+02
          2708   4.82064e+02   2.70800e+03   6.90791e+01   1.58930e-01   4.76333e+02
          2709   4.82233e+02   2.70900e+03   6.90977e+01   1.58884e-01   4.76500e+02
          2710   4.82402e+02   2.71000e+03   6.91168e+01   1.58801e-01   4.76667e+02
          2711   4.82574e+02   2.71100e+03   6.91358e+01   1.58692e-01   4.76833e+02
          2712   4.82729e+02   2.71200e+03   6.91482e+01   1.58457e-01   4.77000e+02
          2713   4.82900e+02   2.71300e+03   6.91637e+01   1.58331e-01   4.77167e+02
          2714   4.83068e+02   2.71400e+03   6.91823e+01   1.58255e-01   4.77333e+02
          2715   4.83233e+02   2.71500e+03   6.92023e+01   1.58205e-01   4.77500e+02
          2716   4.83394e+02   2.71600e+03   6.92153e+01   1.58275e-01   4.77667e+02
          2717   4.83564e+02   2.71700e+03   6.92311e+01   1.58349e-01   4.77833e+02
          2718   4.83728e+02   2.71800e+03   6.92463e+01   1.58454e-01   4.78000e+02
          2719   4.83896e+02   2.71900e+03   6.92613e+01   1.58576e-01   4.78167e+02
          2720   4.84058e+02   2.72000e+03   6.92759e+01   1.58781e-01   4.78333e+02
          2721   4.84224e+02   2.72100e+03   6.92903e+01   1.58895e-01   4.78500e+02
          2722   4.84395e+02   2.72200e+03   6.93041e+01   1.58961e-01   4.78667e+02
          2723   4.84566e+02   2.72300e+03   6.93167e+01   1.59001e-01   4.78833e+02
          2724   4.84732e+02   2.72400e+03   6.93308e+01   1.58907e-01   4.79000e+02
          2725   4.84895e+02   2.72500e+03   6.93428e+01   1.58812e-01   4.79167e+02
          2726   4.85063e+02   2.72600e+03   6.93542e+01   1.58690e-01   4.79333e+02
          2727   4.85224e+02   2.72700e+03   6.93655e+01   1.58554e-01   4.79500e+02
          2728   4.85388e+02   2.72800e+03   6.93722e+01   1.58323e-01   4.79667e+02
          2729   4.85558e+02   2.72900e+03   6.93845e+01   1.58178e-01   4.79833e+02
          2730   4.85723e+02   2.73000e+03   6.93987e+01   1.58085e-01   4.80000e+02
          2731   4.85887e+02   2.73100e+03   6.94123e+01   1.58024e-01   4.80167e+02
          2732   4.86052e+02   2.73200e+03   6.94271e+01   1.58103e-01   4.80333e+02
          2733   4.86221e+02   2.73300e+03   6.94443e+01   1.58187e-01   4.80500e+02
          2734   4.86384e+02   2.73400e+03   6.94627e+01   1.58298e-01   4.80667e+02
          2735   4.86549e+02   2.73500e+03   6.94825e+01   1.58427e-01   4.80833e+02
          2736   4.86718e+02   2.73600e+03   6.95047e+01   1.58680e-01   4.81000e+02
          2737   4.86888e+02   2.73700e+03   6.95217e+01   1.58825e-01   4.81167e+02
          2738   4.87058e+02   2.73800e+03   6.95400e+01   1.58912e-01   4.81333e+02
          2739   4.87223e+02   2.73900e+03   6.95586e+01   1.58962e-01   4.81500e+02
          2740   4.87388e+02   2.74000e+03   6.95815e+01   1.58862e-01   4.81667e+02
          2741   4.87556e+02   2.74100e+03   6.96024e+01   1.58771e-01   4.81833e+02
          2742   4.87726e+02   2.74200e+03   6.96227e+01   1.58657e-01   4.82000e+02
          2743   4.87895e+02   2.74300e+03   6.96449e+01   1.58524e-01   4.82167e+02
          2744   4.88063e+02   2.74400e+03   6.96680e+01   1.58279e-01   4.82333e+02
          2745   4.88218e+02   2.74500e+03   6.96894e+01   1.58142e-01   4.82500e+02
          2746   4.88388e+02   2.74600e+03   6.97120e+01   1.58062e-01   4.82667e+02
          2747   4.88557e+02   2.74700e+03   6.97357e+01   1.58017e-01   4.82833e+02
          2748   4.88723e+02   2.74800e+03   6.97607e+01   1.58126e-01   4.83000e+02
          2749   4.88890e+02   2.74900e+03   6.97852e+01   1.58224e-01   4.83167e+02
          2750   4.89059e+02   2.75000e+03   6.98094e+01   1.58346e-01   4.83333e+02
          2751   4.89225e+02   2.75100e+03   6.98313e+01   1.58484e-01   4.83500e+02
          2752   4.89399e+02   2.75200e+03   6.98518e+01   1.58729e-01   4.83667e+02
          2753   4.89562e+02   2.75300e+03   6.98722e+01   1.58878e-01   4.83833e+02
          2754   4.89724e+02   2.75400e+03   6.98929e+01   1.58974e-01   4.84000e+02
          2755   4.89897e+02   2.75500e+03   6.99124e+01   1.59041e-01   4.84167e+02
          2756   4.90062e+02   2.75600e+03   6.99266e+01   1.58974e-01   4.84333e+02
          2757   4.90227e+02   2.75700e+03   6.99417e+01   1.58900e-01   4.84500e+02
          2758   4.90400e+02   2.75800e+03   6.99566e+01   1.58791e-01   4.84667e+02
          2759   4.90566e+02   2.75900e+03   6.99712e+01   1.58664e-01   4.84833e+02
          2760   4.90718e+02   2.76000e+03   6.99785e+01   1.58415e-01   4.85000e+02
          2761   4.90891e+02   2.76100e+03   6.99910e+01   1.58266e-01   4.85167e+02
          2762   4.91060e+02   2.76200e+03   7.00021e+01   1.58178e-01   4.85333e+02
          2763   4.91230e+02   2.76300e+03   7.00126e+01   1.58125e-01   4.85500e+02
          2764   4.91389e+02   2.76400e+03   7.00244e+01   1.58200e-01   4.85667e+02
          2765   4.91555e+02   2.76500e+03   7.00387e+01   1.58279e-01   4.85833e+02
          2766   4.91718e+02   2.76600e+03   7.00555e+01   1.58383e-01   4.86000e+02
          2767   4.91885e+02   2.76700e+03   7.00738e+01   1.58504e-01   4.86167e+02
          2768   4.92054e+02   2.76800e+03   7.00905e+01   1.58755e-01   4.86333e+02
          2769   4.92224e+02   2.76900e+03   7.01066e+01   1.58912e-01   4.86500e+02
          2770   4.92384e+02   2.77000e+03   7.01216e+01   1.59020e-01   4.86667e+02
          2771   4.92544e+02   2.77100e+03   7.01364e+01   1.59096e-01   4.86833e+02
          2772   4.92713e+02   2.77200e+03   7.01571e+01   1.59046e-01   4.87000e+02
          2773   4.92885e+02   2.77300e+03   7.01753e+01   1.58999e-01   4.87167e+02
          2774   4.93054e+02   2.77400e+03   7.01929e+01   1.58921e-01   4.87333e+02
          2775   4.93226e+02   2.77500e+03   7.02104e+01   1.58817e-01   4.87500e+02
          2776   4.93393e+02   2.77600e+03   7.02301e+01   1.58587e-01   4.87667e+02
          2777   4.93554e+02   2.77700e+03   7.02477e+01   1.58446e-01   4.87833e+02
          2778   4.93720e+02   2.77800e+03   7.02647e+01   1.58353e-01   4.88000e+02
          2779   4.93886e+02   2.77900e+03   7.02816e+01   1.58290e-01   4.88167e+02
          2780   4.94051e+02   2.78000e+03   7.02975e+01   1.58332e-01   4.88333e+02
          2781   4.94218e+02   2.78100e+03   7.03179e+01   1.58386e-01   4.88500e+02
          2782   4.94388e+02   2.78200e+03   7.03416e+01   1.58471e-01   4.88667e+02
          2783   4.94554e+02   2.78300e+03   7.03681e+01   1.58578e-01   4.88833e+02
          2784   4.94716e+02   2.78400e+03   7.03933e+01   1.58815e-01   4.89000e+02
          2785   4.94883e+02   2.78500e+03   7.04160e+01   1.58966e-01   4.89167e+02
          2786   4.95054e+02   2.78600e+03   7.04402e+01   1.59073e-01   4.89333e+02
          2787   4.95216e+02   2.78700e+03   7.04647e+01   1.59151e-01   4.89500e+02
          2788   4.95385e+02   2.78800e+03   7.04946e+01   1.59118e-01   4.89667e+02
          2789   4.95555e+02   2.78900e+03   7.05184e+01   1.59052e-01   4.89833e+02
          2790   4.95725e+02   2.79000e+03   7.05407e+01   1.58945e-01   4.90000e+02
          2791   4.95896e+02   2.79100e+03   7.05624e+01   1.58818e-01   4.90167e+02
          2792   4.96067e+02   2.79200e+03   7.05853e+01   1.58541e-01   4.90333e+02
          2793   4.96220e+02   2.79300e+03   7.06049e+01   1.58375e-01   4.90500e+02
          2794   4.96394e+02   2.79400e+03   7.06239e+01   1.58269e-01   4.90667e+02
          2795   4.96565e+02   2.79500e+03   7.06415e+01   1.58196e-01   4.90833e+02
          2796   4.96726e+02   2.79600e+03   7.06484e+01   1.58263e-01   4.91000e+02
          2797   4.96890e+02   2.79700e+03   7.06600e+01   1.58347e-01   4.91167e+02
          2798   4.97057e+02   2.79800e+03   7.06710e+01   1.58459e-01   4.91333e+02
          2799   4.97224e+02   2.79900e+03   7.06796e+01   1.58588e-01   4.91500e+02
          2800   4.97389e+02   2.80000e+03   7.06859e+01   1.58866e-01   4.91667e+02
          2801   4.97554e+02   2.80100e+03   7.06969e+01   1.59038e-01   4.91833e+02
          2802   4.97722e+02   2.80200e+03   7.07083e+01   1.59159e-01   4.92000e+02
          2803   4.97886e+02   2.80300e+03   7.07206e+01   1.59244e-01   4.92167e+02
          2804   4.98052e+02   2.80400e+03   7.07286e+01   1.59196e-01   4.92333e+02
          2805   4.98215e+02   2.80500e+03   7.07423e+01   1.59146e-01   4.92500e+02
          2806   4.98379e+02   2.80600e+03   7.07583e+01   1.59059e-01   4.92667e+02
          2807   4.98542e+02   2.80700e+03   7.07737e+01   1.58946e-01   4.92833e+02
          2808   4.98710e+02   2.80800e+03   7.07962e+01   1.58711e-01   4.93000e+02
          2809   4.98880e+02   2.80900e+03   7.08179e+01   1.58568e-01   4.93167e+02
          2810   4.99048e+02   2.81000e+03   7.08402e+01   1.58464e-01   4.93333e+02
          2811   4.99212e+02   2.81100e+03   7.08616e+01   1.58384e-01   4.93500e+02
          2812   4.99379e+02   2.81200e+03   7.08911e+01   1.58412e-01   4.93667e+02
          2813   4.99550e+02   2.81300e+03   7.09110e+01   1.58454e-01   4.93833e+02
          2814   4.99717e+02   2.81400e+03   7.09280e+01   1.58533e-01   4.94000e+02
          2815   4.99889e+02   2.81500e+03   7.09433e+01   1.58634e-01   4.94167e+02
          2816   5.00055e+02   2.81600e+03   7.09594e+01   1.58861e-01   4.94333e+02
          2817   5.00224e+02   2.81700e+03   7.09729e+01   1.59012e-01   4.94500e+02
          2818   5.00392e+02   2.81800e+03   7.09871e+01   1.59124e-01   4.94667e+02
          2819   5.00558e+02   2.81900e+03   7.10023e+01   1.59213e-01   4.94833e+02
          2820   5.00723e+02   2.82000e+03   7.10091e+01   1.59207e-01   4.95000e+02
          2821   5.00883e+02   2.82100e+03   7.10237e+01   1.59163e-01   4.95167e+02
          2822   5.01050e+02   2.82200e+03   7.10396e+01   1.59083e-01   4.95333e+02
          2823   5.01216e+02   2.82300e+03   7.10558e+01   1.58982e-01   4.95500e+02
          2824   5.01377e+02   2.82400e+03   7.10695e+01   1.58726e-01   4.95667e+02
          2825   5.01543e+02   2.82500e+03   7.10867e+01   1.58570e-01   4.95833e+02
          2826   5.01710e+02   2.82600e+03   7.11047e+01   1.58456e-01   4.96000e+02
          2827   5.01882e+02   2.82700e+03   7.11229e+01   1.58367e-01   4.96167e+02
          2828   5.02047e+02   2.82800e+03   7.11522e+01   1.58394e-01   4.96333e+02
          2829   5.02215e+02   2.82900e+03   7.11727e+01   1.58448e-01   4.96500e+02
          2830   5.02380e+02   2.83000e+03   7.11906e+01   1.58538e-01   4.96667e+02
          2831   5.02550e+02   2.83100e+03   7.12090e+01   1.58650e-01   4.96833e+02
          2832   5.02716e+02   2.83200e+03   7.12288e+01   1.58914e-01   4.97000e+02
          2833   5.02887e+02   2.83300e+03   7.12470e+01   1.59079e-01   4.97167e+02
          2834   5.03051e+02   2.83400e+03   7.12642e+01   1.59192e-01   4.97333e+02
          2835   5.03219e+02   2.83500e+03   7.12821e+01   1.59270e-01   4.97500e+02
          2836   5.03385e+02   2.83600e+03   7.12924e+01   1.59228e-01   4.97667e+02
          2837   5.03552e+02   2.83700e+03   7.13046e+01   1.59167e-01   4.97833e+02
          2838   5.03714e+02   2.83800e+03   7.13168e+01   1.59063e-01   4.98000e+02
          2839   5.03879e+02   2.83900e+03   7.13289e+01   1.58934e-01   4.98167e+02
          2840   5.04053e+02   2.84000e+03   7.13333e+01   1.58671e-01   4.98333e+02
          2841   5.04216e+02   2.84100e+03   7.13410e+01   1.58521e-01   4.98500e+02
          2842   5.04380e+02   2.84200e+03   7.13487e+01   1.58431e-01   4.98667e+02
          2843   5.04549e+02   2.84300e+03   7.13558e+01   1.58393e-01   4.98833e+02
          2844   5.04710e+02   2.84400e+03   7.13620e+01   1.58408e-01   4.99000e+02
          2845   5.04876e+02   2.84500e+03   7.13674e+01   1.58484e-01   4.99167e+02
          2846   5.05042e+02   2.84600e+03   7.13722e+01   1.58618e-01   4.99333e+02
          2847   5.05207e+02   2.84700e+03   7.13763e+01   1.58791e-01   4.99500e+02
          2848   5.05371e+02   2.84800e+03   7.13798e+01   1.58985e-01   4.99667e+02
          2849   5.05532e+02   2.84900e+03   7.13822e+01   1.59177e-01   4.99833e+02
          2850   5.05709e+02   2.85000e+03   7.13831e+01   1.59362e-01   5.00000e+02
LUB457, 11.02.2026 10:03:11
