         Index            Ts             t            HF        Weight            Tr
           [#]          [°C]           [s]          [mW]          [mg]          [°C]
             0   3.19834e+01   0.00000e+00   2.89190e+01   5.70908e+00   2.50000e+01
             1   3.19942e+01   1.00000e+00   2.87084e+01   5.70929e+00   2.51667e+01
             2   3.20231e+01   2.00000e+00   2.86012e+01   5.70965e+00   2.53333e+01
             3   3.21058e+01   3.00000e+00   2.85231e+01   5.71010e+00   2.55000e+01
             4   3.22276e+01   4.00000e+00   2.83621e+01   5.71091e+00   2.56667e+01
             5   3.23688e+01   5.00000e+00   2.83168e+01   5.71162e+00   2.58333e+01
             6   3.25368e+01   6.00000e+00   2.83097e+01   5.71230e+00   2.60000e+01
             7   3.26992e+01   7.00000e+00   2.83173e+01   5.71299e+00   2.61667e+01
             8   3.28861e+01   8.00000e+00   2.84607e+01   5.71382e+00   2.63333e+01
             9   3.30687e+01   9.00000e+00   2.85314e+01   5.71453e+00   2.65000e+01
            10   3.32536e+01   1.00000e+01   2.85965e+01   5.71519e+00   2.66667e+01
            11   3.34730e+01   1.10000e+01   2.86707e+01   5.71582e+00   2.68333e+01
            12   3.36872e+01   1.20000e+01   2.88899e+01   5.71628e+00   2.70000e+01
            13   3.38887e+01   1.30000e+01   2.90401e+01   5.71676e+00   2.71667e+01
            14   3.41029e+01   1.40000e+01   2.91884e+01   5.71722e+00   2.73333e+01
            15   3.43177e+01   1.50000e+01   2.93439e+01   5.71764e+00   2.75000e+01
            16   3.45335e+01   1.60000e+01   2.96017e+01   5.71788e+00   2.76667e+01
            17   3.47565e+01   1.70000e+01   2.98088e+01   5.71813e+00   2.78333e+01
            18   3.49837e+01   1.80000e+01   3.00093e+01   5.71834e+00   2.80000e+01
            19   3.51917e+01   1.90000e+01   3.02127e+01   5.71853e+00   2.81667e+01
            20   3.54118e+01   2.00000e+01   3.04803e+01   5.71860e+00   2.83333e+01
            21   3.56497e+01   2.10000e+01   3.07150e+01   5.71874e+00   2.85000e+01
            22   3.58669e+01   2.20000e+01   3.09442e+01   5.71890e+00   2.86667e+01
            23   3.60908e+01   2.30000e+01   3.11754e+01   5.71905e+00   2.88333e+01
            24   3.63151e+01   2.40000e+01   3.14449e+01   5.71922e+00   2.90000e+01
            25   3.65410e+01   2.50000e+01   3.16946e+01   5.71936e+00   2.91667e+01
            26   3.67627e+01   2.60000e+01   3.19404e+01   5.71950e+00   2.93333e+01
            27   3.69821e+01   2.70000e+01   3.21872e+01   5.71962e+00   2.95000e+01
            28   3.71979e+01   2.80000e+01   3.24462e+01   5.71973e+00   2.96667e+01
            29   3.74099e+01   2.90000e+01   3.26988e+01   5.71986e+00   2.98333e+01
            30   3.76367e+01   3.00000e+01   3.29509e+01   5.71998e+00   3.00000e+01
            31   3.78545e+01   3.10000e+01   3.32041e+01   5.72009e+00   3.01667e+01
            32   3.80782e+01   3.20000e+01   3.34636e+01   5.72020e+00   3.03333e+01
            33   3.82930e+01   3.30000e+01   3.37181e+01   5.72030e+00   3.05000e+01
            34   3.85156e+01   3.40000e+01   3.39705e+01   5.72039e+00   3.06667e+01
            35   3.87334e+01   3.50000e+01   3.42226e+01   5.72047e+00   3.08333e+01
            36   3.89603e+01   3.60000e+01   3.44765e+01   5.72057e+00   3.10000e+01
            37   3.91628e+01   3.70000e+01   3.47290e+01   5.72069e+00   3.11667e+01
            38   3.93900e+01   3.80000e+01   3.49802e+01   5.72084e+00   3.13333e+01
            39   3.96071e+01   3.90000e+01   3.52318e+01   5.72099e+00   3.15000e+01
            40   3.98256e+01   4.00000e+01   3.54786e+01   5.72118e+00   3.16667e+01
            41   4.00339e+01   4.10000e+01   3.57248e+01   5.72133e+00   3.18333e+01
            42   4.02490e+01   4.20000e+01   3.59696e+01   5.72147e+00   3.20000e+01
            43   4.04613e+01   4.30000e+01   3.62136e+01   5.72160e+00   3.21667e+01
            44   4.06774e+01   4.40000e+01   3.64495e+01   5.72170e+00   3.23333e+01
            45   4.09050e+01   4.50000e+01   3.66883e+01   5.72180e+00   3.25000e+01
            46   4.11052e+01   4.60000e+01   3.69251e+01   5.72189e+00   3.26667e+01
            47   4.13259e+01   4.70000e+01   3.71603e+01   5.72198e+00   3.28333e+01
            48   4.15349e+01   4.80000e+01   3.73828e+01   5.72205e+00   3.30000e+01
            49   4.17445e+01   4.90000e+01   3.76100e+01   5.72213e+00   3.31667e+01
            50   4.19460e+01   5.00000e+01   3.78362e+01   5.72220e+00   3.33333e+01
            51   4.21595e+01   5.10000e+01   3.80593e+01   5.72227e+00   3.35000e+01
            52   4.23705e+01   5.20000e+01   3.82653e+01   5.72234e+00   3.36667e+01
            53   4.25775e+01   5.30000e+01   3.84781e+01   5.72241e+00   3.38333e+01
            54   4.27917e+01   5.40000e+01   3.86900e+01   5.72248e+00   3.40000e+01
            55   4.29873e+01   5.50000e+01   3.88989e+01   5.72255e+00   3.41667e+01
            56   4.31888e+01   5.60000e+01   3.90903e+01   5.72260e+00   3.43333e+01
            57   4.33936e+01   5.70000e+01   3.92900e+01   5.72266e+00   3.45000e+01
            58   4.36100e+01   5.80000e+01   3.94884e+01   5.72271e+00   3.46667e+01
            59   4.38073e+01   5.90000e+01   3.96840e+01   5.72276e+00   3.48333e+01
            60   4.40000e+01   6.00000e+01   3.98588e+01   5.72280e+00   3.50000e+01
            61   4.41953e+01   6.10000e+01   4.00415e+01   5.72284e+00   3.51667e+01
            62   4.44066e+01   6.20000e+01   4.02241e+01   5.72287e+00   3.53333e+01
            63   4.45987e+01   6.30000e+01   4.04044e+01   5.72290e+00   3.55000e+01
            64   4.47875e+01   6.40000e+01   4.05644e+01   5.72292e+00   3.56667e+01
            65   4.49965e+01   6.50000e+01   4.07313e+01   5.72295e+00   3.58333e+01
            66   4.51999e+01   6.60000e+01   4.08981e+01   5.72297e+00   3.60000e+01
            67   4.53871e+01   6.70000e+01   4.10622e+01   5.72300e+00   3.61667e+01
            68   4.55765e+01   6.80000e+01   4.12019e+01   5.72302e+00   3.63333e+01
            69   4.57676e+01   6.90000e+01   4.13509e+01   5.72304e+00   3.65000e+01
            70   4.59587e+01   7.00000e+01   4.14999e+01   5.72306e+00   3.66667e+01
            71   4.61540e+01   7.10000e+01   4.16474e+01   5.72307e+00   3.68333e+01
            72   4.63379e+01   7.20000e+01   4.17728e+01   5.72308e+00   3.70000e+01
            73   4.65170e+01   7.30000e+01   4.19076e+01   5.72310e+00   3.71667e+01
            74   4.67146e+01   7.40000e+01   4.20422e+01   5.72310e+00   3.73333e+01
            75   4.69024e+01   7.50000e+01   4.21744e+01   5.72309e+00   3.75000e+01
            76   4.70801e+01   7.60000e+01   4.22846e+01   5.72303e+00   3.76667e+01
            77   4.72605e+01   7.70000e+01   4.24034e+01   5.72296e+00   3.78333e+01
            78   4.74525e+01   7.80000e+01   4.25209e+01   5.72289e+00   3.80000e+01
            79   4.76342e+01   7.90000e+01   4.26354e+01   5.72282e+00   3.81667e+01
            80   4.78236e+01   8.00000e+01   4.27324e+01   5.72274e+00   3.83333e+01
            81   4.80013e+01   8.10000e+01   4.28375e+01   5.72271e+00   3.85000e+01
            82   4.81833e+01   8.20000e+01   4.29427e+01   5.72270e+00   3.86667e+01
            83   4.83669e+01   8.30000e+01   4.30463e+01   5.72270e+00   3.88333e+01
            84   4.85388e+01   8.40000e+01   4.31258e+01   5.72278e+00   3.90000e+01
            85   4.87204e+01   8.50000e+01   4.32128e+01   5.72280e+00   3.91667e+01
            86   4.88968e+01   8.60000e+01   4.32994e+01   5.72283e+00   3.93333e+01
            87   4.90710e+01   8.70000e+01   4.33852e+01   5.72285e+00   3.95000e+01
            88   4.92432e+01   8.80000e+01   4.34520e+01   5.72286e+00   3.96667e+01
            89   4.94258e+01   8.90000e+01   4.35267e+01   5.72289e+00   3.98333e+01
            90   4.96114e+01   9.00000e+01   4.36012e+01   5.72294e+00   4.00000e+01
            91   4.97813e+01   9.10000e+01   4.36745e+01   5.72298e+00   4.01667e+01
            92   4.99502e+01   9.20000e+01   4.37298e+01   5.72302e+00   4.03333e+01
            93   5.01192e+01   9.30000e+01   4.37937e+01   5.72303e+00   4.05000e+01
            94   5.02777e+01   9.40000e+01   4.38585e+01   5.72303e+00   4.06667e+01
            95   5.04616e+01   9.50000e+01   4.39223e+01   5.72303e+00   4.08333e+01
            96   5.06374e+01   9.60000e+01   4.39691e+01   5.72299e+00   4.10000e+01
            97   5.08008e+01   9.70000e+01   4.40223e+01   5.72298e+00   4.11667e+01
            98   5.09730e+01   9.80000e+01   4.40773e+01   5.72296e+00   4.13333e+01
            99   5.11394e+01   9.90000e+01   4.41317e+01   5.72295e+00   4.15000e+01
           100   5.13138e+01   1.00000e+02   4.41743e+01   5.72295e+00   4.16667e+01
           101   5.14828e+01   1.01000e+02   4.42226e+01   5.72296e+00   4.18333e+01
           102   5.16595e+01   1.02000e+02   4.42714e+01   5.72298e+00   4.20000e+01
           103   5.18262e+01   1.03000e+02   4.43183e+01   5.72301e+00   4.21667e+01
           104   5.19880e+01   1.04000e+02   4.43547e+01   5.72307e+00   4.23333e+01
           105   5.21511e+01   1.05000e+02   4.43954e+01   5.72309e+00   4.25000e+01
           106   5.23174e+01   1.06000e+02   4.44359e+01   5.72311e+00   4.26667e+01
           107   5.24932e+01   1.07000e+02   4.44758e+01   5.72313e+00   4.28333e+01
           108   5.26634e+01   1.08000e+02   4.45096e+01   5.72320e+00   4.30000e+01
           109   5.28255e+01   1.09000e+02   4.45470e+01   5.72328e+00   4.31667e+01
           110   5.30078e+01   1.10000e+02   4.45838e+01   5.72337e+00   4.33333e+01
           111   5.31573e+01   1.11000e+02   4.46195e+01   5.72348e+00   4.35000e+01
           112   5.33272e+01   1.12000e+02   4.46454e+01   5.72368e+00   4.36667e+01
           113   5.34939e+01   1.13000e+02   4.46757e+01   5.72380e+00   4.38333e+01
           114   5.36599e+01   1.14000e+02   4.47062e+01   5.72386e+00   4.40000e+01
           115   5.38239e+01   1.15000e+02   4.47366e+01   5.72390e+00   4.41667e+01
           116   5.39903e+01   1.16000e+02   4.47618e+01   5.72387e+00   4.43333e+01
           117   5.41602e+01   1.17000e+02   4.47895e+01   5.72385e+00   4.45000e+01
           118   5.43230e+01   1.18000e+02   4.48177e+01   5.72383e+00   4.46667e+01
           119   5.44890e+01   1.19000e+02   4.48460e+01   5.72380e+00   4.48333e+01
           120   5.46498e+01   1.20000e+02   4.48645e+01   5.72372e+00   4.50000e+01
           121   5.48184e+01   1.21000e+02   4.48867e+01   5.72370e+00   4.51667e+01
           122   5.49795e+01   1.22000e+02   4.49090e+01   5.72368e+00   4.53333e+01
           123   5.51416e+01   1.23000e+02   4.49308e+01   5.72365e+00   4.55000e+01
           124   5.53077e+01   1.24000e+02   4.49512e+01   5.72369e+00   4.56667e+01
           125   5.54730e+01   1.25000e+02   4.49719e+01   5.72373e+00   4.58333e+01
           126   5.56364e+01   1.26000e+02   4.49907e+01   5.72379e+00   4.60000e+01
           127   5.58155e+01   1.27000e+02   4.50093e+01   5.72384e+00   4.61667e+01
           128   5.59633e+01   1.28000e+02   4.50238e+01   5.72390e+00   4.63333e+01
           129   5.61264e+01   1.29000e+02   4.50394e+01   5.72396e+00   4.65000e+01
           130   5.62907e+01   1.30000e+02   4.50548e+01   5.72402e+00   4.66667e+01
           131   5.64516e+01   1.31000e+02   4.50698e+01   5.72407e+00   4.68333e+01
           132   5.66153e+01   1.32000e+02   4.50833e+01   5.72406e+00   4.70000e+01
           133   5.67846e+01   1.33000e+02   4.50986e+01   5.72403e+00   4.71667e+01
           134   5.69402e+01   1.34000e+02   4.51135e+01   5.72398e+00   4.73333e+01
           135   5.70977e+01   1.35000e+02   4.51274e+01   5.72393e+00   4.75000e+01
           136   5.72719e+01   1.36000e+02   4.51374e+01   5.72382e+00   4.76667e+01
           137   5.74252e+01   1.37000e+02   4.51500e+01   5.72377e+00   4.78333e+01
           138   5.75876e+01   1.38000e+02   4.51632e+01   5.72374e+00   4.80000e+01
           139   5.77474e+01   1.39000e+02   4.51771e+01   5.72373e+00   4.81667e+01
           140   5.79144e+01   1.40000e+02   4.51921e+01   5.72379e+00   4.83333e+01
           141   5.80886e+01   1.41000e+02   4.52061e+01   5.72384e+00   4.85000e+01
           142   5.82442e+01   1.42000e+02   4.52186e+01   5.72389e+00   4.86667e+01
           143   5.84073e+01   1.43000e+02   4.52311e+01   5.72393e+00   4.88333e+01
           144   5.85541e+01   1.44000e+02   4.52432e+01   5.72399e+00   4.90000e+01
           145   5.87295e+01   1.45000e+02   4.52561e+01   5.72402e+00   4.91667e+01
           146   5.89004e+01   1.46000e+02   4.52691e+01   5.72405e+00   4.93333e+01
           147   5.90557e+01   1.47000e+02   4.52819e+01   5.72408e+00   4.95000e+01
           148   5.92240e+01   1.48000e+02   4.52939e+01   5.72408e+00   4.96667e+01
           149   5.93923e+01   1.49000e+02   4.53052e+01   5.72409e+00   4.98333e+01
           150   5.95469e+01   1.50000e+02   4.53167e+01   5.72410e+00   5.00000e+01
           151   5.96999e+01   1.51000e+02   4.53281e+01   5.72411e+00   5.01667e+01
           152   5.98770e+01   1.52000e+02   4.53336e+01   5.72413e+00   5.03333e+01
           153   6.00303e+01   1.53000e+02   4.53407e+01   5.72416e+00   5.05000e+01
           154   6.01983e+01   1.54000e+02   4.53476e+01   5.72418e+00   5.06667e+01
           155   6.03575e+01   1.55000e+02   4.53537e+01   5.72421e+00   5.08333e+01
           156   6.05153e+01   1.56000e+02   4.53573e+01   5.72424e+00   5.10000e+01
           157   6.06729e+01   1.57000e+02   4.53652e+01   5.72426e+00   5.11667e+01
           158   6.08363e+01   1.58000e+02   4.53741e+01   5.72428e+00   5.13333e+01
           159   6.10075e+01   1.59000e+02   4.53831e+01   5.72430e+00   5.15000e+01
           160   6.11638e+01   1.60000e+02   4.53895e+01   5.72433e+00   5.16667e+01
           161   6.13207e+01   1.61000e+02   4.53961e+01   5.72437e+00   5.18333e+01
           162   6.14773e+01   1.62000e+02   4.54024e+01   5.72441e+00   5.20000e+01
           163   6.16377e+01   1.63000e+02   4.54093e+01   5.72445e+00   5.21667e+01
           164   6.17956e+01   1.64000e+02   4.54182e+01   5.72451e+00   5.23333e+01
           165   6.19721e+01   1.65000e+02   4.54255e+01   5.72455e+00   5.25000e+01
           166   6.21400e+01   1.66000e+02   4.54322e+01   5.72458e+00   5.26667e+01
           167   6.22976e+01   1.67000e+02   4.54393e+01   5.72461e+00   5.28333e+01
           168   6.24649e+01   1.68000e+02   4.54456e+01   5.72462e+00   5.30000e+01
           169   6.26192e+01   1.69000e+02   4.54499e+01   5.72463e+00   5.31667e+01
           170   6.27728e+01   1.70000e+02   4.54535e+01   5.72466e+00   5.33333e+01
           171   6.29408e+01   1.71000e+02   4.54575e+01   5.72469e+00   5.35000e+01
           172   6.31045e+01   1.72000e+02   4.54594e+01   5.72472e+00   5.36667e+01
           173   6.32650e+01   1.73000e+02   4.54627e+01   5.72475e+00   5.38333e+01
           174   6.34183e+01   1.74000e+02   4.54655e+01   5.72479e+00   5.40000e+01
           175   6.35876e+01   1.75000e+02   4.54682e+01   5.72485e+00   5.41667e+01
           176   6.37491e+01   1.76000e+02   4.54682e+01   5.72498e+00   5.43333e+01
           177   6.39004e+01   1.77000e+02   4.54698e+01   5.72509e+00   5.45000e+01
           178   6.40541e+01   1.78000e+02   4.54716e+01   5.72518e+00   5.46667e+01
           179   6.42276e+01   1.79000e+02   4.54741e+01   5.72525e+00   5.48333e+01
           180   6.43832e+01   1.80000e+02   4.54768e+01   5.72533e+00   5.50000e+01
           181   6.45511e+01   1.81000e+02   4.54796e+01   5.72538e+00   5.51667e+01
           182   6.47074e+01   1.82000e+02   4.54819e+01   5.72542e+00   5.53333e+01
           183   6.48630e+01   1.83000e+02   4.54841e+01   5.72544e+00   5.55000e+01
           184   6.50309e+01   1.84000e+02   4.54851e+01   5.72539e+00   5.56667e+01
           185   6.51882e+01   1.85000e+02   4.54864e+01   5.72539e+00   5.58333e+01
           186   6.53470e+01   1.86000e+02   4.54879e+01   5.72539e+00   5.60000e+01
           187   6.55098e+01   1.87000e+02   4.54896e+01   5.72541e+00   5.61667e+01
           188   6.56751e+01   1.88000e+02   4.54907e+01   5.72567e+00   5.63333e+01
           189   6.58350e+01   1.89000e+02   4.54897e+01   5.72601e+00   5.65000e+01
           190   6.59938e+01   1.90000e+02   4.54892e+01   5.72633e+00   5.66667e+01
           191   6.61549e+01   1.91000e+02   4.54889e+01   5.72657e+00   5.68333e+01
           192   6.63112e+01   1.92000e+02   4.54849e+01   5.72687e+00   5.70000e+01
           193   6.64736e+01   1.93000e+02   4.54838e+01   5.72695e+00   5.71667e+01
           194   6.66351e+01   1.94000e+02   4.54829e+01   5.72693e+00   5.73333e+01
           195   6.67982e+01   1.95000e+02   4.54822e+01   5.72688e+00   5.75000e+01
           196   6.69596e+01   1.96000e+02   4.54814e+01   5.72643e+00   5.76667e+01
           197   6.71029e+01   1.97000e+02   4.54813e+01   5.72622e+00   5.78333e+01
           198   6.72679e+01   1.98000e+02   4.54812e+01   5.72606e+00   5.80000e+01
           199   6.74395e+01   1.99000e+02   4.54807e+01   5.72591e+00   5.81667e+01
           200   6.75899e+01   2.00000e+02   4.54804e+01   5.72589e+00   5.83333e+01
           201   6.77539e+01   2.01000e+02   4.54793e+01   5.72585e+00   5.85000e+01
           202   6.79183e+01   2.02000e+02   4.54785e+01   5.72581e+00   5.86667e+01
           203   6.80759e+01   2.03000e+02   4.54778e+01   5.72579e+00   5.88333e+01
           204   6.82419e+01   2.04000e+02   4.54771e+01   5.72584e+00   5.90000e+01
           205   6.84044e+01   2.05000e+02   4.54753e+01   5.72586e+00   5.91667e+01
           206   6.85609e+01   2.06000e+02   4.54740e+01   5.72588e+00   5.93333e+01
           207   6.87211e+01   2.07000e+02   4.54723e+01   5.72590e+00   5.95000e+01
           208   6.88754e+01   2.08000e+02   4.54661e+01   5.72593e+00   5.96667e+01
           209   6.90352e+01   2.09000e+02   4.54616e+01   5.72597e+00   5.98333e+01
           210   6.91990e+01   2.10000e+02   4.54578e+01   5.72600e+00   6.00000e+01
           211   6.93601e+01   2.11000e+02   4.54543e+01   5.72603e+00   6.01667e+01
           212   6.95216e+01   2.12000e+02   4.54509e+01   5.72607e+00   6.03333e+01
           213   6.96729e+01   2.13000e+02   4.54483e+01   5.72610e+00   6.05000e+01
           214   6.98419e+01   2.14000e+02   4.54459e+01   5.72612e+00   6.06667e+01
           215   7.00023e+01   2.15000e+02   4.54430e+01   5.72614e+00   6.08333e+01
           216   7.01570e+01   2.16000e+02   4.54376e+01   5.72616e+00   6.10000e+01
           217   7.03135e+01   2.17000e+02   4.54336e+01   5.72619e+00   6.11667e+01
           218   7.04740e+01   2.18000e+02   4.54297e+01   5.72622e+00   6.13333e+01
           219   7.06364e+01   2.19000e+02   4.54248e+01   5.72625e+00   6.15000e+01
           220   7.08008e+01   2.20000e+02   4.54218e+01   5.72628e+00   6.16667e+01
           221   7.09639e+01   2.21000e+02   4.54180e+01   5.72631e+00   6.18333e+01
           222   7.11241e+01   2.22000e+02   4.54143e+01   5.72633e+00   6.20000e+01
           223   7.12774e+01   2.23000e+02   4.54110e+01   5.72635e+00   6.21667e+01
           224   7.14411e+01   2.24000e+02   4.54066e+01   5.72637e+00   6.23333e+01
           225   7.15964e+01   2.25000e+02   4.54044e+01   5.72640e+00   6.25000e+01
           226   7.17595e+01   2.26000e+02   4.54036e+01   5.72644e+00   6.26667e+01
           227   7.19216e+01   2.27000e+02   4.54027e+01   5.72647e+00   6.28333e+01
           228   7.20729e+01   2.28000e+02   4.54004e+01   5.72652e+00   6.30000e+01
           229   7.22380e+01   2.29000e+02   4.53971e+01   5.72655e+00   6.31667e+01
           230   7.24011e+01   2.30000e+02   4.53929e+01   5.72659e+00   6.33333e+01
           231   7.25625e+01   2.31000e+02   4.53893e+01   5.72663e+00   6.35000e+01
           232   7.27262e+01   2.32000e+02   4.53879e+01   5.72666e+00   6.36667e+01
           233   7.28838e+01   2.33000e+02   4.53843e+01   5.72669e+00   6.38333e+01
           234   7.30504e+01   2.34000e+02   4.53809e+01   5.72671e+00   6.40000e+01
           235   7.32200e+01   2.35000e+02   4.53771e+01   5.72674e+00   6.41667e+01
           236   7.33678e+01   2.36000e+02   4.53700e+01   5.72676e+00   6.43333e+01
           237   7.35319e+01   2.37000e+02   4.53652e+01   5.72679e+00   6.45000e+01
           238   7.36761e+01   2.38000e+02   4.53602e+01   5.72684e+00   6.46667e+01
           239   7.38428e+01   2.39000e+02   4.53561e+01   5.72689e+00   6.48333e+01
           240   7.39990e+01   2.40000e+02   4.53501e+01   5.72696e+00   6.50000e+01
           241   7.41572e+01   2.41000e+02   4.53469e+01   5.72702e+00   6.51667e+01
           242   7.43209e+01   2.42000e+02   4.53447e+01   5.72707e+00   6.53333e+01
           243   7.44883e+01   2.43000e+02   4.53429e+01   5.72712e+00   6.55000e+01
           244   7.46435e+01   2.44000e+02   4.53436e+01   5.72717e+00   6.56667e+01
           245   7.48118e+01   2.45000e+02   4.53410e+01   5.72723e+00   6.58333e+01
           246   7.49638e+01   2.46000e+02   4.53378e+01   5.72728e+00   6.60000e+01
           247   7.51286e+01   2.47000e+02   4.53353e+01   5.72734e+00   6.61667e+01
           248   7.52858e+01   2.48000e+02   4.53338e+01   5.72738e+00   6.63333e+01
           249   7.54489e+01   2.49000e+02   4.53315e+01   5.72741e+00   6.65000e+01
           250   7.56165e+01   2.50000e+02   4.53283e+01   5.72744e+00   6.66667e+01
           251   7.57809e+01   2.51000e+02   4.53245e+01   5.72747e+00   6.68333e+01
           252   7.59355e+01   2.52000e+02   4.53210e+01   5.72748e+00   6.70000e+01
           253   7.60970e+01   2.53000e+02   4.53186e+01   5.72750e+00   6.71667e+01
           254   7.62487e+01   2.54000e+02   4.53156e+01   5.72752e+00   6.73333e+01
           255   7.64131e+01   2.55000e+02   4.53120e+01   5.72755e+00   6.75000e+01
           256   7.65674e+01   2.56000e+02   4.53048e+01   5.72757e+00   6.76667e+01
           257   7.67301e+01   2.57000e+02   4.52987e+01   5.72759e+00   6.78333e+01
           258   7.68978e+01   2.58000e+02   4.52932e+01   5.72762e+00   6.80000e+01
           259   7.70449e+01   2.59000e+02   4.52882e+01   5.72764e+00   6.81667e+01
           260   7.72093e+01   2.60000e+02   4.52814e+01   5.72768e+00   6.83333e+01
           261   7.73812e+01   2.61000e+02   4.52747e+01   5.72771e+00   6.85000e+01
           262   7.75407e+01   2.62000e+02   4.52681e+01   5.72774e+00   6.86667e+01
           263   7.76937e+01   2.63000e+02   4.52611e+01   5.72777e+00   6.88333e+01
           264   7.78512e+01   2.64000e+02   4.52522e+01   5.72780e+00   6.90000e+01
           265   7.80084e+01   2.65000e+02   4.52455e+01   5.72782e+00   6.91667e+01
           266   7.81735e+01   2.66000e+02   4.52395e+01   5.72783e+00   6.93333e+01
           267   7.83297e+01   2.67000e+02   4.52334e+01   5.72785e+00   6.95000e+01
           268   7.84954e+01   2.68000e+02   4.52261e+01   5.72785e+00   6.96667e+01
           269   7.86549e+01   2.69000e+02   4.52181e+01   5.72785e+00   6.98333e+01
           270   7.88060e+01   2.70000e+02   4.52100e+01   5.72786e+00   7.00000e+01
           271   7.89743e+01   2.71000e+02   4.52030e+01   5.72788e+00   7.01667e+01
           272   7.91347e+01   2.72000e+02   4.51974e+01   5.72792e+00   7.03333e+01
           273   7.92913e+01   2.73000e+02   4.51924e+01   5.72796e+00   7.05000e+01
           274   7.94612e+01   2.74000e+02   4.51882e+01   5.72800e+00   7.06667e+01
           275   7.96142e+01   2.75000e+02   4.51844e+01   5.72805e+00   7.08333e+01
           276   7.97770e+01   2.76000e+02   4.51797e+01   5.72812e+00   7.10000e+01
           277   7.99326e+01   2.77000e+02   4.51749e+01   5.72818e+00   7.11667e+01
           278   8.00850e+01   2.78000e+02   4.51701e+01   5.72824e+00   7.13333e+01
           279   8.02523e+01   2.79000e+02   4.51651e+01   5.72829e+00   7.15000e+01
           280   8.04154e+01   2.80000e+02   4.51630e+01   5.72834e+00   7.16667e+01
           281   8.05820e+01   2.81000e+02   4.51577e+01   5.72839e+00   7.18333e+01
           282   8.07445e+01   2.82000e+02   4.51516e+01   5.72843e+00   7.20000e+01
           283   8.09069e+01   2.83000e+02   4.51450e+01   5.72848e+00   7.21667e+01
           284   8.10612e+01   2.84000e+02   4.51356e+01   5.72852e+00   7.23333e+01
           285   8.12240e+01   2.85000e+02   4.51260e+01   5.72856e+00   7.25000e+01
           286   8.13802e+01   2.86000e+02   4.51180e+01   5.72860e+00   7.26667e+01
           287   8.15449e+01   2.87000e+02   4.51114e+01   5.72863e+00   7.28333e+01
           288   8.17015e+01   2.88000e+02   4.50987e+01   5.72866e+00   7.30000e+01
           289   8.18545e+01   2.89000e+02   4.50910e+01   5.72870e+00   7.31667e+01
           290   8.20179e+01   2.90000e+02   4.50845e+01   5.72876e+00   7.33333e+01
           291   8.21794e+01   2.91000e+02   4.50779e+01   5.72881e+00   7.35000e+01
           292   8.23347e+01   2.92000e+02   4.50688e+01   5.72887e+00   7.36667e+01
           293   8.24948e+01   2.93000e+02   4.50601e+01   5.72892e+00   7.38333e+01
           294   8.26475e+01   2.94000e+02   4.50529e+01   5.72896e+00   7.40000e+01
           295   8.28213e+01   2.95000e+02   4.50452e+01   5.72901e+00   7.41667e+01
           296   8.29782e+01   2.96000e+02   4.50429e+01   5.72904e+00   7.43333e+01
           297   8.31404e+01   2.97000e+02   4.50388e+01   5.72907e+00   7.45000e+01
           298   8.33008e+01   2.98000e+02   4.50346e+01   5.72909e+00   7.46667e+01
           299   8.34616e+01   2.99000e+02   4.50300e+01   5.72912e+00   7.48333e+01
           300   8.36234e+01   3.00000e+02   4.50233e+01   5.72914e+00   7.50000e+01
           301   8.37745e+01   3.01000e+02   4.50167e+01   5.72917e+00   7.51667e+01
           302   8.39395e+01   3.02000e+02   4.50099e+01   5.72920e+00   7.53333e+01
           303   8.41081e+01   3.03000e+02   4.50035e+01   5.72923e+00   7.55000e+01
           304   8.42566e+01   3.04000e+02   4.49975e+01   5.72927e+00   7.56667e+01
           305   8.44314e+01   3.05000e+02   4.49907e+01   5.72929e+00   7.58333e+01
           306   8.45925e+01   3.06000e+02   4.49844e+01   5.72932e+00   7.60000e+01
           307   8.47559e+01   3.07000e+02   4.49779e+01   5.72935e+00   7.61667e+01
           308   8.49086e+01   3.08000e+02   4.49688e+01   5.72938e+00   7.63333e+01
           309   8.50687e+01   3.09000e+02   4.49611e+01   5.72943e+00   7.65000e+01
           310   8.52305e+01   3.10000e+02   4.49530e+01   5.72948e+00   7.66667e+01
           311   8.53855e+01   3.11000e+02   4.49446e+01   5.72953e+00   7.68333e+01
           312   8.55486e+01   3.12000e+02   4.49352e+01   5.72960e+00   7.70000e+01
           313   8.56967e+01   3.13000e+02   4.49276e+01   5.72965e+00   7.71667e+01
           314   8.58621e+01   3.14000e+02   4.49214e+01   5.72969e+00   7.73333e+01
           315   8.60320e+01   3.15000e+02   4.49165e+01   5.72973e+00   7.75000e+01
           316   8.61817e+01   3.16000e+02   4.49116e+01   5.72976e+00   7.76667e+01
           317   8.63464e+01   3.17000e+02   4.49058e+01   5.72980e+00   7.78333e+01
           318   8.65072e+01   3.18000e+02   4.48988e+01   5.72984e+00   7.80000e+01
           319   8.66680e+01   3.19000e+02   4.48905e+01   5.72988e+00   7.81667e+01
           320   8.68279e+01   3.20000e+02   4.48852e+01   5.72990e+00   7.83333e+01
           321   8.69893e+01   3.21000e+02   4.48786e+01   5.72993e+00   7.85000e+01
           322   8.71547e+01   3.22000e+02   4.48727e+01   5.72997e+00   7.86667e+01
           323   8.73168e+01   3.23000e+02   4.48680e+01   5.73002e+00   7.88333e+01
           324   8.74822e+01   3.24000e+02   4.48664e+01   5.73006e+00   7.90000e+01
           325   8.76355e+01   3.25000e+02   4.48622e+01   5.73010e+00   7.91667e+01
           326   8.78009e+01   3.26000e+02   4.48558e+01   5.73014e+00   7.93333e+01
           327   8.79480e+01   3.27000e+02   4.48487e+01   5.73019e+00   7.95000e+01
           328   8.81124e+01   3.28000e+02   4.48387e+01   5.73023e+00   7.96667e+01
           329   8.82758e+01   3.29000e+02   4.48311e+01   5.73028e+00   7.98333e+01
           330   8.84308e+01   3.30000e+02   4.48257e+01   5.73033e+00   8.00000e+01
           331   8.86049e+01   3.31000e+02   4.48218e+01   5.73037e+00   8.01667e+01
           332   8.87641e+01   3.32000e+02   4.48214e+01   5.73040e+00   8.03333e+01
           333   8.89308e+01   3.33000e+02   4.48192e+01   5.73042e+00   8.05000e+01
           334   8.90779e+01   3.34000e+02   4.48158e+01   5.73044e+00   8.06667e+01
           335   8.92407e+01   3.35000e+02   4.48131e+01   5.73046e+00   8.08333e+01
           336   8.93985e+01   3.36000e+02   4.48088e+01   5.73047e+00   8.10000e+01
           337   8.95600e+01   3.37000e+02   4.48041e+01   5.73048e+00   8.11667e+01
           338   8.97263e+01   3.38000e+02   4.47989e+01   5.73050e+00   8.13333e+01
           339   8.98894e+01   3.39000e+02   4.47946e+01   5.73052e+00   8.15000e+01
           340   9.00545e+01   3.40000e+02   4.47986e+01   5.73054e+00   8.16667e+01
           341   9.02202e+01   3.41000e+02   4.47973e+01   5.73056e+00   8.18333e+01
           342   9.03803e+01   3.42000e+02   4.47935e+01   5.73060e+00   8.20000e+01
           343   9.05343e+01   3.43000e+02   4.47881e+01   5.73063e+00   8.21667e+01
           344   9.07042e+01   3.44000e+02   4.47804e+01   5.73068e+00   8.23333e+01
           345   9.08631e+01   3.45000e+02   4.47739e+01   5.73071e+00   8.25000e+01
           346   9.10115e+01   3.46000e+02   4.47671e+01   5.73075e+00   8.26667e+01
           347   9.11756e+01   3.47000e+02   4.47610e+01   5.73078e+00   8.28333e+01
           348   9.13436e+01   3.48000e+02   4.47541e+01   5.73081e+00   8.30000e+01
           349   9.15057e+01   3.49000e+02   4.47496e+01   5.73084e+00   8.31667e+01
           350   9.16635e+01   3.50000e+02   4.47458e+01   5.73089e+00   8.33333e+01
           351   9.18136e+01   3.51000e+02   4.47410e+01   5.73093e+00   8.35000e+01
           352   9.19800e+01   3.52000e+02   4.47316e+01   5.73098e+00   8.36667e+01
           353   9.21418e+01   3.53000e+02   4.47252e+01   5.73102e+00   8.38333e+01
           354   9.22960e+01   3.54000e+02   4.47201e+01   5.73106e+00   8.40000e+01
           355   9.24598e+01   3.55000e+02   4.47157e+01   5.73109e+00   8.41667e+01
           356   9.26274e+01   3.56000e+02   4.47127e+01   5.73111e+00   8.43333e+01
           357   9.27872e+01   3.57000e+02   4.47074e+01   5.73114e+00   8.45000e+01
           358   9.29591e+01   3.58000e+02   4.47009e+01   5.73117e+00   8.46667e+01
           359   9.31137e+01   3.59000e+02   4.46937e+01   5.73121e+00   8.48333e+01
           360   9.32726e+01   3.60000e+02   4.46857e+01   5.73125e+00   8.50000e+01
           361   9.34318e+01   3.61000e+02   4.46776e+01   5.73128e+00   8.51667e+01
           362   9.35935e+01   3.62000e+02   4.46693e+01   5.73131e+00   8.53333e+01
           363   9.37618e+01   3.63000e+02   4.46613e+01   5.73133e+00   8.55000e+01
           364   9.39057e+01   3.64000e+02   4.46523e+01   5.73135e+00   8.56667e+01
           365   9.40688e+01   3.65000e+02   4.46452e+01   5.73138e+00   8.58333e+01
           366   9.42358e+01   3.66000e+02   4.46387e+01   5.73140e+00   8.60000e+01
           367   9.43894e+01   3.67000e+02   4.46318e+01   5.73142e+00   8.61667e+01
           368   9.45577e+01   3.68000e+02   4.46229e+01   5.73144e+00   8.63333e+01
           369   9.47172e+01   3.69000e+02   4.46144e+01   5.73146e+00   8.65000e+01
           370   9.48680e+01   3.70000e+02   4.46066e+01   5.73149e+00   8.66667e+01
           371   9.50333e+01   3.71000e+02   4.45993e+01   5.73151e+00   8.68333e+01
           372   9.51961e+01   3.72000e+02   4.45943e+01   5.73153e+00   8.70000e+01
           373   9.53605e+01   3.73000e+02   4.45880e+01   5.73156e+00   8.71667e+01
           374   9.55245e+01   3.74000e+02   4.45824e+01   5.73158e+00   8.73333e+01
           375   9.56831e+01   3.75000e+02   4.45780e+01   5.73161e+00   8.75000e+01
           376   9.58400e+01   3.76000e+02   4.45726e+01   5.73164e+00   8.76667e+01
           377   9.60024e+01   3.77000e+02   4.45665e+01   5.73167e+00   8.78333e+01
           378   9.61632e+01   3.78000e+02   4.45614e+01   5.73169e+00   8.80000e+01
           379   9.63250e+01   3.79000e+02   4.45560e+01   5.73171e+00   8.81667e+01
           380   9.64861e+01   3.80000e+02   4.45526e+01   5.73174e+00   8.83333e+01
           381   9.66473e+01   3.81000e+02   4.45475e+01   5.73177e+00   8.85000e+01
           382   9.68084e+01   3.82000e+02   4.45420e+01   5.73180e+00   8.86667e+01
           383   9.69764e+01   3.83000e+02   4.45375e+01   5.73182e+00   8.88333e+01
           384   9.71391e+01   3.84000e+02   4.45350e+01   5.73184e+00   8.90000e+01
           385   9.72915e+01   3.85000e+02   4.45325e+01   5.73186e+00   8.91667e+01
           386   9.74562e+01   3.86000e+02   4.45304e+01   5.73187e+00   8.93333e+01
           387   9.76206e+01   3.87000e+02   4.45288e+01   5.73188e+00   8.95000e+01
           388   9.77778e+01   3.88000e+02   4.45236e+01   5.73188e+00   8.96667e+01
           389   9.79386e+01   3.89000e+02   4.45181e+01   5.73189e+00   8.98333e+01
           390   9.80981e+01   3.90000e+02   4.45109e+01   5.73191e+00   9.00000e+01
           391   9.82583e+01   3.91000e+02   4.45031e+01   5.73193e+00   9.01667e+01
           392   9.84289e+01   3.92000e+02   4.45020e+01   5.73197e+00   9.03333e+01
           393   9.85906e+01   3.93000e+02   4.44985e+01   5.73200e+00   9.05000e+01
           394   9.87563e+01   3.94000e+02   4.44941e+01   5.73203e+00   9.06667e+01
           395   9.89181e+01   3.95000e+02   4.44896e+01   5.73206e+00   9.08333e+01
           396   9.90799e+01   3.96000e+02   4.44798e+01   5.73212e+00   9.10000e+01
           397   9.92290e+01   3.97000e+02   4.44726e+01   5.73217e+00   9.11667e+01
           398   9.93895e+01   3.98000e+02   4.44660e+01   5.73222e+00   9.13333e+01
           399   9.95428e+01   3.99000e+02   4.44593e+01   5.73226e+00   9.15000e+01
           400   9.97098e+01   4.00000e+02   4.44493e+01   5.73231e+00   9.16667e+01
           401   9.98856e+01   4.01000e+02   4.44409e+01   5.73233e+00   9.18333e+01
           402   1.00035e+02   4.02000e+02   4.44345e+01   5.73235e+00   9.20000e+01
           403   1.00204e+02   4.03000e+02   4.44294e+01   5.73237e+00   9.21667e+01
           404   1.00360e+02   4.04000e+02   4.44229e+01   5.73237e+00   9.23333e+01
           405   1.00521e+02   4.05000e+02   4.44163e+01   5.73242e+00   9.25000e+01
           406   1.00680e+02   4.06000e+02   4.44097e+01   5.73260e+00   9.26667e+01
           407   1.00849e+02   4.07000e+02   4.44034e+01   5.73292e+00   9.28333e+01
           408   1.00995e+02   4.08000e+02   4.43963e+01   5.73341e+00   9.30000e+01
           409   1.01157e+02   4.09000e+02   4.43897e+01   5.73373e+00   9.31667e+01
           410   1.01324e+02   4.10000e+02   4.43827e+01   5.73391e+00   9.33333e+01
           411   1.01490e+02   4.11000e+02   4.43752e+01   5.73402e+00   9.35000e+01
           412   1.01656e+02   4.12000e+02   4.43718e+01   5.73406e+00   9.36667e+01
           413   1.01812e+02   4.13000e+02   4.43652e+01   5.73403e+00   9.38333e+01
           414   1.01973e+02   4.14000e+02   4.43591e+01   5.73395e+00   9.40000e+01
           415   1.02128e+02   4.15000e+02   4.43548e+01   5.73387e+00   9.41667e+01
           416   1.02301e+02   4.16000e+02   4.43470e+01   5.73352e+00   9.43333e+01
           417   1.02461e+02   4.17000e+02   4.43402e+01   5.73336e+00   9.45000e+01
           418   1.02617e+02   4.18000e+02   4.43343e+01   5.73325e+00   9.46667e+01
           419   1.02776e+02   4.19000e+02   4.43288e+01   5.73316e+00   9.48333e+01
           420   1.02941e+02   4.20000e+02   4.43236e+01   5.73322e+00   9.50000e+01
           421   1.03097e+02   4.21000e+02   4.43193e+01   5.73322e+00   9.51667e+01
           422   1.03254e+02   4.22000e+02   4.43149e+01   5.73320e+00   9.53333e+01
           423   1.03432e+02   4.23000e+02   4.43108e+01   5.73316e+00   9.55000e+01
           424   1.03588e+02   4.24000e+02   4.43115e+01   5.73315e+00   9.56667e+01
           425   1.03748e+02   4.25000e+02   4.43083e+01   5.73314e+00   9.58333e+01
           426   1.03907e+02   4.26000e+02   4.43047e+01   5.73316e+00   9.60000e+01
           427   1.04077e+02   4.27000e+02   4.43027e+01   5.73318e+00   9.61667e+01
           428   1.04237e+02   4.28000e+02   4.43006e+01   5.73321e+00   9.63333e+01
           429   1.04397e+02   4.29000e+02   4.42973e+01   5.73324e+00   9.65000e+01
           430   1.04559e+02   4.30000e+02   4.42956e+01   5.73329e+00   9.66667e+01
           431   1.04722e+02   4.31000e+02   4.42960e+01   5.73334e+00   9.68333e+01
           432   1.04888e+02   4.32000e+02   4.42932e+01   5.73342e+00   9.70000e+01
           433   1.05048e+02   4.33000e+02   4.42891e+01   5.73347e+00   9.71667e+01
           434   1.05199e+02   4.34000e+02   4.42853e+01   5.73352e+00   9.73333e+01
           435   1.05371e+02   4.35000e+02   4.42812e+01   5.73356e+00   9.75000e+01
           436   1.05543e+02   4.36000e+02   4.42809e+01   5.73359e+00   9.76667e+01
           437   1.05694e+02   4.37000e+02   4.42808e+01   5.73362e+00   9.78333e+01
           438   1.05852e+02   4.38000e+02   4.42803e+01   5.73366e+00   9.80000e+01
           439   1.06030e+02   4.39000e+02   4.42787e+01   5.73369e+00   9.81667e+01
           440   1.06186e+02   4.40000e+02   4.42787e+01   5.73371e+00   9.83333e+01
           441   1.06340e+02   4.41000e+02   4.42804e+01   5.73373e+00   9.85000e+01
           442   1.06494e+02   4.42000e+02   4.42803e+01   5.73374e+00   9.86667e+01
           443   1.06668e+02   4.43000e+02   4.42779e+01   5.73376e+00   9.88333e+01
           444   1.06824e+02   4.44000e+02   4.42785e+01   5.73376e+00   9.90000e+01
           445   1.06993e+02   4.45000e+02   4.42773e+01   5.73377e+00   9.91667e+01
           446   1.07163e+02   4.46000e+02   4.42745e+01   5.73378e+00   9.93333e+01
           447   1.07322e+02   4.47000e+02   4.42715e+01   5.73379e+00   9.95000e+01
           448   1.07480e+02   4.48000e+02   4.42677e+01   5.73381e+00   9.96667e+01
           449   1.07658e+02   4.49000e+02   4.42643e+01   5.73383e+00   9.98333e+01
           450   1.07817e+02   4.50000e+02   4.42621e+01   5.73386e+00   1.00000e+02
           451   1.07962e+02   4.51000e+02   4.42603e+01   5.73389e+00   1.00167e+02
           452   1.08124e+02   4.52000e+02   4.42512e+01   5.73394e+00   1.00333e+02
           453   1.08295e+02   4.53000e+02   4.42461e+01   5.73398e+00   1.00500e+02
           454   1.08448e+02   4.54000e+02   4.42423e+01   5.73402e+00   1.00667e+02
           455   1.08609e+02   4.55000e+02   4.42389e+01   5.73405e+00   1.00833e+02
           456   1.08772e+02   4.56000e+02   4.42387e+01   5.73410e+00   1.01000e+02
           457   1.08937e+02   4.57000e+02   4.42376e+01   5.73414e+00   1.01167e+02
           458   1.09097e+02   4.58000e+02   4.42347e+01   5.73417e+00   1.01333e+02
           459   1.09267e+02   4.59000e+02   4.42310e+01   5.73420e+00   1.01500e+02
           460   1.09427e+02   4.60000e+02   4.42304e+01   5.73421e+00   1.01667e+02
           461   1.09588e+02   4.61000e+02   4.42281e+01   5.73423e+00   1.01833e+02
           462   1.09747e+02   4.62000e+02   4.42259e+01   5.73425e+00   1.02000e+02
           463   1.09908e+02   4.63000e+02   4.42241e+01   5.73428e+00   1.02167e+02
           464   1.10081e+02   4.64000e+02   4.42238e+01   5.73430e+00   1.02333e+02
           465   1.10247e+02   4.65000e+02   4.42226e+01   5.73433e+00   1.02500e+02
           466   1.10403e+02   4.66000e+02   4.42199e+01   5.73436e+00   1.02667e+02
           467   1.10556e+02   4.67000e+02   4.42171e+01   5.73440e+00   1.02833e+02
           468   1.10719e+02   4.68000e+02   4.42122e+01   5.73445e+00   1.03000e+02
           469   1.10883e+02   4.69000e+02   4.42085e+01   5.73449e+00   1.03167e+02
           470   1.11042e+02   4.70000e+02   4.42051e+01   5.73451e+00   1.03333e+02
           471   1.11217e+02   4.71000e+02   4.42013e+01   5.73454e+00   1.03500e+02
           472   1.11367e+02   4.72000e+02   4.41963e+01   5.73453e+00   1.03667e+02
           473   1.11537e+02   4.73000e+02   4.41908e+01   5.73454e+00   1.03833e+02
           474   1.11699e+02   4.74000e+02   4.41860e+01   5.73456e+00   1.04000e+02
           475   1.11849e+02   4.75000e+02   4.41808e+01   5.73457e+00   1.04167e+02
           476   1.12025e+02   4.76000e+02   4.41707e+01   5.73459e+00   1.04333e+02
           477   1.12176e+02   4.77000e+02   4.41630e+01   5.73460e+00   1.04500e+02
           478   1.12345e+02   4.78000e+02   4.41576e+01   5.73462e+00   1.04667e+02
           479   1.12513e+02   4.79000e+02   4.41537e+01   5.73463e+00   1.04833e+02
           480   1.12653e+02   4.80000e+02   4.41485e+01   5.73465e+00   1.05000e+02
           481   1.12822e+02   4.81000e+02   4.41454e+01   5.73466e+00   1.05167e+02
           482   1.12985e+02   4.82000e+02   4.41421e+01   5.73468e+00   1.05333e+02
           483   1.13148e+02   4.83000e+02   4.41384e+01   5.73469e+00   1.05500e+02
           484   1.13312e+02   4.84000e+02   4.41386e+01   5.73470e+00   1.05667e+02
           485   1.13460e+02   4.85000e+02   4.41377e+01   5.73472e+00   1.05833e+02
           486   1.13632e+02   4.86000e+02   4.41359e+01   5.73475e+00   1.06000e+02
           487   1.13803e+02   4.87000e+02   4.41336e+01   5.73478e+00   1.06167e+02
           488   1.13963e+02   4.88000e+02   4.41375e+01   5.73483e+00   1.06333e+02
           489   1.14134e+02   4.89000e+02   4.41373e+01   5.73487e+00   1.06500e+02
           490   1.14290e+02   4.90000e+02   4.41361e+01   5.73490e+00   1.06667e+02
           491   1.14452e+02   4.91000e+02   4.41356e+01   5.73493e+00   1.06833e+02
           492   1.14609e+02   4.92000e+02   4.41327e+01   5.73497e+00   1.07000e+02
           493   1.14775e+02   4.93000e+02   4.41324e+01   5.73501e+00   1.07167e+02
           494   1.14945e+02   4.94000e+02   4.41323e+01   5.73503e+00   1.07333e+02
           495   1.15096e+02   4.95000e+02   4.41323e+01   5.73506e+00   1.07500e+02
           496   1.15263e+02   4.96000e+02   4.41313e+01   5.73507e+00   1.07667e+02
           497   1.15426e+02   4.97000e+02   4.41303e+01   5.73508e+00   1.07833e+02
           498   1.15586e+02   4.98000e+02   4.41283e+01   5.73508e+00   1.08000e+02
           499   1.15752e+02   4.99000e+02   4.41256e+01   5.73509e+00   1.08167e+02
           500   1.15916e+02   5.00000e+02   4.41237e+01   5.73508e+00   1.08333e+02
           501   1.16080e+02   5.01000e+02   4.41213e+01   5.73508e+00   1.08500e+02
           502   1.16242e+02   5.02000e+02   4.41179e+01   5.73510e+00   1.08667e+02
           503   1.16405e+02   5.03000e+02   4.41138e+01   5.73512e+00   1.08833e+02
           504   1.16566e+02   5.04000e+02   4.41067e+01   5.73516e+00   1.09000e+02
           505   1.16725e+02   5.05000e+02   4.41023e+01   5.73520e+00   1.09167e+02
           506   1.16893e+02   5.06000e+02   4.40988e+01   5.73522e+00   1.09333e+02
           507   1.17048e+02   5.07000e+02   4.40957e+01   5.73525e+00   1.09500e+02
           508   1.17205e+02   5.08000e+02   4.40893e+01   5.73528e+00   1.09667e+02
           509   1.17374e+02   5.09000e+02   4.40836e+01   5.73530e+00   1.09833e+02
           510   1.17539e+02   5.10000e+02   4.40777e+01   5.73532e+00   1.10000e+02
           511   1.17695e+02   5.11000e+02   4.40719e+01   5.73534e+00   1.10167e+02
           512   1.17855e+02   5.12000e+02   4.40679e+01   5.73534e+00   1.10333e+02
           513   1.18015e+02   5.13000e+02   4.40629e+01   5.73535e+00   1.10500e+02
           514   1.18183e+02   5.14000e+02   4.40569e+01   5.73535e+00   1.10667e+02
           515   1.18345e+02   5.15000e+02   4.40517e+01   5.73536e+00   1.10833e+02
           516   1.18511e+02   5.16000e+02   4.40492e+01   5.73538e+00   1.11000e+02
           517   1.18673e+02   5.17000e+02   4.40456e+01   5.73541e+00   1.11167e+02
           518   1.18827e+02   5.18000e+02   4.40414e+01   5.73544e+00   1.11333e+02
           519   1.18991e+02   5.19000e+02   4.40374e+01   5.73547e+00   1.11500e+02
           520   1.19155e+02   5.20000e+02   4.40321e+01   5.73552e+00   1.11667e+02
           521   1.19318e+02   5.21000e+02   4.40270e+01   5.73555e+00   1.11833e+02
           522   1.19479e+02   5.22000e+02   4.40212e+01   5.73558e+00   1.12000e+02
           523   1.19637e+02   5.23000e+02   4.40163e+01   5.73560e+00   1.12167e+02
           524   1.19810e+02   5.24000e+02   4.40179e+01   5.73561e+00   1.12333e+02
           525   1.19973e+02   5.25000e+02   4.40168e+01   5.73564e+00   1.12500e+02
           526   1.20133e+02   5.26000e+02   4.40146e+01   5.73566e+00   1.12667e+02
           527   1.20291e+02   5.27000e+02   4.40125e+01   5.73567e+00   1.12833e+02
           528   1.20455e+02   5.28000e+02   4.40093e+01   5.73568e+00   1.13000e+02
           529   1.20617e+02   5.29000e+02   4.40055e+01   5.73569e+00   1.13167e+02
           530   1.20776e+02   5.30000e+02   4.40017e+01   5.73570e+00   1.13333e+02
           531   1.20936e+02   5.31000e+02   4.39975e+01   5.73571e+00   1.13500e+02
           532   1.21114e+02   5.32000e+02   4.39988e+01   5.73570e+00   1.13667e+02
           533   1.21274e+02   5.33000e+02   4.39981e+01   5.73571e+00   1.13833e+02
           534   1.21433e+02   5.34000e+02   4.39971e+01   5.73573e+00   1.14000e+02
           535   1.21597e+02   5.35000e+02   4.39962e+01   5.73574e+00   1.14167e+02
           536   1.21754e+02   5.36000e+02   4.39943e+01   5.73577e+00   1.14333e+02
           537   1.21922e+02   5.37000e+02   4.39949e+01   5.73578e+00   1.14500e+02
           538   1.22082e+02   5.38000e+02   4.39953e+01   5.73580e+00   1.14667e+02
           539   1.22244e+02   5.39000e+02   4.39952e+01   5.73583e+00   1.14833e+02
           540   1.22404e+02   5.40000e+02   4.39956e+01   5.73583e+00   1.15000e+02
           541   1.22577e+02   5.41000e+02   4.39948e+01   5.73584e+00   1.15167e+02
           542   1.22738e+02   5.42000e+02   4.39927e+01   5.73585e+00   1.15333e+02
           543   1.22900e+02   5.43000e+02   4.39899e+01   5.73586e+00   1.15500e+02
           544   1.23062e+02   5.44000e+02   4.39899e+01   5.73585e+00   1.15667e+02
           545   1.23231e+02   5.45000e+02   4.39883e+01   5.73586e+00   1.15833e+02
           546   1.23397e+02   5.46000e+02   4.39869e+01   5.73586e+00   1.16000e+02
           547   1.23555e+02   5.47000e+02   4.39864e+01   5.73586e+00   1.16167e+02
           548   1.23715e+02   5.48000e+02   4.39803e+01   5.73586e+00   1.16333e+02
           549   1.23877e+02   5.49000e+02   4.39783e+01   5.73586e+00   1.16500e+02
           550   1.24037e+02   5.50000e+02   4.39767e+01   5.73586e+00   1.16667e+02
           551   1.24196e+02   5.51000e+02   4.39740e+01   5.73586e+00   1.16833e+02
           552   1.24358e+02   5.52000e+02   4.39713e+01   5.73588e+00   1.17000e+02
           553   1.24527e+02   5.53000e+02   4.39699e+01   5.73589e+00   1.17167e+02
           554   1.24684e+02   5.54000e+02   4.39682e+01   5.73591e+00   1.17333e+02
           555   1.24857e+02   5.55000e+02   4.39667e+01   5.73592e+00   1.17500e+02
           556   1.25018e+02   5.56000e+02   4.39696e+01   5.73594e+00   1.17667e+02
           557   1.25176e+02   5.57000e+02   4.39716e+01   5.73596e+00   1.17833e+02
           558   1.25345e+02   5.58000e+02   4.39743e+01   5.73598e+00   1.18000e+02
           559   1.25502e+02   5.59000e+02   4.39766e+01   5.73599e+00   1.18167e+02
           560   1.25658e+02   5.60000e+02   4.39762e+01   5.73600e+00   1.18333e+02
           561   1.25834e+02   5.61000e+02   4.39774e+01   5.73601e+00   1.18500e+02
           562   1.25993e+02   5.62000e+02   4.39789e+01   5.73602e+00   1.18667e+02
           563   1.26157e+02   5.63000e+02   4.39800e+01   5.73604e+00   1.18833e+02
           564   1.26316e+02   5.64000e+02   4.39842e+01   5.73605e+00   1.19000e+02
           565   1.26491e+02   5.65000e+02   4.39851e+01   5.73606e+00   1.19167e+02
           566   1.26658e+02   5.66000e+02   4.39841e+01   5.73607e+00   1.19333e+02
           567   1.26819e+02   5.67000e+02   4.39821e+01   5.73608e+00   1.19500e+02
           568   1.26980e+02   5.68000e+02   4.39783e+01   5.73610e+00   1.19667e+02
           569   1.27145e+02   5.69000e+02   4.39763e+01   5.73612e+00   1.19833e+02
           570   1.27310e+02   5.70000e+02   4.39754e+01   5.73614e+00   1.20000e+02
           571   1.27467e+02   5.71000e+02   4.39742e+01   5.73616e+00   1.20167e+02
           572   1.27628e+02   5.72000e+02   4.39676e+01   5.73619e+00   1.20333e+02
           573   1.27786e+02   5.73000e+02   4.39663e+01   5.73621e+00   1.20500e+02
           574   1.27953e+02   5.74000e+02   4.39656e+01   5.73623e+00   1.20667e+02
           575   1.28113e+02   5.75000e+02   4.39652e+01   5.73625e+00   1.20833e+02
           576   1.28273e+02   5.76000e+02   4.39646e+01   5.73626e+00   1.21000e+02
           577   1.28437e+02   5.77000e+02   4.39626e+01   5.73627e+00   1.21167e+02
           578   1.28607e+02   5.78000e+02   4.39612e+01   5.73627e+00   1.21333e+02
           579   1.28769e+02   5.79000e+02   4.39608e+01   5.73627e+00   1.21500e+02
           580   1.28919e+02   5.80000e+02   4.39630e+01   5.73625e+00   1.21667e+02
           581   1.29099e+02   5.81000e+02   4.39636e+01   5.73627e+00   1.21833e+02
           582   1.29260e+02   5.82000e+02   4.39648e+01   5.73636e+00   1.22000e+02
           583   1.29421e+02   5.83000e+02   4.39655e+01   5.73650e+00   1.22167e+02
           584   1.29590e+02   5.84000e+02   4.39663e+01   5.73659e+00   1.22333e+02
           585   1.29746e+02   5.85000e+02   4.39656e+01   5.73662e+00   1.22500e+02
           586   1.29905e+02   5.86000e+02   4.39633e+01   5.73664e+00   1.22667e+02
           587   1.30076e+02   5.87000e+02   4.39607e+01   5.73666e+00   1.22833e+02
           588   1.30241e+02   5.88000e+02   4.39604e+01   5.73661e+00   1.23000e+02
           589   1.30400e+02   5.89000e+02   4.39591e+01   5.73660e+00   1.23167e+02
           590   1.30568e+02   5.90000e+02   4.39578e+01   5.73662e+00   1.23333e+02
           591   1.30731e+02   5.91000e+02   4.39566e+01   5.73667e+00   1.23500e+02
           592   1.30894e+02   5.92000e+02   4.39506e+01   5.73672e+00   1.23667e+02
           593   1.31057e+02   5.93000e+02   4.39480e+01   5.73674e+00   1.23833e+02
           594   1.31210e+02   5.94000e+02   4.39473e+01   5.73676e+00   1.24000e+02
           595   1.31371e+02   5.95000e+02   4.39472e+01   5.73678e+00   1.24167e+02
           596   1.31539e+02   5.96000e+02   4.39483e+01   5.73680e+00   1.24333e+02
           597   1.31705e+02   5.97000e+02   4.39496e+01   5.73678e+00   1.24500e+02
           598   1.31871e+02   5.98000e+02   4.39481e+01   5.73670e+00   1.24667e+02
           599   1.32027e+02   5.99000e+02   4.39446e+01   5.73661e+00   1.24833e+02
           600   1.32191e+02   6.00000e+02   4.39433e+01   5.73661e+00   1.25000e+02
           601   1.32349e+02   6.01000e+02   4.39405e+01   5.73671e+00   1.25167e+02
           602   1.32523e+02   6.02000e+02   4.39383e+01   5.73684e+00   1.25333e+02
           603   1.32686e+02   6.03000e+02   4.39370e+01   5.73696e+00   1.25500e+02
           604   1.32856e+02   6.04000e+02   4.39369e+01   5.73721e+00   1.25667e+02
           605   1.33021e+02   6.05000e+02   4.39362e+01   5.73746e+00   1.25833e+02
           606   1.33180e+02   6.06000e+02   4.39355e+01   5.73778e+00   1.26000e+02
           607   1.33332e+02   6.07000e+02   4.39336e+01   5.73809e+00   1.26167e+02
           608   1.33489e+02   6.08000e+02   4.39279e+01   5.73821e+00   1.26333e+02
           609   1.33655e+02   6.09000e+02   4.39274e+01   5.73824e+00   1.26500e+02
           610   1.33816e+02   6.10000e+02   4.39274e+01   5.73822e+00   1.26667e+02
           611   1.33988e+02   6.11000e+02   4.39271e+01   5.73815e+00   1.26833e+02
           612   1.34155e+02   6.12000e+02   4.39317e+01   5.73782e+00   1.27000e+02
           613   1.34312e+02   6.13000e+02   4.39316e+01   5.73762e+00   1.27167e+02
           614   1.34486e+02   6.14000e+02   4.39318e+01   5.73746e+00   1.27333e+02
           615   1.34639e+02   6.15000e+02   4.39316e+01   5.73730e+00   1.27500e+02
           616   1.34803e+02   6.16000e+02   4.39319e+01   5.73718e+00   1.27667e+02
           617   1.34977e+02   6.17000e+02   4.39325e+01   5.73709e+00   1.27833e+02
           618   1.35134e+02   6.18000e+02   4.39336e+01   5.73702e+00   1.28000e+02
           619   1.35300e+02   6.19000e+02   4.39349e+01   5.73693e+00   1.28167e+02
           620   1.35458e+02   6.20000e+02   4.39358e+01   5.73690e+00   1.28333e+02
           621   1.35616e+02   6.21000e+02   4.39386e+01   5.73685e+00   1.28500e+02
           622   1.35782e+02   6.22000e+02   4.39416e+01   5.73680e+00   1.28667e+02
           623   1.35956e+02   6.23000e+02   4.39455e+01   5.73677e+00   1.28833e+02
           624   1.36109e+02   6.24000e+02   4.39539e+01   5.73685e+00   1.29000e+02
           625   1.36277e+02   6.25000e+02   4.39592e+01   5.73709e+00   1.29167e+02
           626   1.36443e+02   6.26000e+02   4.39623e+01   5.73744e+00   1.29333e+02
           627   1.36604e+02   6.27000e+02   4.39650e+01   5.73777e+00   1.29500e+02
           628   1.36778e+02   6.28000e+02   4.39714e+01   5.73814e+00   1.29667e+02
           629   1.36942e+02   6.29000e+02   4.39755e+01   5.73827e+00   1.29833e+02
           630   1.37105e+02   6.30000e+02   4.39788e+01   5.73829e+00   1.30000e+02
           631   1.37264e+02   6.31000e+02   4.39814e+01   5.73825e+00   1.30167e+02
           632   1.37433e+02   6.32000e+02   4.39838e+01   5.73781e+00   1.30333e+02
           633   1.37602e+02   6.33000e+02   4.39887e+01   5.73757e+00   1.30500e+02
           634   1.37761e+02   6.34000e+02   4.39938e+01   5.73738e+00   1.30667e+02
           635   1.37916e+02   6.35000e+02   4.39983e+01   5.73719e+00   1.30833e+02
           636   1.38077e+02   6.36000e+02   4.39981e+01   5.73704e+00   1.31000e+02
           637   1.38246e+02   6.37000e+02   4.40000e+01   5.73692e+00   1.31167e+02
           638   1.38409e+02   6.38000e+02   4.40011e+01   5.73681e+00   1.31333e+02
           639   1.38577e+02   6.39000e+02   4.40015e+01   5.73671e+00   1.31500e+02
           640   1.38734e+02   6.40000e+02   4.40026e+01   5.73670e+00   1.31667e+02
           641   1.38908e+02   6.41000e+02   4.40053e+01   5.73665e+00   1.31833e+02
           642   1.39072e+02   6.42000e+02   4.40073e+01   5.73661e+00   1.32000e+02
           643   1.39242e+02   6.43000e+02   4.40085e+01   5.73658e+00   1.32167e+02
           644   1.39396e+02   6.44000e+02   4.40083e+01   5.73657e+00   1.32333e+02
           645   1.39555e+02   6.45000e+02   4.40095e+01   5.73654e+00   1.32500e+02
           646   1.39721e+02   6.46000e+02   4.40117e+01   5.73652e+00   1.32667e+02
           647   1.39880e+02   6.47000e+02   4.40136e+01   5.73650e+00   1.32833e+02
           648   1.40032e+02   6.48000e+02   4.40132e+01   5.73649e+00   1.33000e+02
           649   1.40211e+02   6.49000e+02   4.40141e+01   5.73647e+00   1.33167e+02
           650   1.40376e+02   6.50000e+02   4.40139e+01   5.73644e+00   1.33333e+02
           651   1.40536e+02   6.51000e+02   4.40137e+01   5.73642e+00   1.33500e+02
           652   1.40703e+02   6.52000e+02   4.40168e+01   5.73639e+00   1.33667e+02
           653   1.40863e+02   6.53000e+02   4.40183e+01   5.73636e+00   1.33833e+02
           654   1.41030e+02   6.54000e+02   4.40204e+01   5.73632e+00   1.34000e+02
           655   1.41197e+02   6.55000e+02   4.40228e+01   5.73629e+00   1.34167e+02
           656   1.41349e+02   6.56000e+02   4.40225e+01   5.73625e+00   1.34333e+02
           657   1.41518e+02   6.57000e+02   4.40233e+01   5.73623e+00   1.34500e+02
           658   1.41677e+02   6.58000e+02   4.40241e+01   5.73620e+00   1.34667e+02
           659   1.41838e+02   6.59000e+02   4.40258e+01   5.73617e+00   1.34833e+02
           660   1.42007e+02   6.60000e+02   4.40263e+01   5.73615e+00   1.35000e+02
           661   1.42168e+02   6.61000e+02   4.40275e+01   5.73612e+00   1.35167e+02
           662   1.42335e+02   6.62000e+02   4.40286e+01   5.73611e+00   1.35333e+02
           663   1.42507e+02   6.63000e+02   4.40292e+01   5.73610e+00   1.35500e+02
           664   1.42663e+02   6.64000e+02   4.40315e+01   5.73609e+00   1.35667e+02
           665   1.42828e+02   6.65000e+02   4.40323e+01   5.73608e+00   1.35833e+02
           666   1.42989e+02   6.66000e+02   4.40326e+01   5.73607e+00   1.36000e+02
           667   1.43156e+02   6.67000e+02   4.40337e+01   5.73606e+00   1.36167e+02
           668   1.43315e+02   6.68000e+02   4.40339e+01   5.73607e+00   1.36333e+02
           669   1.43474e+02   6.69000e+02   4.40336e+01   5.73606e+00   1.36500e+02
           670   1.43650e+02   6.70000e+02   4.40342e+01   5.73604e+00   1.36667e+02
           671   1.43804e+02   6.71000e+02   4.40351e+01   5.73601e+00   1.36833e+02
           672   1.43972e+02   6.72000e+02   4.40348e+01   5.73598e+00   1.37000e+02
           673   1.44136e+02   6.73000e+02   4.40349e+01   5.73593e+00   1.37167e+02
           674   1.44295e+02   6.74000e+02   4.40353e+01   5.73590e+00   1.37333e+02
           675   1.44460e+02   6.75000e+02   4.40360e+01   5.73588e+00   1.37500e+02
           676   1.44627e+02   6.76000e+02   4.40349e+01   5.73586e+00   1.37667e+02
           677   1.44781e+02   6.77000e+02   4.40322e+01   5.73584e+00   1.37833e+02
           678   1.44947e+02   6.78000e+02   4.40301e+01   5.73582e+00   1.38000e+02
           679   1.45121e+02   6.79000e+02   4.40298e+01   5.73579e+00   1.38167e+02
           680   1.45271e+02   6.80000e+02   4.40297e+01   5.73577e+00   1.38333e+02
           681   1.45441e+02   6.81000e+02   4.40299e+01   5.73574e+00   1.38500e+02
           682   1.45599e+02   6.82000e+02   4.40297e+01   5.73569e+00   1.38667e+02
           683   1.45774e+02   6.83000e+02   4.40309e+01   5.73564e+00   1.38833e+02
           684   1.45933e+02   6.84000e+02   4.40308e+01   5.73557e+00   1.39000e+02
           685   1.46092e+02   6.85000e+02   4.40316e+01   5.73552e+00   1.39167e+02
           686   1.46248e+02   6.86000e+02   4.40319e+01   5.73550e+00   1.39333e+02
           687   1.46418e+02   6.87000e+02   4.40300e+01   5.73548e+00   1.39500e+02
           688   1.46593e+02   6.88000e+02   4.40321e+01   5.73547e+00   1.39667e+02
           689   1.46753e+02   6.89000e+02   4.40316e+01   5.73544e+00   1.39833e+02
           690   1.46912e+02   6.90000e+02   4.40316e+01   5.73539e+00   1.40000e+02
           691   1.47077e+02   6.91000e+02   4.40318e+01   5.73533e+00   1.40167e+02
           692   1.47251e+02   6.92000e+02   4.40298e+01   5.73524e+00   1.40333e+02
           693   1.47406e+02   6.93000e+02   4.40290e+01   5.73516e+00   1.40500e+02
           694   1.47575e+02   6.94000e+02   4.40287e+01   5.73509e+00   1.40667e+02
           695   1.47727e+02   6.95000e+02   4.40288e+01   5.73503e+00   1.40833e+02
           696   1.47888e+02   6.96000e+02   4.40257e+01   5.73500e+00   1.41000e+02
           697   1.48052e+02   6.97000e+02   4.40253e+01   5.73500e+00   1.41167e+02
           698   1.48217e+02   6.98000e+02   4.40250e+01   5.73500e+00   1.41333e+02
           699   1.48389e+02   6.99000e+02   4.40249e+01   5.73500e+00   1.41500e+02
           700   1.48549e+02   7.00000e+02   4.40284e+01   5.73507e+00   1.41667e+02
           701   1.48711e+02   7.01000e+02   4.40287e+01   5.73509e+00   1.41833e+02
           702   1.48871e+02   7.02000e+02   4.40290e+01   5.73510e+00   1.42000e+02
           703   1.49039e+02   7.03000e+02   4.40303e+01   5.73510e+00   1.42167e+02
           704   1.49215e+02   7.04000e+02   4.40327e+01   5.73506e+00   1.42333e+02
           705   1.49370e+02   7.05000e+02   4.40340e+01   5.73502e+00   1.42500e+02
           706   1.49531e+02   7.06000e+02   4.40354e+01   5.73497e+00   1.42667e+02
           707   1.49696e+02   7.07000e+02   4.40370e+01   5.73491e+00   1.42833e+02
           708   1.49859e+02   7.08000e+02   4.40393e+01   5.73483e+00   1.43000e+02
           709   1.50022e+02   7.09000e+02   4.40425e+01   5.73477e+00   1.43167e+02
           710   1.50188e+02   7.10000e+02   4.40450e+01   5.73471e+00   1.43333e+02
           711   1.50351e+02   7.11000e+02   4.40468e+01   5.73464e+00   1.43500e+02
           712   1.50521e+02   7.12000e+02   4.40508e+01   5.73459e+00   1.43667e+02
           713   1.50685e+02   7.13000e+02   4.40531e+01   5.73455e+00   1.43833e+02
           714   1.50844e+02   7.14000e+02   4.40562e+01   5.73450e+00   1.44000e+02
           715   1.51012e+02   7.15000e+02   4.40590e+01   5.73443e+00   1.44167e+02
           716   1.51176e+02   7.16000e+02   4.40603e+01   5.73435e+00   1.44333e+02
           717   1.51343e+02   7.17000e+02   4.40618e+01   5.73427e+00   1.44500e+02
           718   1.51510e+02   7.18000e+02   4.40637e+01   5.73419e+00   1.44667e+02
           719   1.51665e+02   7.19000e+02   4.40657e+01   5.73412e+00   1.44833e+02
           720   1.51829e+02   7.20000e+02   4.40663e+01   5.73401e+00   1.45000e+02
           721   1.51987e+02   7.21000e+02   4.40689e+01   5.73393e+00   1.45167e+02
           722   1.52163e+02   7.22000e+02   4.40705e+01   5.73386e+00   1.45333e+02
           723   1.52332e+02   7.23000e+02   4.40719e+01   5.73379e+00   1.45500e+02
           724   1.52486e+02   7.24000e+02   4.40765e+01   5.73387e+00   1.45667e+02
           725   1.52650e+02   7.25000e+02   4.40787e+01   5.73411e+00   1.45833e+02
           726   1.52812e+02   7.26000e+02   4.40801e+01   5.73446e+00   1.46000e+02
           727   1.52979e+02   7.27000e+02   4.40821e+01   5.73480e+00   1.46167e+02
           728   1.53148e+02   7.28000e+02   4.40878e+01   5.73512e+00   1.46333e+02
           729   1.53317e+02   7.29000e+02   4.40924e+01   5.73520e+00   1.46500e+02
           730   1.53471e+02   7.30000e+02   4.40965e+01   5.73516e+00   1.46667e+02
           731   1.53633e+02   7.31000e+02   4.41013e+01   5.73506e+00   1.46833e+02
           732   1.53803e+02   7.32000e+02   4.41056e+01   5.73453e+00   1.47000e+02
           733   1.53964e+02   7.33000e+02   4.41093e+01   5.73423e+00   1.47167e+02
           734   1.54123e+02   7.34000e+02   4.41127e+01   5.73398e+00   1.47333e+02
           735   1.54289e+02   7.35000e+02   4.41169e+01   5.73374e+00   1.47500e+02
           736   1.54463e+02   7.36000e+02   4.41235e+01   5.73357e+00   1.47667e+02
           737   1.54629e+02   7.37000e+02   4.41274e+01   5.73340e+00   1.47833e+02
           738   1.54789e+02   7.38000e+02   4.41303e+01   5.73326e+00   1.48000e+02
           739   1.54955e+02   7.39000e+02   4.41337e+01   5.73312e+00   1.48167e+02
           740   1.55122e+02   7.40000e+02   4.41376e+01   5.73309e+00   1.48333e+02
           741   1.55286e+02   7.41000e+02   4.41399e+01   5.73301e+00   1.48500e+02
           742   1.55441e+02   7.42000e+02   4.41416e+01   5.73294e+00   1.48667e+02
           743   1.55610e+02   7.43000e+02   4.41440e+01   5.73287e+00   1.48833e+02
           744   1.55773e+02   7.44000e+02   4.41434e+01   5.73282e+00   1.49000e+02
           745   1.55941e+02   7.45000e+02   4.41460e+01   5.73275e+00   1.49167e+02
           746   1.56103e+02   7.46000e+02   4.41502e+01   5.73267e+00   1.49333e+02
           747   1.56264e+02   7.47000e+02   4.41548e+01   5.73257e+00   1.49500e+02
           748   1.56432e+02   7.48000e+02   4.41605e+01   5.73248e+00   1.49667e+02
           749   1.56603e+02   7.49000e+02   4.41664e+01   5.73242e+00   1.49833e+02
           750   1.56750e+02   7.50000e+02   4.41729e+01   5.73237e+00   1.50000e+02
           751   1.56923e+02   7.51000e+02   4.41789e+01   5.73233e+00   1.50167e+02
           752   1.57084e+02   7.52000e+02   4.41876e+01   5.73233e+00   1.50333e+02
           753   1.57251e+02   7.53000e+02   4.41925e+01   5.73232e+00   1.50500e+02
           754   1.57420e+02   7.54000e+02   4.41952e+01   5.73231e+00   1.50667e+02
           755   1.57585e+02   7.55000e+02   4.41974e+01   5.73230e+00   1.50833e+02
           756   1.57749e+02   7.56000e+02   4.42031e+01   5.73230e+00   1.51000e+02
           757   1.57913e+02   7.57000e+02   4.42067e+01   5.73229e+00   1.51167e+02
           758   1.58090e+02   7.58000e+02   4.42106e+01   5.73226e+00   1.51333e+02
           759   1.58248e+02   7.59000e+02   4.42147e+01   5.73224e+00   1.51500e+02
           760   1.58411e+02   7.60000e+02   4.42104e+01   5.73218e+00   1.51667e+02
           761   1.58579e+02   7.61000e+02   4.42088e+01   5.73214e+00   1.51833e+02
           762   1.58730e+02   7.62000e+02   4.42078e+01   5.73210e+00   1.52000e+02
           763   1.58889e+02   7.63000e+02   4.42070e+01   5.73206e+00   1.52167e+02
           764   1.59059e+02   7.64000e+02   4.42018e+01   5.73201e+00   1.52333e+02
           765   1.59219e+02   7.65000e+02   4.41996e+01   5.73196e+00   1.52500e+02
           766   1.59387e+02   7.66000e+02   4.41989e+01   5.73190e+00   1.52667e+02
           767   1.59557e+02   7.67000e+02   4.41988e+01   5.73185e+00   1.52833e+02
           768   1.59717e+02   7.68000e+02   4.41957e+01   5.73179e+00   1.53000e+02
           769   1.59876e+02   7.69000e+02   4.41950e+01   5.73174e+00   1.53167e+02
           770   1.60034e+02   7.70000e+02   4.41965e+01   5.73169e+00   1.53333e+02
           771   1.60200e+02   7.71000e+02   4.41980e+01   5.73163e+00   1.53500e+02
           772   1.60370e+02   7.72000e+02   4.41957e+01   5.73159e+00   1.53667e+02
           773   1.60529e+02   7.73000e+02   4.41933e+01   5.73154e+00   1.53833e+02
           774   1.60694e+02   7.74000e+02   4.41918e+01   5.73149e+00   1.54000e+02
           775   1.60862e+02   7.75000e+02   4.41914e+01   5.73145e+00   1.54167e+02
           776   1.61020e+02   7.76000e+02   4.41934e+01   5.73139e+00   1.54333e+02
           777   1.61183e+02   7.77000e+02   4.41936e+01   5.73133e+00   1.54500e+02
           778   1.61358e+02   7.78000e+02   4.41928e+01   5.73126e+00   1.54667e+02
           779   1.61525e+02   7.79000e+02   4.41905e+01   5.73119e+00   1.54833e+02
           780   1.61677e+02   7.80000e+02   4.41850e+01   5.73110e+00   1.55000e+02
           781   1.61829e+02   7.81000e+02   4.41811e+01   5.73102e+00   1.55167e+02
           782   1.62004e+02   7.82000e+02   4.41759e+01   5.73095e+00   1.55333e+02
           783   1.62167e+02   7.83000e+02   4.41699e+01   5.73088e+00   1.55500e+02
           784   1.62332e+02   7.84000e+02   4.41641e+01   5.73083e+00   1.55667e+02
           785   1.62495e+02   7.85000e+02   4.41587e+01   5.73078e+00   1.55833e+02
           786   1.62655e+02   7.86000e+02   4.41539e+01   5.73073e+00   1.56000e+02
           787   1.62819e+02   7.87000e+02   4.41501e+01   5.73068e+00   1.56167e+02
           788   1.62975e+02   7.88000e+02   4.41392e+01   5.73063e+00   1.56333e+02
           789   1.63143e+02   7.89000e+02   4.41337e+01   5.73057e+00   1.56500e+02
           790   1.63304e+02   7.90000e+02   4.41292e+01   5.73052e+00   1.56667e+02
           791   1.63465e+02   7.91000e+02   4.41238e+01   5.73048e+00   1.56833e+02
           792   1.63619e+02   7.92000e+02   4.41229e+01   5.73043e+00   1.57000e+02
           793   1.63792e+02   7.93000e+02   4.41210e+01   5.73040e+00   1.57167e+02
           794   1.63954e+02   7.94000e+02   4.41181e+01   5.73036e+00   1.57333e+02
           795   1.64127e+02   7.95000e+02   4.41161e+01   5.73032e+00   1.57500e+02
           796   1.64284e+02   7.96000e+02   4.41181e+01   5.73031e+00   1.57667e+02
           797   1.64450e+02   7.97000e+02   4.41165e+01   5.73028e+00   1.57833e+02
           798   1.64615e+02   7.98000e+02   4.41125e+01   5.73024e+00   1.58000e+02
           799   1.64776e+02   7.99000e+02   4.41075e+01   5.73020e+00   1.58167e+02
           800   1.64939e+02   8.00000e+02   4.41031e+01   5.73013e+00   1.58333e+02
           801   1.65109e+02   8.01000e+02   4.40990e+01   5.73006e+00   1.58500e+02
           802   1.65268e+02   8.02000e+02   4.40949e+01   5.73000e+00   1.58667e+02
           803   1.65434e+02   8.03000e+02   4.40903e+01   5.72993e+00   1.58833e+02
           804   1.65594e+02   8.04000e+02   4.40833e+01   5.72985e+00   1.59000e+02
           805   1.65755e+02   8.05000e+02   4.40767e+01   5.72979e+00   1.59167e+02
           806   1.65921e+02   8.06000e+02   4.40712e+01   5.72974e+00   1.59333e+02
           807   1.66073e+02   8.07000e+02   4.40662e+01   5.72968e+00   1.59500e+02
           808   1.66243e+02   8.08000e+02   4.40565e+01   5.72963e+00   1.59667e+02
           809   1.66409e+02   8.09000e+02   4.40503e+01   5.72958e+00   1.59833e+02
           810   1.66568e+02   8.10000e+02   4.40455e+01   5.72953e+00   1.60000e+02
           811   1.66736e+02   8.11000e+02   4.40412e+01   5.72949e+00   1.60167e+02
           812   1.66895e+02   8.12000e+02   4.40361e+01   5.72945e+00   1.60333e+02
           813   1.67054e+02   8.13000e+02   4.40309e+01   5.72942e+00   1.60500e+02
           814   1.67214e+02   8.14000e+02   4.40245e+01   5.72939e+00   1.60667e+02
           815   1.67391e+02   8.15000e+02   4.40181e+01   5.72935e+00   1.60833e+02
           816   1.67546e+02   8.16000e+02   4.40153e+01   5.72933e+00   1.61000e+02
           817   1.67707e+02   8.17000e+02   4.40098e+01   5.72929e+00   1.61167e+02
           818   1.67877e+02   8.18000e+02   4.40043e+01   5.72925e+00   1.61333e+02
           819   1.68040e+02   8.19000e+02   4.39991e+01   5.72920e+00   1.61500e+02
           820   1.68203e+02   8.20000e+02   4.39923e+01   5.72914e+00   1.61667e+02
           821   1.68371e+02   8.21000e+02   4.39866e+01   5.72909e+00   1.61833e+02
           822   1.68523e+02   8.22000e+02   4.39818e+01   5.72904e+00   1.62000e+02
           823   1.68687e+02   8.23000e+02   4.39774e+01   5.72899e+00   1.62167e+02
           824   1.68856e+02   8.24000e+02   4.39717e+01   5.72894e+00   1.62333e+02
           825   1.69015e+02   8.25000e+02   4.39655e+01   5.72889e+00   1.62500e+02
           826   1.69174e+02   8.26000e+02   4.39587e+01   5.72884e+00   1.62667e+02
           827   1.69349e+02   8.27000e+02   4.39521e+01   5.72880e+00   1.62833e+02
           828   1.69503e+02   8.28000e+02   4.39472e+01   5.72877e+00   1.63000e+02
           829   1.69669e+02   8.29000e+02   4.39430e+01   5.72873e+00   1.63167e+02
           830   1.69837e+02   8.30000e+02   4.39388e+01   5.72869e+00   1.63333e+02
           831   1.70004e+02   8.31000e+02   4.39348e+01   5.72864e+00   1.63500e+02
           832   1.70165e+02   8.32000e+02   4.39326e+01   5.72860e+00   1.63667e+02
           833   1.70326e+02   8.33000e+02   4.39291e+01   5.72855e+00   1.63833e+02
           834   1.70484e+02   8.34000e+02   4.39257e+01   5.72849e+00   1.64000e+02
           835   1.70647e+02   8.35000e+02   4.39227e+01   5.72842e+00   1.64167e+02
           836   1.70814e+02   8.36000e+02   4.39206e+01   5.72834e+00   1.64333e+02
           837   1.70981e+02   8.37000e+02   4.39167e+01   5.72828e+00   1.64500e+02
           838   1.71147e+02   8.38000e+02   4.39128e+01   5.72823e+00   1.64667e+02
           839   1.71306e+02   8.39000e+02   4.39092e+01   5.72818e+00   1.64833e+02
           840   1.71472e+02   8.40000e+02   4.39078e+01   5.72813e+00   1.65000e+02
           841   1.71640e+02   8.41000e+02   4.39046e+01   5.72809e+00   1.65167e+02
           842   1.71799e+02   8.42000e+02   4.39013e+01   5.72804e+00   1.65333e+02
           843   1.71962e+02   8.43000e+02   4.38983e+01   5.72800e+00   1.65500e+02
           844   1.72128e+02   8.44000e+02   4.38922e+01   5.72795e+00   1.65667e+02
           845   1.72289e+02   8.45000e+02   4.38886e+01   5.72791e+00   1.65833e+02
           846   1.72451e+02   8.46000e+02   4.38864e+01   5.72786e+00   1.66000e+02
           847   1.72612e+02   8.47000e+02   4.38840e+01   5.72782e+00   1.66167e+02
           848   1.72781e+02   8.48000e+02   4.38790e+01   5.72779e+00   1.66333e+02
           849   1.72942e+02   8.49000e+02   4.38757e+01   5.72776e+00   1.66500e+02
           850   1.73099e+02   8.50000e+02   4.38732e+01   5.72773e+00   1.66667e+02
           851   1.73273e+02   8.51000e+02   4.38711e+01   5.72770e+00   1.66833e+02
           852   1.73431e+02   8.52000e+02   4.38674e+01   5.72769e+00   1.67000e+02
           853   1.73593e+02   8.53000e+02   4.38652e+01   5.72766e+00   1.67167e+02
           854   1.73765e+02   8.54000e+02   4.38642e+01   5.72762e+00   1.67333e+02
           855   1.73929e+02   8.55000e+02   4.38631e+01   5.72758e+00   1.67500e+02
           856   1.74088e+02   8.56000e+02   4.38644e+01   5.72755e+00   1.67667e+02
           857   1.74249e+02   8.57000e+02   4.38639e+01   5.72752e+00   1.67833e+02
           858   1.74421e+02   8.58000e+02   4.38613e+01   5.72749e+00   1.68000e+02
           859   1.74584e+02   8.59000e+02   4.38578e+01   5.72745e+00   1.68167e+02
           860   1.74745e+02   8.60000e+02   4.38575e+01   5.72742e+00   1.68333e+02
           861   1.74908e+02   8.61000e+02   4.38544e+01   5.72738e+00   1.68500e+02
           862   1.75079e+02   8.62000e+02   4.38503e+01   5.72733e+00   1.68667e+02
           863   1.75243e+02   8.63000e+02   4.38476e+01   5.72728e+00   1.68833e+02
           864   1.75406e+02   8.64000e+02   4.38440e+01   5.72721e+00   1.69000e+02
           865   1.75577e+02   8.65000e+02   4.38412e+01   5.72715e+00   1.69167e+02
           866   1.75728e+02   8.66000e+02   4.38383e+01   5.72709e+00   1.69333e+02
           867   1.75890e+02   8.67000e+02   4.38348e+01   5.72704e+00   1.69500e+02
           868   1.76056e+02   8.68000e+02   4.38289e+01   5.72699e+00   1.69667e+02
           869   1.76227e+02   8.69000e+02   4.38268e+01   5.72695e+00   1.69833e+02
           870   1.76376e+02   8.70000e+02   4.38263e+01   5.72692e+00   1.70000e+02
           871   1.76542e+02   8.71000e+02   4.38273e+01   5.72689e+00   1.70167e+02
           872   1.76713e+02   8.72000e+02   4.38320e+01   5.72686e+00   1.70333e+02
           873   1.76871e+02   8.73000e+02   4.38337e+01   5.72682e+00   1.70500e+02
           874   1.77038e+02   8.74000e+02   4.38334e+01   5.72678e+00   1.70667e+02
           875   1.77204e+02   8.75000e+02   4.38313e+01   5.72674e+00   1.70833e+02
           876   1.77364e+02   8.76000e+02   4.38324e+01   5.72666e+00   1.71000e+02
           877   1.77536e+02   8.77000e+02   4.38331e+01   5.72661e+00   1.71167e+02
           878   1.77700e+02   8.78000e+02   4.38351e+01   5.72661e+00   1.71333e+02
           879   1.77867e+02   8.79000e+02   4.38376e+01   5.72664e+00   1.71500e+02
           880   1.78026e+02   8.80000e+02   4.38387e+01   5.72664e+00   1.71667e+02
           881   1.78192e+02   8.81000e+02   4.38391e+01   5.72661e+00   1.71833e+02
           882   1.78361e+02   8.82000e+02   4.38395e+01   5.72656e+00   1.72000e+02
           883   1.78512e+02   8.83000e+02   4.38400e+01   5.72648e+00   1.72167e+02
           884   1.78676e+02   8.84000e+02   4.38355e+01   5.72637e+00   1.72333e+02
           885   1.78840e+02   8.85000e+02   4.38339e+01   5.72628e+00   1.72500e+02
           886   1.79013e+02   8.86000e+02   4.38328e+01   5.72620e+00   1.72667e+02
           887   1.79185e+02   8.87000e+02   4.38327e+01   5.72613e+00   1.72833e+02
           888   1.79338e+02   8.88000e+02   4.38330e+01   5.72605e+00   1.73000e+02
           889   1.79504e+02   8.89000e+02   4.38296e+01   5.72598e+00   1.73167e+02
           890   1.79668e+02   8.90000e+02   4.38248e+01   5.72592e+00   1.73333e+02
           891   1.79839e+02   8.91000e+02   4.38198e+01   5.72587e+00   1.73500e+02
           892   1.79993e+02   8.92000e+02   4.38160e+01   5.72584e+00   1.73667e+02
           893   1.80162e+02   8.93000e+02   4.38140e+01   5.72584e+00   1.73833e+02
           894   1.80319e+02   8.94000e+02   4.38125e+01   5.72595e+00   1.74000e+02
           895   1.80487e+02   8.95000e+02   4.38120e+01   5.72616e+00   1.74167e+02
           896   1.80650e+02   8.96000e+02   4.38106e+01   5.72644e+00   1.74333e+02
           897   1.80810e+02   8.97000e+02   4.38094e+01   5.72659e+00   1.74500e+02
           898   1.80969e+02   8.98000e+02   4.38076e+01   5.72663e+00   1.74667e+02
           899   1.81130e+02   8.99000e+02   4.38060e+01   5.72662e+00   1.74833e+02
           900   1.81297e+02   9.00000e+02   4.38089e+01   5.72651e+00   1.75000e+02
           901   1.81477e+02   9.01000e+02   4.38103e+01   5.72639e+00   1.75167e+02
           902   1.81633e+02   9.02000e+02   4.38110e+01   5.72624e+00   1.75333e+02
           903   1.81797e+02   9.03000e+02   4.38118e+01   5.72608e+00   1.75500e+02
           904   1.81965e+02   9.04000e+02   4.38158e+01   5.72576e+00   1.75667e+02
           905   1.82130e+02   9.05000e+02   4.38182e+01   5.72556e+00   1.75833e+02
           906   1.82287e+02   9.06000e+02   4.38201e+01   5.72540e+00   1.76000e+02
           907   1.82452e+02   9.07000e+02   4.38213e+01   5.72526e+00   1.76167e+02
           908   1.82618e+02   9.08000e+02   4.38209e+01   5.72522e+00   1.76333e+02
           909   1.82782e+02   9.09000e+02   4.38223e+01   5.72514e+00   1.76500e+02
           910   1.82954e+02   9.10000e+02   4.38238e+01   5.72505e+00   1.76667e+02
           911   1.83111e+02   9.11000e+02   4.38247e+01   5.72497e+00   1.76833e+02
           912   1.83275e+02   9.12000e+02   4.38265e+01   5.72493e+00   1.77000e+02
           913   1.83441e+02   9.13000e+02   4.38276e+01   5.72489e+00   1.77167e+02
           914   1.83609e+02   9.14000e+02   4.38278e+01   5.72485e+00   1.77333e+02
           915   1.83771e+02   9.15000e+02   4.38279e+01   5.72481e+00   1.77500e+02
           916   1.83933e+02   9.16000e+02   4.38277e+01   5.72479e+00   1.77667e+02
           917   1.84098e+02   9.17000e+02   4.38282e+01   5.72476e+00   1.77833e+02
           918   1.84264e+02   9.18000e+02   4.38292e+01   5.72474e+00   1.78000e+02
           919   1.84430e+02   9.19000e+02   4.38305e+01   5.72472e+00   1.78167e+02
           920   1.84588e+02   9.20000e+02   4.38326e+01   5.72469e+00   1.78333e+02
           921   1.84755e+02   9.21000e+02   4.38356e+01   5.72467e+00   1.78500e+02
           922   1.84917e+02   9.22000e+02   4.38382e+01   5.72464e+00   1.78667e+02
           923   1.85080e+02   9.23000e+02   4.38407e+01   5.72460e+00   1.78833e+02
           924   1.85253e+02   9.24000e+02   4.38472e+01   5.72456e+00   1.79000e+02
           925   1.85414e+02   9.25000e+02   4.38527e+01   5.72451e+00   1.79167e+02
           926   1.85577e+02   9.26000e+02   4.38582e+01   5.72446e+00   1.79333e+02
           927   1.85741e+02   9.27000e+02   4.38639e+01   5.72441e+00   1.79500e+02
           928   1.85906e+02   9.28000e+02   4.38708e+01   5.72436e+00   1.79667e+02
           929   1.86075e+02   9.29000e+02   4.38753e+01   5.72432e+00   1.79833e+02
           930   1.86240e+02   9.30000e+02   4.38798e+01   5.72429e+00   1.80000e+02
           931   1.86405e+02   9.31000e+02   4.38837e+01   5.72426e+00   1.80167e+02
           932   1.86570e+02   9.32000e+02   4.38897e+01   5.72425e+00   1.80333e+02
           933   1.86738e+02   9.33000e+02   4.38942e+01   5.72422e+00   1.80500e+02
           934   1.86904e+02   9.34000e+02   4.38968e+01   5.72419e+00   1.80667e+02
           935   1.87066e+02   9.35000e+02   4.39004e+01   5.72414e+00   1.80833e+02
           936   1.87235e+02   9.36000e+02   4.39033e+01   5.72408e+00   1.81000e+02
           937   1.87391e+02   9.37000e+02   4.39074e+01   5.72402e+00   1.81167e+02
           938   1.87561e+02   9.38000e+02   4.39117e+01   5.72397e+00   1.81333e+02
           939   1.87724e+02   9.39000e+02   4.39162e+01   5.72392e+00   1.81500e+02
           940   1.87887e+02   9.40000e+02   4.39163e+01   5.72386e+00   1.81667e+02
           941   1.88056e+02   9.41000e+02   4.39174e+01   5.72381e+00   1.81833e+02
           942   1.88215e+02   9.42000e+02   4.39185e+01   5.72376e+00   1.82000e+02
           943   1.88373e+02   9.43000e+02   4.39189e+01   5.72371e+00   1.82167e+02
           944   1.88555e+02   9.44000e+02   4.39227e+01   5.72368e+00   1.82333e+02
           945   1.88713e+02   9.45000e+02   4.39248e+01   5.72365e+00   1.82500e+02
           946   1.88875e+02   9.46000e+02   4.39263e+01   5.72361e+00   1.82667e+02
           947   1.89044e+02   9.47000e+02   4.39285e+01   5.72356e+00   1.82833e+02
           948   1.89205e+02   9.48000e+02   4.39254e+01   5.72351e+00   1.83000e+02
           949   1.89364e+02   9.49000e+02   4.39260e+01   5.72345e+00   1.83167e+02
           950   1.89534e+02   9.50000e+02   4.39287e+01   5.72340e+00   1.83333e+02
           951   1.89694e+02   9.51000e+02   4.39319e+01   5.72335e+00   1.83500e+02
           952   1.89856e+02   9.52000e+02   4.39364e+01   5.72328e+00   1.83667e+02
           953   1.90027e+02   9.53000e+02   4.39403e+01   5.72324e+00   1.83833e+02
           954   1.90187e+02   9.54000e+02   4.39429e+01   5.72319e+00   1.84000e+02
           955   1.90354e+02   9.55000e+02   4.39447e+01   5.72314e+00   1.84167e+02
           956   1.90520e+02   9.56000e+02   4.39494e+01   5.72311e+00   1.84333e+02
           957   1.90683e+02   9.57000e+02   4.39522e+01   5.72306e+00   1.84500e+02
           958   1.90848e+02   9.58000e+02   4.39543e+01   5.72300e+00   1.84667e+02
           959   1.91018e+02   9.59000e+02   4.39557e+01   5.72295e+00   1.84833e+02
           960   1.91183e+02   9.60000e+02   4.39592e+01   5.72289e+00   1.85000e+02
           961   1.91351e+02   9.61000e+02   4.39620e+01   5.72285e+00   1.85167e+02
           962   1.91514e+02   9.62000e+02   4.39636e+01   5.72281e+00   1.85333e+02
           963   1.91671e+02   9.63000e+02   4.39641e+01   5.72278e+00   1.85500e+02
           964   1.91839e+02   9.64000e+02   4.39585e+01   5.72276e+00   1.85667e+02
           965   1.91995e+02   9.65000e+02   4.39554e+01   5.72273e+00   1.85833e+02
           966   1.92170e+02   9.66000e+02   4.39549e+01   5.72270e+00   1.86000e+02
           967   1.92329e+02   9.67000e+02   4.39566e+01   5.72266e+00   1.86167e+02
           968   1.92492e+02   9.68000e+02   4.39566e+01   5.72262e+00   1.86333e+02
           969   1.92659e+02   9.69000e+02   4.39557e+01   5.72258e+00   1.86500e+02
           970   1.92826e+02   9.70000e+02   4.39556e+01   5.72254e+00   1.86667e+02
           971   1.92981e+02   9.71000e+02   4.39558e+01   5.72249e+00   1.86833e+02
           972   1.93145e+02   9.72000e+02   4.39509e+01   5.72244e+00   1.87000e+02
           973   1.93305e+02   9.73000e+02   4.39489e+01   5.72239e+00   1.87167e+02
           974   1.93472e+02   9.74000e+02   4.39477e+01   5.72234e+00   1.87333e+02
           975   1.93646e+02   9.75000e+02   4.39476e+01   5.72228e+00   1.87500e+02
           976   1.93816e+02   9.76000e+02   4.39526e+01   5.72222e+00   1.87667e+02
           977   1.93967e+02   9.77000e+02   4.39536e+01   5.72216e+00   1.87833e+02
           978   1.94133e+02   9.78000e+02   4.39543e+01   5.72209e+00   1.88000e+02
           979   1.94306e+02   9.79000e+02   4.39559e+01   5.72202e+00   1.88167e+02
           980   1.94459e+02   9.80000e+02   4.39564e+01   5.72195e+00   1.88333e+02
           981   1.94626e+02   9.81000e+02   4.39584e+01   5.72188e+00   1.88500e+02
           982   1.94791e+02   9.82000e+02   4.39603e+01   5.72182e+00   1.88667e+02
           983   1.94955e+02   9.83000e+02   4.39624e+01   5.72176e+00   1.88833e+02
           984   1.95125e+02   9.84000e+02   4.39671e+01   5.72171e+00   1.89000e+02
           985   1.95287e+02   9.85000e+02   4.39702e+01   5.72166e+00   1.89167e+02
           986   1.95449e+02   9.86000e+02   4.39722e+01   5.72160e+00   1.89333e+02
           987   1.95614e+02   9.87000e+02   4.39740e+01   5.72154e+00   1.89500e+02
           988   1.95789e+02   9.88000e+02   4.39797e+01   5.72149e+00   1.89667e+02
           989   1.95948e+02   9.89000e+02   4.39834e+01   5.72144e+00   1.89833e+02
           990   1.96114e+02   9.90000e+02   4.39857e+01   5.72139e+00   1.90000e+02
           991   1.96279e+02   9.91000e+02   4.39885e+01   5.72134e+00   1.90167e+02
           992   1.96439e+02   9.92000e+02   4.39879e+01   5.72130e+00   1.90333e+02
           993   1.96604e+02   9.93000e+02   4.39883e+01   5.72125e+00   1.90500e+02
           994   1.96770e+02   9.94000e+02   4.39896e+01   5.72120e+00   1.90667e+02
           995   1.96935e+02   9.95000e+02   4.39904e+01   5.72115e+00   1.90833e+02
           996   1.97102e+02   9.96000e+02   4.39906e+01   5.72109e+00   1.91000e+02
           997   1.97272e+02   9.97000e+02   4.39915e+01   5.72104e+00   1.91167e+02
           998   1.97427e+02   9.98000e+02   4.39927e+01   5.72098e+00   1.91333e+02
           999   1.97591e+02   9.99000e+02   4.39941e+01   5.72092e+00   1.91500e+02
          1000   1.97759e+02   1.00000e+03   4.39918e+01   5.72085e+00   1.91667e+02
          1001   1.97914e+02   1.00100e+03   4.39915e+01   5.72079e+00   1.91833e+02
          1002   1.98084e+02   1.00200e+03   4.39911e+01   5.72075e+00   1.92000e+02
          1003   1.98254e+02   1.00300e+03   4.39894e+01   5.72073e+00   1.92167e+02
          1004   1.98409e+02   1.00400e+03   4.39862e+01   5.72075e+00   1.92333e+02
          1005   1.98578e+02   1.00500e+03   4.39838e+01   5.72075e+00   1.92500e+02
          1006   1.98748e+02   1.00600e+03   4.39831e+01   5.72072e+00   1.92667e+02
          1007   1.98906e+02   1.00700e+03   4.39822e+01   5.72069e+00   1.92833e+02
          1008   1.99075e+02   1.00800e+03   4.39828e+01   5.72068e+00   1.93000e+02
          1009   1.99236e+02   1.00900e+03   4.39827e+01   5.72063e+00   1.93167e+02
          1010   1.99406e+02   1.01000e+03   4.39824e+01   5.72057e+00   1.93333e+02
          1011   1.99559e+02   1.01100e+03   4.39815e+01   5.72051e+00   1.93500e+02
          1012   1.99722e+02   1.01200e+03   4.39785e+01   5.72067e+00   1.93667e+02
          1013   1.99882e+02   1.01300e+03   4.39780e+01   5.72100e+00   1.93833e+02
          1014   2.00057e+02   1.01400e+03   4.39790e+01   5.72135e+00   1.94000e+02
          1015   2.00219e+02   1.01500e+03   4.39799e+01   5.72164e+00   1.94167e+02
          1016   2.00391e+02   1.01600e+03   4.39864e+01   5.72203e+00   1.94333e+02
          1017   2.00555e+02   1.01700e+03   4.39893e+01   5.72213e+00   1.94500e+02
          1018   2.00716e+02   1.01800e+03   4.39920e+01   5.72209e+00   1.94667e+02
          1019   2.00879e+02   1.01900e+03   4.39956e+01   5.72200e+00   1.94833e+02
          1020   2.01043e+02   1.02000e+03   4.39997e+01   5.72141e+00   1.95000e+02
          1021   2.01208e+02   1.02100e+03   4.40028e+01   5.72109e+00   1.95167e+02
          1022   2.01380e+02   1.02200e+03   4.40060e+01   5.72083e+00   1.95333e+02
          1023   2.01539e+02   1.02300e+03   4.40110e+01   5.72058e+00   1.95500e+02
          1024   2.01707e+02   1.02400e+03   4.40197e+01   5.72042e+00   1.95667e+02
          1025   2.01873e+02   1.02500e+03   4.40254e+01   5.72025e+00   1.95833e+02
          1026   2.02034e+02   1.02600e+03   4.40305e+01   5.72010e+00   1.96000e+02
          1027   2.02203e+02   1.02700e+03   4.40356e+01   5.71996e+00   1.96167e+02
          1028   2.02371e+02   1.02800e+03   4.40423e+01   5.71994e+00   1.96333e+02
          1029   2.02536e+02   1.02900e+03   4.40469e+01   5.71989e+00   1.96500e+02
          1030   2.02695e+02   1.03000e+03   4.40506e+01   5.71981e+00   1.96667e+02
          1031   2.02866e+02   1.03100e+03   4.40535e+01   5.71973e+00   1.96833e+02
          1032   2.03037e+02   1.03200e+03   4.40553e+01   5.71967e+00   1.97000e+02
          1033   2.03193e+02   1.03300e+03   4.40582e+01   5.71959e+00   1.97167e+02
          1034   2.03360e+02   1.03400e+03   4.40623e+01   5.71949e+00   1.97333e+02
          1035   2.03526e+02   1.03500e+03   4.40667e+01   5.71940e+00   1.97500e+02
          1036   2.03689e+02   1.03600e+03   4.40655e+01   5.71927e+00   1.97667e+02
          1037   2.03854e+02   1.03700e+03   4.40667e+01   5.71918e+00   1.97833e+02
          1038   2.04013e+02   1.03800e+03   4.40697e+01   5.71910e+00   1.98000e+02
          1039   2.04184e+02   1.03900e+03   4.40740e+01   5.71901e+00   1.98167e+02
          1040   2.04339e+02   1.04000e+03   4.40752e+01   5.71896e+00   1.98333e+02
          1041   2.04507e+02   1.04100e+03   4.40771e+01   5.71890e+00   1.98500e+02
          1042   2.04677e+02   1.04200e+03   4.40797e+01   5.71884e+00   1.98667e+02
          1043   2.04842e+02   1.04300e+03   4.40833e+01   5.71878e+00   1.98833e+02
          1044   2.05007e+02   1.04400e+03   4.40919e+01   5.71872e+00   1.99000e+02
          1045   2.05165e+02   1.04500e+03   4.40976e+01   5.71866e+00   1.99167e+02
          1046   2.05332e+02   1.04600e+03   4.41028e+01   5.71860e+00   1.99333e+02
          1047   2.05503e+02   1.04700e+03   4.41080e+01   5.71854e+00   1.99500e+02
          1048   2.05670e+02   1.04800e+03   4.41152e+01   5.71848e+00   1.99667e+02
          1049   2.05831e+02   1.04900e+03   4.41222e+01   5.71842e+00   1.99833e+02
          1050   2.05994e+02   1.05000e+03   4.41311e+01   5.71836e+00   2.00000e+02
          1051   2.06159e+02   1.05100e+03   4.41405e+01   5.71830e+00   2.00167e+02
          1052   2.06335e+02   1.05200e+03   4.41531e+01   5.71823e+00   2.00333e+02
          1053   2.06499e+02   1.05300e+03   4.41635e+01   5.71816e+00   2.00500e+02
          1054   2.06655e+02   1.05400e+03   4.41724e+01   5.71808e+00   2.00667e+02
          1055   2.06828e+02   1.05500e+03   4.41810e+01   5.71801e+00   2.00833e+02
          1056   2.06987e+02   1.05600e+03   4.41918e+01   5.71792e+00   2.01000e+02
          1057   2.07154e+02   1.05700e+03   4.42015e+01   5.71784e+00   2.01167e+02
          1058   2.07326e+02   1.05800e+03   4.42091e+01   5.71777e+00   2.01333e+02
          1059   2.07493e+02   1.05900e+03   4.42164e+01   5.71769e+00   2.01500e+02
          1060   2.07661e+02   1.06000e+03   4.42250e+01   5.71764e+00   2.01667e+02
          1061   2.07826e+02   1.06100e+03   4.42322e+01   5.71757e+00   2.01833e+02
          1062   2.07991e+02   1.06200e+03   4.42393e+01   5.71751e+00   2.02000e+02
          1063   2.08155e+02   1.06300e+03   4.42471e+01   5.71744e+00   2.02167e+02
          1064   2.08321e+02   1.06400e+03   4.42471e+01   5.71739e+00   2.02333e+02
          1065   2.08488e+02   1.06500e+03   4.42505e+01   5.71734e+00   2.02500e+02
          1066   2.08650e+02   1.06600e+03   4.42550e+01   5.71728e+00   2.02667e+02
          1067   2.08812e+02   1.06700e+03   4.42604e+01   5.71721e+00   2.02833e+02
          1068   2.08981e+02   1.06800e+03   4.42633e+01   5.71714e+00   2.03000e+02
          1069   2.09141e+02   1.06900e+03   4.42672e+01   5.71708e+00   2.03167e+02
          1070   2.09310e+02   1.07000e+03   4.42712e+01   5.71702e+00   2.03333e+02
          1071   2.09472e+02   1.07100e+03   4.42754e+01   5.71696e+00   2.03500e+02
          1072   2.09639e+02   1.07200e+03   4.42782e+01   5.71690e+00   2.03667e+02
          1073   2.09797e+02   1.07300e+03   4.42808e+01   5.71684e+00   2.03833e+02
          1074   2.09967e+02   1.07400e+03   4.42840e+01   5.71678e+00   2.04000e+02
          1075   2.10129e+02   1.07500e+03   4.42883e+01   5.71671e+00   2.04167e+02
          1076   2.10305e+02   1.07600e+03   4.42937e+01   5.71664e+00   2.04333e+02
          1077   2.10459e+02   1.07700e+03   4.42989e+01   5.71657e+00   2.04500e+02
          1078   2.10631e+02   1.07800e+03   4.43041e+01   5.71650e+00   2.04667e+02
          1079   2.10795e+02   1.07900e+03   4.43095e+01   5.71642e+00   2.04833e+02
          1080   2.10957e+02   1.08000e+03   4.43171e+01   5.71634e+00   2.05000e+02
          1081   2.11118e+02   1.08100e+03   4.43251e+01   5.71626e+00   2.05167e+02
          1082   2.11285e+02   1.08200e+03   4.43343e+01   5.71620e+00   2.05333e+02
          1083   2.11452e+02   1.08300e+03   4.43439e+01   5.71613e+00   2.05500e+02
          1084   2.11619e+02   1.08400e+03   4.43586e+01   5.71607e+00   2.05667e+02
          1085   2.11786e+02   1.08500e+03   4.43677e+01   5.71601e+00   2.05833e+02
          1086   2.11949e+02   1.08600e+03   4.43747e+01   5.71594e+00   2.06000e+02
          1087   2.12120e+02   1.08700e+03   4.43828e+01   5.71587e+00   2.06167e+02
          1088   2.12287e+02   1.08800e+03   4.43925e+01   5.71580e+00   2.06333e+02
          1089   2.12459e+02   1.08900e+03   4.43989e+01   5.71573e+00   2.06500e+02
          1090   2.12618e+02   1.09000e+03   4.44041e+01   5.71568e+00   2.06667e+02
          1091   2.12792e+02   1.09100e+03   4.44082e+01   5.71562e+00   2.06833e+02
          1092   2.12951e+02   1.09200e+03   4.44065e+01   5.71557e+00   2.07000e+02
          1093   2.13122e+02   1.09300e+03   4.44063e+01   5.71551e+00   2.07167e+02
          1094   2.13270e+02   1.09400e+03   4.44046e+01   5.71545e+00   2.07333e+02
          1095   2.13441e+02   1.09500e+03   4.44025e+01   5.71538e+00   2.07500e+02
          1096   2.13611e+02   1.09600e+03   4.43945e+01   5.71532e+00   2.07667e+02
          1097   2.13764e+02   1.09700e+03   4.43916e+01   5.71526e+00   2.07833e+02
          1098   2.13934e+02   1.09800e+03   4.43891e+01   5.71520e+00   2.08000e+02
          1099   2.14099e+02   1.09900e+03   4.43867e+01   5.71515e+00   2.08167e+02
          1100   2.14251e+02   1.10000e+03   4.43764e+01   5.71510e+00   2.08333e+02
          1101   2.14424e+02   1.10100e+03   4.43732e+01   5.71504e+00   2.08500e+02
          1102   2.14580e+02   1.10200e+03   4.43739e+01   5.71500e+00   2.08667e+02
          1103   2.14743e+02   1.10300e+03   4.43757e+01   5.71495e+00   2.08833e+02
          1104   2.14906e+02   1.10400e+03   4.43774e+01   5.71490e+00   2.09000e+02
          1105   2.15078e+02   1.10500e+03   4.43791e+01   5.71485e+00   2.09167e+02
          1106   2.15245e+02   1.10600e+03   4.43810e+01   5.71479e+00   2.09333e+02
          1107   2.15407e+02   1.10700e+03   4.43824e+01   5.71474e+00   2.09500e+02
          1108   2.15569e+02   1.10800e+03   4.43899e+01   5.71468e+00   2.09667e+02
          1109   2.15732e+02   1.10900e+03   4.43941e+01   5.71463e+00   2.09833e+02
          1110   2.15910e+02   1.11000e+03   4.43998e+01   5.71458e+00   2.10000e+02
          1111   2.16081e+02   1.11100e+03   4.44077e+01   5.71452e+00   2.10167e+02
          1112   2.16232e+02   1.11200e+03   4.44175e+01   5.71447e+00   2.10333e+02
          1113   2.16401e+02   1.11300e+03   4.44242e+01   5.71439e+00   2.10500e+02
          1114   2.16575e+02   1.11400e+03   4.44298e+01   5.71431e+00   2.10667e+02
          1115   2.16731e+02   1.11500e+03   4.44361e+01   5.71423e+00   2.10833e+02
          1116   2.16902e+02   1.11600e+03   4.44430e+01   5.71421e+00   2.11000e+02
          1117   2.17061e+02   1.11700e+03   4.44498e+01   5.71418e+00   2.11167e+02
          1118   2.17230e+02   1.11800e+03   4.44561e+01   5.71411e+00   2.11333e+02
          1119   2.17404e+02   1.11900e+03   4.44632e+01   5.71402e+00   2.11500e+02
          1120   2.17564e+02   1.12000e+03   4.44753e+01   5.71396e+00   2.11667e+02
          1121   2.17731e+02   1.12100e+03   4.44843e+01   5.71386e+00   2.11833e+02
          1122   2.17894e+02   1.12200e+03   4.44930e+01   5.71375e+00   2.12000e+02
          1123   2.18057e+02   1.12300e+03   4.45009e+01   5.71363e+00   2.12167e+02
          1124   2.18225e+02   1.12400e+03   4.45073e+01   5.71344e+00   2.12333e+02
          1125   2.18388e+02   1.12500e+03   4.45146e+01   5.71331e+00   2.12500e+02
          1126   2.18552e+02   1.12600e+03   4.45226e+01   5.71318e+00   2.12667e+02
          1127   2.18721e+02   1.12700e+03   4.45316e+01   5.71306e+00   2.12833e+02
          1128   2.18891e+02   1.12800e+03   4.45388e+01   5.71297e+00   2.13000e+02
          1129   2.19055e+02   1.12900e+03   4.45441e+01   5.71287e+00   2.13167e+02
          1130   2.19222e+02   1.13000e+03   4.45498e+01   5.71277e+00   2.13333e+02
          1131   2.19391e+02   1.13100e+03   4.45555e+01   5.71268e+00   2.13500e+02
          1132   2.19547e+02   1.13200e+03   4.45603e+01   5.71260e+00   2.13667e+02
          1133   2.19716e+02   1.13300e+03   4.45670e+01   5.71251e+00   2.13833e+02
          1134   2.19879e+02   1.13400e+03   4.45742e+01   5.71243e+00   2.14000e+02
          1135   2.20051e+02   1.13500e+03   4.45816e+01   5.71235e+00   2.14167e+02
          1136   2.20215e+02   1.13600e+03   4.45876e+01   5.71229e+00   2.14333e+02
          1137   2.20369e+02   1.13700e+03   4.45933e+01   5.71222e+00   2.14500e+02
          1138   2.20536e+02   1.13800e+03   4.45989e+01   5.71217e+00   2.14667e+02
          1139   2.20702e+02   1.13900e+03   4.46046e+01   5.71212e+00   2.14833e+02
          1140   2.20872e+02   1.14000e+03   4.46104e+01   5.71206e+00   2.15000e+02
          1141   2.21042e+02   1.14100e+03   4.46141e+01   5.71197e+00   2.15167e+02
          1142   2.21206e+02   1.14200e+03   4.46178e+01   5.71189e+00   2.15333e+02
          1143   2.21370e+02   1.14300e+03   4.46208e+01   5.71182e+00   2.15500e+02
          1144   2.21535e+02   1.14400e+03   4.46183e+01   5.71172e+00   2.15667e+02
          1145   2.21698e+02   1.14500e+03   4.46188e+01   5.71164e+00   2.15833e+02
          1146   2.21863e+02   1.14600e+03   4.46213e+01   5.71157e+00   2.16000e+02
          1147   2.22026e+02   1.14700e+03   4.46252e+01   5.71150e+00   2.16167e+02
          1148   2.22192e+02   1.14800e+03   4.46230e+01   5.71146e+00   2.16333e+02
          1149   2.22354e+02   1.14900e+03   4.46238e+01   5.71140e+00   2.16500e+02
          1150   2.22515e+02   1.15000e+03   4.46263e+01   5.71133e+00   2.16667e+02
          1151   2.22685e+02   1.15100e+03   4.46294e+01   5.71126e+00   2.16833e+02
          1152   2.22837e+02   1.15200e+03   4.46286e+01   5.71113e+00   2.17000e+02
          1153   2.23001e+02   1.15300e+03   4.46292e+01   5.71099e+00   2.17167e+02
          1154   2.23176e+02   1.15400e+03   4.46308e+01   5.71086e+00   2.17333e+02
          1155   2.23348e+02   1.15500e+03   4.46321e+01   5.71075e+00   2.17500e+02
          1156   2.23513e+02   1.15600e+03   4.46370e+01   5.71069e+00   2.17667e+02
          1157   2.23671e+02   1.15700e+03   4.46408e+01   5.71068e+00   2.17833e+02
          1158   2.23837e+02   1.15800e+03   4.46442e+01   5.71068e+00   2.18000e+02
          1159   2.24006e+02   1.15900e+03   4.46470e+01   5.71065e+00   2.18167e+02
          1160   2.24165e+02   1.16000e+03   4.46469e+01   5.71070e+00   2.18333e+02
          1161   2.24323e+02   1.16100e+03   4.46478e+01   5.71067e+00   2.18500e+02
          1162   2.24500e+02   1.16200e+03   4.46493e+01   5.71064e+00   2.18667e+02
          1163   2.24663e+02   1.16300e+03   4.46511e+01   5.71063e+00   2.18833e+02
          1164   2.24822e+02   1.16400e+03   4.46540e+01   5.71053e+00   2.19000e+02
          1165   2.24988e+02   1.16500e+03   4.46566e+01   5.71050e+00   2.19167e+02
          1166   2.25162e+02   1.16600e+03   4.46594e+01   5.71049e+00   2.19333e+02
          1167   2.25321e+02   1.16700e+03   4.46622e+01   5.71048e+00   2.19500e+02
          1168   2.25490e+02   1.16800e+03   4.46636e+01   5.71057e+00   2.19667e+02
          1169   2.25652e+02   1.16900e+03   4.46657e+01   5.71061e+00   2.19833e+02
          1170   2.25813e+02   1.17000e+03   4.46695e+01   5.71062e+00   2.20000e+02
          1171   2.25981e+02   1.17100e+03   4.46747e+01   5.71061e+00   2.20167e+02
          1172   2.26144e+02   1.17200e+03   4.46817e+01   5.71056e+00   2.20333e+02
          1173   2.26308e+02   1.17300e+03   4.46880e+01   5.71051e+00   2.20500e+02
          1174   2.26478e+02   1.17400e+03   4.46933e+01   5.71045e+00   2.20667e+02
          1175   2.26644e+02   1.17500e+03   4.46986e+01   5.71040e+00   2.20833e+02
          1176   2.26806e+02   1.17600e+03   4.47062e+01   5.71028e+00   2.21000e+02
          1177   2.26965e+02   1.17700e+03   4.47124e+01   5.71020e+00   2.21167e+02
          1178   2.27136e+02   1.17800e+03   4.47195e+01   5.71013e+00   2.21333e+02
          1179   2.27309e+02   1.17900e+03   4.47284e+01   5.71006e+00   2.21500e+02
          1180   2.27472e+02   1.18000e+03   4.47439e+01   5.71001e+00   2.21667e+02
          1181   2.27646e+02   1.18100e+03   4.47559e+01   5.70995e+00   2.21833e+02
          1182   2.27808e+02   1.18200e+03   4.47679e+01   5.70990e+00   2.22000e+02
          1183   2.27965e+02   1.18300e+03   4.47799e+01   5.70986e+00   2.22167e+02
          1184   2.28133e+02   1.18400e+03   4.47942e+01   5.70982e+00   2.22333e+02
          1185   2.28298e+02   1.18500e+03   4.48097e+01   5.70976e+00   2.22500e+02
          1186   2.28466e+02   1.18600e+03   4.48250e+01   5.70971e+00   2.22667e+02
          1187   2.28634e+02   1.18700e+03   4.48396e+01   5.70964e+00   2.22833e+02
          1188   2.28811e+02   1.18800e+03   4.48634e+01   5.70957e+00   2.23000e+02
          1189   2.28971e+02   1.18900e+03   4.48816e+01   5.70950e+00   2.23167e+02
          1190   2.29139e+02   1.19000e+03   4.48986e+01   5.70943e+00   2.23333e+02
          1191   2.29308e+02   1.19100e+03   4.49144e+01   5.70935e+00   2.23500e+02
          1192   2.29470e+02   1.19200e+03   4.49301e+01   5.70927e+00   2.23667e+02
          1193   2.29644e+02   1.19300e+03   4.49477e+01   5.70919e+00   2.23833e+02
          1194   2.29811e+02   1.19400e+03   4.49650e+01   5.70912e+00   2.24000e+02
          1195   2.29975e+02   1.19500e+03   4.49813e+01   5.70905e+00   2.24167e+02
          1196   2.30140e+02   1.19600e+03   4.49947e+01   5.70899e+00   2.24333e+02
          1197   2.30308e+02   1.19700e+03   4.50108e+01   5.70893e+00   2.24500e+02
          1198   2.30477e+02   1.19800e+03   4.50271e+01   5.70888e+00   2.24667e+02
          1199   2.30645e+02   1.19900e+03   4.50415e+01   5.70883e+00   2.24833e+02
          1200   2.30800e+02   1.20000e+03   4.50555e+01   5.70880e+00   2.25000e+02
          1201   2.30974e+02   1.20100e+03   4.50710e+01   5.70875e+00   2.25167e+02
          1202   2.31147e+02   1.20200e+03   4.50865e+01   5.70871e+00   2.25333e+02
          1203   2.31310e+02   1.20300e+03   4.51019e+01   5.70866e+00   2.25500e+02
          1204   2.31472e+02   1.20400e+03   4.51169e+01   5.70861e+00   2.25667e+02
          1205   2.31645e+02   1.20500e+03   4.51339e+01   5.70856e+00   2.25833e+02
          1206   2.31811e+02   1.20600e+03   4.51516e+01   5.70850e+00   2.26000e+02
          1207   2.31977e+02   1.20700e+03   4.51701e+01   5.70845e+00   2.26167e+02
          1208   2.32138e+02   1.20800e+03   4.51884e+01   5.70839e+00   2.26333e+02
          1209   2.32306e+02   1.20900e+03   4.52082e+01   5.70832e+00   2.26500e+02
          1210   2.32476e+02   1.21000e+03   4.52294e+01   5.70826e+00   2.26667e+02
          1211   2.32641e+02   1.21100e+03   4.52515e+01   5.70820e+00   2.26833e+02
          1212   2.32807e+02   1.21200e+03   4.52791e+01   5.70813e+00   2.27000e+02
          1213   2.32978e+02   1.21300e+03   4.53023e+01   5.70805e+00   2.27167e+02
          1214   2.33147e+02   1.21400e+03   4.53235e+01   5.70799e+00   2.27333e+02
          1215   2.33313e+02   1.21500e+03   4.53433e+01   5.70796e+00   2.27500e+02
          1216   2.33482e+02   1.21600e+03   4.53674e+01   5.70791e+00   2.27667e+02
          1217   2.33650e+02   1.21700e+03   4.53898e+01   5.70786e+00   2.27833e+02
          1218   2.33818e+02   1.21800e+03   4.54124e+01   5.70781e+00   2.28000e+02
          1219   2.33992e+02   1.21900e+03   4.54346e+01   5.70776e+00   2.28167e+02
          1220   2.34161e+02   1.22000e+03   4.54517e+01   5.70772e+00   2.28333e+02
          1221   2.34327e+02   1.22100e+03   4.54686e+01   5.70767e+00   2.28500e+02
          1222   2.34490e+02   1.22200e+03   4.54851e+01   5.70763e+00   2.28667e+02
          1223   2.34655e+02   1.22300e+03   4.55020e+01   5.70759e+00   2.28833e+02
          1224   2.34816e+02   1.22400e+03   4.55104e+01   5.70756e+00   2.29000e+02
          1225   2.34984e+02   1.22500e+03   4.55205e+01   5.70752e+00   2.29167e+02
          1226   2.35159e+02   1.22600e+03   4.55282e+01   5.70748e+00   2.29333e+02
          1227   2.35326e+02   1.22700e+03   4.55342e+01   5.70743e+00   2.29500e+02
          1228   2.35484e+02   1.22800e+03   4.55355e+01   5.70739e+00   2.29667e+02
          1229   2.35648e+02   1.22900e+03   4.55379e+01   5.70735e+00   2.29833e+02
          1230   2.35812e+02   1.23000e+03   4.55390e+01   5.70730e+00   2.30000e+02
          1231   2.35981e+02   1.23100e+03   4.55387e+01   5.70726e+00   2.30167e+02
          1232   2.36151e+02   1.23200e+03   4.55263e+01   5.70721e+00   2.30333e+02
          1233   2.36310e+02   1.23300e+03   4.55188e+01   5.70716e+00   2.30500e+02
          1234   2.36465e+02   1.23400e+03   4.55132e+01   5.70712e+00   2.30667e+02
          1235   2.36626e+02   1.23500e+03   4.55065e+01   5.70707e+00   2.30833e+02
          1236   2.36791e+02   1.23600e+03   4.54849e+01   5.70703e+00   2.31000e+02
          1237   2.36956e+02   1.23700e+03   4.54733e+01   5.70700e+00   2.31167e+02
          1238   2.37123e+02   1.23800e+03   4.54652e+01   5.70697e+00   2.31333e+02
          1239   2.37279e+02   1.23900e+03   4.54581e+01   5.70695e+00   2.31500e+02
          1240   2.37446e+02   1.24000e+03   4.54456e+01   5.70694e+00   2.31667e+02
          1241   2.37604e+02   1.24100e+03   4.54379e+01   5.70692e+00   2.31833e+02
          1242   2.37767e+02   1.24200e+03   4.54340e+01   5.70690e+00   2.32000e+02
          1243   2.37937e+02   1.24300e+03   4.54312e+01   5.70687e+00   2.32167e+02
          1244   2.38086e+02   1.24400e+03   4.54351e+01   5.70682e+00   2.32333e+02
          1245   2.38254e+02   1.24500e+03   4.54354e+01   5.70676e+00   2.32500e+02
          1246   2.38423e+02   1.24600e+03   4.54363e+01   5.70671e+00   2.32667e+02
          1247   2.38594e+02   1.24700e+03   4.54402e+01   5.70666e+00   2.32833e+02
          1248   2.38753e+02   1.24800e+03   4.54580e+01   5.70660e+00   2.33000e+02
          1249   2.38920e+02   1.24900e+03   4.54693e+01   5.70656e+00   2.33167e+02
          1250   2.39089e+02   1.25000e+03   4.54792e+01   5.70652e+00   2.33333e+02
          1251   2.39257e+02   1.25100e+03   4.54885e+01   5.70649e+00   2.33500e+02
          1252   2.39427e+02   1.25200e+03   4.55090e+01   5.70649e+00   2.33667e+02
          1253   2.39596e+02   1.25300e+03   4.55244e+01   5.70647e+00   2.33833e+02
          1254   2.39748e+02   1.25400e+03   4.55418e+01   5.70645e+00   2.34000e+02
          1255   2.39928e+02   1.25500e+03   4.55606e+01   5.70642e+00   2.34167e+02
          1256   2.40094e+02   1.25600e+03   4.55873e+01   5.70639e+00   2.34333e+02
          1257   2.40261e+02   1.25700e+03   4.56116e+01   5.70637e+00   2.34500e+02
          1258   2.40434e+02   1.25800e+03   4.56349e+01   5.70634e+00   2.34667e+02
          1259   2.40594e+02   1.25900e+03   4.56580e+01   5.70630e+00   2.34833e+02
          1260   2.40760e+02   1.26000e+03   4.56879e+01   5.70626e+00   2.35000e+02
          1261   2.40926e+02   1.26100e+03   4.57163e+01   5.70621e+00   2.35167e+02
          1262   2.41101e+02   1.26200e+03   4.57443e+01   5.70615e+00   2.35333e+02
          1263   2.41276e+02   1.26300e+03   4.57728e+01   5.70609e+00   2.35500e+02
          1264   2.41441e+02   1.26400e+03   4.58112e+01   5.70601e+00   2.35667e+02
          1265   2.41615e+02   1.26500e+03   4.58431e+01   5.70595e+00   2.35833e+02
          1266   2.41782e+02   1.26600e+03   4.58740e+01   5.70590e+00   2.36000e+02
          1267   2.41947e+02   1.26700e+03   4.59051e+01   5.70585e+00   2.36167e+02
          1268   2.42119e+02   1.26800e+03   4.59364e+01   5.70581e+00   2.36333e+02
          1269   2.42294e+02   1.26900e+03   4.59670e+01   5.70578e+00   2.36500e+02
          1270   2.42454e+02   1.27000e+03   4.59979e+01   5.70574e+00   2.36667e+02
          1271   2.42628e+02   1.27100e+03   4.60276e+01   5.70571e+00   2.36833e+02
          1272   2.42793e+02   1.27200e+03   4.60578e+01   5.70569e+00   2.37000e+02
          1273   2.42964e+02   1.27300e+03   4.60896e+01   5.70566e+00   2.37167e+02
          1274   2.43132e+02   1.27400e+03   4.61212e+01   5.70563e+00   2.37333e+02
          1275   2.43302e+02   1.27500e+03   4.61514e+01   5.70560e+00   2.37500e+02
          1276   2.43472e+02   1.27600e+03   4.61806e+01   5.70556e+00   2.37667e+02
          1277   2.43633e+02   1.27700e+03   4.62096e+01   5.70552e+00   2.37833e+02
          1278   2.43805e+02   1.27800e+03   4.62386e+01   5.70547e+00   2.38000e+02
          1279   2.43972e+02   1.27900e+03   4.62671e+01   5.70542e+00   2.38167e+02
          1280   2.44138e+02   1.28000e+03   4.62959e+01   5.70534e+00   2.38333e+02
          1281   2.44310e+02   1.28100e+03   4.63254e+01   5.70527e+00   2.38500e+02
          1282   2.44486e+02   1.28200e+03   4.63554e+01   5.70520e+00   2.38667e+02
          1283   2.44645e+02   1.28300e+03   4.63858e+01   5.70514e+00   2.38833e+02
          1284   2.44814e+02   1.28400e+03   4.64135e+01   5.70507e+00   2.39000e+02
          1285   2.44981e+02   1.28500e+03   4.64413e+01   5.70502e+00   2.39167e+02
          1286   2.45148e+02   1.28600e+03   4.64688e+01   5.70496e+00   2.39333e+02
          1287   2.45317e+02   1.28700e+03   4.64964e+01   5.70489e+00   2.39500e+02
          1288   2.45487e+02   1.28800e+03   4.65255e+01   5.70483e+00   2.39667e+02
          1289   2.45659e+02   1.28900e+03   4.65526e+01   5.70478e+00   2.39833e+02
          1290   2.45822e+02   1.29000e+03   4.65783e+01   5.70473e+00   2.40000e+02
          1291   2.45997e+02   1.29100e+03   4.66048e+01   5.70469e+00   2.40167e+02
          1292   2.46164e+02   1.29200e+03   4.66288e+01   5.70468e+00   2.40333e+02
          1293   2.46328e+02   1.29300e+03   4.66534e+01   5.70469e+00   2.40500e+02
          1294   2.46494e+02   1.29400e+03   4.66782e+01   5.70471e+00   2.40667e+02
          1295   2.46659e+02   1.29500e+03   4.67027e+01   5.70470e+00   2.40833e+02
          1296   2.46831e+02   1.29600e+03   4.67238e+01   5.70475e+00   2.41000e+02
          1297   2.47000e+02   1.29700e+03   4.67477e+01   5.70488e+00   2.41167e+02
          1298   2.47158e+02   1.29800e+03   4.67706e+01   5.70516e+00   2.41333e+02
          1299   2.47332e+02   1.29900e+03   4.67928e+01   5.70548e+00   2.41500e+02
          1300   2.47500e+02   1.30000e+03   4.68141e+01   5.70571e+00   2.41667e+02
          1301   2.47666e+02   1.30100e+03   4.68360e+01   5.70577e+00   2.41833e+02
          1302   2.47834e+02   1.30200e+03   4.68588e+01   5.70572e+00   2.42000e+02
          1303   2.48006e+02   1.30300e+03   4.68821e+01   5.70562e+00   2.42167e+02
          1304   2.48165e+02   1.30400e+03   4.69010e+01   5.70524e+00   2.42333e+02
          1305   2.48339e+02   1.30500e+03   4.69233e+01   5.70499e+00   2.42500e+02
          1306   2.48505e+02   1.30600e+03   4.69468e+01   5.70475e+00   2.42667e+02
          1307   2.48664e+02   1.30700e+03   4.69719e+01   5.70452e+00   2.42833e+02
          1308   2.48839e+02   1.30800e+03   4.69951e+01   5.70425e+00   2.43000e+02
          1309   2.49003e+02   1.30900e+03   4.70208e+01   5.70405e+00   2.43167e+02
          1310   2.49173e+02   1.31000e+03   4.70469e+01   5.70387e+00   2.43333e+02
          1311   2.49344e+02   1.31100e+03   4.70720e+01   5.70370e+00   2.43500e+02
          1312   2.49508e+02   1.31200e+03   4.71010e+01   5.70363e+00   2.43667e+02
          1313   2.49671e+02   1.31300e+03   4.71286e+01   5.70352e+00   2.43833e+02
          1314   2.49848e+02   1.31400e+03   4.71558e+01   5.70343e+00   2.44000e+02
          1315   2.50020e+02   1.31500e+03   4.71818e+01   5.70334e+00   2.44167e+02
          1316   2.50184e+02   1.31600e+03   4.72086e+01   5.70330e+00   2.44333e+02
          1317   2.50350e+02   1.31700e+03   4.72328e+01   5.70326e+00   2.44500e+02
          1318   2.50526e+02   1.31800e+03   4.72585e+01   5.70320e+00   2.44667e+02
          1319   2.50688e+02   1.31900e+03   4.72841e+01   5.70311e+00   2.44833e+02
          1320   2.50858e+02   1.32000e+03   4.73030e+01   5.70301e+00   2.45000e+02
          1321   2.51023e+02   1.32100e+03   4.73229e+01   5.70289e+00   2.45167e+02
          1322   2.51201e+02   1.32200e+03   4.73433e+01   5.70276e+00   2.45333e+02
          1323   2.51363e+02   1.32300e+03   4.73632e+01   5.70263e+00   2.45500e+02
          1324   2.51525e+02   1.32400e+03   4.73777e+01   5.70242e+00   2.45667e+02
          1325   2.51686e+02   1.32500e+03   4.73940e+01   5.70227e+00   2.45833e+02
          1326   2.51863e+02   1.32600e+03   4.74095e+01   5.70214e+00   2.46000e+02
          1327   2.52034e+02   1.32700e+03   4.74253e+01   5.70200e+00   2.46167e+02
          1328   2.52193e+02   1.32800e+03   4.74395e+01   5.70189e+00   2.46333e+02
          1329   2.52355e+02   1.32900e+03   4.74543e+01   5.70178e+00   2.46500e+02
          1330   2.52522e+02   1.33000e+03   4.74681e+01   5.70170e+00   2.46667e+02
          1331   2.52692e+02   1.33100e+03   4.74812e+01   5.70164e+00   2.46833e+02
          1332   2.52855e+02   1.33200e+03   4.74901e+01   5.70163e+00   2.47000e+02
          1333   2.53024e+02   1.33300e+03   4.75023e+01   5.70165e+00   2.47167e+02
          1334   2.53184e+02   1.33400e+03   4.75142e+01   5.70169e+00   2.47333e+02
          1335   2.53351e+02   1.33500e+03   4.75243e+01   5.70172e+00   2.47500e+02
          1336   2.53521e+02   1.33600e+03   4.75373e+01   5.70174e+00   2.47667e+02
          1337   2.53688e+02   1.33700e+03   4.75521e+01   5.70167e+00   2.47833e+02
          1338   2.53850e+02   1.33800e+03   4.75667e+01   5.70158e+00   2.48000e+02
          1339   2.54018e+02   1.33900e+03   4.75802e+01   5.70150e+00   2.48167e+02
          1340   2.54183e+02   1.34000e+03   4.75938e+01   5.70130e+00   2.48333e+02
          1341   2.54347e+02   1.34100e+03   4.76079e+01   5.70119e+00   2.48500e+02
          1342   2.54517e+02   1.34200e+03   4.76225e+01   5.70111e+00   2.48667e+02
          1343   2.54675e+02   1.34300e+03   4.76379e+01   5.70103e+00   2.48833e+02
          1344   2.54848e+02   1.34400e+03   4.76545e+01   5.70103e+00   2.49000e+02
          1345   2.55023e+02   1.34500e+03   4.76698e+01   5.70098e+00   2.49167e+02
          1346   2.55191e+02   1.34600e+03   4.76864e+01   5.70093e+00   2.49333e+02
          1347   2.55351e+02   1.34700e+03   4.77031e+01   5.70089e+00   2.49500e+02
          1348   2.55517e+02   1.34800e+03   4.77213e+01   5.70083e+00   2.49667e+02
          1349   2.55690e+02   1.34900e+03   4.77365e+01   5.70077e+00   2.49833e+02
          1350   2.55851e+02   1.35000e+03   4.77508e+01   5.70070e+00   2.50000e+02
          1351   2.56017e+02   1.35100e+03   4.77648e+01   5.70063e+00   2.50167e+02
          1352   2.56187e+02   1.35200e+03   4.77799e+01   5.70056e+00   2.50333e+02
          1353   2.56347e+02   1.35300e+03   4.77934e+01   5.70049e+00   2.50500e+02
          1354   2.56520e+02   1.35400e+03   4.78066e+01   5.70043e+00   2.50667e+02
          1355   2.56690e+02   1.35500e+03   4.78204e+01   5.70036e+00   2.50833e+02
          1356   2.56858e+02   1.35600e+03   4.78328e+01   5.70029e+00   2.51000e+02
          1357   2.57021e+02   1.35700e+03   4.78456e+01   5.70023e+00   2.51167e+02
          1358   2.57185e+02   1.35800e+03   4.78577e+01   5.70016e+00   2.51333e+02
          1359   2.57348e+02   1.35900e+03   4.78688e+01   5.70009e+00   2.51500e+02
          1360   2.57517e+02   1.36000e+03   4.78774e+01   5.70001e+00   2.51667e+02
          1361   2.57686e+02   1.36100e+03   4.78886e+01   5.69993e+00   2.51833e+02
          1362   2.57842e+02   1.36200e+03   4.78994e+01   5.69985e+00   2.52000e+02
          1363   2.58014e+02   1.36300e+03   4.79116e+01   5.69977e+00   2.52167e+02
          1364   2.58178e+02   1.36400e+03   4.79229e+01   5.69971e+00   2.52333e+02
          1365   2.58347e+02   1.36500e+03   4.79335e+01   5.69965e+00   2.52500e+02
          1366   2.58514e+02   1.36600e+03   4.79428e+01   5.69956e+00   2.52667e+02
          1367   2.58675e+02   1.36700e+03   4.79501e+01   5.69944e+00   2.52833e+02
          1368   2.58839e+02   1.36800e+03   4.79557e+01   5.69935e+00   2.53000e+02
          1369   2.59015e+02   1.36900e+03   4.79657e+01   5.69926e+00   2.53167e+02
          1370   2.59170e+02   1.37000e+03   4.79762e+01   5.69918e+00   2.53333e+02
          1371   2.59343e+02   1.37100e+03   4.79860e+01   5.69909e+00   2.53500e+02
          1372   2.59512e+02   1.37200e+03   4.79967e+01   5.69900e+00   2.53667e+02
          1373   2.59672e+02   1.37300e+03   4.80070e+01   5.69892e+00   2.53833e+02
          1374   2.59838e+02   1.37400e+03   4.80167e+01   5.69886e+00   2.54000e+02
          1375   2.60001e+02   1.37500e+03   4.80271e+01   5.69880e+00   2.54167e+02
          1376   2.60158e+02   1.37600e+03   4.80340e+01   5.69875e+00   2.54333e+02
          1377   2.60335e+02   1.37700e+03   4.80424e+01   5.69869e+00   2.54500e+02
          1378   2.60510e+02   1.37800e+03   4.80512e+01   5.69865e+00   2.54667e+02
          1379   2.60670e+02   1.37900e+03   4.80600e+01   5.69862e+00   2.54833e+02
          1380   2.60836e+02   1.38000e+03   4.80727e+01   5.69862e+00   2.55000e+02
          1381   2.60999e+02   1.38100e+03   4.80828e+01   5.69862e+00   2.55167e+02
          1382   2.61169e+02   1.38200e+03   4.80931e+01   5.69863e+00   2.55333e+02
          1383   2.61330e+02   1.38300e+03   4.81033e+01   5.69864e+00   2.55500e+02
          1384   2.61498e+02   1.38400e+03   4.81143e+01   5.69868e+00   2.55667e+02
          1385   2.61661e+02   1.38500e+03   4.81269e+01   5.69866e+00   2.55833e+02
          1386   2.61831e+02   1.38600e+03   4.81386e+01   5.69862e+00   2.56000e+02
          1387   2.61991e+02   1.38700e+03   4.81492e+01   5.69858e+00   2.56167e+02
          1388   2.62163e+02   1.38800e+03   4.81610e+01   5.69850e+00   2.56333e+02
          1389   2.62326e+02   1.38900e+03   4.81714e+01   5.69846e+00   2.56500e+02
          1390   2.62494e+02   1.39000e+03   4.81814e+01   5.69843e+00   2.56667e+02
          1391   2.62659e+02   1.39100e+03   4.81912e+01   5.69841e+00   2.56833e+02
          1392   2.62827e+02   1.39200e+03   4.82023e+01   5.69841e+00   2.57000e+02
          1393   2.62998e+02   1.39300e+03   4.82108e+01   5.69839e+00   2.57167e+02
          1394   2.63162e+02   1.39400e+03   4.82186e+01   5.69835e+00   2.57333e+02
          1395   2.63324e+02   1.39500e+03   4.82260e+01   5.69832e+00   2.57500e+02
          1396   2.63491e+02   1.39600e+03   4.82259e+01   5.69827e+00   2.57667e+02
          1397   2.63654e+02   1.39700e+03   4.82307e+01   5.69822e+00   2.57833e+02
          1398   2.63819e+02   1.39800e+03   4.82383e+01   5.69816e+00   2.58000e+02
          1399   2.63990e+02   1.39900e+03   4.82466e+01   5.69810e+00   2.58167e+02
          1400   2.64157e+02   1.40000e+03   4.82555e+01   5.69802e+00   2.58333e+02
          1401   2.64317e+02   1.40100e+03   4.82658e+01   5.69795e+00   2.58500e+02
          1402   2.64480e+02   1.40200e+03   4.82740e+01   5.69786e+00   2.58667e+02
          1403   2.64642e+02   1.40300e+03   4.82811e+01   5.69777e+00   2.58833e+02
          1404   2.64809e+02   1.40400e+03   4.82890e+01   5.69767e+00   2.59000e+02
          1405   2.64973e+02   1.40500e+03   4.82977e+01   5.69757e+00   2.59167e+02
          1406   2.65145e+02   1.40600e+03   4.83075e+01   5.69747e+00   2.59333e+02
          1407   2.65317e+02   1.40700e+03   4.83167e+01   5.69737e+00   2.59500e+02
          1408   2.65476e+02   1.40800e+03   4.83313e+01   5.69727e+00   2.59667e+02
          1409   2.65650e+02   1.40900e+03   4.83426e+01   5.69718e+00   2.59833e+02
          1410   2.65815e+02   1.41000e+03   4.83521e+01   5.69708e+00   2.60000e+02
          1411   2.65972e+02   1.41100e+03   4.83611e+01   5.69698e+00   2.60167e+02
          1412   2.66141e+02   1.41200e+03   4.83664e+01   5.69690e+00   2.60333e+02
          1413   2.66306e+02   1.41300e+03   4.83758e+01   5.69684e+00   2.60500e+02
          1414   2.66473e+02   1.41400e+03   4.83867e+01   5.69679e+00   2.60667e+02
          1415   2.66639e+02   1.41500e+03   4.83987e+01   5.69673e+00   2.60833e+02
          1416   2.66803e+02   1.41600e+03   4.84143e+01   5.69670e+00   2.61000e+02
          1417   2.66972e+02   1.41700e+03   4.84275e+01   5.69665e+00   2.61167e+02
          1418   2.67142e+02   1.41800e+03   4.84398e+01   5.69660e+00   2.61333e+02
          1419   2.67298e+02   1.41900e+03   4.84519e+01   5.69655e+00   2.61500e+02
          1420   2.67468e+02   1.42000e+03   4.84679e+01   5.69648e+00   2.61667e+02
          1421   2.67637e+02   1.42100e+03   4.84841e+01   5.69642e+00   2.61833e+02
          1422   2.67805e+02   1.42200e+03   4.85013e+01   5.69635e+00   2.62000e+02
          1423   2.67967e+02   1.42300e+03   4.85187e+01   5.69628e+00   2.62167e+02
          1424   2.68140e+02   1.42400e+03   4.85425e+01   5.69620e+00   2.62333e+02
          1425   2.68309e+02   1.42500e+03   4.85622e+01   5.69612e+00   2.62500e+02
          1426   2.68468e+02   1.42600e+03   4.85791e+01   5.69604e+00   2.62667e+02
          1427   2.68639e+02   1.42700e+03   4.85946e+01   5.69595e+00   2.62833e+02
          1428   2.68802e+02   1.42800e+03   4.86132e+01   5.69584e+00   2.63000e+02
          1429   2.68977e+02   1.42900e+03   4.86317e+01   5.69574e+00   2.63167e+02
          1430   2.69148e+02   1.43000e+03   4.86503e+01   5.69566e+00   2.63333e+02
          1431   2.69311e+02   1.43100e+03   4.86680e+01   5.69557e+00   2.63500e+02
          1432   2.69481e+02   1.43200e+03   4.86865e+01   5.69548e+00   2.63667e+02
          1433   2.69645e+02   1.43300e+03   4.87049e+01   5.69539e+00   2.63833e+02
          1434   2.69811e+02   1.43400e+03   4.87205e+01   5.69531e+00   2.64000e+02
          1435   2.69971e+02   1.43500e+03   4.87344e+01   5.69523e+00   2.64167e+02
          1436   2.70141e+02   1.43600e+03   4.87431e+01   5.69516e+00   2.64333e+02
          1437   2.70310e+02   1.43700e+03   4.87557e+01   5.69508e+00   2.64500e+02
          1438   2.70478e+02   1.43800e+03   4.87688e+01   5.69500e+00   2.64667e+02
          1439   2.70642e+02   1.43900e+03   4.87818e+01   5.69492e+00   2.64833e+02
          1440   2.70807e+02   1.44000e+03   4.87930e+01   5.69483e+00   2.65000e+02
          1441   2.70978e+02   1.44100e+03   4.88055e+01   5.69473e+00   2.65167e+02
          1442   2.71144e+02   1.44200e+03   4.88166e+01   5.69463e+00   2.65333e+02
          1443   2.71301e+02   1.44300e+03   4.88263e+01   5.69452e+00   2.65500e+02
          1444   2.71465e+02   1.44400e+03   4.88318e+01   5.69442e+00   2.65667e+02
          1445   2.71633e+02   1.44500e+03   4.88409e+01   5.69432e+00   2.65833e+02
          1446   2.71798e+02   1.44600e+03   4.88516e+01   5.69423e+00   2.66000e+02
          1447   2.71965e+02   1.44700e+03   4.88643e+01   5.69414e+00   2.66167e+02
          1448   2.72128e+02   1.44800e+03   4.88770e+01   5.69407e+00   2.66333e+02
          1449   2.72299e+02   1.44900e+03   4.88896e+01   5.69398e+00   2.66500e+02
          1450   2.72471e+02   1.45000e+03   4.89039e+01   5.69390e+00   2.66667e+02
          1451   2.72631e+02   1.45100e+03   4.89184e+01   5.69381e+00   2.66833e+02
          1452   2.72796e+02   1.45200e+03   4.89327e+01   5.69372e+00   2.67000e+02
          1453   2.72967e+02   1.45300e+03   4.89476e+01   5.69362e+00   2.67167e+02
          1454   2.73127e+02   1.45400e+03   4.89633e+01   5.69353e+00   2.67333e+02
          1455   2.73299e+02   1.45500e+03   4.89782e+01   5.69344e+00   2.67500e+02
          1456   2.73463e+02   1.45600e+03   4.89985e+01   5.69335e+00   2.67667e+02
          1457   2.73628e+02   1.45700e+03   4.90133e+01   5.69326e+00   2.67833e+02
          1458   2.73799e+02   1.45800e+03   4.90280e+01   5.69317e+00   2.68000e+02
          1459   2.73972e+02   1.45900e+03   4.90433e+01   5.69308e+00   2.68167e+02
          1460   2.74135e+02   1.46000e+03   4.90602e+01   5.69300e+00   2.68333e+02
          1461   2.74302e+02   1.46100e+03   4.90756e+01   5.69291e+00   2.68500e+02
          1462   2.74472e+02   1.46200e+03   4.90909e+01   5.69282e+00   2.68667e+02
          1463   2.74635e+02   1.46300e+03   4.91068e+01   5.69273e+00   2.68833e+02
          1464   2.74796e+02   1.46400e+03   4.91204e+01   5.69265e+00   2.69000e+02
          1465   2.74962e+02   1.46500e+03   4.91348e+01   5.69256e+00   2.69167e+02
          1466   2.75129e+02   1.46600e+03   4.91495e+01   5.69247e+00   2.69333e+02
          1467   2.75301e+02   1.46700e+03   4.91666e+01   5.69237e+00   2.69500e+02
          1468   2.75465e+02   1.46800e+03   4.91877e+01   5.69226e+00   2.69667e+02
          1469   2.75636e+02   1.46900e+03   4.92060e+01   5.69215e+00   2.69833e+02
          1470   2.75797e+02   1.47000e+03   4.92238e+01   5.69204e+00   2.70000e+02
          1471   2.75967e+02   1.47100e+03   4.92422e+01   5.69193e+00   2.70167e+02
          1472   2.76139e+02   1.47200e+03   4.92596e+01   5.69181e+00   2.70333e+02
          1473   2.76299e+02   1.47300e+03   4.92755e+01   5.69169e+00   2.70500e+02
          1474   2.76461e+02   1.47400e+03   4.92899e+01   5.69159e+00   2.70667e+02
          1475   2.76635e+02   1.47500e+03   4.93037e+01   5.69148e+00   2.70833e+02
          1476   2.76809e+02   1.47600e+03   4.93213e+01   5.69139e+00   2.71000e+02
          1477   2.76970e+02   1.47700e+03   4.93379e+01   5.69130e+00   2.71167e+02
          1478   2.77135e+02   1.47800e+03   4.93543e+01   5.69121e+00   2.71333e+02
          1479   2.77306e+02   1.47900e+03   4.93713e+01   5.69112e+00   2.71500e+02
          1480   2.77473e+02   1.48000e+03   4.93855e+01   5.69104e+00   2.71667e+02
          1481   2.77635e+02   1.48100e+03   4.94020e+01   5.69095e+00   2.71833e+02
          1482   2.77802e+02   1.48200e+03   4.94179e+01   5.69086e+00   2.72000e+02
          1483   2.77965e+02   1.48300e+03   4.94334e+01   5.69077e+00   2.72167e+02
          1484   2.78130e+02   1.48400e+03   4.94519e+01   5.69065e+00   2.72333e+02
          1485   2.78300e+02   1.48500e+03   4.94685e+01   5.69054e+00   2.72500e+02
          1486   2.78467e+02   1.48600e+03   4.94833e+01   5.69043e+00   2.72667e+02
          1487   2.78636e+02   1.48700e+03   4.94975e+01   5.69033e+00   2.72833e+02
          1488   2.78807e+02   1.48800e+03   4.95185e+01   5.69022e+00   2.73000e+02
          1489   2.78974e+02   1.48900e+03   4.95358e+01   5.69011e+00   2.73167e+02
          1490   2.79137e+02   1.49000e+03   4.95515e+01   5.68999e+00   2.73333e+02
          1491   2.79296e+02   1.49100e+03   4.95674e+01   5.68989e+00   2.73500e+02
          1492   2.79472e+02   1.49200e+03   4.95806e+01   5.68979e+00   2.73667e+02
          1493   2.79642e+02   1.49300e+03   4.95976e+01   5.68969e+00   2.73833e+02
          1494   2.79801e+02   1.49400e+03   4.96142e+01   5.68958e+00   2.74000e+02
          1495   2.79967e+02   1.49500e+03   4.96306e+01   5.68947e+00   2.74167e+02
          1496   2.80133e+02   1.49600e+03   4.96523e+01   5.68932e+00   2.74333e+02
          1497   2.80305e+02   1.49700e+03   4.96744e+01   5.68914e+00   2.74500e+02
          1498   2.80465e+02   1.49800e+03   4.96948e+01   5.68896e+00   2.74667e+02
          1499   2.80637e+02   1.49900e+03   4.97137e+01   5.68877e+00   2.74833e+02
          1500   2.80802e+02   1.50000e+03   4.97372e+01   5.68853e+00   2.75000e+02
          1501   2.80973e+02   1.50100e+03   4.97575e+01   5.68834e+00   2.75167e+02
          1502   2.81139e+02   1.50200e+03   4.97777e+01   5.68818e+00   2.75333e+02
          1503   2.81301e+02   1.50300e+03   4.97994e+01   5.68802e+00   2.75500e+02
          1504   2.81478e+02   1.50400e+03   4.98246e+01   5.68792e+00   2.75667e+02
          1505   2.81652e+02   1.50500e+03   4.98465e+01   5.68779e+00   2.75833e+02
          1506   2.81819e+02   1.50600e+03   4.98664e+01   5.68766e+00   2.76000e+02
          1507   2.81975e+02   1.50700e+03   4.98865e+01   5.68752e+00   2.76167e+02
          1508   2.82148e+02   1.50800e+03   4.99043e+01   5.68739e+00   2.76333e+02
          1509   2.82308e+02   1.50900e+03   4.99242e+01   5.68725e+00   2.76500e+02
          1510   2.82477e+02   1.51000e+03   4.99441e+01   5.68716e+00   2.76667e+02
          1511   2.82646e+02   1.51100e+03   4.99637e+01   5.68712e+00   2.76833e+02
          1512   2.82817e+02   1.51200e+03   4.99830e+01   5.68723e+00   2.77000e+02
          1513   2.82983e+02   1.51300e+03   5.00018e+01   5.68730e+00   2.77167e+02
          1514   2.83150e+02   1.51400e+03   5.00206e+01   5.68730e+00   2.77333e+02
          1515   2.83310e+02   1.51500e+03   5.00393e+01   5.68726e+00   2.77500e+02
          1516   2.83484e+02   1.51600e+03   5.00531e+01   5.68724e+00   2.77667e+02
          1517   2.83647e+02   1.51700e+03   5.00694e+01   5.68712e+00   2.77833e+02
          1518   2.83818e+02   1.51800e+03   5.00869e+01   5.68695e+00   2.78000e+02
          1519   2.83984e+02   1.51900e+03   5.01060e+01   5.68678e+00   2.78167e+02
          1520   2.84145e+02   1.52000e+03   5.01223e+01   5.68640e+00   2.78333e+02
          1521   2.84311e+02   1.52100e+03   5.01404e+01   5.68615e+00   2.78500e+02
          1522   2.84482e+02   1.52200e+03   5.01584e+01   5.68594e+00   2.78667e+02
          1523   2.84651e+02   1.52300e+03   5.01762e+01   5.68573e+00   2.78833e+02
          1524   2.84812e+02   1.52400e+03   5.01983e+01   5.68562e+00   2.79000e+02
          1525   2.84980e+02   1.52500e+03   5.02205e+01   5.68547e+00   2.79167e+02
          1526   2.85151e+02   1.52600e+03   5.02448e+01   5.68533e+00   2.79333e+02
          1527   2.85317e+02   1.52700e+03   5.02685e+01   5.68518e+00   2.79500e+02
          1528   2.85491e+02   1.52800e+03   5.02969e+01   5.68507e+00   2.79667e+02
          1529   2.85656e+02   1.52900e+03   5.03212e+01   5.68493e+00   2.79833e+02
          1530   2.85821e+02   1.53000e+03   5.03433e+01   5.68479e+00   2.80000e+02
          1531   2.85985e+02   1.53100e+03   5.03663e+01   5.68465e+00   2.80167e+02
          1532   2.86157e+02   1.53200e+03   5.03916e+01   5.68451e+00   2.80333e+02
          1533   2.86326e+02   1.53300e+03   5.04146e+01   5.68436e+00   2.80500e+02
          1534   2.86499e+02   1.53400e+03   5.04370e+01   5.68422e+00   2.80667e+02
          1535   2.86669e+02   1.53500e+03   5.04598e+01   5.68408e+00   2.80833e+02
          1536   2.86829e+02   1.53600e+03   5.04831e+01   5.68394e+00   2.81000e+02
          1537   2.86998e+02   1.53700e+03   5.05080e+01   5.68380e+00   2.81167e+02
          1538   2.87165e+02   1.53800e+03   5.05330e+01   5.68367e+00   2.81333e+02
          1539   2.87328e+02   1.53900e+03   5.05569e+01   5.68354e+00   2.81500e+02
          1540   2.87498e+02   1.54000e+03   5.05789e+01   5.68342e+00   2.81667e+02
          1541   2.87665e+02   1.54100e+03   5.06029e+01   5.68330e+00   2.81833e+02
          1542   2.87830e+02   1.54200e+03   5.06258e+01   5.68318e+00   2.82000e+02
          1543   2.87999e+02   1.54300e+03   5.06482e+01   5.68306e+00   2.82167e+02
          1544   2.88166e+02   1.54400e+03   5.06741e+01   5.68296e+00   2.82333e+02
          1545   2.88343e+02   1.54500e+03   5.06977e+01   5.68284e+00   2.82500e+02
          1546   2.88509e+02   1.54600e+03   5.07193e+01   5.68273e+00   2.82667e+02
          1547   2.88678e+02   1.54700e+03   5.07416e+01   5.68261e+00   2.82833e+02
          1548   2.88836e+02   1.54800e+03   5.07601e+01   5.68248e+00   2.83000e+02
          1549   2.89011e+02   1.54900e+03   5.07772e+01   5.68234e+00   2.83167e+02
          1550   2.89177e+02   1.55000e+03   5.07938e+01   5.68221e+00   2.83333e+02
          1551   2.89342e+02   1.55100e+03   5.08124e+01   5.68207e+00   2.83500e+02
          1552   2.89505e+02   1.55200e+03   5.08279e+01   5.68190e+00   2.83667e+02
          1553   2.89685e+02   1.55300e+03   5.08442e+01   5.68175e+00   2.83833e+02
          1554   2.89837e+02   1.55400e+03   5.08616e+01   5.68159e+00   2.84000e+02
          1555   2.90005e+02   1.55500e+03   5.08796e+01   5.68144e+00   2.84167e+02
          1556   2.90180e+02   1.55600e+03   5.08980e+01   5.68127e+00   2.84333e+02
          1557   2.90343e+02   1.55700e+03   5.09195e+01   5.68111e+00   2.84500e+02
          1558   2.90499e+02   1.55800e+03   5.09414e+01   5.68095e+00   2.84667e+02
          1559   2.90675e+02   1.55900e+03   5.09632e+01   5.68080e+00   2.84833e+02
          1560   2.90846e+02   1.56000e+03   5.09858e+01   5.68065e+00   2.85000e+02
          1561   2.91003e+02   1.56100e+03   5.10061e+01   5.68050e+00   2.85167e+02
          1562   2.91170e+02   1.56200e+03   5.10260e+01   5.68036e+00   2.85333e+02
          1563   2.91339e+02   1.56300e+03   5.10447e+01   5.68022e+00   2.85500e+02
          1564   2.91515e+02   1.56400e+03   5.10655e+01   5.68009e+00   2.85667e+02
          1565   2.91689e+02   1.56500e+03   5.10817e+01   5.67995e+00   2.85833e+02
          1566   2.91850e+02   1.56600e+03   5.10986e+01   5.67981e+00   2.86000e+02
          1567   2.92025e+02   1.56700e+03   5.11163e+01   5.67966e+00   2.86167e+02
          1568   2.92181e+02   1.56800e+03   5.11288e+01   5.67951e+00   2.86333e+02
          1569   2.92347e+02   1.56900e+03   5.11457e+01   5.67936e+00   2.86500e+02
          1570   2.92519e+02   1.57000e+03   5.11626e+01   5.67922e+00   2.86667e+02
          1571   2.92680e+02   1.57100e+03   5.11785e+01   5.67908e+00   2.86833e+02
          1572   2.92844e+02   1.57200e+03   5.11900e+01   5.67894e+00   2.87000e+02
          1573   2.93004e+02   1.57300e+03   5.12048e+01   5.67881e+00   2.87167e+02
          1574   2.93176e+02   1.57400e+03   5.12200e+01   5.67867e+00   2.87333e+02
          1575   2.93348e+02   1.57500e+03   5.12352e+01   5.67854e+00   2.87500e+02
          1576   2.93516e+02   1.57600e+03   5.12567e+01   5.67840e+00   2.87667e+02
          1577   2.93682e+02   1.57700e+03   5.12728e+01   5.67827e+00   2.87833e+02
          1578   2.93847e+02   1.57800e+03   5.12872e+01   5.67813e+00   2.88000e+02
          1579   2.94014e+02   1.57900e+03   5.13011e+01   5.67800e+00   2.88167e+02
          1580   2.94183e+02   1.58000e+03   5.13107e+01   5.67785e+00   2.88333e+02
          1581   2.94344e+02   1.58100e+03   5.13232e+01   5.67771e+00   2.88500e+02
          1582   2.94513e+02   1.58200e+03   5.13377e+01   5.67757e+00   2.88667e+02
          1583   2.94677e+02   1.58300e+03   5.13533e+01   5.67743e+00   2.88833e+02
          1584   2.94847e+02   1.58400e+03   5.13666e+01   5.67729e+00   2.89000e+02
          1585   2.95009e+02   1.58500e+03   5.13815e+01   5.67714e+00   2.89167e+02
          1586   2.95175e+02   1.58600e+03   5.13958e+01   5.67698e+00   2.89333e+02
          1587   2.95343e+02   1.58700e+03   5.14089e+01   5.67683e+00   2.89500e+02
          1588   2.95506e+02   1.58800e+03   5.14231e+01   5.67666e+00   2.89667e+02
          1589   2.95674e+02   1.58900e+03   5.14385e+01   5.67651e+00   2.89833e+02
          1590   2.95840e+02   1.59000e+03   5.14542e+01   5.67637e+00   2.90000e+02
          1591   2.96011e+02   1.59100e+03   5.14698e+01   5.67623e+00   2.90167e+02
          1592   2.96174e+02   1.59200e+03   5.14923e+01   5.67604e+00   2.90333e+02
          1593   2.96347e+02   1.59300e+03   5.15134e+01   5.67584e+00   2.90500e+02
          1594   2.96508e+02   1.59400e+03   5.15330e+01   5.67563e+00   2.90667e+02
          1595   2.96674e+02   1.59500e+03   5.15504e+01   5.67543e+00   2.90833e+02
          1596   2.96837e+02   1.59600e+03   5.15673e+01   5.67518e+00   2.91000e+02
          1597   2.97014e+02   1.59700e+03   5.15844e+01   5.67499e+00   2.91167e+02
          1598   2.97178e+02   1.59800e+03   5.16026e+01   5.67482e+00   2.91333e+02
          1599   2.97343e+02   1.59900e+03   5.16202e+01   5.67464e+00   2.91500e+02
          1600   2.97517e+02   1.60000e+03   5.16414e+01   5.67450e+00   2.91667e+02
          1601   2.97684e+02   1.60100e+03   5.16622e+01   5.67434e+00   2.91833e+02
          1602   2.97854e+02   1.60200e+03   5.16833e+01   5.67417e+00   2.92000e+02
          1603   2.98017e+02   1.60300e+03   5.17042e+01   5.67401e+00   2.92167e+02
          1604   2.98178e+02   1.60400e+03   5.17215e+01   5.67396e+00   2.92333e+02
          1605   2.98343e+02   1.60500e+03   5.17434e+01   5.67397e+00   2.92500e+02
          1606   2.98515e+02   1.60600e+03   5.17662e+01   5.67396e+00   2.92667e+02
          1607   2.98686e+02   1.60700e+03   5.17890e+01   5.67391e+00   2.92833e+02
          1608   2.98840e+02   1.60800e+03   5.18165e+01   5.67390e+00   2.93000e+02
          1609   2.99021e+02   1.60900e+03   5.18415e+01   5.67378e+00   2.93167e+02
          1610   2.99187e+02   1.61000e+03   5.18668e+01   5.67360e+00   2.93333e+02
          1611   2.99356e+02   1.61100e+03   5.18928e+01   5.67340e+00   2.93500e+02
          1612   2.99525e+02   1.61200e+03   5.19228e+01   5.67298e+00   2.93667e+02
          1613   2.99694e+02   1.61300e+03   5.19475e+01   5.67269e+00   2.93833e+02
          1614   2.99861e+02   1.61400e+03   5.19710e+01   5.67242e+00   2.94000e+02
          1615   3.00028e+02   1.61500e+03   5.19948e+01   5.67217e+00   2.94167e+02
          1616   3.00192e+02   1.61600e+03   5.20185e+01   5.67199e+00   2.94333e+02
          1617   3.00364e+02   1.61700e+03   5.20434e+01   5.67179e+00   2.94500e+02
          1618   3.00533e+02   1.61800e+03   5.20689e+01   5.67159e+00   2.94667e+02
          1619   3.00704e+02   1.61900e+03   5.20925e+01   5.67139e+00   2.94833e+02
          1620   3.00870e+02   1.62000e+03   5.21151e+01   5.67123e+00   2.95000e+02
          1621   3.01034e+02   1.62100e+03   5.21367e+01   5.67105e+00   2.95167e+02
          1622   3.01196e+02   1.62200e+03   5.21586e+01   5.67086e+00   2.95333e+02
          1623   3.01368e+02   1.62300e+03   5.21810e+01   5.67068e+00   2.95500e+02
          1624   3.01537e+02   1.62400e+03   5.22027e+01   5.67048e+00   2.95667e+02
          1625   3.01703e+02   1.62500e+03   5.22244e+01   5.67030e+00   2.95833e+02
          1626   3.01875e+02   1.62600e+03   5.22468e+01   5.67012e+00   2.96000e+02
          1627   3.02039e+02   1.62700e+03   5.22700e+01   5.66995e+00   2.96167e+02
          1628   3.02206e+02   1.62800e+03   5.22880e+01   5.66979e+00   2.96333e+02
          1629   3.02369e+02   1.62900e+03   5.23097e+01   5.66963e+00   2.96500e+02
          1630   3.02535e+02   1.63000e+03   5.23313e+01   5.66947e+00   2.96667e+02
          1631   3.02706e+02   1.63100e+03   5.23534e+01   5.66932e+00   2.96833e+02
          1632   3.02876e+02   1.63200e+03   5.23796e+01   5.66918e+00   2.97000e+02
          1633   3.03042e+02   1.63300e+03   5.24036e+01   5.66903e+00   2.97167e+02
          1634   3.03204e+02   1.63400e+03   5.24276e+01   5.66888e+00   2.97333e+02
          1635   3.03379e+02   1.63500e+03   5.24513e+01   5.66873e+00   2.97500e+02
          1636   3.03540e+02   1.63600e+03   5.24765e+01   5.66859e+00   2.97667e+02
          1637   3.03709e+02   1.63700e+03   5.25012e+01   5.66844e+00   2.97833e+02
          1638   3.03881e+02   1.63800e+03   5.25262e+01   5.66829e+00   2.98000e+02
          1639   3.04042e+02   1.63900e+03   5.25511e+01   5.66813e+00   2.98167e+02
          1640   3.04216e+02   1.64000e+03   5.25759e+01   5.66796e+00   2.98333e+02
          1641   3.04381e+02   1.64100e+03   5.26009e+01   5.66777e+00   2.98500e+02
          1642   3.04552e+02   1.64200e+03   5.26253e+01   5.66759e+00   2.98667e+02
          1643   3.04717e+02   1.64300e+03   5.26493e+01   5.66741e+00   2.98833e+02
          1644   3.04886e+02   1.64400e+03   5.26726e+01   5.66720e+00   2.99000e+02
          1645   3.05056e+02   1.64500e+03   5.26963e+01   5.66702e+00   2.99167e+02
          1646   3.05221e+02   1.64600e+03   5.27190e+01   5.66683e+00   2.99333e+02
          1647   3.05390e+02   1.64700e+03   5.27402e+01   5.66665e+00   2.99500e+02
          1648   3.05555e+02   1.64800e+03   5.27593e+01   5.66648e+00   2.99667e+02
          1649   3.05723e+02   1.64900e+03   5.27800e+01   5.66630e+00   2.99833e+02
          1650   3.05894e+02   1.65000e+03   5.28022e+01   5.66612e+00   3.00000e+02
          1651   3.06059e+02   1.65100e+03   5.28262e+01   5.66593e+00   3.00167e+02
          1652   3.06225e+02   1.65200e+03   5.28468e+01   5.66573e+00   3.00333e+02
          1653   3.06387e+02   1.65300e+03   5.28696e+01   5.66554e+00   3.00500e+02
          1654   3.06563e+02   1.65400e+03   5.28940e+01   5.66535e+00   3.00667e+02
          1655   3.06722e+02   1.65500e+03   5.29192e+01   5.66515e+00   3.00833e+02
          1656   3.06888e+02   1.65600e+03   5.29439e+01   5.66495e+00   3.01000e+02
          1657   3.07058e+02   1.65700e+03   5.29705e+01   5.66476e+00   3.01167e+02
          1658   3.07222e+02   1.65800e+03   5.29996e+01   5.66458e+00   3.01333e+02
          1659   3.07401e+02   1.65900e+03   5.30299e+01   5.66439e+00   3.01500e+02
          1660   3.07565e+02   1.66000e+03   5.30712e+01   5.66422e+00   3.01667e+02
          1661   3.07731e+02   1.66100e+03   5.31082e+01   5.66405e+00   3.01833e+02
          1662   3.07902e+02   1.66200e+03   5.31442e+01   5.66387e+00   3.02000e+02
          1663   3.08073e+02   1.66300e+03   5.31787e+01   5.66370e+00   3.02167e+02
          1664   3.08238e+02   1.66400e+03   5.32229e+01   5.66354e+00   3.02333e+02
          1665   3.08406e+02   1.66500e+03   5.32656e+01   5.66337e+00   3.02500e+02
          1666   3.08579e+02   1.66600e+03   5.33078e+01   5.66319e+00   3.02667e+02
          1667   3.08748e+02   1.66700e+03   5.33486e+01   5.66302e+00   3.02833e+02
          1668   3.08924e+02   1.66800e+03   5.33976e+01   5.66284e+00   3.03000e+02
          1669   3.09093e+02   1.66900e+03   5.34394e+01   5.66267e+00   3.03167e+02
          1670   3.09265e+02   1.67000e+03   5.34786e+01   5.66249e+00   3.03333e+02
          1671   3.09429e+02   1.67100e+03   5.35174e+01   5.66232e+00   3.03500e+02
          1672   3.09596e+02   1.67200e+03   5.35538e+01   5.66215e+00   3.03667e+02
          1673   3.09778e+02   1.67300e+03   5.35899e+01   5.66197e+00   3.03833e+02
          1674   3.09950e+02   1.67400e+03   5.36250e+01   5.66180e+00   3.04000e+02
          1675   3.10116e+02   1.67500e+03   5.36583e+01   5.66162e+00   3.04167e+02
          1676   3.10278e+02   1.67600e+03   5.36825e+01   5.66144e+00   3.04333e+02
          1677   3.10448e+02   1.67700e+03   5.37103e+01   5.66126e+00   3.04500e+02
          1678   3.10612e+02   1.67800e+03   5.37389e+01   5.66109e+00   3.04667e+02
          1679   3.10783e+02   1.67900e+03   5.37678e+01   5.66091e+00   3.04833e+02
          1680   3.10953e+02   1.68000e+03   5.37847e+01   5.66073e+00   3.05000e+02
          1681   3.11116e+02   1.68100e+03   5.38052e+01   5.66054e+00   3.05167e+02
          1682   3.11283e+02   1.68200e+03   5.38259e+01   5.66036e+00   3.05333e+02
          1683   3.11450e+02   1.68300e+03   5.38470e+01   5.66017e+00   3.05500e+02
          1684   3.11615e+02   1.68400e+03   5.38600e+01   5.65997e+00   3.05667e+02
          1685   3.11776e+02   1.68500e+03   5.38770e+01   5.65978e+00   3.05833e+02
          1686   3.11947e+02   1.68600e+03   5.38945e+01   5.65958e+00   3.06000e+02
          1687   3.12119e+02   1.68700e+03   5.39115e+01   5.65938e+00   3.06167e+02
          1688   3.12281e+02   1.68800e+03   5.39224e+01   5.65918e+00   3.06333e+02
          1689   3.12448e+02   1.68900e+03   5.39348e+01   5.65898e+00   3.06500e+02
          1690   3.12610e+02   1.69000e+03   5.39481e+01   5.65878e+00   3.06667e+02
          1691   3.12780e+02   1.69100e+03   5.39630e+01   5.65858e+00   3.06833e+02
          1692   3.12947e+02   1.69200e+03   5.39757e+01   5.65837e+00   3.07000e+02
          1693   3.13113e+02   1.69300e+03   5.39918e+01   5.65817e+00   3.07167e+02
          1694   3.13276e+02   1.69400e+03   5.40099e+01   5.65797e+00   3.07333e+02
          1695   3.13447e+02   1.69500e+03   5.40291e+01   5.65776e+00   3.07500e+02
          1696   3.13608e+02   1.69600e+03   5.40443e+01   5.65757e+00   3.07667e+02
          1697   3.13773e+02   1.69700e+03   5.40608e+01   5.65738e+00   3.07833e+02
          1698   3.13935e+02   1.69800e+03   5.40782e+01   5.65719e+00   3.08000e+02
          1699   3.14107e+02   1.69900e+03   5.40965e+01   5.65700e+00   3.08167e+02
          1700   3.14279e+02   1.70000e+03   5.41247e+01   5.65682e+00   3.08333e+02
          1701   3.14446e+02   1.70100e+03   5.41459e+01   5.65663e+00   3.08500e+02
          1702   3.14615e+02   1.70200e+03   5.41671e+01   5.65645e+00   3.08667e+02
          1703   3.14789e+02   1.70300e+03   5.41900e+01   5.65627e+00   3.08833e+02
          1704   3.14951e+02   1.70400e+03   5.42107e+01   5.65608e+00   3.09000e+02
          1705   3.15117e+02   1.70500e+03   5.42304e+01   5.65589e+00   3.09167e+02
          1706   3.15280e+02   1.70600e+03   5.42511e+01   5.65570e+00   3.09333e+02
          1707   3.15450e+02   1.70700e+03   5.42726e+01   5.65551e+00   3.09500e+02
          1708   3.15619e+02   1.70800e+03   5.42923e+01   5.65533e+00   3.09667e+02
          1709   3.15787e+02   1.70900e+03   5.43114e+01   5.65514e+00   3.09833e+02
          1710   3.15947e+02   1.71000e+03   5.43306e+01   5.65496e+00   3.10000e+02
          1711   3.16125e+02   1.71100e+03   5.43514e+01   5.65478e+00   3.10167e+02
          1712   3.16289e+02   1.71200e+03   5.43691e+01   5.65460e+00   3.10333e+02
          1713   3.16447e+02   1.71300e+03   5.43862e+01   5.65443e+00   3.10500e+02
          1714   3.16619e+02   1.71400e+03   5.44040e+01   5.65426e+00   3.10667e+02
          1715   3.16791e+02   1.71500e+03   5.44227e+01   5.65408e+00   3.10833e+02
          1716   3.16952e+02   1.71600e+03   5.44384e+01   5.65390e+00   3.11000e+02
          1717   3.17117e+02   1.71700e+03   5.44536e+01   5.65371e+00   3.11167e+02
          1718   3.17282e+02   1.71800e+03   5.44678e+01   5.65351e+00   3.11333e+02
          1719   3.17455e+02   1.71900e+03   5.44825e+01   5.65332e+00   3.11500e+02
          1720   3.17625e+02   1.72000e+03   5.44964e+01   5.65311e+00   3.11667e+02
          1721   3.17784e+02   1.72100e+03   5.45111e+01   5.65292e+00   3.11833e+02
          1722   3.17950e+02   1.72200e+03   5.45257e+01   5.65272e+00   3.12000e+02
          1723   3.18124e+02   1.72300e+03   5.45418e+01   5.65253e+00   3.12167e+02
          1724   3.18290e+02   1.72400e+03   5.45580e+01   5.65234e+00   3.12333e+02
          1725   3.18453e+02   1.72500e+03   5.45759e+01   5.65215e+00   3.12500e+02
          1726   3.18616e+02   1.72600e+03   5.45944e+01   5.65195e+00   3.12667e+02
          1727   3.18780e+02   1.72700e+03   5.46122e+01   5.65176e+00   3.12833e+02
          1728   3.18951e+02   1.72800e+03   5.46305e+01   5.65157e+00   3.13000e+02
          1729   3.19116e+02   1.72900e+03   5.46486e+01   5.65138e+00   3.13167e+02
          1730   3.19284e+02   1.73000e+03   5.46655e+01   5.65119e+00   3.13333e+02
          1731   3.19449e+02   1.73100e+03   5.46820e+01   5.65100e+00   3.13500e+02
          1732   3.19626e+02   1.73200e+03   5.47089e+01   5.65082e+00   3.13667e+02
          1733   3.19790e+02   1.73300e+03   5.47326e+01   5.65063e+00   3.13833e+02
          1734   3.19958e+02   1.73400e+03   5.47538e+01   5.65043e+00   3.14000e+02
          1735   3.20128e+02   1.73500e+03   5.47735e+01   5.65023e+00   3.14167e+02
          1736   3.20280e+02   1.73600e+03   5.47897e+01   5.65001e+00   3.14333e+02
          1737   3.20459e+02   1.73700e+03   5.48090e+01   5.64980e+00   3.14500e+02
          1738   3.20624e+02   1.73800e+03   5.48292e+01   5.64959e+00   3.14667e+02
          1739   3.20786e+02   1.73900e+03   5.48486e+01   5.64939e+00   3.14833e+02
          1740   3.20952e+02   1.74000e+03   5.48736e+01   5.64920e+00   3.15000e+02
          1741   3.21131e+02   1.74100e+03   5.48981e+01   5.64901e+00   3.15167e+02
          1742   3.21298e+02   1.74200e+03   5.49228e+01   5.64882e+00   3.15333e+02
          1743   3.21456e+02   1.74300e+03   5.49473e+01   5.64864e+00   3.15500e+02
          1744   3.21623e+02   1.74400e+03   5.49697e+01   5.64847e+00   3.15667e+02
          1745   3.21790e+02   1.74500e+03   5.49932e+01   5.64829e+00   3.15833e+02
          1746   3.21962e+02   1.74600e+03   5.50176e+01   5.64810e+00   3.16000e+02
          1747   3.22125e+02   1.74700e+03   5.50420e+01   5.64791e+00   3.16167e+02
          1748   3.22294e+02   1.74800e+03   5.50709e+01   5.64771e+00   3.16333e+02
          1749   3.22469e+02   1.74900e+03   5.50969e+01   5.64752e+00   3.16500e+02
          1750   3.22634e+02   1.75000e+03   5.51221e+01   5.64733e+00   3.16667e+02
          1751   3.22804e+02   1.75100e+03   5.51476e+01   5.64714e+00   3.16833e+02
          1752   3.22971e+02   1.75200e+03   5.51741e+01   5.64695e+00   3.17000e+02
          1753   3.23136e+02   1.75300e+03   5.51987e+01   5.64675e+00   3.17167e+02
          1754   3.23303e+02   1.75400e+03   5.52217e+01   5.64655e+00   3.17333e+02
          1755   3.23473e+02   1.75500e+03   5.52432e+01   5.64635e+00   3.17500e+02
          1756   3.23637e+02   1.75600e+03   5.52648e+01   5.64614e+00   3.17667e+02
          1757   3.23806e+02   1.75700e+03   5.52868e+01   5.64595e+00   3.17833e+02
          1758   3.23975e+02   1.75800e+03   5.53101e+01   5.64575e+00   3.18000e+02
          1759   3.24140e+02   1.75900e+03   5.53334e+01   5.64556e+00   3.18167e+02
          1760   3.24316e+02   1.76000e+03   5.53545e+01   5.64539e+00   3.18333e+02
          1761   3.24473e+02   1.76100e+03   5.53758e+01   5.64521e+00   3.18500e+02
          1762   3.24642e+02   1.76200e+03   5.53974e+01   5.64502e+00   3.18667e+02
          1763   3.24806e+02   1.76300e+03   5.54205e+01   5.64483e+00   3.18833e+02
          1764   3.24971e+02   1.76400e+03   5.54356e+01   5.64464e+00   3.19000e+02
          1765   3.25141e+02   1.76500e+03   5.54527e+01   5.64445e+00   3.19167e+02
          1766   3.25308e+02   1.76600e+03   5.54723e+01   5.64426e+00   3.19333e+02
          1767   3.25480e+02   1.76700e+03   5.54930e+01   5.64406e+00   3.19500e+02
          1768   3.25644e+02   1.76800e+03   5.55123e+01   5.64386e+00   3.19667e+02
          1769   3.25813e+02   1.76900e+03   5.55300e+01   5.64366e+00   3.19833e+02
          1770   3.25976e+02   1.77000e+03   5.55462e+01   5.64345e+00   3.20000e+02
          1771   3.26149e+02   1.77100e+03   5.55628e+01   5.64324e+00   3.20167e+02
          1772   3.26315e+02   1.77200e+03   5.55764e+01   5.64303e+00   3.20333e+02
          1773   3.26470e+02   1.77300e+03   5.55917e+01   5.64282e+00   3.20500e+02
          1774   3.26639e+02   1.77400e+03   5.56087e+01   5.64261e+00   3.20667e+02
          1775   3.26815e+02   1.77500e+03   5.56269e+01   5.64239e+00   3.20833e+02
          1776   3.26982e+02   1.77600e+03   5.56414e+01   5.64218e+00   3.21000e+02
          1777   3.27143e+02   1.77700e+03   5.56571e+01   5.64196e+00   3.21167e+02
          1778   3.27302e+02   1.77800e+03   5.56742e+01   5.64174e+00   3.21333e+02
          1779   3.27479e+02   1.77900e+03   5.56924e+01   5.64152e+00   3.21500e+02
          1780   3.27639e+02   1.78000e+03   5.57121e+01   5.64131e+00   3.21667e+02
          1781   3.27808e+02   1.78100e+03   5.57315e+01   5.64110e+00   3.21833e+02
          1782   3.27975e+02   1.78200e+03   5.57500e+01   5.64090e+00   3.22000e+02
          1783   3.28148e+02   1.78300e+03   5.57692e+01   5.64071e+00   3.22167e+02
          1784   3.28314e+02   1.78400e+03   5.57904e+01   5.64052e+00   3.22333e+02
          1785   3.28474e+02   1.78500e+03   5.58096e+01   5.64032e+00   3.22500e+02
          1786   3.28643e+02   1.78600e+03   5.58281e+01   5.64011e+00   3.22667e+02
          1787   3.28813e+02   1.78700e+03   5.58463e+01   5.63991e+00   3.22833e+02
          1788   3.28985e+02   1.78800e+03   5.58702e+01   5.63968e+00   3.23000e+02
          1789   3.29154e+02   1.78900e+03   5.58919e+01   5.63947e+00   3.23167e+02
          1790   3.29313e+02   1.79000e+03   5.59122e+01   5.63925e+00   3.23333e+02
          1791   3.29480e+02   1.79100e+03   5.59311e+01   5.63903e+00   3.23500e+02
          1792   3.29649e+02   1.79200e+03   5.59448e+01   5.63881e+00   3.23667e+02
          1793   3.29811e+02   1.79300e+03   5.59620e+01   5.63859e+00   3.23833e+02
          1794   3.29986e+02   1.79400e+03   5.59811e+01   5.63837e+00   3.24000e+02
          1795   3.30144e+02   1.79500e+03   5.59997e+01   5.63815e+00   3.24167e+02
          1796   3.30318e+02   1.79600e+03   5.60181e+01   5.63794e+00   3.24333e+02
          1797   3.30486e+02   1.79700e+03   5.60360e+01   5.63772e+00   3.24500e+02
          1798   3.30654e+02   1.79800e+03   5.60543e+01   5.63751e+00   3.24667e+02
          1799   3.30822e+02   1.79900e+03   5.60723e+01   5.63730e+00   3.24833e+02
          1800   3.30981e+02   1.80000e+03   5.60859e+01   5.63710e+00   3.25000e+02
          1801   3.31143e+02   1.80100e+03   5.61035e+01   5.63690e+00   3.25167e+02
          1802   3.31319e+02   1.80200e+03   5.61213e+01   5.63669e+00   3.25333e+02
          1803   3.31486e+02   1.80300e+03   5.61381e+01   5.63649e+00   3.25500e+02
          1804   3.31650e+02   1.80400e+03   5.61560e+01   5.63629e+00   3.25667e+02
          1805   3.31817e+02   1.80500e+03   5.61739e+01   5.63610e+00   3.25833e+02
          1806   3.31984e+02   1.80600e+03   5.61924e+01   5.63590e+00   3.26000e+02
          1807   3.32152e+02   1.80700e+03   5.62109e+01   5.63569e+00   3.26167e+02
          1808   3.32316e+02   1.80800e+03   5.62330e+01   5.63549e+00   3.26333e+02
          1809   3.32486e+02   1.80900e+03   5.62531e+01   5.63529e+00   3.26500e+02
          1810   3.32656e+02   1.81000e+03   5.62726e+01   5.63508e+00   3.26667e+02
          1811   3.32817e+02   1.81100e+03   5.62918e+01   5.63487e+00   3.26833e+02
          1812   3.32984e+02   1.81200e+03   5.63117e+01   5.63466e+00   3.27000e+02
          1813   3.33152e+02   1.81300e+03   5.63308e+01   5.63445e+00   3.27167e+02
          1814   3.33323e+02   1.81400e+03   5.63478e+01   5.63423e+00   3.27333e+02
          1815   3.33488e+02   1.81500e+03   5.63651e+01   5.63401e+00   3.27500e+02
          1816   3.33660e+02   1.81600e+03   5.63862e+01   5.63378e+00   3.27667e+02
          1817   3.33827e+02   1.81700e+03   5.64052e+01   5.63355e+00   3.27833e+02
          1818   3.33991e+02   1.81800e+03   5.64227e+01   5.63332e+00   3.28000e+02
          1819   3.34160e+02   1.81900e+03   5.64388e+01   5.63309e+00   3.28167e+02
          1820   3.34322e+02   1.82000e+03   5.64509e+01   5.63284e+00   3.28333e+02
          1821   3.34495e+02   1.82100e+03   5.64650e+01   5.63260e+00   3.28500e+02
          1822   3.34651e+02   1.82200e+03   5.64808e+01   5.63237e+00   3.28667e+02
          1823   3.34819e+02   1.82300e+03   5.64977e+01   5.63214e+00   3.28833e+02
          1824   3.34988e+02   1.82400e+03   5.65121e+01   5.63191e+00   3.29000e+02
          1825   3.35154e+02   1.82500e+03   5.65280e+01   5.63168e+00   3.29167e+02
          1826   3.35323e+02   1.82600e+03   5.65439e+01   5.63146e+00   3.29333e+02
          1827   3.35482e+02   1.82700e+03   5.65596e+01   5.63124e+00   3.29500e+02
          1828   3.35654e+02   1.82800e+03   5.65742e+01   5.63102e+00   3.29667e+02
          1829   3.35820e+02   1.82900e+03   5.65890e+01   5.63080e+00   3.29833e+02
          1830   3.35986e+02   1.83000e+03   5.66047e+01   5.63058e+00   3.30000e+02
          1831   3.36154e+02   1.83100e+03   5.66223e+01   5.63037e+00   3.30167e+02
          1832   3.36325e+02   1.83200e+03   5.66448e+01   5.63015e+00   3.30333e+02
          1833   3.36491e+02   1.83300e+03   5.66643e+01   5.62992e+00   3.30500e+02
          1834   3.36657e+02   1.83400e+03   5.66838e+01   5.62969e+00   3.30667e+02
          1835   3.36824e+02   1.83500e+03   5.67032e+01   5.62945e+00   3.30833e+02
          1836   3.36986e+02   1.83600e+03   5.67219e+01   5.62922e+00   3.31000e+02
          1837   3.37148e+02   1.83700e+03   5.67405e+01   5.62898e+00   3.31167e+02
          1838   3.37321e+02   1.83800e+03   5.67595e+01   5.62875e+00   3.31333e+02
          1839   3.37486e+02   1.83900e+03   5.67793e+01   5.62851e+00   3.31500e+02
          1840   3.37662e+02   1.84000e+03   5.68064e+01   5.62826e+00   3.31667e+02
          1841   3.37825e+02   1.84100e+03   5.68287e+01   5.62800e+00   3.31833e+02
          1842   3.37994e+02   1.84200e+03   5.68479e+01   5.62774e+00   3.32000e+02
          1843   3.38163e+02   1.84300e+03   5.68652e+01   5.62747e+00   3.32167e+02
          1844   3.38331e+02   1.84400e+03   5.68847e+01   5.62719e+00   3.32333e+02
          1845   3.38492e+02   1.84500e+03   5.69055e+01   5.62691e+00   3.32500e+02
          1846   3.38661e+02   1.84600e+03   5.69258e+01   5.62665e+00   3.32667e+02
          1847   3.38828e+02   1.84700e+03   5.69449e+01   5.62638e+00   3.32833e+02
          1848   3.39000e+02   1.84800e+03   5.69622e+01   5.62613e+00   3.33000e+02
          1849   3.39165e+02   1.84900e+03   5.69789e+01   5.62586e+00   3.33167e+02
          1850   3.39332e+02   1.85000e+03   5.69950e+01   5.62559e+00   3.33333e+02
          1851   3.39487e+02   1.85100e+03   5.70123e+01   5.62532e+00   3.33500e+02
          1852   3.39659e+02   1.85200e+03   5.70275e+01   5.62506e+00   3.33667e+02
          1853   3.39834e+02   1.85300e+03   5.70480e+01   5.62480e+00   3.33833e+02
          1854   3.39993e+02   1.85400e+03   5.70709e+01   5.62454e+00   3.34000e+02
          1855   3.40167e+02   1.85500e+03   5.70933e+01   5.62428e+00   3.34167e+02
          1856   3.40320e+02   1.85600e+03   5.71127e+01   5.62403e+00   3.34333e+02
          1857   3.40493e+02   1.85700e+03   5.71352e+01   5.62379e+00   3.34500e+02
          1858   3.40654e+02   1.85800e+03   5.71592e+01   5.62354e+00   3.34667e+02
          1859   3.40825e+02   1.85900e+03   5.71835e+01   5.62329e+00   3.34833e+02
          1860   3.40998e+02   1.86000e+03   5.72177e+01   5.62305e+00   3.35000e+02
          1861   3.41160e+02   1.86100e+03   5.72459e+01   5.62281e+00   3.35167e+02
          1862   3.41341e+02   1.86200e+03   5.72708e+01   5.62257e+00   3.35333e+02
          1863   3.41509e+02   1.86300e+03   5.72957e+01   5.62232e+00   3.35500e+02
          1864   3.41668e+02   1.86400e+03   5.73241e+01   5.62208e+00   3.35667e+02
          1865   3.41836e+02   1.86500e+03   5.73502e+01   5.62183e+00   3.35833e+02
          1866   3.42008e+02   1.86600e+03   5.73759e+01   5.62158e+00   3.36000e+02
          1867   3.42177e+02   1.86700e+03   5.74021e+01   5.62133e+00   3.36167e+02
          1868   3.42341e+02   1.86800e+03   5.74253e+01   5.62106e+00   3.36333e+02
          1869   3.42517e+02   1.86900e+03   5.74494e+01   5.62080e+00   3.36500e+02
          1870   3.42676e+02   1.87000e+03   5.74735e+01   5.62053e+00   3.36667e+02
          1871   3.42840e+02   1.87100e+03   5.74980e+01   5.62026e+00   3.36833e+02
          1872   3.43011e+02   1.87200e+03   5.75157e+01   5.61999e+00   3.37000e+02
          1873   3.43184e+02   1.87300e+03   5.75353e+01   5.61971e+00   3.37167e+02
          1874   3.43347e+02   1.87400e+03   5.75567e+01   5.61943e+00   3.37333e+02
          1875   3.43514e+02   1.87500e+03   5.75781e+01   5.61915e+00   3.37500e+02
          1876   3.43679e+02   1.87600e+03   5.75978e+01   5.61887e+00   3.37667e+02
          1877   3.43841e+02   1.87700e+03   5.76193e+01   5.61859e+00   3.37833e+02
          1878   3.44019e+02   1.87800e+03   5.76418e+01   5.61831e+00   3.38000e+02
          1879   3.44178e+02   1.87900e+03   5.76642e+01   5.61803e+00   3.38167e+02
          1880   3.44349e+02   1.88000e+03   5.76817e+01   5.61775e+00   3.38333e+02
          1881   3.44505e+02   1.88100e+03   5.77007e+01   5.61746e+00   3.38500e+02
          1882   3.44676e+02   1.88200e+03   5.77212e+01   5.61718e+00   3.38667e+02
          1883   3.44850e+02   1.88300e+03   5.77427e+01   5.61689e+00   3.38833e+02
          1884   3.45014e+02   1.88400e+03   5.77663e+01   5.61659e+00   3.39000e+02
          1885   3.45180e+02   1.88500e+03   5.77863e+01   5.61630e+00   3.39167e+02
          1886   3.45351e+02   1.88600e+03   5.78064e+01   5.61600e+00   3.39333e+02
          1887   3.45521e+02   1.88700e+03   5.78290e+01   5.61571e+00   3.39500e+02
          1888   3.45685e+02   1.88800e+03   5.78509e+01   5.61542e+00   3.39667e+02
          1889   3.45845e+02   1.88900e+03   5.78712e+01   5.61514e+00   3.39833e+02
          1890   3.46016e+02   1.89000e+03   5.78902e+01   5.61484e+00   3.40000e+02
          1891   3.46184e+02   1.89100e+03   5.79097e+01   5.61455e+00   3.40167e+02
          1892   3.46356e+02   1.89200e+03   5.79322e+01   5.61425e+00   3.40333e+02
          1893   3.46515e+02   1.89300e+03   5.79526e+01   5.61395e+00   3.40500e+02
          1894   3.46684e+02   1.89400e+03   5.79715e+01   5.61366e+00   3.40667e+02
          1895   3.46853e+02   1.89500e+03   5.79908e+01   5.61336e+00   3.40833e+02
          1896   3.47027e+02   1.89600e+03   5.80143e+01   5.61306e+00   3.41000e+02
          1897   3.47190e+02   1.89700e+03   5.80371e+01   5.61276e+00   3.41167e+02
          1898   3.47353e+02   1.89800e+03   5.80580e+01   5.61246e+00   3.41333e+02
          1899   3.47518e+02   1.89900e+03   5.80790e+01   5.61216e+00   3.41500e+02
          1900   3.47691e+02   1.90000e+03   5.80982e+01   5.61185e+00   3.41667e+02
          1901   3.47855e+02   1.90100e+03   5.81185e+01   5.61154e+00   3.41833e+02
          1902   3.48019e+02   1.90200e+03   5.81371e+01   5.61123e+00   3.42000e+02
          1903   3.48187e+02   1.90300e+03   5.81560e+01   5.61091e+00   3.42167e+02
          1904   3.48358e+02   1.90400e+03   5.81778e+01   5.61058e+00   3.42333e+02
          1905   3.48534e+02   1.90500e+03   5.81982e+01   5.61026e+00   3.42500e+02
          1906   3.48695e+02   1.90600e+03   5.82177e+01   5.60993e+00   3.42667e+02
          1907   3.48856e+02   1.90700e+03   5.82367e+01   5.60961e+00   3.42833e+02
          1908   3.49028e+02   1.90800e+03   5.82577e+01   5.60929e+00   3.43000e+02
          1909   3.49197e+02   1.90900e+03   5.82806e+01   5.60897e+00   3.43167e+02
          1910   3.49354e+02   1.91000e+03   5.83036e+01   5.60864e+00   3.43333e+02
          1911   3.49519e+02   1.91100e+03   5.83265e+01   5.60832e+00   3.43500e+02
          1912   3.49689e+02   1.91200e+03   5.83499e+01   5.60800e+00   3.43667e+02
          1913   3.49858e+02   1.91300e+03   5.83740e+01   5.60767e+00   3.43833e+02
          1914   3.50027e+02   1.91400e+03   5.83983e+01   5.60734e+00   3.44000e+02
          1915   3.50192e+02   1.91500e+03   5.84216e+01   5.60701e+00   3.44167e+02
          1916   3.50362e+02   1.91600e+03   5.84516e+01   5.60668e+00   3.44333e+02
          1917   3.50535e+02   1.91700e+03   5.84773e+01   5.60636e+00   3.44500e+02
          1918   3.50702e+02   1.91800e+03   5.85031e+01   5.60603e+00   3.44667e+02
          1919   3.50868e+02   1.91900e+03   5.85295e+01   5.60570e+00   3.44833e+02
          1920   3.51034e+02   1.92000e+03   5.85555e+01   5.60536e+00   3.45000e+02
          1921   3.51204e+02   1.92100e+03   5.85794e+01   5.60502e+00   3.45167e+02
          1922   3.51374e+02   1.92200e+03   5.86027e+01   5.60467e+00   3.45333e+02
          1923   3.51535e+02   1.92300e+03   5.86265e+01   5.60433e+00   3.45500e+02
          1924   3.51704e+02   1.92400e+03   5.86470e+01   5.60396e+00   3.45667e+02
          1925   3.51870e+02   1.92500e+03   5.86678e+01   5.60359e+00   3.45833e+02
          1926   3.52039e+02   1.92600e+03   5.86900e+01   5.60324e+00   3.46000e+02
          1927   3.52207e+02   1.92700e+03   5.87139e+01   5.60289e+00   3.46167e+02
          1928   3.52377e+02   1.92800e+03   5.87390e+01   5.60254e+00   3.46333e+02
          1929   3.52543e+02   1.92900e+03   5.87640e+01   5.60219e+00   3.46500e+02
          1930   3.52707e+02   1.93000e+03   5.87878e+01   5.60185e+00   3.46667e+02
          1931   3.52875e+02   1.93100e+03   5.88102e+01   5.60151e+00   3.46833e+02
          1932   3.53043e+02   1.93200e+03   5.88336e+01   5.60117e+00   3.47000e+02
          1933   3.53206e+02   1.93300e+03   5.88576e+01   5.60083e+00   3.47167e+02
          1934   3.53371e+02   1.93400e+03   5.88808e+01   5.60049e+00   3.47333e+02
          1935   3.53545e+02   1.93500e+03   5.89027e+01   5.60015e+00   3.47500e+02
          1936   3.53719e+02   1.93600e+03   5.89288e+01   5.59980e+00   3.47667e+02
          1937   3.53885e+02   1.93700e+03   5.89516e+01   5.59944e+00   3.47833e+02
          1938   3.54050e+02   1.93800e+03   5.89731e+01   5.59909e+00   3.48000e+02
          1939   3.54211e+02   1.93900e+03   5.89939e+01   5.59873e+00   3.48167e+02
          1940   3.54383e+02   1.94000e+03   5.90110e+01   5.59836e+00   3.48333e+02
          1941   3.54553e+02   1.94100e+03   5.90319e+01   5.59799e+00   3.48500e+02
          1942   3.54714e+02   1.94200e+03   5.90534e+01   5.59761e+00   3.48667e+02
          1943   3.54881e+02   1.94300e+03   5.90764e+01   5.59724e+00   3.48833e+02
          1944   3.55046e+02   1.94400e+03   5.90975e+01   5.59686e+00   3.49000e+02
          1945   3.55211e+02   1.94500e+03   5.91205e+01   5.59648e+00   3.49167e+02
          1946   3.55382e+02   1.94600e+03   5.91455e+01   5.59609e+00   3.49333e+02
          1947   3.55547e+02   1.94700e+03   5.91706e+01   5.59571e+00   3.49500e+02
          1948   3.55718e+02   1.94800e+03   5.91978e+01   5.59531e+00   3.49667e+02
          1949   3.55886e+02   1.94900e+03   5.92225e+01   5.59491e+00   3.49833e+02
          1950   3.56051e+02   1.95000e+03   5.92458e+01   5.59451e+00   3.50000e+02
          1951   3.56219e+02   1.95100e+03   5.92677e+01   5.59412e+00   3.50167e+02
          1952   3.56392e+02   1.95200e+03   5.92933e+01   5.59372e+00   3.50333e+02
          1953   3.56559e+02   1.95300e+03   5.93176e+01   5.59332e+00   3.50500e+02
          1954   3.56723e+02   1.95400e+03   5.93416e+01   5.59292e+00   3.50667e+02
          1955   3.56900e+02   1.95500e+03   5.93661e+01   5.59252e+00   3.50833e+02
          1956   3.57060e+02   1.95600e+03   5.93881e+01   5.59212e+00   3.51000e+02
          1957   3.57226e+02   1.95700e+03   5.94124e+01   5.59171e+00   3.51167e+02
          1958   3.57393e+02   1.95800e+03   5.94367e+01   5.59130e+00   3.51333e+02
          1959   3.57553e+02   1.95900e+03   5.94606e+01   5.59088e+00   3.51500e+02
          1960   3.57721e+02   1.96000e+03   5.94842e+01   5.59046e+00   3.51667e+02
          1961   3.57891e+02   1.96100e+03   5.95098e+01   5.59005e+00   3.51833e+02
          1962   3.58062e+02   1.96200e+03   5.95348e+01   5.58963e+00   3.52000e+02
          1963   3.58229e+02   1.96300e+03   5.95585e+01   5.58921e+00   3.52167e+02
          1964   3.58398e+02   1.96400e+03   5.95839e+01   5.58879e+00   3.52333e+02
          1965   3.58568e+02   1.96500e+03   5.96053e+01   5.58837e+00   3.52500e+02
          1966   3.58731e+02   1.96600e+03   5.96267e+01   5.58794e+00   3.52667e+02
          1967   3.58906e+02   1.96700e+03   5.96488e+01   5.58751e+00   3.52833e+02
          1968   3.59063e+02   1.96800e+03   5.96695e+01   5.58708e+00   3.53000e+02
          1969   3.59239e+02   1.96900e+03   5.96932e+01   5.58665e+00   3.53167e+02
          1970   3.59410e+02   1.97000e+03   5.97177e+01   5.58622e+00   3.53333e+02
          1971   3.59566e+02   1.97100e+03   5.97429e+01   5.58579e+00   3.53500e+02
          1972   3.59731e+02   1.97200e+03   5.97600e+01   5.58536e+00   3.53667e+02
          1973   3.59896e+02   1.97300e+03   5.97802e+01   5.58492e+00   3.53833e+02
          1974   3.60064e+02   1.97400e+03   5.98021e+01   5.58448e+00   3.54000e+02
          1975   3.60232e+02   1.97500e+03   5.98233e+01   5.58404e+00   3.54167e+02
          1976   3.60406e+02   1.97600e+03   5.98522e+01   5.58358e+00   3.54333e+02
          1977   3.60572e+02   1.97700e+03   5.98765e+01   5.58312e+00   3.54500e+02
          1978   3.60739e+02   1.97800e+03   5.98983e+01   5.58266e+00   3.54667e+02
          1979   3.60909e+02   1.97900e+03   5.99193e+01   5.58220e+00   3.54833e+02
          1980   3.61078e+02   1.98000e+03   5.99411e+01   5.58171e+00   3.55000e+02
          1981   3.61238e+02   1.98100e+03   5.99648e+01   5.58123e+00   3.55167e+02
          1982   3.61406e+02   1.98200e+03   5.99871e+01   5.58075e+00   3.55333e+02
          1983   3.61574e+02   1.98300e+03   6.00080e+01   5.58028e+00   3.55500e+02
          1984   3.61738e+02   1.98400e+03   6.00299e+01   5.57979e+00   3.55667e+02
          1985   3.61911e+02   1.98500e+03   6.00515e+01   5.57931e+00   3.55833e+02
          1986   3.62074e+02   1.98600e+03   6.00739e+01   5.57883e+00   3.56000e+02
          1987   3.62239e+02   1.98700e+03   6.00971e+01   5.57834e+00   3.56167e+02
          1988   3.62410e+02   1.98800e+03   6.01237e+01   5.57785e+00   3.56333e+02
          1989   3.62583e+02   1.98900e+03   6.01496e+01   5.57737e+00   3.56500e+02
          1990   3.62744e+02   1.99000e+03   6.01743e+01   5.57689e+00   3.56667e+02
          1991   3.62906e+02   1.99100e+03   6.01995e+01   5.57642e+00   3.56833e+02
          1992   3.63080e+02   1.99200e+03   6.02248e+01   5.57593e+00   3.57000e+02
          1993   3.63248e+02   1.99300e+03   6.02496e+01   5.57543e+00   3.57167e+02
          1994   3.63413e+02   1.99400e+03   6.02744e+01   5.57493e+00   3.57333e+02
          1995   3.63584e+02   1.99500e+03   6.02979e+01   5.57443e+00   3.57500e+02
          1996   3.63751e+02   1.99600e+03   6.03274e+01   5.57391e+00   3.57667e+02
          1997   3.63923e+02   1.99700e+03   6.03524e+01   5.57339e+00   3.57833e+02
          1998   3.64086e+02   1.99800e+03   6.03757e+01   5.57286e+00   3.58000e+02
          1999   3.64252e+02   1.99900e+03   6.03983e+01   5.57234e+00   3.58167e+02
          2000   3.64424e+02   2.00000e+03   6.04171e+01   5.57180e+00   3.58333e+02
          2001   3.64589e+02   2.00100e+03   6.04372e+01   5.57127e+00   3.58500e+02
          2002   3.64754e+02   2.00200e+03   6.04566e+01   5.57073e+00   3.58667e+02
          2003   3.64919e+02   2.00300e+03   6.04745e+01   5.57019e+00   3.58833e+02
          2004   3.65086e+02   2.00400e+03   6.04855e+01   5.56963e+00   3.59000e+02
          2005   3.65256e+02   2.00500e+03   6.05003e+01   5.56907e+00   3.59167e+02
          2006   3.65418e+02   2.00600e+03   6.05166e+01   5.56851e+00   3.59333e+02
          2007   3.65588e+02   2.00700e+03   6.05327e+01   5.56794e+00   3.59500e+02
          2008   3.65756e+02   2.00800e+03   6.05436e+01   5.56735e+00   3.59667e+02
          2009   3.65919e+02   2.00900e+03   6.05559e+01   5.56677e+00   3.59833e+02
          2010   3.66087e+02   2.01000e+03   6.05682e+01   5.56620e+00   3.60000e+02
          2011   3.66253e+02   2.01100e+03   6.05803e+01   5.56562e+00   3.60167e+02
          2012   3.66412e+02   2.01200e+03   6.05891e+01   5.56504e+00   3.60333e+02
          2013   3.66580e+02   2.01300e+03   6.06007e+01   5.56446e+00   3.60500e+02
          2014   3.66743e+02   2.01400e+03   6.06150e+01   5.56388e+00   3.60667e+02
          2015   3.66920e+02   2.01500e+03   6.06298e+01   5.56329e+00   3.60833e+02
          2016   3.67079e+02   2.01600e+03   6.06433e+01   5.56269e+00   3.61000e+02
          2017   3.67247e+02   2.01700e+03   6.06560e+01   5.56208e+00   3.61167e+02
          2018   3.67408e+02   2.01800e+03   6.06691e+01   5.56146e+00   3.61333e+02
          2019   3.67574e+02   2.01900e+03   6.06831e+01   5.56085e+00   3.61500e+02
          2020   3.67748e+02   2.02000e+03   6.06989e+01   5.56021e+00   3.61667e+02
          2021   3.67908e+02   2.02100e+03   6.07162e+01   5.55958e+00   3.61833e+02
          2022   3.68078e+02   2.02200e+03   6.07354e+01   5.55894e+00   3.62000e+02
          2023   3.68246e+02   2.02300e+03   6.07542e+01   5.55830e+00   3.62167e+02
          2024   3.68412e+02   2.02400e+03   6.07755e+01   5.55765e+00   3.62333e+02
          2025   3.68579e+02   2.02500e+03   6.07954e+01   5.55700e+00   3.62500e+02
          2026   3.68741e+02   2.02600e+03   6.08149e+01   5.55634e+00   3.62667e+02
          2027   3.68911e+02   2.02700e+03   6.08361e+01   5.55569e+00   3.62833e+02
          2028   3.69079e+02   2.02800e+03   6.08605e+01   5.55501e+00   3.63000e+02
          2029   3.69244e+02   2.02900e+03   6.08798e+01   5.55434e+00   3.63167e+02
          2030   3.69417e+02   2.03000e+03   6.08982e+01   5.55366e+00   3.63333e+02
          2031   3.69590e+02   2.03100e+03   6.09171e+01   5.55297e+00   3.63500e+02
          2032   3.69751e+02   2.03200e+03   6.09377e+01   5.55225e+00   3.63667e+02
          2033   3.69921e+02   2.03300e+03   6.09570e+01   5.55153e+00   3.63833e+02
          2034   3.70084e+02   2.03400e+03   6.09766e+01   5.55082e+00   3.64000e+02
          2035   3.70254e+02   2.03500e+03   6.09961e+01   5.55011e+00   3.64167e+02
          2036   3.70423e+02   2.03600e+03   6.10131e+01   5.54938e+00   3.64333e+02
          2037   3.70582e+02   2.03700e+03   6.10310e+01   5.54868e+00   3.64500e+02
          2038   3.70748e+02   2.03800e+03   6.10487e+01   5.54797e+00   3.64667e+02
          2039   3.70916e+02   2.03900e+03   6.10661e+01   5.54727e+00   3.64833e+02
          2040   3.71088e+02   2.04000e+03   6.10869e+01   5.54661e+00   3.65000e+02
          2041   3.71254e+02   2.04100e+03   6.11094e+01   5.54602e+00   3.65167e+02
          2042   3.71416e+02   2.04200e+03   6.11332e+01   5.54552e+00   3.65333e+02
          2043   3.71589e+02   2.04300e+03   6.11569e+01   5.54507e+00   3.65500e+02
          2044   3.71751e+02   2.04400e+03   6.11795e+01   5.54458e+00   3.65667e+02
          2045   3.71919e+02   2.04500e+03   6.12022e+01   5.54394e+00   3.65833e+02
          2046   3.72090e+02   2.04600e+03   6.12243e+01   5.54322e+00   3.66000e+02
          2047   3.72250e+02   2.04700e+03   6.12451e+01   5.54245e+00   3.66167e+02
          2048   3.72421e+02   2.04800e+03   6.12740e+01   5.54145e+00   3.66333e+02
          2049   3.72596e+02   2.04900e+03   6.12993e+01   5.54054e+00   3.66500e+02
          2050   3.72758e+02   2.05000e+03   6.13239e+01   5.53964e+00   3.66667e+02
          2051   3.72937e+02   2.05100e+03   6.13471e+01   5.53874e+00   3.66833e+02
          2052   3.73093e+02   2.05200e+03   6.13711e+01   5.53778e+00   3.67000e+02
          2053   3.73262e+02   2.05300e+03   6.13965e+01   5.53688e+00   3.67167e+02
          2054   3.73430e+02   2.05400e+03   6.14228e+01   5.53600e+00   3.67333e+02
          2055   3.73592e+02   2.05500e+03   6.14490e+01   5.53513e+00   3.67500e+02
          2056   3.73762e+02   2.05600e+03   6.14730e+01   5.53431e+00   3.67667e+02
          2057   3.73934e+02   2.05700e+03   6.14966e+01   5.53347e+00   3.67833e+02
          2058   3.74102e+02   2.05800e+03   6.15199e+01   5.53262e+00   3.68000e+02
          2059   3.74266e+02   2.05900e+03   6.15419e+01   5.53177e+00   3.68167e+02
          2060   3.74431e+02   2.06000e+03   6.15641e+01   5.53091e+00   3.68333e+02
          2061   3.74605e+02   2.06100e+03   6.15861e+01   5.53006e+00   3.68500e+02
          2062   3.74775e+02   2.06200e+03   6.16070e+01   5.52919e+00   3.68667e+02
          2063   3.74940e+02   2.06300e+03   6.16264e+01   5.52833e+00   3.68833e+02
          2064   3.75106e+02   2.06400e+03   6.16476e+01   5.52746e+00   3.69000e+02
          2065   3.75269e+02   2.06500e+03   6.16702e+01   5.52659e+00   3.69167e+02
          2066   3.75440e+02   2.06600e+03   6.16931e+01   5.52571e+00   3.69333e+02
          2067   3.75598e+02   2.06700e+03   6.17168e+01   5.52483e+00   3.69500e+02
          2068   3.75766e+02   2.06800e+03   6.17366e+01   5.52393e+00   3.69667e+02
          2069   3.75937e+02   2.06900e+03   6.17606e+01   5.52304e+00   3.69833e+02
          2070   3.76102e+02   2.07000e+03   6.17857e+01   5.52213e+00   3.70000e+02
          2071   3.76268e+02   2.07100e+03   6.18099e+01   5.52121e+00   3.70167e+02
          2072   3.76437e+02   2.07200e+03   6.18405e+01   5.52027e+00   3.70333e+02
          2073   3.76614e+02   2.07300e+03   6.18667e+01   5.51934e+00   3.70500e+02
          2074   3.76777e+02   2.07400e+03   6.18888e+01   5.51840e+00   3.70667e+02
          2075   3.76945e+02   2.07500e+03   6.19107e+01   5.51747e+00   3.70833e+02
          2076   3.77112e+02   2.07600e+03   6.19390e+01   5.51651e+00   3.71000e+02
          2077   3.77279e+02   2.07700e+03   6.19643e+01   5.51556e+00   3.71167e+02
          2078   3.77450e+02   2.07800e+03   6.19891e+01   5.51459e+00   3.71333e+02
          2079   3.77614e+02   2.07900e+03   6.20144e+01   5.51362e+00   3.71500e+02
          2080   3.77780e+02   2.08000e+03   6.20376e+01   5.51263e+00   3.71667e+02
          2081   3.77952e+02   2.08100e+03   6.20627e+01   5.51164e+00   3.71833e+02
          2082   3.78112e+02   2.08200e+03   6.20877e+01   5.51065e+00   3.72000e+02
          2083   3.78275e+02   2.08300e+03   6.21123e+01   5.50966e+00   3.72167e+02
          2084   3.78450e+02   2.08400e+03   6.21362e+01   5.50865e+00   3.72333e+02
          2085   3.78616e+02   2.08500e+03   6.21594e+01   5.50764e+00   3.72500e+02
          2086   3.78782e+02   2.08600e+03   6.21818e+01   5.50663e+00   3.72667e+02
          2087   3.78949e+02   2.08700e+03   6.22037e+01   5.50562e+00   3.72833e+02
          2088   3.79119e+02   2.08800e+03   6.22285e+01   5.50459e+00   3.73000e+02
          2089   3.79290e+02   2.08900e+03   6.22513e+01   5.50357e+00   3.73167e+02
          2090   3.79454e+02   2.09000e+03   6.22736e+01   5.50254e+00   3.73333e+02
          2091   3.79621e+02   2.09100e+03   6.22964e+01   5.50150e+00   3.73500e+02
          2092   3.79788e+02   2.09200e+03   6.23148e+01   5.50045e+00   3.73667e+02
          2093   3.79951e+02   2.09300e+03   6.23386e+01   5.49939e+00   3.73833e+02
          2094   3.80120e+02   2.09400e+03   6.23637e+01   5.49833e+00   3.74000e+02
          2095   3.80284e+02   2.09500e+03   6.23898e+01   5.49726e+00   3.74167e+02
          2096   3.80454e+02   2.09600e+03   6.24153e+01   5.49617e+00   3.74333e+02
          2097   3.80623e+02   2.09700e+03   6.24381e+01   5.49508e+00   3.74500e+02
          2098   3.80787e+02   2.09800e+03   6.24617e+01   5.49398e+00   3.74667e+02
          2099   3.80957e+02   2.09900e+03   6.24870e+01   5.49287e+00   3.74833e+02
          2100   3.81121e+02   2.10000e+03   6.25153e+01   5.49174e+00   3.75000e+02
          2101   3.81292e+02   2.10100e+03   6.25410e+01   5.49060e+00   3.75167e+02
          2102   3.81461e+02   2.10200e+03   6.25663e+01   5.48946e+00   3.75333e+02
          2103   3.81629e+02   2.10300e+03   6.25922e+01   5.48832e+00   3.75500e+02
          2104   3.81796e+02   2.10400e+03   6.26191e+01   5.48714e+00   3.75667e+02
          2105   3.81958e+02   2.10500e+03   6.26457e+01   5.48596e+00   3.75833e+02
          2106   3.82122e+02   2.10600e+03   6.26717e+01   5.48478e+00   3.76000e+02
          2107   3.82299e+02   2.10700e+03   6.26973e+01   5.48359e+00   3.76167e+02
          2108   3.82461e+02   2.10800e+03   6.27254e+01   5.48238e+00   3.76333e+02
          2109   3.82632e+02   2.10900e+03   6.27523e+01   5.48118e+00   3.76500e+02
          2110   3.82800e+02   2.11000e+03   6.27767e+01   5.47997e+00   3.76667e+02
          2111   3.82963e+02   2.11100e+03   6.28012e+01   5.47876e+00   3.76833e+02
          2112   3.83136e+02   2.11200e+03   6.28265e+01   5.47752e+00   3.77000e+02
          2113   3.83304e+02   2.11300e+03   6.28520e+01   5.47628e+00   3.77167e+02
          2114   3.83467e+02   2.11400e+03   6.28779e+01   5.47502e+00   3.77333e+02
          2115   3.83633e+02   2.11500e+03   6.29036e+01   5.47376e+00   3.77500e+02
          2116   3.83806e+02   2.11600e+03   6.29255e+01   5.47246e+00   3.77667e+02
          2117   3.83973e+02   2.11700e+03   6.29488e+01   5.47116e+00   3.77833e+02
          2118   3.84135e+02   2.11800e+03   6.29728e+01   5.46987e+00   3.78000e+02
          2119   3.84303e+02   2.11900e+03   6.29985e+01   5.46857e+00   3.78167e+02
          2120   3.84473e+02   2.12000e+03   6.30232e+01   5.46725e+00   3.78333e+02
          2121   3.84639e+02   2.12100e+03   6.30481e+01   5.46593e+00   3.78500e+02
          2122   3.84809e+02   2.12200e+03   6.30725e+01   5.46461e+00   3.78667e+02
          2123   3.84973e+02   2.12300e+03   6.30965e+01   5.46328e+00   3.78833e+02
          2124   3.85144e+02   2.12400e+03   6.31220e+01   5.46193e+00   3.79000e+02
          2125   3.85305e+02   2.12500e+03   6.31454e+01   5.46058e+00   3.79167e+02
          2126   3.85471e+02   2.12600e+03   6.31695e+01   5.45921e+00   3.79333e+02
          2127   3.85646e+02   2.12700e+03   6.31944e+01   5.45784e+00   3.79500e+02
          2128   3.85814e+02   2.12800e+03   6.32202e+01   5.45643e+00   3.79667e+02
          2129   3.85978e+02   2.12900e+03   6.32439e+01   5.45503e+00   3.79833e+02
          2130   3.86145e+02   2.13000e+03   6.32660e+01   5.45362e+00   3.80000e+02
          2131   3.86311e+02   2.13100e+03   6.32884e+01   5.45221e+00   3.80167e+02
          2132   3.86481e+02   2.13200e+03   6.33086e+01   5.45076e+00   3.80333e+02
          2133   3.86647e+02   2.13300e+03   6.33299e+01   5.44931e+00   3.80500e+02
          2134   3.86810e+02   2.13400e+03   6.33515e+01   5.44786e+00   3.80667e+02
          2135   3.86984e+02   2.13500e+03   6.33719e+01   5.44640e+00   3.80833e+02
          2136   3.87148e+02   2.13600e+03   6.33914e+01   5.44491e+00   3.81000e+02
          2137   3.87318e+02   2.13700e+03   6.34115e+01   5.44342e+00   3.81167e+02
          2138   3.87481e+02   2.13800e+03   6.34318e+01   5.44193e+00   3.81333e+02
          2139   3.87646e+02   2.13900e+03   6.34527e+01   5.44042e+00   3.81500e+02
          2140   3.87819e+02   2.14000e+03   6.34736e+01   5.43890e+00   3.81667e+02
          2141   3.87979e+02   2.14100e+03   6.34969e+01   5.43737e+00   3.81833e+02
          2142   3.88152e+02   2.14200e+03   6.35210e+01   5.43584e+00   3.82000e+02
          2143   3.88314e+02   2.14300e+03   6.35461e+01   5.43430e+00   3.82167e+02
          2144   3.88480e+02   2.14400e+03   6.35724e+01   5.43273e+00   3.82333e+02
          2145   3.88649e+02   2.14500e+03   6.35983e+01   5.43116e+00   3.82500e+02
          2146   3.88816e+02   2.14600e+03   6.36233e+01   5.42958e+00   3.82667e+02
          2147   3.88985e+02   2.14700e+03   6.36488e+01   5.42798e+00   3.82833e+02
          2148   3.89147e+02   2.14800e+03   6.36842e+01   5.42634e+00   3.83000e+02
          2149   3.89325e+02   2.14900e+03   6.37131e+01   5.42470e+00   3.83167e+02
          2150   3.89492e+02   2.15000e+03   6.37395e+01   5.42305e+00   3.83333e+02
          2151   3.89655e+02   2.15100e+03   6.37641e+01   5.42140e+00   3.83500e+02
          2152   3.89830e+02   2.15200e+03   6.37902e+01   5.41971e+00   3.83667e+02
          2153   3.90000e+02   2.15300e+03   6.38180e+01   5.41802e+00   3.83833e+02
          2154   3.90158e+02   2.15400e+03   6.38457e+01   5.41633e+00   3.84000e+02
          2155   3.90328e+02   2.15500e+03   6.38731e+01   5.41463e+00   3.84167e+02
          2156   3.90499e+02   2.15600e+03   6.38989e+01   5.41290e+00   3.84333e+02
          2157   3.90665e+02   2.15700e+03   6.39280e+01   5.41118e+00   3.84500e+02
          2158   3.90830e+02   2.15800e+03   6.39570e+01   5.40944e+00   3.84667e+02
          2159   3.90996e+02   2.15900e+03   6.39838e+01   5.40770e+00   3.84833e+02
          2160   3.91156e+02   2.16000e+03   6.40101e+01   5.40592e+00   3.85000e+02
          2161   3.91331e+02   2.16100e+03   6.40389e+01   5.40414e+00   3.85167e+02
          2162   3.91503e+02   2.16200e+03   6.40698e+01   5.40234e+00   3.85333e+02
          2163   3.91670e+02   2.16300e+03   6.41008e+01   5.40054e+00   3.85500e+02
          2164   3.91838e+02   2.16400e+03   6.41387e+01   5.39868e+00   3.85667e+02
          2165   3.92008e+02   2.16500e+03   6.41742e+01   5.39683e+00   3.85833e+02
          2166   3.92177e+02   2.16600e+03   6.42076e+01   5.39497e+00   3.86000e+02
          2167   3.92344e+02   2.16700e+03   6.42400e+01   5.39311e+00   3.86167e+02
          2168   3.92504e+02   2.16800e+03   6.42711e+01   5.39120e+00   3.86333e+02
          2169   3.92677e+02   2.16900e+03   6.43040e+01   5.38930e+00   3.86500e+02
          2170   3.92851e+02   2.17000e+03   6.43394e+01   5.38739e+00   3.86667e+02
          2171   3.93016e+02   2.17100e+03   6.43760e+01   5.38547e+00   3.86833e+02
          2172   3.93188e+02   2.17200e+03   6.44177e+01   5.38351e+00   3.87000e+02
          2173   3.93357e+02   2.17300e+03   6.44556e+01   5.38154e+00   3.87167e+02
          2174   3.93526e+02   2.17400e+03   6.44911e+01   5.37957e+00   3.87333e+02
          2175   3.93690e+02   2.17500e+03   6.45246e+01   5.37758e+00   3.87500e+02
          2176   3.93853e+02   2.17600e+03   6.45561e+01   5.37555e+00   3.87667e+02
          2177   3.94024e+02   2.17700e+03   6.45901e+01   5.37353e+00   3.87833e+02
          2178   3.94197e+02   2.17800e+03   6.46245e+01   5.37151e+00   3.88000e+02
          2179   3.94367e+02   2.17900e+03   6.46575e+01   5.36949e+00   3.88167e+02
          2180   3.94534e+02   2.18000e+03   6.46910e+01   5.36743e+00   3.88333e+02
          2181   3.94703e+02   2.18100e+03   6.47229e+01   5.36535e+00   3.88500e+02
          2182   3.94873e+02   2.18200e+03   6.47544e+01   5.36326e+00   3.88667e+02
          2183   3.95035e+02   2.18300e+03   6.47870e+01   5.36116e+00   3.88833e+02
          2184   3.95202e+02   2.18400e+03   6.48105e+01   5.35899e+00   3.89000e+02
          2185   3.95374e+02   2.18500e+03   6.48397e+01   5.35685e+00   3.89167e+02
          2186   3.95546e+02   2.18600e+03   6.48712e+01   5.35468e+00   3.89333e+02
          2187   3.95704e+02   2.18700e+03   6.49035e+01   5.35251e+00   3.89500e+02
          2188   3.95875e+02   2.18800e+03   6.49319e+01   5.35028e+00   3.89667e+02
          2189   3.96041e+02   2.18900e+03   6.49627e+01   5.34805e+00   3.89833e+02
          2190   3.96206e+02   2.19000e+03   6.49933e+01   5.34582e+00   3.90000e+02
          2191   3.96377e+02   2.19100e+03   6.50252e+01   5.34358e+00   3.90167e+02
          2192   3.96547e+02   2.19200e+03   6.50626e+01   5.34126e+00   3.90333e+02
          2193   3.96710e+02   2.19300e+03   6.50989e+01   5.33895e+00   3.90500e+02
          2194   3.96882e+02   2.19400e+03   6.51365e+01   5.33665e+00   3.90667e+02
          2195   3.97055e+02   2.19500e+03   6.51739e+01   5.33433e+00   3.90833e+02
          2196   3.97217e+02   2.19600e+03   6.52191e+01   5.33194e+00   3.91000e+02
          2197   3.97389e+02   2.19700e+03   6.52635e+01   5.32955e+00   3.91167e+02
          2198   3.97553e+02   2.19800e+03   6.53097e+01   5.32713e+00   3.91333e+02
          2199   3.97722e+02   2.19900e+03   6.53587e+01   5.32471e+00   3.91500e+02
          2200   3.97894e+02   2.20000e+03   6.54220e+01   5.32220e+00   3.91667e+02
          2201   3.98063e+02   2.20100e+03   6.54801e+01   5.31971e+00   3.91833e+02
          2202   3.98234e+02   2.20200e+03   6.55369e+01   5.31721e+00   3.92000e+02
          2203   3.98406e+02   2.20300e+03   6.55948e+01   5.31469e+00   3.92167e+02
          2204   3.98576e+02   2.20400e+03   6.56692e+01   5.31210e+00   3.92333e+02
          2205   3.98753e+02   2.20500e+03   6.57366e+01   5.30951e+00   3.92500e+02
          2206   3.98921e+02   2.20600e+03   6.58051e+01   5.30690e+00   3.92667e+02
          2207   3.99095e+02   2.20700e+03   6.58769e+01   5.30428e+00   3.92833e+02
          2208   3.99268e+02   2.20800e+03   6.59686e+01   5.30155e+00   3.93000e+02
          2209   3.99447e+02   2.20900e+03   6.60531e+01   5.29883e+00   3.93167e+02
          2210   3.99612e+02   2.21000e+03   6.61398e+01   5.29609e+00   3.93333e+02
          2211   3.99783e+02   2.21100e+03   6.62287e+01   5.29333e+00   3.93500e+02
          2212   3.99957e+02   2.21200e+03   6.63351e+01   5.29046e+00   3.93667e+02
          2213   4.00132e+02   2.21300e+03   6.64385e+01   5.28759e+00   3.93833e+02
          2214   4.00303e+02   2.21400e+03   6.65468e+01   5.28468e+00   3.94000e+02
          2215   4.00482e+02   2.21500e+03   6.66596e+01   5.28175e+00   3.94167e+02
          2216   4.00663e+02   2.21600e+03   6.68037e+01   5.27866e+00   3.94333e+02
          2217   4.00836e+02   2.21700e+03   6.69378e+01   5.27559e+00   3.94500e+02
          2218   4.01014e+02   2.21800e+03   6.70760e+01   5.27247e+00   3.94667e+02
          2219   4.01195e+02   2.21900e+03   6.72190e+01   5.26931e+00   3.94833e+02
          2220   4.01378e+02   2.22000e+03   6.74014e+01   5.26596e+00   3.95000e+02
          2221   4.01552e+02   2.22100e+03   6.75733e+01   5.26262e+00   3.95167e+02
          2222   4.01738e+02   2.22200e+03   6.77489e+01   5.25922e+00   3.95333e+02
          2223   4.01922e+02   2.22300e+03   6.79279e+01   5.25576e+00   3.95500e+02
          2224   4.02100e+02   2.22400e+03   6.81578e+01   5.25207e+00   3.95667e+02
          2225   4.02283e+02   2.22500e+03   6.83678e+01   5.24838e+00   3.95833e+02
          2226   4.02472e+02   2.22600e+03   6.85799e+01   5.24464e+00   3.96000e+02
          2227   4.02661e+02   2.22700e+03   6.87964e+01   5.24083e+00   3.96167e+02
          2228   4.02850e+02   2.22800e+03   6.90684e+01   5.23673e+00   3.96333e+02
          2229   4.03043e+02   2.22900e+03   6.93140e+01   5.23265e+00   3.96500e+02
          2230   4.03236e+02   2.23000e+03   6.95582e+01   5.22850e+00   3.96667e+02
          2231   4.03424e+02   2.23100e+03   6.98058e+01   5.22428e+00   3.96833e+02
          2232   4.03613e+02   2.23200e+03   7.00955e+01   5.21972e+00   3.97000e+02
          2233   4.03808e+02   2.23300e+03   7.03636e+01   5.21520e+00   3.97167e+02
          2234   4.03999e+02   2.23400e+03   7.06291e+01   5.21061e+00   3.97333e+02
          2235   4.04197e+02   2.23500e+03   7.08960e+01   5.20596e+00   3.97500e+02
          2236   4.04388e+02   2.23600e+03   7.11900e+01   5.20097e+00   3.97667e+02
          2237   4.04587e+02   2.23700e+03   7.14657e+01   5.19605e+00   3.97833e+02
          2238   4.04771e+02   2.23800e+03   7.17361e+01   5.19107e+00   3.98000e+02
          2239   4.04971e+02   2.23900e+03   7.20045e+01   5.18603e+00   3.98167e+02
          2240   4.05160e+02   2.24000e+03   7.22793e+01   5.18068e+00   3.98333e+02
          2241   4.05354e+02   2.24100e+03   7.25473e+01   5.17535e+00   3.98500e+02
          2242   4.05539e+02   2.24200e+03   7.28126e+01   5.16996e+00   3.98667e+02
          2243   4.05737e+02   2.24300e+03   7.30770e+01   5.16449e+00   3.98833e+02
          2244   4.05925e+02   2.24400e+03   7.33295e+01   5.15868e+00   3.99000e+02
          2245   4.06111e+02   2.24500e+03   7.35866e+01   5.15292e+00   3.99167e+02
          2246   4.06300e+02   2.24600e+03   7.38416e+01   5.14708e+00   3.99333e+02
          2247   4.06488e+02   2.24700e+03   7.40956e+01   5.14118e+00   3.99500e+02
          2248   4.06668e+02   2.24800e+03   7.43324e+01   5.13489e+00   3.99667e+02
          2249   4.06858e+02   2.24900e+03   7.45763e+01   5.12864e+00   3.99833e+02
          2250   4.07045e+02   2.25000e+03   7.48165e+01   5.12230e+00   4.00000e+02
          2251   4.07237e+02   2.25100e+03   7.50509e+01   5.11589e+00   4.00167e+02
          2252   4.07419e+02   2.25200e+03   7.52668e+01   5.10909e+00   4.00333e+02
          2253   4.07608e+02   2.25300e+03   7.54827e+01   5.10238e+00   4.00500e+02
          2254   4.07794e+02   2.25400e+03   7.56924e+01   5.09563e+00   4.00667e+02
          2255   4.07977e+02   2.25500e+03   7.58949e+01   5.08882e+00   4.00833e+02
          2256   4.08171e+02   2.25600e+03   7.60630e+01   5.08173e+00   4.01000e+02
          2257   4.08350e+02   2.25700e+03   7.62399e+01   5.07468e+00   4.01167e+02
          2258   4.08532e+02   2.25800e+03   7.64111e+01   5.06757e+00   4.01333e+02
          2259   4.08710e+02   2.25900e+03   7.65739e+01   5.06041e+00   4.01500e+02
          2260   4.08885e+02   2.26000e+03   7.66698e+01   5.05298e+00   4.01667e+02
          2261   4.09060e+02   2.26100e+03   7.67881e+01   5.04559e+00   4.01833e+02
          2262   4.09240e+02   2.26200e+03   7.69015e+01   5.03817e+00   4.02000e+02
          2263   4.09407e+02   2.26300e+03   7.70080e+01   5.03070e+00   4.02167e+02
          2264   4.09579e+02   2.26400e+03   7.70429e+01   5.02300e+00   4.02333e+02
          2265   4.09753e+02   2.26500e+03   7.71049e+01   5.01535e+00   4.02500e+02
          2266   4.09926e+02   2.26600e+03   7.71665e+01   5.00766e+00   4.02667e+02
          2267   4.10093e+02   2.26700e+03   7.72241e+01   4.99993e+00   4.02833e+02
          2268   4.10249e+02   2.26800e+03   7.72049e+01   4.99201e+00   4.03000e+02
          2269   4.10415e+02   2.26900e+03   7.72213e+01   4.98411e+00   4.03167e+02
          2270   4.10571e+02   2.27000e+03   7.72409e+01   4.97615e+00   4.03333e+02
          2271   4.10736e+02   2.27100e+03   7.72589e+01   4.96814e+00   4.03500e+02
          2272   4.10892e+02   2.27200e+03   7.72179e+01   4.95988e+00   4.03667e+02
          2273   4.11056e+02   2.27300e+03   7.72068e+01   4.95164e+00   4.03833e+02
          2274   4.11213e+02   2.27400e+03   7.71992e+01   4.94332e+00   4.04000e+02
          2275   4.11381e+02   2.27500e+03   7.71905e+01   4.93495e+00   4.04167e+02
          2276   4.11540e+02   2.27600e+03   7.71497e+01   4.92633e+00   4.04333e+02
          2277   4.11695e+02   2.27700e+03   7.71234e+01   4.91779e+00   4.04500e+02
          2278   4.11856e+02   2.27800e+03   7.71000e+01   4.90923e+00   4.04667e+02
          2279   4.12020e+02   2.27900e+03   7.70782e+01   4.90063e+00   4.04833e+02
          2280   4.12180e+02   2.28000e+03   7.70412e+01   4.89185e+00   4.05000e+02
          2281   4.12344e+02   2.28100e+03   7.70097e+01   4.88307e+00   4.05167e+02
          2282   4.12503e+02   2.28200e+03   7.69796e+01   4.87425e+00   4.05333e+02
          2283   4.12664e+02   2.28300e+03   7.69495e+01   4.86540e+00   4.05500e+02
          2284   4.12824e+02   2.28400e+03   7.69129e+01   4.85635e+00   4.05667e+02
          2285   4.12985e+02   2.28500e+03   7.68810e+01   4.84735e+00   4.05833e+02
          2286   4.13143e+02   2.28600e+03   7.68485e+01   4.83832e+00   4.06000e+02
          2287   4.13303e+02   2.28700e+03   7.68141e+01   4.82927e+00   4.06167e+02
          2288   4.13480e+02   2.28800e+03   7.67789e+01   4.82005e+00   4.06333e+02
          2289   4.13631e+02   2.28900e+03   7.67417e+01   4.81082e+00   4.06500e+02
          2290   4.13792e+02   2.29000e+03   7.67033e+01   4.80154e+00   4.06667e+02
          2291   4.13951e+02   2.29100e+03   7.66628e+01   4.79222e+00   4.06833e+02
          2292   4.14115e+02   2.29200e+03   7.66177e+01   4.78273e+00   4.07000e+02
          2293   4.14282e+02   2.29300e+03   7.65789e+01   4.77330e+00   4.07167e+02
          2294   4.14438e+02   2.29400e+03   7.65415e+01   4.76387e+00   4.07333e+02
          2295   4.14597e+02   2.29500e+03   7.65035e+01   4.75441e+00   4.07500e+02
          2296   4.14756e+02   2.29600e+03   7.64590e+01   4.74489e+00   4.07667e+02
          2297   4.14916e+02   2.29700e+03   7.64210e+01   4.73537e+00   4.07833e+02
          2298   4.15078e+02   2.29800e+03   7.63827e+01   4.72581e+00   4.08000e+02
          2299   4.15236e+02   2.29900e+03   7.63428e+01   4.71622e+00   4.08167e+02
          2300   4.15394e+02   2.30000e+03   7.63075e+01   4.70651e+00   4.08333e+02
          2301   4.15557e+02   2.30100e+03   7.62721e+01   4.69681e+00   4.08500e+02
          2302   4.15732e+02   2.30200e+03   7.62357e+01   4.68711e+00   4.08667e+02
          2303   4.15885e+02   2.30300e+03   7.61984e+01   4.67742e+00   4.08833e+02
          2304   4.16049e+02   2.30400e+03   7.61638e+01   4.66761e+00   4.09000e+02
          2305   4.16209e+02   2.30500e+03   7.61242e+01   4.65780e+00   4.09167e+02
          2306   4.16374e+02   2.30600e+03   7.60819e+01   4.64794e+00   4.09333e+02
          2307   4.16531e+02   2.30700e+03   7.60373e+01   4.63805e+00   4.09500e+02
          2308   4.16686e+02   2.30800e+03   7.59827e+01   4.62811e+00   4.09667e+02
          2309   4.16854e+02   2.30900e+03   7.59337e+01   4.61818e+00   4.09833e+02
          2310   4.17022e+02   2.31000e+03   7.58885e+01   4.60821e+00   4.10000e+02
          2311   4.17179e+02   2.31100e+03   7.58443e+01   4.59823e+00   4.10167e+02
          2312   4.17337e+02   2.31200e+03   7.57942e+01   4.58830e+00   4.10333e+02
          2313   4.17498e+02   2.31300e+03   7.57493e+01   4.57850e+00   4.10500e+02
          2314   4.17656e+02   2.31400e+03   7.57045e+01   4.56871e+00   4.10667e+02
          2315   4.17808e+02   2.31500e+03   7.56591e+01   4.55883e+00   4.10833e+02
          2316   4.17963e+02   2.31600e+03   7.56074e+01   4.54884e+00   4.11000e+02
          2317   4.18120e+02   2.31700e+03   7.55618e+01   4.53863e+00   4.11167e+02
          2318   4.18290e+02   2.31800e+03   7.55178e+01   4.52828e+00   4.11333e+02
          2319   4.18458e+02   2.31900e+03   7.54726e+01   4.51780e+00   4.11500e+02
          2320   4.18616e+02   2.32000e+03   7.54343e+01   4.50649e+00   4.11667e+02
          2321   4.18782e+02   2.32100e+03   7.53879e+01   4.49543e+00   4.11833e+02
          2322   4.18941e+02   2.32200e+03   7.53408e+01   4.48453e+00   4.12000e+02
          2323   4.19099e+02   2.32300e+03   7.52930e+01   4.47373e+00   4.12167e+02
          2324   4.19258e+02   2.32400e+03   7.52458e+01   4.46289e+00   4.12333e+02
          2325   4.19418e+02   2.32500e+03   7.52024e+01   4.45231e+00   4.12500e+02
          2326   4.19585e+02   2.32600e+03   7.51592e+01   4.44185e+00   4.12667e+02
          2327   4.19743e+02   2.32700e+03   7.51156e+01   4.43144e+00   4.12833e+02
          2328   4.19896e+02   2.32800e+03   7.50648e+01   4.42156e+00   4.13000e+02
          2329   4.20052e+02   2.32900e+03   7.50164e+01   4.41135e+00   4.13167e+02
          2330   4.20217e+02   2.33000e+03   7.49665e+01   4.40105e+00   4.13333e+02
          2331   4.20379e+02   2.33100e+03   7.49158e+01   4.39075e+00   4.13500e+02
          2332   4.20545e+02   2.33200e+03   7.48669e+01   4.38028e+00   4.13667e+02
          2333   4.20710e+02   2.33300e+03   7.48133e+01   4.36987e+00   4.13833e+02
          2334   4.20868e+02   2.33400e+03   7.47598e+01   4.35946e+00   4.14000e+02
          2335   4.21028e+02   2.33500e+03   7.47076e+01   4.34903e+00   4.14167e+02
          2336   4.21186e+02   2.33600e+03   7.46451e+01   4.33851e+00   4.14333e+02
          2337   4.21344e+02   2.33700e+03   7.45887e+01   4.32797e+00   4.14500e+02
          2338   4.21506e+02   2.33800e+03   7.45327e+01   4.31739e+00   4.14667e+02
          2339   4.21658e+02   2.33900e+03   7.44752e+01   4.30678e+00   4.14833e+02
          2340   4.21815e+02   2.34000e+03   7.44086e+01   4.29602e+00   4.15000e+02
          2341   4.21973e+02   2.34100e+03   7.43466e+01   4.28533e+00   4.15167e+02
          2342   4.22130e+02   2.34200e+03   7.42851e+01   4.27466e+00   4.15333e+02
          2343   4.22302e+02   2.34300e+03   7.42234e+01   4.26401e+00   4.15500e+02
          2344   4.22459e+02   2.34400e+03   7.41648e+01   4.25339e+00   4.15667e+02
          2345   4.22618e+02   2.34500e+03   7.41040e+01   4.24281e+00   4.15833e+02
          2346   4.22774e+02   2.34600e+03   7.40419e+01   4.23223e+00   4.16000e+02
          2347   4.22931e+02   2.34700e+03   7.39781e+01   4.22166e+00   4.16167e+02
          2348   4.23089e+02   2.34800e+03   7.39053e+01   4.21116e+00   4.16333e+02
          2349   4.23248e+02   2.34900e+03   7.38394e+01   4.20059e+00   4.16500e+02
          2350   4.23408e+02   2.35000e+03   7.37751e+01   4.19001e+00   4.16667e+02
          2351   4.23569e+02   2.35100e+03   7.37110e+01   4.17943e+00   4.16833e+02
          2352   4.23723e+02   2.35200e+03   7.36459e+01   4.16882e+00   4.17000e+02
          2353   4.23884e+02   2.35300e+03   7.35804e+01   4.15826e+00   4.17167e+02
          2354   4.24050e+02   2.35400e+03   7.35171e+01   4.14774e+00   4.17333e+02
          2355   4.24203e+02   2.35500e+03   7.34552e+01   4.13722e+00   4.17500e+02
          2356   4.24358e+02   2.35600e+03   7.33909e+01   4.12678e+00   4.17667e+02
          2357   4.24522e+02   2.35700e+03   7.33284e+01   4.11628e+00   4.17833e+02
          2358   4.24682e+02   2.35800e+03   7.32670e+01   4.10575e+00   4.18000e+02
          2359   4.24839e+02   2.35900e+03   7.32067e+01   4.09519e+00   4.18167e+02
          2360   4.24999e+02   2.36000e+03   7.31527e+01   4.08455e+00   4.18333e+02
          2361   4.25155e+02   2.36100e+03   7.30989e+01   4.07387e+00   4.18500e+02
          2362   4.25315e+02   2.36200e+03   7.30450e+01   4.06314e+00   4.18667e+02
          2363   4.25485e+02   2.36300e+03   7.29910e+01   4.05236e+00   4.18833e+02
          2364   4.25640e+02   2.36400e+03   7.29451e+01   4.04133e+00   4.19000e+02
          2365   4.25796e+02   2.36500e+03   7.28925e+01   4.03032e+00   4.19167e+02
          2366   4.25959e+02   2.36600e+03   7.28380e+01   4.01929e+00   4.19333e+02
          2367   4.26120e+02   2.36700e+03   7.27831e+01   4.00823e+00   4.19500e+02
          2368   4.26281e+02   2.36800e+03   7.27340e+01   3.99697e+00   4.19667e+02
          2369   4.26446e+02   2.36900e+03   7.26822e+01   3.98580e+00   4.19833e+02
          2370   4.26608e+02   2.37000e+03   7.26318e+01   3.97464e+00   4.20000e+02
          2371   4.26767e+02   2.37100e+03   7.25823e+01   3.96347e+00   4.20167e+02
          2372   4.26926e+02   2.37200e+03   7.25286e+01   3.95230e+00   4.20333e+02
          2373   4.27089e+02   2.37300e+03   7.24753e+01   3.94109e+00   4.20500e+02
          2374   4.27238e+02   2.37400e+03   7.24250e+01   3.92985e+00   4.20667e+02
          2375   4.27405e+02   2.37500e+03   7.23761e+01   3.91858e+00   4.20833e+02
          2376   4.27556e+02   2.37600e+03   7.23280e+01   3.90720e+00   4.21000e+02
          2377   4.27718e+02   2.37700e+03   7.22811e+01   3.89579e+00   4.21167e+02
          2378   4.27884e+02   2.37800e+03   7.22337e+01   3.88433e+00   4.21333e+02
          2379   4.28049e+02   2.37900e+03   7.21877e+01   3.87284e+00   4.21500e+02
          2380   4.28211e+02   2.38000e+03   7.21499e+01   3.86118e+00   4.21667e+02
          2381   4.28362e+02   2.38100e+03   7.21069e+01   3.84960e+00   4.21833e+02
          2382   4.28523e+02   2.38200e+03   7.20630e+01   3.83802e+00   4.22000e+02
          2383   4.28692e+02   2.38300e+03   7.20186e+01   3.82643e+00   4.22167e+02
          2384   4.28852e+02   2.38400e+03   7.19792e+01   3.81482e+00   4.22333e+02
          2385   4.29015e+02   2.38500e+03   7.19351e+01   3.80323e+00   4.22500e+02
          2386   4.29171e+02   2.38600e+03   7.18912e+01   3.79162e+00   4.22667e+02
          2387   4.29331e+02   2.38700e+03   7.18467e+01   3.78001e+00   4.22833e+02
          2388   4.29501e+02   2.38800e+03   7.18036e+01   3.76837e+00   4.23000e+02
          2389   4.29657e+02   2.38900e+03   7.17608e+01   3.75671e+00   4.23167e+02
          2390   4.29819e+02   2.39000e+03   7.17193e+01   3.74503e+00   4.23333e+02
          2391   4.29976e+02   2.39100e+03   7.16793e+01   3.73332e+00   4.23500e+02
          2392   4.30141e+02   2.39200e+03   7.16409e+01   3.72149e+00   4.23667e+02
          2393   4.30296e+02   2.39300e+03   7.16060e+01   3.70964e+00   4.23833e+02
          2394   4.30459e+02   2.39400e+03   7.15709e+01   3.69773e+00   4.24000e+02
          2395   4.30622e+02   2.39500e+03   7.15352e+01   3.68578e+00   4.24167e+02
          2396   4.30781e+02   2.39600e+03   7.15057e+01   3.67359e+00   4.24333e+02
          2397   4.30945e+02   2.39700e+03   7.14733e+01   3.66142e+00   4.24500e+02
          2398   4.31105e+02   2.39800e+03   7.14424e+01   3.64922e+00   4.24667e+02
          2399   4.31271e+02   2.39900e+03   7.14131e+01   3.63699e+00   4.24833e+02
          2400   4.31433e+02   2.40000e+03   7.13936e+01   3.62457e+00   4.25000e+02
          2401   4.31602e+02   2.40100e+03   7.13653e+01   3.61223e+00   4.25167e+02
          2402   4.31766e+02   2.40200e+03   7.13351e+01   3.59989e+00   4.25333e+02
          2403   4.31921e+02   2.40300e+03   7.13046e+01   3.58754e+00   4.25500e+02
          2404   4.32087e+02   2.40400e+03   7.12754e+01   3.57512e+00   4.25667e+02
          2405   4.32243e+02   2.40500e+03   7.12496e+01   3.56265e+00   4.25833e+02
          2406   4.32410e+02   2.40600e+03   7.12253e+01   3.55012e+00   4.26000e+02
          2407   4.32577e+02   2.40700e+03   7.12005e+01   3.53755e+00   4.26167e+02
          2408   4.32738e+02   2.40800e+03   7.11791e+01   3.52471e+00   4.26333e+02
          2409   4.32894e+02   2.40900e+03   7.11572e+01   3.51183e+00   4.26500e+02
          2410   4.33058e+02   2.41000e+03   7.11359e+01   3.49890e+00   4.26667e+02
          2411   4.33218e+02   2.41100e+03   7.11148e+01   3.48596e+00   4.26833e+02
          2412   4.33386e+02   2.41200e+03   7.10993e+01   3.47276e+00   4.27000e+02
          2413   4.33550e+02   2.41300e+03   7.10815e+01   3.45969e+00   4.27167e+02
          2414   4.33717e+02   2.41400e+03   7.10631e+01   3.44661e+00   4.27333e+02
          2415   4.33881e+02   2.41500e+03   7.10446e+01   3.43351e+00   4.27500e+02
          2416   4.34041e+02   2.41600e+03   7.10327e+01   3.42037e+00   4.27667e+02
          2417   4.34205e+02   2.41700e+03   7.10192e+01   3.40718e+00   4.27833e+02
          2418   4.34368e+02   2.41800e+03   7.10056e+01   3.39394e+00   4.28000e+02
          2419   4.34536e+02   2.41900e+03   7.09908e+01   3.38068e+00   4.28167e+02
          2420   4.34698e+02   2.42000e+03   7.09804e+01   3.36721e+00   4.28333e+02
          2421   4.34862e+02   2.42100e+03   7.09688e+01   3.35377e+00   4.28500e+02
          2422   4.35025e+02   2.42200e+03   7.09565e+01   3.34029e+00   4.28667e+02
          2423   4.35191e+02   2.42300e+03   7.09438e+01   3.32675e+00   4.28833e+02
          2424   4.35352e+02   2.42400e+03   7.09302e+01   3.31300e+00   4.29000e+02
          2425   4.35518e+02   2.42500e+03   7.09183e+01   3.29927e+00   4.29167e+02
          2426   4.35684e+02   2.42600e+03   7.09079e+01   3.28551e+00   4.29333e+02
          2427   4.35850e+02   2.42700e+03   7.08983e+01   3.27171e+00   4.29500e+02
          2428   4.36005e+02   2.42800e+03   7.08936e+01   3.25768e+00   4.29667e+02
          2429   4.36175e+02   2.42900e+03   7.08908e+01   3.24369e+00   4.29833e+02
          2430   4.36342e+02   2.43000e+03   7.08890e+01   3.22966e+00   4.30000e+02
          2431   4.36503e+02   2.43100e+03   7.08890e+01   3.21558e+00   4.30167e+02
          2432   4.36663e+02   2.43200e+03   7.08912e+01   3.20133e+00   4.30333e+02
          2433   4.36830e+02   2.43300e+03   7.08916e+01   3.18710e+00   4.30500e+02
          2434   4.36997e+02   2.43400e+03   7.08930e+01   3.17285e+00   4.30667e+02
          2435   4.37160e+02   2.43500e+03   7.08963e+01   3.15857e+00   4.30833e+02
          2436   4.37327e+02   2.43600e+03   7.09128e+01   3.14415e+00   4.31000e+02
          2437   4.37502e+02   2.43700e+03   7.09233e+01   3.12976e+00   4.31167e+02
          2438   4.37663e+02   2.43800e+03   7.09351e+01   3.11534e+00   4.31333e+02
          2439   4.37832e+02   2.43900e+03   7.09476e+01   3.10091e+00   4.31500e+02
          2440   4.37995e+02   2.44000e+03   7.09624e+01   3.08636e+00   4.31667e+02
          2441   4.38158e+02   2.44100e+03   7.09754e+01   3.07182e+00   4.31833e+02
          2442   4.38326e+02   2.44200e+03   7.09883e+01   3.05722e+00   4.32000e+02
          2443   4.38493e+02   2.44300e+03   7.10016e+01   3.04259e+00   4.32167e+02
          2444   4.38659e+02   2.44400e+03   7.10221e+01   3.02778e+00   4.32333e+02
          2445   4.38823e+02   2.44500e+03   7.10381e+01   3.01297e+00   4.32500e+02
          2446   4.38999e+02   2.44600e+03   7.10540e+01   2.99812e+00   4.32667e+02
          2447   4.39166e+02   2.44700e+03   7.10720e+01   2.98323e+00   4.32833e+02
          2448   4.39331e+02   2.44800e+03   7.10925e+01   2.96814e+00   4.33000e+02
          2449   4.39494e+02   2.44900e+03   7.11120e+01   2.95309e+00   4.33167e+02
          2450   4.39660e+02   2.45000e+03   7.11318e+01   2.93802e+00   4.33333e+02
          2451   4.39825e+02   2.45100e+03   7.11526e+01   2.92295e+00   4.33500e+02
          2452   4.39992e+02   2.45200e+03   7.11699e+01   2.90771e+00   4.33667e+02
          2453   4.40160e+02   2.45300e+03   7.11891e+01   2.89249e+00   4.33833e+02
          2454   4.40327e+02   2.45400e+03   7.12096e+01   2.87724e+00   4.34000e+02
          2455   4.40495e+02   2.45500e+03   7.12304e+01   2.86196e+00   4.34167e+02
          2456   4.40665e+02   2.45600e+03   7.12591e+01   2.84656e+00   4.34333e+02
          2457   4.40826e+02   2.45700e+03   7.12849e+01   2.83118e+00   4.34500e+02
          2458   4.40997e+02   2.45800e+03   7.13098e+01   2.81578e+00   4.34667e+02
          2459   4.41165e+02   2.45900e+03   7.13343e+01   2.80038e+00   4.34833e+02
          2460   4.41330e+02   2.46000e+03   7.13568e+01   2.78492e+00   4.35000e+02
          2461   4.41491e+02   2.46100e+03   7.13812e+01   2.76949e+00   4.35167e+02
          2462   4.41667e+02   2.46200e+03   7.14086e+01   2.75409e+00   4.35333e+02
          2463   4.41826e+02   2.46300e+03   7.14376e+01   2.73870e+00   4.35500e+02
          2464   4.41999e+02   2.46400e+03   7.14749e+01   2.72332e+00   4.35667e+02
          2465   4.42170e+02   2.46500e+03   7.15075e+01   2.70791e+00   4.35833e+02
          2466   4.42333e+02   2.46600e+03   7.15389e+01   2.69248e+00   4.36000e+02
          2467   4.42506e+02   2.46700e+03   7.15708e+01   2.67705e+00   4.36167e+02
          2468   4.42668e+02   2.46800e+03   7.16044e+01   2.66158e+00   4.36333e+02
          2469   4.42829e+02   2.46900e+03   7.16364e+01   2.64610e+00   4.36500e+02
          2470   4.43008e+02   2.47000e+03   7.16687e+01   2.63062e+00   4.36667e+02
          2471   4.43179e+02   2.47100e+03   7.17009e+01   2.61513e+00   4.36833e+02
          2472   4.43351e+02   2.47200e+03   7.17358e+01   2.59956e+00   4.37000e+02
          2473   4.43517e+02   2.47300e+03   7.17666e+01   2.58401e+00   4.37167e+02
          2474   4.43682e+02   2.47400e+03   7.17983e+01   2.56846e+00   4.37333e+02
          2475   4.43849e+02   2.47500e+03   7.18307e+01   2.55290e+00   4.37500e+02
          2476   4.44017e+02   2.47600e+03   7.18595e+01   2.53727e+00   4.37667e+02
          2477   4.44185e+02   2.47700e+03   7.18924e+01   2.52162e+00   4.37833e+02
          2478   4.44352e+02   2.47800e+03   7.19245e+01   2.50594e+00   4.38000e+02
          2479   4.44521e+02   2.47900e+03   7.19559e+01   2.49025e+00   4.38167e+02
          2480   4.44681e+02   2.48000e+03   7.19875e+01   2.47448e+00   4.38333e+02
          2481   4.44845e+02   2.48100e+03   7.20208e+01   2.45874e+00   4.38500e+02
          2482   4.45019e+02   2.48200e+03   7.20566e+01   2.44299e+00   4.38667e+02
          2483   4.45190e+02   2.48300e+03   7.20956e+01   2.42724e+00   4.38833e+02
          2484   4.45362e+02   2.48400e+03   7.21405e+01   2.41144e+00   4.39000e+02
          2485   4.45528e+02   2.48500e+03   7.21794e+01   2.39564e+00   4.39167e+02
          2486   4.45696e+02   2.48600e+03   7.22178e+01   2.37985e+00   4.39333e+02
          2487   4.45854e+02   2.48700e+03   7.22565e+01   2.36405e+00   4.39500e+02
          2488   4.46032e+02   2.48800e+03   7.23002e+01   2.34822e+00   4.39667e+02
          2489   4.46200e+02   2.48900e+03   7.23443e+01   2.33240e+00   4.39833e+02
          2490   4.46367e+02   2.49000e+03   7.23894e+01   2.31660e+00   4.40000e+02
          2491   4.46546e+02   2.49100e+03   7.24353e+01   2.30081e+00   4.40167e+02
          2492   4.46713e+02   2.49200e+03   7.24856e+01   2.28506e+00   4.40333e+02
          2493   4.46874e+02   2.49300e+03   7.25312e+01   2.26933e+00   4.40500e+02
          2494   4.47044e+02   2.49400e+03   7.25756e+01   2.25364e+00   4.40667e+02
          2495   4.47213e+02   2.49500e+03   7.26191e+01   2.23798e+00   4.40833e+02
          2496   4.47384e+02   2.49600e+03   7.26677e+01   2.22253e+00   4.41000e+02
          2497   4.47556e+02   2.49700e+03   7.27138e+01   2.20711e+00   4.41167e+02
          2498   4.47728e+02   2.49800e+03   7.27597e+01   2.19175e+00   4.41333e+02
          2499   4.47900e+02   2.49900e+03   7.28058e+01   2.17643e+00   4.41500e+02
          2500   4.48061e+02   2.50000e+03   7.28509e+01   2.16137e+00   4.41667e+02
          2501   4.48230e+02   2.50100e+03   7.28973e+01   2.14623e+00   4.41833e+02
          2502   4.48399e+02   2.50200e+03   7.29432e+01   2.13111e+00   4.42000e+02
          2503   4.48563e+02   2.50300e+03   7.29892e+01   2.11602e+00   4.42167e+02
          2504   4.48736e+02   2.50400e+03   7.30359e+01   2.10108e+00   4.42333e+02
          2505   4.48907e+02   2.50500e+03   7.30833e+01   2.08611e+00   4.42500e+02
          2506   4.49076e+02   2.50600e+03   7.31317e+01   2.07116e+00   4.42667e+02
          2507   4.49244e+02   2.50700e+03   7.31815e+01   2.05623e+00   4.42833e+02
          2508   4.49416e+02   2.50800e+03   7.32357e+01   2.04145e+00   4.43000e+02
          2509   4.49592e+02   2.50900e+03   7.32899e+01   2.02663e+00   4.43167e+02
          2510   4.49749e+02   2.51000e+03   7.33440e+01   2.01184e+00   4.43333e+02
          2511   4.49922e+02   2.51100e+03   7.33973e+01   1.99707e+00   4.43500e+02
          2512   4.50094e+02   2.51200e+03   7.34533e+01   1.98240e+00   4.43667e+02
          2513   4.50262e+02   2.51300e+03   7.35068e+01   1.96773e+00   4.43833e+02
          2514   4.50431e+02   2.51400e+03   7.35617e+01   1.95311e+00   4.44000e+02
          2515   4.50603e+02   2.51500e+03   7.36182e+01   1.93853e+00   4.44167e+02
          2516   4.50780e+02   2.51600e+03   7.36783e+01   1.92413e+00   4.44333e+02
          2517   4.50944e+02   2.51700e+03   7.37336e+01   1.90973e+00   4.44500e+02
          2518   4.51120e+02   2.51800e+03   7.37872e+01   1.89538e+00   4.44667e+02
          2519   4.51284e+02   2.51900e+03   7.38394e+01   1.88107e+00   4.44833e+02
          2520   4.51457e+02   2.52000e+03   7.38877e+01   1.86700e+00   4.45000e+02
          2521   4.51621e+02   2.52100e+03   7.39387e+01   1.85290e+00   4.45167e+02
          2522   4.51791e+02   2.52200e+03   7.39910e+01   1.83885e+00   4.45333e+02
          2523   4.51966e+02   2.52300e+03   7.40446e+01   1.82485e+00   4.45500e+02
          2524   4.52132e+02   2.52400e+03   7.40963e+01   1.81109e+00   4.45667e+02
          2525   4.52298e+02   2.52500e+03   7.41471e+01   1.79731e+00   4.45833e+02
          2526   4.52472e+02   2.52600e+03   7.42000e+01   1.78358e+00   4.46000e+02
          2527   4.52641e+02   2.52700e+03   7.42554e+01   1.76991e+00   4.46167e+02
          2528   4.52805e+02   2.52800e+03   7.43057e+01   1.75650e+00   4.46333e+02
          2529   4.52978e+02   2.52900e+03   7.43595e+01   1.74305e+00   4.46500e+02
          2530   4.53145e+02   2.53000e+03   7.44139e+01   1.72965e+00   4.46667e+02
          2531   4.53319e+02   2.53100e+03   7.44676e+01   1.71631e+00   4.46833e+02
          2532   4.53491e+02   2.53200e+03   7.45263e+01   1.70323e+00   4.47000e+02
          2533   4.53658e+02   2.53300e+03   7.45814e+01   1.69012e+00   4.47167e+02
          2534   4.53824e+02   2.53400e+03   7.46358e+01   1.67707e+00   4.47333e+02
          2535   4.53998e+02   2.53500e+03   7.46901e+01   1.66406e+00   4.47500e+02
          2536   4.54173e+02   2.53600e+03   7.47450e+01   1.65134e+00   4.47667e+02
          2537   4.54333e+02   2.53700e+03   7.47987e+01   1.63858e+00   4.47833e+02
          2538   4.54511e+02   2.53800e+03   7.48529e+01   1.62588e+00   4.48000e+02
          2539   4.54676e+02   2.53900e+03   7.49062e+01   1.61323e+00   4.48167e+02
          2540   4.54844e+02   2.54000e+03   7.49552e+01   1.60086e+00   4.48333e+02
          2541   4.55013e+02   2.54100e+03   7.50068e+01   1.58846e+00   4.48500e+02
          2542   4.55183e+02   2.54200e+03   7.50591e+01   1.57612e+00   4.48667e+02
          2543   4.55353e+02   2.54300e+03   7.51135e+01   1.56384e+00   4.48833e+02
          2544   4.55521e+02   2.54400e+03   7.51669e+01   1.55186e+00   4.49000e+02
          2545   4.55692e+02   2.54500e+03   7.52222e+01   1.53984e+00   4.49167e+02
          2546   4.55864e+02   2.54600e+03   7.52775e+01   1.52789e+00   4.49333e+02
          2547   4.56034e+02   2.54700e+03   7.53319e+01   1.51601e+00   4.49500e+02
          2548   4.56199e+02   2.54800e+03   7.53874e+01   1.50446e+00   4.49667e+02
          2549   4.56370e+02   2.54900e+03   7.54444e+01   1.49287e+00   4.49833e+02
          2550   4.56535e+02   2.55000e+03   7.55032e+01   1.48135e+00   4.50000e+02
          2551   4.56714e+02   2.55100e+03   7.55625e+01   1.46988e+00   4.50167e+02
          2552   4.56880e+02   2.55200e+03   7.56294e+01   1.45875e+00   4.50333e+02
          2553   4.57052e+02   2.55300e+03   7.56912e+01   1.44759e+00   4.50500e+02
          2554   4.57227e+02   2.55400e+03   7.57518e+01   1.43651e+00   4.50667e+02
          2555   4.57390e+02   2.55500e+03   7.58123e+01   1.42551e+00   4.50833e+02
          2556   4.57557e+02   2.55600e+03   7.58719e+01   1.41486e+00   4.51000e+02
          2557   4.57731e+02   2.55700e+03   7.59312e+01   1.40418e+00   4.51167e+02
          2558   4.57906e+02   2.55800e+03   7.59915e+01   1.39360e+00   4.51333e+02
          2559   4.58075e+02   2.55900e+03   7.60521e+01   1.38310e+00   4.51500e+02
          2560   4.58249e+02   2.56000e+03   7.61181e+01   1.37302e+00   4.51667e+02
          2561   4.58417e+02   2.56100e+03   7.61817e+01   1.36289e+00   4.51833e+02
          2562   4.58585e+02   2.56200e+03   7.62437e+01   1.35285e+00   4.52000e+02
          2563   4.58752e+02   2.56300e+03   7.63043e+01   1.34288e+00   4.52167e+02
          2564   4.58923e+02   2.56400e+03   7.63630e+01   1.33333e+00   4.52333e+02
          2565   4.59088e+02   2.56500e+03   7.64258e+01   1.32372e+00   4.52500e+02
          2566   4.59264e+02   2.56600e+03   7.64894e+01   1.31418e+00   4.52667e+02
          2567   4.59432e+02   2.56700e+03   7.65533e+01   1.30472e+00   4.52833e+02
          2568   4.59606e+02   2.56800e+03   7.66237e+01   1.29566e+00   4.53000e+02
          2569   4.59777e+02   2.56900e+03   7.66924e+01   1.28654e+00   4.53167e+02
          2570   4.59948e+02   2.57000e+03   7.67602e+01   1.27749e+00   4.53333e+02
          2571   4.60116e+02   2.57100e+03   7.68277e+01   1.26852e+00   4.53500e+02
          2572   4.60286e+02   2.57200e+03   7.68964e+01   1.25994e+00   4.53667e+02
          2573   4.60462e+02   2.57300e+03   7.69645e+01   1.25130e+00   4.53833e+02
          2574   4.60628e+02   2.57400e+03   7.70334e+01   1.24274e+00   4.54000e+02
          2575   4.60801e+02   2.57500e+03   7.71025e+01   1.23425e+00   4.54167e+02
          2576   4.60970e+02   2.57600e+03   7.71736e+01   1.22614e+00   4.54333e+02
          2577   4.61144e+02   2.57700e+03   7.72403e+01   1.21796e+00   4.54500e+02
          2578   4.61313e+02   2.57800e+03   7.73053e+01   1.20985e+00   4.54667e+02
          2579   4.61486e+02   2.57900e+03   7.73717e+01   1.20182e+00   4.54833e+02
          2580   4.61656e+02   2.58000e+03   7.74431e+01   1.19415e+00   4.55000e+02
          2581   4.61822e+02   2.58100e+03   7.75155e+01   1.18643e+00   4.55167e+02
          2582   4.61997e+02   2.58200e+03   7.75878e+01   1.17879e+00   4.55333e+02
          2583   4.62166e+02   2.58300e+03   7.76599e+01   1.17121e+00   4.55500e+02
          2584   4.62335e+02   2.58400e+03   7.77319e+01   1.16401e+00   4.55667e+02
          2585   4.62503e+02   2.58500e+03   7.78034e+01   1.15677e+00   4.55833e+02
          2586   4.62668e+02   2.58600e+03   7.78721e+01   1.14960e+00   4.56000e+02
          2587   4.62840e+02   2.58700e+03   7.79399e+01   1.14251e+00   4.56167e+02
          2588   4.63023e+02   2.58800e+03   7.80161e+01   1.13579e+00   4.56333e+02
          2589   4.63200e+02   2.58900e+03   7.80872e+01   1.12901e+00   4.56500e+02
          2590   4.63365e+02   2.59000e+03   7.81581e+01   1.12229e+00   4.56667e+02
          2591   4.63535e+02   2.59100e+03   7.82298e+01   1.11565e+00   4.56833e+02
          2592   4.63709e+02   2.59200e+03   7.82931e+01   1.10936e+00   4.57000e+02
          2593   4.63883e+02   2.59300e+03   7.83600e+01   1.10304e+00   4.57167e+02
          2594   4.64045e+02   2.59400e+03   7.84300e+01   1.09680e+00   4.57333e+02
          2595   4.64214e+02   2.59500e+03   7.84994e+01   1.09064e+00   4.57500e+02
          2596   4.64383e+02   2.59600e+03   7.85608e+01   1.08485e+00   4.57667e+02
          2597   4.64555e+02   2.59700e+03   7.86275e+01   1.07899e+00   4.57833e+02
          2598   4.64722e+02   2.59800e+03   7.86973e+01   1.07319e+00   4.58000e+02
          2599   4.64901e+02   2.59900e+03   7.87694e+01   1.06746e+00   4.58167e+02
          2600   4.65073e+02   2.60000e+03   7.88428e+01   1.06207e+00   4.58333e+02
          2601   4.65231e+02   2.60100e+03   7.89111e+01   1.05664e+00   4.58500e+02
          2602   4.65413e+02   2.60200e+03   7.89768e+01   1.05128e+00   4.58667e+02
          2603   4.65582e+02   2.60300e+03   7.90416e+01   1.04600e+00   4.58833e+02
          2604   4.65749e+02   2.60400e+03   7.91067e+01   1.04106e+00   4.59000e+02
          2605   4.65918e+02   2.60500e+03   7.91715e+01   1.03608e+00   4.59167e+02
          2606   4.66093e+02   2.60600e+03   7.92339e+01   1.03118e+00   4.59333e+02
          2607   4.66272e+02   2.60700e+03   7.92934e+01   1.02634e+00   4.59500e+02
          2608   4.66437e+02   2.60800e+03   7.93510e+01   1.02185e+00   4.59667e+02
          2609   4.66608e+02   2.60900e+03   7.94095e+01   1.01731e+00   4.59833e+02
          2610   4.66773e+02   2.61000e+03   7.94672e+01   1.01283e+00   4.60000e+02
          2611   4.66941e+02   2.61100e+03   7.95236e+01   1.00842e+00   4.60167e+02
          2612   4.67112e+02   2.61200e+03   7.95661e+01   1.00435e+00   4.60333e+02
          2613   4.67284e+02   2.61300e+03   7.96161e+01   1.00024e+00   4.60500e+02
          2614   4.67451e+02   2.61400e+03   7.96678e+01   9.96190e-01   4.60667e+02
          2615   4.67618e+02   2.61500e+03   7.97197e+01   9.92207e-01   4.60833e+02
          2616   4.67778e+02   2.61600e+03   7.97632e+01   9.88566e-01   4.61000e+02
          2617   4.67956e+02   2.61700e+03   7.98130e+01   9.84877e-01   4.61167e+02
          2618   4.68124e+02   2.61800e+03   7.98637e+01   9.81258e-01   4.61333e+02
          2619   4.68294e+02   2.61900e+03   7.99137e+01   9.77703e-01   4.61500e+02
          2620   4.68460e+02   2.62000e+03   7.99583e+01   9.74476e-01   4.61667e+02
          2621   4.68625e+02   2.62100e+03   8.00013e+01   9.71202e-01   4.61833e+02
          2622   4.68798e+02   2.62200e+03   8.00398e+01   9.67990e-01   4.62000e+02
          2623   4.68971e+02   2.62300e+03   8.00775e+01   9.64839e-01   4.62167e+02
          2624   4.69137e+02   2.62400e+03   8.01188e+01   9.62014e-01   4.62333e+02
          2625   4.69305e+02   2.62500e+03   8.01590e+01   9.59147e-01   4.62500e+02
          2626   4.69476e+02   2.62600e+03   8.01984e+01   9.56349e-01   4.62667e+02
          2627   4.69643e+02   2.62700e+03   8.02378e+01   9.53614e-01   4.62833e+02
          2628   4.69805e+02   2.62800e+03   8.02670e+01   9.51198e-01   4.63000e+02
          2629   4.69974e+02   2.62900e+03   8.03042e+01   9.48733e-01   4.63167e+02
          2630   4.70138e+02   2.63000e+03   8.03428e+01   9.46323e-01   4.63333e+02
          2631   4.70298e+02   2.63100e+03   8.03821e+01   9.43966e-01   4.63500e+02
          2632   4.70476e+02   2.63200e+03   8.04197e+01   9.41903e-01   4.63667e+02
          2633   4.70648e+02   2.63300e+03   8.04585e+01   9.39793e-01   4.63833e+02
          2634   4.70808e+02   2.63400e+03   8.04971e+01   9.37732e-01   4.64000e+02
          2635   4.70981e+02   2.63500e+03   8.05362e+01   9.35721e-01   4.64167e+02
          2636   4.71150e+02   2.63600e+03   8.05787e+01   9.33970e-01   4.64333e+02
          2637   4.71323e+02   2.63700e+03   8.06167e+01   9.32175e-01   4.64500e+02
          2638   4.71485e+02   2.63800e+03   8.06529e+01   9.30429e-01   4.64667e+02
          2639   4.71656e+02   2.63900e+03   8.06882e+01   9.28732e-01   4.64833e+02
          2640   4.71824e+02   2.64000e+03   8.07275e+01   9.27279e-01   4.65000e+02
          2641   4.71993e+02   2.64100e+03   8.07671e+01   9.25793e-01   4.65167e+02
          2642   4.72162e+02   2.64200e+03   8.08070e+01   9.24349e-01   4.65333e+02
          2643   4.72330e+02   2.64300e+03   8.08465e+01   9.22947e-01   4.65500e+02
          2644   4.72495e+02   2.64400e+03   8.08805e+01   9.21770e-01   4.65667e+02
          2645   4.72663e+02   2.64500e+03   8.09168e+01   9.20552e-01   4.65833e+02
          2646   4.72830e+02   2.64600e+03   8.09551e+01   9.19375e-01   4.66000e+02
          2647   4.72994e+02   2.64700e+03   8.09953e+01   9.18237e-01   4.66167e+02
          2648   4.73166e+02   2.64800e+03   8.10382e+01   9.17275e-01   4.66333e+02
          2649   4.73341e+02   2.64900e+03   8.10785e+01   9.16274e-01   4.66500e+02
          2650   4.73505e+02   2.65000e+03   8.11190e+01   9.15298e-01   4.66667e+02
          2651   4.73675e+02   2.65100e+03   8.11599e+01   9.14349e-01   4.66833e+02
          2652   4.73836e+02   2.65200e+03   8.11994e+01   9.13551e-01   4.67000e+02
          2653   4.74004e+02   2.65300e+03   8.12386e+01   9.12732e-01   4.67167e+02
          2654   4.74175e+02   2.65400e+03   8.12787e+01   9.11937e-01   4.67333e+02
          2655   4.74348e+02   2.65500e+03   8.13196e+01   9.11164e-01   4.67500e+02
          2656   4.74519e+02   2.65600e+03   8.13642e+01   9.10514e-01   4.67667e+02
          2657   4.74685e+02   2.65700e+03   8.14035e+01   9.09842e-01   4.67833e+02
          2658   4.74852e+02   2.65800e+03   8.14404e+01   9.09198e-01   4.68000e+02
          2659   4.75025e+02   2.65900e+03   8.14783e+01   9.08578e-01   4.68167e+02
          2660   4.75190e+02   2.66000e+03   8.15114e+01   9.08043e-01   4.68333e+02
          2661   4.75355e+02   2.66100e+03   8.15472e+01   9.07480e-01   4.68500e+02
          2662   4.75524e+02   2.66200e+03   8.15852e+01   9.06931e-01   4.68667e+02
          2663   4.75696e+02   2.66300e+03   8.16231e+01   9.06398e-01   4.68833e+02
          2664   4.75860e+02   2.66400e+03   8.16595e+01   9.05925e-01   4.69000e+02
          2665   4.76033e+02   2.66500e+03   8.16975e+01   9.05438e-01   4.69167e+02
          2666   4.76190e+02   2.66600e+03   8.17337e+01   9.04963e-01   4.69333e+02
          2667   4.76356e+02   2.66700e+03   8.17690e+01   9.04500e-01   4.69500e+02
          2668   4.76532e+02   2.66800e+03   8.18079e+01   9.04104e-01   4.69667e+02
          2669   4.76694e+02   2.66900e+03   8.18476e+01   9.03706e-01   4.69833e+02
          2670   4.76869e+02   2.67000e+03   8.18891e+01   9.03309e-01   4.70000e+02
          2671   4.77036e+02   2.67100e+03   8.19326e+01   9.02910e-01   4.70167e+02
          2672   4.77200e+02   2.67200e+03   8.19731e+01   9.02560e-01   4.70333e+02
          2673   4.77376e+02   2.67300e+03   8.20106e+01   9.02194e-01   4.70500e+02
          2674   4.77539e+02   2.67400e+03   8.20488e+01   9.01838e-01   4.70667e+02
          2675   4.77703e+02   2.67500e+03   8.20866e+01   9.01491e-01   4.70833e+02
          2676   4.77874e+02   2.67600e+03   8.21270e+01   9.01171e-01   4.71000e+02
          2677   4.78044e+02   2.67700e+03   8.21693e+01   9.00874e-01   4.71167e+02
          2678   4.78216e+02   2.67800e+03   8.22122e+01   9.00591e-01   4.71333e+02
          2679   4.78388e+02   2.67900e+03   8.22547e+01   9.00310e-01   4.71500e+02
          2680   4.78552e+02   2.68000e+03   8.22965e+01   9.00087e-01   4.71667e+02
          2681   4.78711e+02   2.68100e+03   8.23385e+01   8.99839e-01   4.71833e+02
          2682   4.78883e+02   2.68200e+03   8.23814e+01   8.99594e-01   4.72000e+02
          2683   4.79048e+02   2.68300e+03   8.24251e+01   8.99352e-01   4.72167e+02
          2684   4.79219e+02   2.68400e+03   8.24716e+01   8.99116e-01   4.72333e+02
          2685   4.79389e+02   2.68500e+03   8.25159e+01   8.98885e-01   4.72500e+02
          2686   4.79563e+02   2.68600e+03   8.25588e+01   8.98658e-01   4.72667e+02
          2687   4.79729e+02   2.68700e+03   8.26008e+01   8.98432e-01   4.72833e+02
          2688   4.79894e+02   2.68800e+03   8.26453e+01   8.98210e-01   4.73000e+02
          2689   4.80064e+02   2.68900e+03   8.26886e+01   8.97975e-01   4.73167e+02
          2690   4.80232e+02   2.69000e+03   8.27304e+01   8.97753e-01   4.73333e+02
          2691   4.80403e+02   2.69100e+03   8.27714e+01   8.97548e-01   4.73500e+02
          2692   4.80572e+02   2.69200e+03   8.28150e+01   8.97329e-01   4.73667e+02
          2693   4.80744e+02   2.69300e+03   8.28573e+01   8.97094e-01   4.73833e+02
          2694   4.80903e+02   2.69400e+03   8.28975e+01   8.96847e-01   4.74000e+02
          2695   4.81071e+02   2.69500e+03   8.29356e+01   8.96599e-01   4.74167e+02
          2696   4.81238e+02   2.69600e+03   8.29691e+01   8.96355e-01   4.74333e+02
          2697   4.81412e+02   2.69700e+03   8.30068e+01   8.96118e-01   4.74500e+02
          2698   4.81578e+02   2.69800e+03   8.30468e+01   8.95888e-01   4.74667e+02
          2699   4.81743e+02   2.69900e+03   8.30886e+01   8.95665e-01   4.74833e+02
          2700   4.81912e+02   2.70000e+03   8.31333e+01   8.95465e-01   4.75000e+02
          2701   4.82085e+02   2.70100e+03   8.31772e+01   8.95262e-01   4.75167e+02
          2702   4.82250e+02   2.70200e+03   8.32181e+01   8.95060e-01   4.75333e+02
          2703   4.82416e+02   2.70300e+03   8.32567e+01   8.94861e-01   4.75500e+02
          2704   4.82577e+02   2.70400e+03   8.32927e+01   8.94681e-01   4.75667e+02
          2705   4.82752e+02   2.70500e+03   8.33301e+01   8.94492e-01   4.75833e+02
          2706   4.82924e+02   2.70600e+03   8.33682e+01   8.94305e-01   4.76000e+02
          2707   4.83088e+02   2.70700e+03   8.34061e+01   8.94122e-01   4.76167e+02
          2708   4.83266e+02   2.70800e+03   8.34486e+01   8.93954e-01   4.76333e+02
          2709   4.83435e+02   2.70900e+03   8.34852e+01   8.93793e-01   4.76500e+02
          2710   4.83598e+02   2.71000e+03   8.35191e+01   8.93639e-01   4.76667e+02
          2711   4.83760e+02   2.71100e+03   8.35518e+01   8.93488e-01   4.76833e+02
          2712   4.83924e+02   2.71200e+03   8.35735e+01   8.93364e-01   4.77000e+02
          2713   4.84093e+02   2.71300e+03   8.36039e+01   8.93224e-01   4.77167e+02
          2714   4.84264e+02   2.71400e+03   8.36373e+01   8.93082e-01   4.77333e+02
          2715   4.84432e+02   2.71500e+03   8.36700e+01   8.92940e-01   4.77500e+02
          2716   4.84597e+02   2.71600e+03   8.36975e+01   8.92797e-01   4.77667e+02
          2717   4.84761e+02   2.71700e+03   8.37248e+01   8.92660e-01   4.77833e+02
          2718   4.84931e+02   2.71800e+03   8.37510e+01   8.92524e-01   4.78000e+02
          2719   4.85097e+02   2.71900e+03   8.37765e+01   8.92386e-01   4.78167e+02
          2720   4.85265e+02   2.72000e+03   8.38019e+01   8.92251e-01   4.78333e+02
          2721   4.85433e+02   2.72100e+03   8.38298e+01   8.92114e-01   4.78500e+02
          2722   4.85600e+02   2.72200e+03   8.38591e+01   8.91980e-01   4.78667e+02
          2723   4.85768e+02   2.72300e+03   8.38884e+01   8.91847e-01   4.78833e+02
          2724   4.85932e+02   2.72400e+03   8.39141e+01   8.91707e-01   4.79000e+02
          2725   4.86094e+02   2.72500e+03   8.39452e+01   8.91570e-01   4.79167e+02
          2726   4.86257e+02   2.72600e+03   8.39788e+01   8.91437e-01   4.79333e+02
          2727   4.86427e+02   2.72700e+03   8.40139e+01   8.91307e-01   4.79500e+02
          2728   4.86592e+02   2.72800e+03   8.40542e+01   8.91176e-01   4.79667e+02
          2729   4.86767e+02   2.72900e+03   8.40920e+01   8.91047e-01   4.79833e+02
          2730   4.86933e+02   2.73000e+03   8.41287e+01   8.90920e-01   4.80000e+02
          2731   4.87102e+02   2.73100e+03   8.41650e+01   8.90795e-01   4.80167e+02
          2732   4.87266e+02   2.73200e+03   8.42119e+01   8.90673e-01   4.80333e+02
          2733   4.87440e+02   2.73300e+03   8.42536e+01   8.90549e-01   4.80500e+02
          2734   4.87607e+02   2.73400e+03   8.42948e+01   8.90423e-01   4.80667e+02
          2735   4.87779e+02   2.73500e+03   8.43354e+01   8.90295e-01   4.80833e+02
          2736   4.87944e+02   2.73600e+03   8.43836e+01   8.90167e-01   4.81000e+02
          2737   4.88115e+02   2.73700e+03   8.44289e+01   8.90035e-01   4.81167e+02
          2738   4.88284e+02   2.73800e+03   8.44720e+01   8.89900e-01   4.81333e+02
          2739   4.88451e+02   2.73900e+03   8.45152e+01   8.89764e-01   4.81500e+02
          2740   4.88618e+02   2.74000e+03   8.45635e+01   8.89635e-01   4.81667e+02
          2741   4.88788e+02   2.74100e+03   8.46096e+01   8.89516e-01   4.81833e+02
          2742   4.88956e+02   2.74200e+03   8.46539e+01   8.89403e-01   4.82000e+02
          2743   4.89124e+02   2.74300e+03   8.46972e+01   8.89292e-01   4.82167e+02
          2744   4.89293e+02   2.74400e+03   8.47443e+01   8.89206e-01   4.82333e+02
          2745   4.89463e+02   2.74500e+03   8.47906e+01   8.89113e-01   4.82500e+02
          2746   4.89631e+02   2.74600e+03   8.48343e+01   8.89021e-01   4.82667e+02
          2747   4.89798e+02   2.74700e+03   8.48768e+01   8.88930e-01   4.82833e+02
          2748   4.89974e+02   2.74800e+03   8.49197e+01   8.88847e-01   4.83000e+02
          2749   4.90142e+02   2.74900e+03   8.49640e+01   8.88757e-01   4.83167e+02
          2750   4.90303e+02   2.75000e+03   8.50069e+01   8.88661e-01   4.83333e+02
          2751   4.90472e+02   2.75100e+03   8.50498e+01   8.88561e-01   4.83500e+02
          2752   4.90633e+02   2.75200e+03   8.50901e+01   8.88449e-01   4.83667e+02
          2753   4.90814e+02   2.75300e+03   8.51316e+01   8.88337e-01   4.83833e+02
          2754   4.90982e+02   2.75400e+03   8.51722e+01   8.88229e-01   4.84000e+02
          2755   4.91145e+02   2.75500e+03   8.52120e+01   8.88122e-01   4.84167e+02
          2756   4.91313e+02   2.75600e+03   8.52523e+01   8.88007e-01   4.84333e+02
          2757   4.91488e+02   2.75700e+03   8.52906e+01   8.87896e-01   4.84500e+02
          2758   4.91654e+02   2.75800e+03   8.53268e+01   8.87786e-01   4.84667e+02
          2759   4.91816e+02   2.75900e+03   8.53628e+01   8.87675e-01   4.84833e+02
          2760   4.91993e+02   2.76000e+03   8.53958e+01   8.87572e-01   4.85000e+02
          2761   4.92157e+02   2.76100e+03   8.54286e+01   8.87467e-01   4.85167e+02
          2762   4.92325e+02   2.76200e+03   8.54605e+01   8.87360e-01   4.85333e+02
          2763   4.92487e+02   2.76300e+03   8.54917e+01   8.87253e-01   4.85500e+02
          2764   4.92656e+02   2.76400e+03   8.55187e+01   8.87151e-01   4.85667e+02
          2765   4.92827e+02   2.76500e+03   8.55528e+01   8.87050e-01   4.85833e+02
          2766   4.92989e+02   2.76600e+03   8.55860e+01   8.86953e-01   4.86000e+02
          2767   4.93156e+02   2.76700e+03   8.56175e+01   8.86860e-01   4.86167e+02
          2768   4.93323e+02   2.76800e+03   8.56479e+01   8.86774e-01   4.86333e+02
          2769   4.93489e+02   2.76900e+03   8.56819e+01   8.86684e-01   4.86500e+02
          2770   4.93656e+02   2.77000e+03   8.57163e+01   8.86593e-01   4.86667e+02
          2771   4.93824e+02   2.77100e+03   8.57504e+01   8.86501e-01   4.86833e+02
          2772   4.93988e+02   2.77200e+03   8.57888e+01   8.86408e-01   4.87000e+02
          2773   4.94166e+02   2.77300e+03   8.58260e+01   8.86313e-01   4.87167e+02
          2774   4.94331e+02   2.77400e+03   8.58625e+01   8.86219e-01   4.87333e+02
          2775   4.94492e+02   2.77500e+03   8.58985e+01   8.86123e-01   4.87500e+02
          2776   4.94658e+02   2.77600e+03   8.59341e+01   8.86026e-01   4.87667e+02
          2777   4.94835e+02   2.77700e+03   8.59701e+01   8.85935e-01   4.87833e+02
          2778   4.95004e+02   2.77800e+03   8.60063e+01   8.85845e-01   4.88000e+02
          2779   4.95168e+02   2.77900e+03   8.60432e+01   8.85753e-01   4.88167e+02
          2780   4.95332e+02   2.78000e+03   8.60860e+01   8.85669e-01   4.88333e+02
          2781   4.95503e+02   2.78100e+03   8.61271e+01   8.85583e-01   4.88500e+02
          2782   4.95678e+02   2.78200e+03   8.61681e+01   8.85496e-01   4.88667e+02
          2783   4.95838e+02   2.78300e+03   8.62085e+01   8.85409e-01   4.88833e+02
          2784   4.96008e+02   2.78400e+03   8.62469e+01   8.85317e-01   4.89000e+02
          2785   4.96174e+02   2.78500e+03   8.62872e+01   8.85223e-01   4.89167e+02
          2786   4.96342e+02   2.78600e+03   8.63280e+01   8.85134e-01   4.89333e+02
          2787   4.96510e+02   2.78700e+03   8.63673e+01   8.85048e-01   4.89500e+02
          2788   4.96685e+02   2.78800e+03   8.64081e+01   8.84966e-01   4.89667e+02
          2789   4.96853e+02   2.78900e+03   8.64471e+01   8.84887e-01   4.89833e+02
          2790   4.97023e+02   2.79000e+03   8.64848e+01   8.84810e-01   4.90000e+02
          2791   4.97190e+02   2.79100e+03   8.65215e+01   8.84735e-01   4.90167e+02
          2792   4.97355e+02   2.79200e+03   8.65502e+01   8.84673e-01   4.90333e+02
          2793   4.97519e+02   2.79300e+03   8.65825e+01   8.84597e-01   4.90500e+02
          2794   4.97692e+02   2.79400e+03   8.66154e+01   8.84510e-01   4.90667e+02
          2795   4.97861e+02   2.79500e+03   8.66489e+01   8.84422e-01   4.90833e+02
          2796   4.98018e+02   2.79600e+03   8.66750e+01   8.84321e-01   4.91000e+02
          2797   4.98188e+02   2.79700e+03   8.67042e+01   8.84221e-01   4.91167e+02
          2798   4.98359e+02   2.79800e+03   8.67321e+01   8.84133e-01   4.91333e+02
          2799   4.98526e+02   2.79900e+03   8.67592e+01   8.84065e-01   4.91500e+02
          2800   4.98688e+02   2.80000e+03   8.67856e+01   8.84041e-01   4.91667e+02
          2801   4.98857e+02   2.80100e+03   8.68129e+01   8.84009e-01   4.91833e+02
          2802   4.99023e+02   2.80200e+03   8.68381e+01   8.83972e-01   4.92000e+02
          2803   4.99194e+02   2.80300e+03   8.68635e+01   8.83937e-01   4.92167e+02
          2804   4.99360e+02   2.80400e+03   8.68882e+01   8.83951e-01   4.92333e+02
          2805   4.99525e+02   2.80500e+03   8.69157e+01   8.83933e-01   4.92500e+02
          2806   4.99687e+02   2.80600e+03   8.69428e+01   8.83911e-01   4.92667e+02
          2807   4.99853e+02   2.80700e+03   8.69686e+01   8.83894e-01   4.92833e+02
          2808   5.00022e+02   2.80800e+03   8.69935e+01   8.83864e-01   4.93000e+02
          2809   5.00193e+02   2.80900e+03   8.70206e+01   8.83862e-01   4.93167e+02
          2810   5.00356e+02   2.81000e+03   8.70472e+01   8.83855e-01   4.93333e+02
          2811   5.00520e+02   2.81100e+03   8.70745e+01   8.83815e-01   4.93500e+02
          2812   5.00689e+02   2.81200e+03   8.71054e+01   8.83707e-01   4.93667e+02
          2813   5.00859e+02   2.81300e+03   8.71355e+01   8.83581e-01   4.93833e+02
          2814   5.01030e+02   2.81400e+03   8.71669e+01   8.83455e-01   4.94000e+02
          2815   5.01194e+02   2.81500e+03   8.71994e+01   8.83331e-01   4.94167e+02
          2816   5.01356e+02   2.81600e+03   8.72363e+01   8.83055e-01   4.94333e+02
          2817   5.01531e+02   2.81700e+03   8.72719e+01   8.82859e-01   4.94500e+02
          2818   5.01700e+02   2.81800e+03   8.73085e+01   8.82748e-01   4.94667e+02
          2819   5.01862e+02   2.81900e+03   8.73463e+01   8.82694e-01   4.94833e+02
          2820   5.02033e+02   2.82000e+03   8.73909e+01   8.82725e-01   4.95000e+02
          2821   5.02199e+02   2.82100e+03   8.74316e+01   8.82732e-01   4.95167e+02
          2822   5.02371e+02   2.82200e+03   8.74708e+01   8.82730e-01   4.95333e+02
          2823   5.02538e+02   2.82300e+03   8.75093e+01   8.82725e-01   4.95500e+02
          2824   5.02705e+02   2.82400e+03   8.75579e+01   8.82780e-01   4.95667e+02
          2825   5.02876e+02   2.82500e+03   8.76016e+01   8.82770e-01   4.95833e+02
          2826   5.03042e+02   2.82600e+03   8.76438e+01   8.82739e-01   4.96000e+02
          2827   5.03216e+02   2.82700e+03   8.76843e+01   8.82700e-01   4.96167e+02
          2828   5.03380e+02   2.82800e+03   8.77225e+01   8.82586e-01   4.96333e+02
          2829   5.03549e+02   2.82900e+03   8.77622e+01   8.82511e-01   4.96500e+02
          2830   5.03718e+02   2.83000e+03   8.78018e+01   8.82433e-01   4.96667e+02
          2831   5.03883e+02   2.83100e+03   8.78399e+01   8.82346e-01   4.96833e+02
          2832   5.04055e+02   2.83200e+03   8.78755e+01   8.82253e-01   4.97000e+02
          2833   5.04219e+02   2.83300e+03   8.79120e+01   8.82161e-01   4.97167e+02
          2834   5.04392e+02   2.83400e+03   8.79469e+01   8.82067e-01   4.97333e+02
          2835   5.04559e+02   2.83500e+03   8.79799e+01   8.81971e-01   4.97500e+02
          2836   5.04718e+02   2.83600e+03   8.80045e+01   8.81860e-01   4.97667e+02
          2837   5.04887e+02   2.83700e+03   8.80342e+01   8.81759e-01   4.97833e+02
          2838   5.05062e+02   2.83800e+03   8.80644e+01   8.81663e-01   4.98000e+02
          2839   5.05224e+02   2.83900e+03   8.80941e+01   8.81570e-01   4.98167e+02
          2840   5.05394e+02   2.84000e+03   8.81162e+01   8.81458e-01   4.98333e+02
          2841   5.05561e+02   2.84100e+03   8.81399e+01   8.81336e-01   4.98500e+02
          2842   5.05730e+02   2.84200e+03   8.81626e+01   8.81227e-01   4.98667e+02
          2843   5.05889e+02   2.84300e+03   8.81837e+01   8.81140e-01   4.98833e+02
          2844   5.06056e+02   2.84400e+03   8.82029e+01   8.81074e-01   4.99000e+02
          2845   5.06223e+02   2.84500e+03   8.82206e+01   8.81024e-01   4.99167e+02
          2846   5.06391e+02   2.84600e+03   8.82368e+01   8.80985e-01   4.99333e+02
          2847   5.06559e+02   2.84700e+03   8.82514e+01   8.80953e-01   4.99500e+02
          2848   5.06720e+02   2.84800e+03   8.82645e+01   8.80934e-01   4.99667e+02
          2849   5.06891e+02   2.84900e+03   8.82759e+01   8.80943e-01   4.99833e+02
          2850   5.07051e+02   2.85000e+03   8.82857e+01   8.80969e-01   5.00000e+02
LUB403, 17.09.2025 11:55:51
