         Index             t     Heat Flow            Ts            Tr
           [#]           [s]          [mW]          [°C]          [°C]
             0   0.00000e+00   1.44364e-01  -7.98204e+01  -8.00000e+01
             1   1.00000e+00   1.34545e-01  -7.98306e+01  -8.00000e+01
             2   2.00000e+00   1.25569e-01  -7.98400e+01  -8.00000e+01
             3   3.00000e+00   1.17686e-01  -7.98487e+01  -8.00000e+01
             4   4.00000e+00   1.11678e-01  -7.98568e+01  -8.00000e+01
             5   5.00000e+00   1.05902e-01  -7.98642e+01  -8.00000e+01
             6   6.00000e+00   1.00138e-01  -7.98711e+01  -8.00000e+01
             7   7.00000e+00   9.53001e-02  -7.98776e+01  -8.00000e+01
             8   8.00000e+00   9.01999e-02  -7.98837e+01  -8.00000e+01
             9   9.00000e+00   8.51151e-02  -7.98894e+01  -8.00000e+01
            10   1.00000e+01   8.07992e-02  -7.98947e+01  -8.00000e+01
            11   1.10000e+01   7.69836e-02  -7.98997e+01  -8.00000e+01
            12   1.20000e+01   7.34562e-02  -7.99044e+01  -8.00000e+01
            13   1.30000e+01   7.06182e-02  -7.99088e+01  -8.00000e+01
            14   1.40000e+01   6.72664e-02  -7.99129e+01  -8.00000e+01
            15   1.50000e+01   6.51376e-02  -7.99168e+01  -8.00000e+01
            16   1.60000e+01   6.27257e-02  -7.99206e+01  -8.00000e+01
            17   1.70000e+01   6.05635e-02  -7.99241e+01  -8.00000e+01
            18   1.80000e+01   5.83856e-02  -7.99274e+01  -8.00000e+01
            19   1.90000e+01   5.64117e-02  -7.99306e+01  -8.00000e+01
            20   2.00000e+01   5.46169e-02  -7.99336e+01  -8.00000e+01
            21   2.10000e+01   5.30845e-02  -7.99365e+01  -8.00000e+01
            22   2.20000e+01   5.16075e-02  -7.99393e+01  -8.00000e+01
            23   2.30000e+01   5.00851e-02  -7.99418e+01  -8.00000e+01
            24   2.40000e+01   4.86895e-02  -7.99443e+01  -8.00000e+01
            25   2.50000e+01   4.74278e-02  -7.99467e+01  -8.00000e+01
            26   2.60000e+01   4.64192e-02  -7.99489e+01  -8.00000e+01
            27   2.70000e+01   4.53518e-02  -7.99511e+01  -8.00000e+01
            28   2.80000e+01   4.43482e-02  -7.99532e+01  -8.00000e+01
            29   2.90000e+01   4.33662e-02  -7.99552e+01  -8.00000e+01
            30   3.00000e+01   4.23736e-02  -7.99570e+01  -8.00000e+01
            31   3.10000e+01   4.15436e-02  -7.99589e+01  -8.00000e+01
            32   3.20000e+01   4.06785e-02  -7.99606e+01  -8.00000e+01
            33   3.30000e+01   3.98760e-02  -7.99623e+01  -8.00000e+01
            34   3.40000e+01   3.90749e-02  -7.99639e+01  -8.00000e+01
            35   3.50000e+01   3.82516e-02  -7.99654e+01  -8.00000e+01
            36   3.60000e+01   3.76747e-02  -7.99669e+01  -8.00000e+01
            37   3.70000e+01   3.70420e-02  -7.99682e+01  -8.00000e+01
            38   3.80000e+01   3.64399e-02  -7.99696e+01  -8.00000e+01
            39   3.90000e+01   3.60265e-02  -7.99709e+01  -8.00000e+01
            40   4.00000e+01   3.54644e-02  -7.99721e+01  -8.00000e+01
            41   4.10000e+01   3.50143e-02  -7.99733e+01  -8.00000e+01
            42   4.20000e+01   3.44884e-02  -7.99744e+01  -8.00000e+01
            43   4.30000e+01   3.39955e-02  -7.99755e+01  -8.00000e+01
            44   4.40000e+01   3.35824e-02  -7.99765e+01  -8.00000e+01
            45   4.50000e+01   3.31556e-02  -7.99776e+01  -8.00000e+01
            46   4.60000e+01   3.26174e-02  -7.99785e+01  -8.00000e+01
            47   4.70000e+01   3.23123e-02  -7.99795e+01  -8.00000e+01
            48   4.80000e+01   3.18245e-02  -7.99803e+01  -8.00000e+01
            49   4.90000e+01   3.14041e-02  -7.99812e+01  -8.00000e+01
            50   5.00000e+01   3.10981e-02  -7.99820e+01  -8.00000e+01
            51   5.10000e+01   3.07015e-02  -7.99827e+01  -8.00000e+01
            52   5.20000e+01   3.03301e-02  -7.99835e+01  -8.00000e+01
            53   5.30000e+01   2.99588e-02  -7.99842e+01  -8.00000e+01
            54   5.40000e+01   2.95531e-02  -7.99849e+01  -8.00000e+01
            55   5.50000e+01   2.93194e-02  -7.99856e+01  -8.00000e+01
            56   5.60000e+01   2.87903e-02  -7.99862e+01  -8.00000e+01
            57   5.70000e+01   2.83837e-02  -7.99868e+01  -8.00000e+01
            58   5.80000e+01   2.79683e-02  -7.99874e+01  -8.00000e+01
            59   5.90000e+01   2.76479e-02  -7.99879e+01  -8.00000e+01
            60   6.00000e+01   2.74353e-02  -7.99885e+01  -8.00000e+01
            61   6.10000e+01   2.71709e-02  -7.99890e+01  -8.00000e+01
            62   6.20000e+01   2.68745e-02  -7.99894e+01  -8.00000e+01
            63   6.30000e+01   2.67084e-02  -7.99899e+01  -8.00000e+01
            64   6.40000e+01   2.64411e-02  -7.99903e+01  -8.00000e+01
            65   6.50000e+01   2.62993e-02  -7.99907e+01  -8.00000e+01
            66   6.60000e+01   2.61001e-02  -7.99911e+01  -8.00000e+01
            67   6.70000e+01   2.58552e-02  -7.99915e+01  -8.00000e+01
            68   6.80000e+01   2.56114e-02  -7.99919e+01  -8.00000e+01
            69   6.90000e+01   2.54237e-02  -7.99922e+01  -8.00000e+01
            70   7.00000e+01   2.52645e-02  -7.99926e+01  -8.00000e+01
            71   7.10000e+01   2.52658e-02  -7.99929e+01  -8.00000e+01
            72   7.20000e+01   2.51814e-02  -7.99932e+01  -8.00000e+01
            73   7.30000e+01   2.50328e-02  -7.99935e+01  -8.00000e+01
            74   7.40000e+01   2.49198e-02  -7.99937e+01  -8.00000e+01
            75   7.50000e+01   2.48058e-02  -7.99939e+01  -8.00000e+01
            76   7.60000e+01   2.47106e-02  -7.99942e+01  -8.00000e+01
            77   7.70000e+01   2.45621e-02  -7.99945e+01  -8.00000e+01
            78   7.80000e+01   2.42988e-02  -7.99947e+01  -8.00000e+01
            79   7.90000e+01   2.41721e-02  -7.99949e+01  -8.00000e+01
            80   8.00000e+01   2.39129e-02  -7.99951e+01  -8.00000e+01
            81   8.10000e+01   2.36505e-02  -7.99953e+01  -8.00000e+01
            82   8.20000e+01   2.36309e-02  -7.99955e+01  -8.00000e+01
            83   8.30000e+01   2.35394e-02  -7.99956e+01  -8.00000e+01
            84   8.40000e+01   2.33800e-02  -7.99958e+01  -8.00000e+01
            85   8.50000e+01   2.33011e-02  -7.99959e+01  -8.00000e+01
            86   8.60000e+01   2.31973e-02  -7.99961e+01  -8.00000e+01
            87   8.70000e+01   2.30802e-02  -7.99962e+01  -8.00000e+01
            88   8.80000e+01   2.29239e-02  -7.99963e+01  -8.00000e+01
            89   8.90000e+01   2.28242e-02  -7.99965e+01  -8.00000e+01
            90   9.00000e+01   2.27095e-02  -7.99966e+01  -8.00000e+01
            91   9.10000e+01   2.25506e-02  -7.99967e+01  -8.00000e+01
            92   9.20000e+01   2.25564e-02  -7.99968e+01  -8.00000e+01
            93   9.30000e+01   2.25901e-02  -7.99968e+01  -8.00000e+01
            94   9.40000e+01   2.26020e-02  -7.99969e+01  -8.00000e+01
            95   9.50000e+01   2.25748e-02  -7.99970e+01  -8.00000e+01
            96   9.60000e+01   2.25737e-02  -7.99971e+01  -8.00000e+01
            97   9.70000e+01   2.26233e-02  -7.99971e+01  -8.00000e+01
            98   9.80000e+01   2.25374e-02  -7.99972e+01  -8.00000e+01
            99   9.90000e+01   2.26571e-02  -7.99973e+01  -8.00000e+01
           100   1.00000e+02   2.27699e-02  -7.99974e+01  -8.00000e+01
           101   1.01000e+02   2.26145e-02  -7.99974e+01  -8.00000e+01
           102   1.02000e+02   2.26332e-02  -7.99974e+01  -8.00000e+01
           103   1.03000e+02   2.25657e-02  -7.99974e+01  -8.00000e+01
           104   1.04000e+02   2.25121e-02  -7.99975e+01  -8.00000e+01
           105   1.05000e+02   2.23704e-02  -7.99976e+01  -8.00000e+01
           106   1.06000e+02   2.22856e-02  -7.99975e+01  -8.00000e+01
           107   1.07000e+02   2.22293e-02  -7.99976e+01  -8.00000e+01
           108   1.08000e+02   2.19637e-02  -7.99976e+01  -8.00000e+01
           109   1.09000e+02   2.16062e-02  -7.99977e+01  -8.00000e+01
           110   1.10000e+02   2.15670e-02  -7.99976e+01  -8.00000e+01
           111   1.11000e+02   2.14232e-02  -7.99977e+01  -8.00000e+01
           112   1.12000e+02   2.13800e-02  -7.99977e+01  -8.00000e+01
           113   1.13000e+02   2.12215e-02  -7.99977e+01  -8.00000e+01
           114   1.14000e+02   2.12767e-02  -7.99977e+01  -8.00000e+01
           115   1.15000e+02   2.11427e-02  -7.99977e+01  -8.00000e+01
           116   1.16000e+02   2.11222e-02  -7.99977e+01  -8.00000e+01
           117   1.17000e+02   2.11635e-02  -7.99977e+01  -8.00000e+01
           118   1.18000e+02   2.11978e-02  -7.99977e+01  -8.00000e+01
           119   1.19000e+02   2.11745e-02  -7.99977e+01  -8.00000e+01
           120   1.20000e+02   2.12010e-02  -7.99977e+01  -8.00000e+01
           121   1.21000e+02   2.12928e-02  -7.99977e+01  -8.00000e+01
           122   1.22000e+02   2.14267e-02  -7.99977e+01  -8.00000e+01
           123   1.23000e+02   2.15638e-02  -7.99976e+01  -8.00000e+01
           124   1.24000e+02   2.15437e-02  -7.99976e+01  -8.00000e+01
           125   1.25000e+02   2.14632e-02  -7.99976e+01  -8.00000e+01
           126   1.26000e+02   2.14181e-02  -7.99976e+01  -8.00000e+01
           127   1.27000e+02   2.14627e-02  -7.99975e+01  -8.00000e+01
           128   1.28000e+02   2.14368e-02  -7.99976e+01  -8.00000e+01
           129   1.29000e+02   2.12487e-02  -7.99976e+01  -8.00000e+01
           130   1.30000e+02   2.11052e-02  -7.99975e+01  -8.00000e+01
           131   1.31000e+02   2.09215e-02  -7.99975e+01  -8.00000e+01
           132   1.32000e+02   2.06839e-02  -7.99975e+01  -8.00000e+01
           133   1.33000e+02   2.06029e-02  -7.99975e+01  -8.00000e+01
           134   1.34000e+02   2.06664e-02  -7.99974e+01  -8.00000e+01
           135   1.35000e+02   2.05658e-02  -7.99974e+01  -8.00000e+01
           136   1.36000e+02   2.06119e-02  -7.99974e+01  -8.00000e+01
           137   1.37000e+02   2.06371e-02  -7.99974e+01  -8.00000e+01
           138   1.38000e+02   2.07097e-02  -7.99973e+01  -8.00000e+01
           139   1.39000e+02   2.06795e-02  -7.99973e+01  -8.00000e+01
           140   1.40000e+02   2.06986e-02  -7.99972e+01  -8.00000e+01
           141   1.41000e+02   2.08217e-02  -7.99972e+01  -8.00000e+01
           142   1.42000e+02   2.09227e-02  -7.99972e+01  -8.00000e+01
           143   1.43000e+02   2.09401e-02  -7.99972e+01  -8.00000e+01
           144   1.44000e+02   2.09427e-02  -7.99972e+01  -8.00000e+01
           145   1.45000e+02   2.08588e-02  -7.99971e+01  -8.00000e+01
           146   1.46000e+02   2.08125e-02  -7.99971e+01  -8.00000e+01
           147   1.47000e+02   2.07357e-02  -7.99971e+01  -8.00000e+01
           148   1.48000e+02   2.06563e-02  -7.99971e+01  -8.00000e+01
           149   1.49000e+02   2.05602e-02  -7.99970e+01  -8.00000e+01
           150   1.50000e+02   2.05473e-02  -7.99970e+01  -8.00000e+01
           151   1.51000e+02   2.04042e-02  -7.99970e+01  -8.00000e+01
           152   1.52000e+02   2.02774e-02  -7.99969e+01  -8.00000e+01
           153   1.53000e+02   2.04215e-02  -7.99969e+01  -8.00000e+01
           154   1.54000e+02   2.04844e-02  -7.99969e+01  -8.00000e+01
           155   1.55000e+02   2.04436e-02  -7.99969e+01  -8.00000e+01
           156   1.56000e+02   2.03284e-02  -7.99968e+01  -8.00000e+01
           157   1.57000e+02   2.01231e-02  -7.99967e+01  -8.00000e+01
           158   1.58000e+02   2.01201e-02  -7.99967e+01  -8.00000e+01
           159   1.59000e+02   2.00229e-02  -7.99967e+01  -8.00000e+01
           160   1.60000e+02   2.01509e-02  -7.99967e+01  -8.00000e+01
           161   1.61000e+02   2.03207e-02  -7.99967e+01  -8.00000e+01
           162   1.62000e+02   2.02492e-02  -7.99967e+01  -8.00000e+01
           163   1.63000e+02   2.00982e-02  -7.99966e+01  -8.00000e+01
           164   1.64000e+02   2.01575e-02  -7.99966e+01  -8.00000e+01
           165   1.65000e+02   2.03460e-02  -7.99965e+01  -8.00000e+01
           166   1.66000e+02   2.04891e-02  -7.99965e+01  -8.00000e+01
           167   1.67000e+02   2.05514e-02  -7.99965e+01  -8.00000e+01
           168   1.68000e+02   2.04140e-02  -7.99964e+01  -8.00000e+01
           169   1.69000e+02   2.03486e-02  -7.99964e+01  -8.00000e+01
           170   1.70000e+02   2.02040e-02  -7.99964e+01  -8.00000e+01
           171   1.71000e+02   2.02037e-02  -7.99964e+01  -8.00000e+01
           172   1.72000e+02   2.02589e-02  -7.99964e+01  -8.00000e+01
           173   1.73000e+02   2.02469e-02  -7.99963e+01  -8.00000e+01
           174   1.74000e+02   2.01430e-02  -7.99963e+01  -8.00000e+01
           175   1.75000e+02   2.01998e-02  -7.99962e+01  -8.00000e+01
           176   1.76000e+02   2.01988e-02  -7.99962e+01  -8.00000e+01
           177   1.77000e+02   2.03322e-02  -7.99962e+01  -8.00000e+01
           178   1.78000e+02   2.03515e-02  -7.99962e+01  -8.00000e+01
           179   1.79000e+02   2.03746e-02  -7.99962e+01  -8.00000e+01
           180   1.80000e+02   2.02269e-02  -7.99962e+01  -8.00000e+01
           181   1.81000e+02   2.01329e-02  -7.99961e+01  -8.00000e+01
           182   1.82000e+02   2.01029e-02  -7.99961e+01  -8.00000e+01
           183   1.83000e+02   2.00956e-02  -7.99961e+01  -8.00000e+01
           184   1.84000e+02   2.01326e-02  -7.99961e+01  -8.00000e+01
           185   1.85000e+02   2.00165e-02  -7.99961e+01  -8.00000e+01
           186   1.86000e+02   1.98943e-02  -7.99960e+01  -8.00000e+01
           187   1.87000e+02   1.98283e-02  -7.99960e+01  -8.00000e+01
           188   1.88000e+02   1.97609e-02  -7.99960e+01  -8.00000e+01
           189   1.89000e+02   1.98411e-02  -7.99960e+01  -8.00000e+01
           190   1.90000e+02   1.99345e-02  -7.99960e+01  -8.00000e+01
           191   1.91000e+02   1.97329e-02  -7.99959e+01  -8.00000e+01
           192   1.92000e+02   1.96948e-02  -7.99959e+01  -8.00000e+01
           193   1.93000e+02   1.95779e-02  -7.99959e+01  -8.00000e+01
           194   1.94000e+02   1.96453e-02  -7.99959e+01  -8.00000e+01
           195   1.95000e+02   1.97344e-02  -7.99959e+01  -8.00000e+01
           196   1.96000e+02   1.97373e-02  -7.99959e+01  -8.00000e+01
           197   1.97000e+02   1.97578e-02  -7.99959e+01  -8.00000e+01
           198   1.98000e+02   1.96798e-02  -7.99958e+01  -8.00000e+01
           199   1.99000e+02   1.96281e-02  -7.99958e+01  -8.00000e+01
           200   2.00000e+02   1.97390e-02  -7.99958e+01  -8.00000e+01
           201   2.01000e+02   1.96907e-02  -7.99958e+01  -8.00000e+01
           202   2.02000e+02   1.96587e-02  -7.99958e+01  -8.00000e+01
           203   2.03000e+02   1.96586e-02  -7.99958e+01  -8.00000e+01
           204   2.04000e+02   1.97007e-02  -7.99958e+01  -8.00000e+01
           205   2.05000e+02   1.97407e-02  -7.99958e+01  -8.00000e+01
           206   2.06000e+02   1.97810e-02  -7.99958e+01  -8.00000e+01
           207   2.07000e+02   1.98379e-02  -7.99957e+01  -8.00000e+01
           208   2.08000e+02   1.97450e-02  -7.99957e+01  -8.00000e+01
           209   2.09000e+02   1.95888e-02  -7.99957e+01  -8.00000e+01
           210   2.10000e+02   1.96318e-02  -7.99957e+01  -8.00000e+01
           211   2.11000e+02   1.96839e-02  -7.99957e+01  -8.00000e+01
           212   2.12000e+02   1.94645e-02  -7.99957e+01  -8.00000e+01
           213   2.13000e+02   1.92603e-02  -7.99957e+01  -8.00000e+01
           214   2.14000e+02   1.93037e-02  -7.99956e+01  -8.00000e+01
           215   2.15000e+02   1.91905e-02  -7.99956e+01  -8.00000e+01
           216   2.16000e+02   1.92362e-02  -7.99957e+01  -8.00000e+01
           217   2.17000e+02   1.92561e-02  -7.99957e+01  -8.00000e+01
           218   2.18000e+02   1.94139e-02  -7.99956e+01  -8.00000e+01
           219   2.19000e+02   1.93852e-02  -7.99957e+01  -8.00000e+01
           220   2.20000e+02   1.93203e-02  -7.99956e+01  -8.00000e+01
           221   2.21000e+02   1.96006e-02  -7.99957e+01  -8.00000e+01
           222   2.22000e+02   1.97609e-02  -7.99956e+01  -8.00000e+01
           223   2.23000e+02   1.97289e-02  -7.99957e+01  -8.00000e+01
           224   2.24000e+02   1.97154e-02  -7.99957e+01  -8.00000e+01
           225   2.25000e+02   1.97071e-02  -7.99956e+01  -8.00000e+01
           226   2.26000e+02   1.97919e-02  -7.99956e+01  -8.00000e+01
           227   2.27000e+02   1.97289e-02  -7.99956e+01  -8.00000e+01
           228   2.28000e+02   1.96678e-02  -7.99956e+01  -8.00000e+01
           229   2.29000e+02   1.97449e-02  -7.99956e+01  -8.00000e+01
           230   2.30000e+02   1.96506e-02  -7.99956e+01  -8.00000e+01
           231   2.31000e+02   1.95672e-02  -7.99956e+01  -8.00000e+01
           232   2.32000e+02   1.94882e-02  -7.99956e+01  -8.00000e+01
           233   2.33000e+02   1.95697e-02  -7.99956e+01  -8.00000e+01
           234   2.34000e+02   1.95165e-02  -7.99956e+01  -8.00000e+01
           235   2.35000e+02   1.93712e-02  -7.99956e+01  -8.00000e+01
           236   2.36000e+02   1.92516e-02  -7.99956e+01  -8.00000e+01
           237   2.37000e+02   1.93273e-02  -7.99956e+01  -8.00000e+01
           238   2.38000e+02   1.91225e-02  -7.99956e+01  -8.00000e+01
           239   2.39000e+02   1.90924e-02  -7.99956e+01  -8.00000e+01
           240   2.40000e+02   1.92384e-02  -7.99956e+01  -8.00000e+01
           241   2.41000e+02   1.92171e-02  -7.99956e+01  -8.00000e+01
           242   2.42000e+02   1.90090e-02  -7.99956e+01  -8.00000e+01
           243   2.43000e+02   1.90242e-02  -7.99956e+01  -8.00000e+01
           244   2.44000e+02   1.91632e-02  -7.99955e+01  -8.00000e+01
           245   2.45000e+02   1.92758e-02  -7.99956e+01  -8.00000e+01
           246   2.46000e+02   1.92144e-02  -7.99956e+01  -8.00000e+01
           247   2.47000e+02   1.93218e-02  -7.99956e+01  -8.00000e+01
           248   2.48000e+02   1.93043e-02  -7.99956e+01  -8.00000e+01
           249   2.49000e+02   1.92283e-02  -7.99956e+01  -8.00000e+01
           250   2.50000e+02   1.92130e-02  -7.99956e+01  -8.00000e+01
           251   2.51000e+02   1.94090e-02  -7.99956e+01  -8.00000e+01
           252   2.52000e+02   1.92374e-02  -7.99956e+01  -8.00000e+01
           253   2.53000e+02   1.91073e-02  -7.99956e+01  -8.00000e+01
           254   2.54000e+02   1.90634e-02  -7.99956e+01  -8.00000e+01
           255   2.55000e+02   1.89752e-02  -7.99956e+01  -8.00000e+01
           256   2.56000e+02   1.89500e-02  -7.99957e+01  -8.00000e+01
           257   2.57000e+02   1.89200e-02  -7.99957e+01  -8.00000e+01
           258   2.58000e+02   1.87742e-02  -7.99957e+01  -8.00000e+01
           259   2.59000e+02   1.86791e-02  -7.99957e+01  -8.00000e+01
           260   2.60000e+02   1.86618e-02  -7.99956e+01  -8.00000e+01
           261   2.61000e+02   1.88152e-02  -7.99957e+01  -8.00000e+01
           262   2.62000e+02   1.87699e-02  -7.99957e+01  -8.00000e+01
           263   2.63000e+02   1.88017e-02  -7.99957e+01  -8.00000e+01
           264   2.64000e+02   1.89413e-02  -7.99956e+01  -8.00000e+01
           265   2.65000e+02   1.90054e-02  -7.99957e+01  -8.00000e+01
           266   2.66000e+02   1.90413e-02  -7.99957e+01  -8.00000e+01
           267   2.67000e+02   1.91170e-02  -7.99957e+01  -8.00000e+01
           268   2.68000e+02   1.91428e-02  -7.99957e+01  -8.00000e+01
           269   2.69000e+02   1.90957e-02  -7.99957e+01  -8.00000e+01
           270   2.70000e+02   1.91725e-02  -7.99957e+01  -8.00000e+01
           271   2.71000e+02   1.92953e-02  -7.99957e+01  -8.00000e+01
           272   2.72000e+02   1.93168e-02  -7.99957e+01  -8.00000e+01
           273   2.73000e+02   1.92628e-02  -7.99957e+01  -8.00000e+01
           274   2.74000e+02   1.92786e-02  -7.99957e+01  -8.00000e+01
           275   2.75000e+02   1.92857e-02  -7.99957e+01  -8.00000e+01
           276   2.76000e+02   1.92401e-02  -7.99957e+01  -8.00000e+01
           277   2.77000e+02   1.92528e-02  -7.99957e+01  -8.00000e+01
           278   2.78000e+02   1.91940e-02  -7.99957e+01  -8.00000e+01
           279   2.79000e+02   1.89925e-02  -7.99957e+01  -8.00000e+01
           280   2.80000e+02   1.89958e-02  -7.99958e+01  -8.00000e+01
           281   2.81000e+02   1.89044e-02  -7.99958e+01  -8.00000e+01
           282   2.82000e+02   1.88121e-02  -7.99958e+01  -8.00000e+01
           283   2.83000e+02   1.87007e-02  -7.99958e+01  -8.00000e+01
           284   2.84000e+02   1.86831e-02  -7.99957e+01  -8.00000e+01
           285   2.85000e+02   1.86513e-02  -7.99958e+01  -8.00000e+01
           286   2.86000e+02   1.87553e-02  -7.99958e+01  -8.00000e+01
           287   2.87000e+02   1.87841e-02  -7.99958e+01  -8.00000e+01
           288   2.88000e+02   1.88044e-02  -7.99958e+01  -8.00000e+01
           289   2.89000e+02   1.87255e-02  -7.99958e+01  -8.00000e+01
           290   2.90000e+02   1.87048e-02  -7.99958e+01  -8.00000e+01
           291   2.91000e+02   1.88273e-02  -7.99958e+01  -8.00000e+01
           292   2.92000e+02   1.86384e-02  -7.99959e+01  -8.00000e+01
           293   2.93000e+02   1.86400e-02  -7.99959e+01  -8.00000e+01
           294   2.94000e+02   1.83955e-02  -7.99959e+01  -8.00000e+01
           295   2.95000e+02   1.81370e-02  -7.99959e+01  -8.00000e+01
           296   2.96000e+02   1.68115e-02  -7.99960e+01  -8.00000e+01
           297   2.97000e+02  -2.67109e-02  -7.99962e+01  -8.00000e+01
           298   2.98000e+02  -1.74089e-01  -7.99863e+01  -8.00000e+01
           299   2.99000e+02  -1.80823e-01  -7.99375e+01  -8.00000e+01
           300   3.00000e+02  -9.15657e-02  -7.98448e+01  -8.00000e+01
           301   3.01000e+02  -4.94335e-02  -7.97193e+01  -7.98333e+01
           302   3.02000e+02  -1.03138e-01  -7.95724e+01  -7.96667e+01
           303   3.03000e+02  -2.24322e-01  -7.94114e+01  -7.95000e+01
           304   3.04000e+02  -3.75600e-01  -7.92413e+01  -7.93333e+01
           305   3.05000e+02  -5.28054e-01  -7.90654e+01  -7.91667e+01
           306   3.06000e+02  -6.67391e-01  -7.88857e+01  -7.90000e+01
           307   3.07000e+02  -7.84622e-01  -7.87038e+01  -7.88333e+01
           308   3.08000e+02  -8.79647e-01  -7.85211e+01  -7.86667e+01
           309   3.09000e+02  -9.54328e-01  -7.83384e+01  -7.85000e+01
           310   3.10000e+02  -1.01204e+00  -7.81565e+01  -7.83333e+01
           311   3.11000e+02  -1.05333e+00  -7.79757e+01  -7.81667e+01
           312   3.12000e+02  -1.08306e+00  -7.77964e+01  -7.80000e+01
           313   3.13000e+02  -1.10421e+00  -7.76188e+01  -7.78333e+01
           314   3.14000e+02  -1.11545e+00  -7.74426e+01  -7.76667e+01
           315   3.15000e+02  -1.12212e+00  -7.72682e+01  -7.75000e+01
           316   3.16000e+02  -1.12280e+00  -7.70953e+01  -7.73333e+01
           317   3.17000e+02  -1.12205e+00  -7.69239e+01  -7.71667e+01
           318   3.18000e+02  -1.11951e+00  -7.67538e+01  -7.70000e+01
           319   3.19000e+02  -1.11488e+00  -7.65851e+01  -7.68333e+01
           320   3.20000e+02  -1.10989e+00  -7.64174e+01  -7.66667e+01
           321   3.21000e+02  -1.10500e+00  -7.62506e+01  -7.65000e+01
           322   3.22000e+02  -1.10047e+00  -7.60848e+01  -7.63333e+01
           323   3.23000e+02  -1.09550e+00  -7.59198e+01  -7.61667e+01
           324   3.24000e+02  -1.09094e+00  -7.57554e+01  -7.60000e+01
           325   3.25000e+02  -1.08673e+00  -7.55916e+01  -7.58333e+01
           326   3.26000e+02  -1.08246e+00  -7.54282e+01  -7.56667e+01
           327   3.27000e+02  -1.07953e+00  -7.52653e+01  -7.55000e+01
           328   3.28000e+02  -1.07734e+00  -7.51027e+01  -7.53333e+01
           329   3.29000e+02  -1.07510e+00  -7.49404e+01  -7.51667e+01
           330   3.30000e+02  -1.07351e+00  -7.47783e+01  -7.50000e+01
           331   3.31000e+02  -1.07230e+00  -7.46164e+01  -7.48333e+01
           332   3.32000e+02  -1.07109e+00  -7.44546e+01  -7.46667e+01
           333   3.33000e+02  -1.07130e+00  -7.42929e+01  -7.45000e+01
           334   3.34000e+02  -1.07176e+00  -7.41313e+01  -7.43333e+01
           335   3.35000e+02  -1.07201e+00  -7.39697e+01  -7.41667e+01
           336   3.36000e+02  -1.07262e+00  -7.38081e+01  -7.40000e+01
           337   3.37000e+02  -1.07350e+00  -7.36465e+01  -7.38333e+01
           338   3.38000e+02  -1.07444e+00  -7.34849e+01  -7.36667e+01
           339   3.39000e+02  -1.07571e+00  -7.33232e+01  -7.35000e+01
           340   3.40000e+02  -1.07708e+00  -7.31614e+01  -7.33333e+01
           341   3.41000e+02  -1.07871e+00  -7.29996e+01  -7.31667e+01
           342   3.42000e+02  -1.08043e+00  -7.28377e+01  -7.30000e+01
           343   3.43000e+02  -1.08220e+00  -7.26758e+01  -7.28333e+01
           344   3.44000e+02  -1.08419e+00  -7.25138e+01  -7.26667e+01
           345   3.45000e+02  -1.08633e+00  -7.23516e+01  -7.25000e+01
           346   3.46000e+02  -1.08829e+00  -7.21894e+01  -7.23333e+01
           347   3.47000e+02  -1.09046e+00  -7.20270e+01  -7.21667e+01
           348   3.48000e+02  -1.09262e+00  -7.18646e+01  -7.20000e+01
           349   3.49000e+02  -1.09467e+00  -7.17020e+01  -7.18333e+01
           350   3.50000e+02  -1.09680e+00  -7.15393e+01  -7.16667e+01
           351   3.51000e+02  -1.09903e+00  -7.13766e+01  -7.15000e+01
           352   3.52000e+02  -1.10115e+00  -7.12137e+01  -7.13333e+01
           353   3.53000e+02  -1.10329e+00  -7.10507e+01  -7.11667e+01
           354   3.54000e+02  -1.10526e+00  -7.08877e+01  -7.10000e+01
           355   3.55000e+02  -1.10747e+00  -7.07245e+01  -7.08333e+01
           356   3.56000e+02  -1.10950e+00  -7.05612e+01  -7.06667e+01
           357   3.57000e+02  -1.11162e+00  -7.03979e+01  -7.05000e+01
           358   3.58000e+02  -1.11378e+00  -7.02344e+01  -7.03333e+01
           359   3.59000e+02  -1.11580e+00  -7.00709e+01  -7.01667e+01
           360   3.60000e+02  -1.11779e+00  -6.99072e+01  -7.00000e+01
           361   3.61000e+02  -1.11987e+00  -6.97436e+01  -6.98333e+01
           362   3.62000e+02  -1.12182e+00  -6.95798e+01  -6.96667e+01
           363   3.63000e+02  -1.12380e+00  -6.94159e+01  -6.95000e+01
           364   3.64000e+02  -1.12578e+00  -6.92519e+01  -6.93333e+01
           365   3.65000e+02  -1.12779e+00  -6.90879e+01  -6.91667e+01
           366   3.66000e+02  -1.12968e+00  -6.89237e+01  -6.90000e+01
           367   3.67000e+02  -1.13173e+00  -6.87595e+01  -6.88333e+01
           368   3.68000e+02  -1.13365e+00  -6.85952e+01  -6.86667e+01
           369   3.69000e+02  -1.13556e+00  -6.84308e+01  -6.85000e+01
           370   3.70000e+02  -1.13752e+00  -6.82664e+01  -6.83333e+01
           371   3.71000e+02  -1.13948e+00  -6.81019e+01  -6.81667e+01
           372   3.72000e+02  -1.14155e+00  -6.79373e+01  -6.80000e+01
           373   3.73000e+02  -1.14356e+00  -6.77727e+01  -6.78333e+01
           374   3.74000e+02  -1.14554e+00  -6.76080e+01  -6.76667e+01
           375   3.75000e+02  -1.14745e+00  -6.74433e+01  -6.75000e+01
           376   3.76000e+02  -1.14925e+00  -6.72785e+01  -6.73333e+01
           377   3.77000e+02  -1.15107e+00  -6.71136e+01  -6.71667e+01
           378   3.78000e+02  -1.15279e+00  -6.69486e+01  -6.70000e+01
           379   3.79000e+02  -1.15454e+00  -6.67836e+01  -6.68333e+01
           380   3.80000e+02  -1.15629e+00  -6.66186e+01  -6.66667e+01
           381   3.81000e+02  -1.15805e+00  -6.64534e+01  -6.65000e+01
           382   3.82000e+02  -1.15973e+00  -6.62883e+01  -6.63333e+01
           383   3.83000e+02  -1.16151e+00  -6.61231e+01  -6.61667e+01
           384   3.84000e+02  -1.16319e+00  -6.59579e+01  -6.60000e+01
           385   3.85000e+02  -1.16487e+00  -6.57926e+01  -6.58333e+01
           386   3.86000e+02  -1.16662e+00  -6.56273e+01  -6.56667e+01
           387   3.87000e+02  -1.16849e+00  -6.54619e+01  -6.55000e+01
           388   3.88000e+02  -1.17019e+00  -6.52965e+01  -6.53333e+01
           389   3.89000e+02  -1.17189e+00  -6.51310e+01  -6.51667e+01
           390   3.90000e+02  -1.17367e+00  -6.49655e+01  -6.50000e+01
           391   3.91000e+02  -1.17540e+00  -6.47999e+01  -6.48333e+01
           392   3.92000e+02  -1.17707e+00  -6.46344e+01  -6.46667e+01
           393   3.93000e+02  -1.17869e+00  -6.44688e+01  -6.45000e+01
           394   3.94000e+02  -1.18040e+00  -6.43032e+01  -6.43333e+01
           395   3.95000e+02  -1.18214e+00  -6.41375e+01  -6.41667e+01
           396   3.96000e+02  -1.18380e+00  -6.39717e+01  -6.40000e+01
           397   3.97000e+02  -1.18547e+00  -6.38059e+01  -6.38333e+01
           398   3.98000e+02  -1.18713e+00  -6.36402e+01  -6.36667e+01
           399   3.99000e+02  -1.18851e+00  -6.34744e+01  -6.35000e+01
           400   4.00000e+02  -1.19008e+00  -6.33085e+01  -6.33333e+01
           401   4.01000e+02  -1.19162e+00  -6.31426e+01  -6.31667e+01
           402   4.02000e+02  -1.19340e+00  -6.29767e+01  -6.30000e+01
           403   4.03000e+02  -1.19511e+00  -6.28108e+01  -6.28333e+01
           404   4.04000e+02  -1.19678e+00  -6.26449e+01  -6.26667e+01
           405   4.05000e+02  -1.19848e+00  -6.24789e+01  -6.25000e+01
           406   4.06000e+02  -1.20020e+00  -6.23130e+01  -6.23333e+01
           407   4.07000e+02  -1.20201e+00  -6.21470e+01  -6.21667e+01
           408   4.08000e+02  -1.20391e+00  -6.19810e+01  -6.20000e+01
           409   4.09000e+02  -1.20571e+00  -6.18150e+01  -6.18333e+01
           410   4.10000e+02  -1.20753e+00  -6.16490e+01  -6.16667e+01
           411   4.11000e+02  -1.20928e+00  -6.14829e+01  -6.15000e+01
           412   4.12000e+02  -1.21093e+00  -6.13169e+01  -6.13333e+01
           413   4.13000e+02  -1.21263e+00  -6.11508e+01  -6.11667e+01
           414   4.14000e+02  -1.21434e+00  -6.09847e+01  -6.10000e+01
           415   4.15000e+02  -1.21603e+00  -6.08186e+01  -6.08333e+01
           416   4.16000e+02  -1.21777e+00  -6.06524e+01  -6.06667e+01
           417   4.17000e+02  -1.21947e+00  -6.04863e+01  -6.05000e+01
           418   4.18000e+02  -1.22118e+00  -6.03201e+01  -6.03333e+01
           419   4.19000e+02  -1.22302e+00  -6.01539e+01  -6.01667e+01
           420   4.20000e+02  -1.22477e+00  -5.99878e+01  -6.00000e+01
           421   4.21000e+02  -1.22659e+00  -5.98216e+01  -5.98333e+01
           422   4.22000e+02  -1.22849e+00  -5.96553e+01  -5.96667e+01
           423   4.23000e+02  -1.23035e+00  -5.94891e+01  -5.95000e+01
           424   4.24000e+02  -1.23220e+00  -5.93228e+01  -5.93333e+01
           425   4.25000e+02  -1.23404e+00  -5.91565e+01  -5.91667e+01
           426   4.26000e+02  -1.23601e+00  -5.89903e+01  -5.90000e+01
           427   4.27000e+02  -1.23801e+00  -5.88240e+01  -5.88333e+01
           428   4.28000e+02  -1.23985e+00  -5.86577e+01  -5.86667e+01
           429   4.29000e+02  -1.24182e+00  -5.84914e+01  -5.85000e+01
           430   4.30000e+02  -1.24385e+00  -5.83251e+01  -5.83333e+01
           431   4.31000e+02  -1.24585e+00  -5.81588e+01  -5.81667e+01
           432   4.32000e+02  -1.24797e+00  -5.79925e+01  -5.80000e+01
           433   4.33000e+02  -1.25020e+00  -5.78261e+01  -5.78333e+01
           434   4.34000e+02  -1.25226e+00  -5.76598e+01  -5.76667e+01
           435   4.35000e+02  -1.25436e+00  -5.74935e+01  -5.75000e+01
           436   4.36000e+02  -1.25652e+00  -5.73271e+01  -5.73333e+01
           437   4.37000e+02  -1.25878e+00  -5.71608e+01  -5.71667e+01
           438   4.38000e+02  -1.26100e+00  -5.69944e+01  -5.70000e+01
           439   4.39000e+02  -1.26329e+00  -5.68280e+01  -5.68333e+01
           440   4.40000e+02  -1.26557e+00  -5.66617e+01  -5.66667e+01
           441   4.41000e+02  -1.26778e+00  -5.64953e+01  -5.65000e+01
           442   4.42000e+02  -1.27004e+00  -5.63289e+01  -5.63333e+01
           443   4.43000e+02  -1.27247e+00  -5.61625e+01  -5.61667e+01
           444   4.44000e+02  -1.27489e+00  -5.59961e+01  -5.60000e+01
           445   4.45000e+02  -1.27736e+00  -5.58297e+01  -5.58333e+01
           446   4.46000e+02  -1.27980e+00  -5.56633e+01  -5.56667e+01
           447   4.47000e+02  -1.28233e+00  -5.54969e+01  -5.55000e+01
           448   4.48000e+02  -1.28493e+00  -5.53305e+01  -5.53333e+01
           449   4.49000e+02  -1.28757e+00  -5.51641e+01  -5.51667e+01
           450   4.50000e+02  -1.29035e+00  -5.49977e+01  -5.50000e+01
           451   4.51000e+02  -1.29301e+00  -5.48312e+01  -5.48333e+01
           452   4.52000e+02  -1.29579e+00  -5.46648e+01  -5.46667e+01
           453   4.53000e+02  -1.29865e+00  -5.44984e+01  -5.45000e+01
           454   4.54000e+02  -1.30159e+00  -5.43320e+01  -5.43333e+01
           455   4.55000e+02  -1.30459e+00  -5.41655e+01  -5.41667e+01
           456   4.56000e+02  -1.30772e+00  -5.39991e+01  -5.40000e+01
           457   4.57000e+02  -1.31101e+00  -5.38327e+01  -5.38333e+01
           458   4.58000e+02  -1.31427e+00  -5.36663e+01  -5.36667e+01
           459   4.59000e+02  -1.31772e+00  -5.34998e+01  -5.35000e+01
           460   4.60000e+02  -1.32133e+00  -5.33334e+01  -5.33333e+01
           461   4.61000e+02  -1.32499e+00  -5.31670e+01  -5.31667e+01
           462   4.62000e+02  -1.32872e+00  -5.30005e+01  -5.30000e+01
           463   4.63000e+02  -1.33250e+00  -5.28342e+01  -5.28333e+01
           464   4.64000e+02  -1.33650e+00  -5.26677e+01  -5.26667e+01
           465   4.65000e+02  -1.34055e+00  -5.25013e+01  -5.25000e+01
           466   4.66000e+02  -1.34453e+00  -5.23349e+01  -5.23333e+01
           467   4.67000e+02  -1.34887e+00  -5.21684e+01  -5.21667e+01
           468   4.68000e+02  -1.35314e+00  -5.20020e+01  -5.20000e+01
           469   4.69000e+02  -1.35760e+00  -5.18356e+01  -5.18333e+01
           470   4.70000e+02  -1.36222e+00  -5.16692e+01  -5.16667e+01
           471   4.71000e+02  -1.36696e+00  -5.15029e+01  -5.15000e+01
           472   4.72000e+02  -1.37189e+00  -5.13364e+01  -5.13333e+01
           473   4.73000e+02  -1.37690e+00  -5.11700e+01  -5.11667e+01
           474   4.74000e+02  -1.38208e+00  -5.10037e+01  -5.10000e+01
           475   4.75000e+02  -1.38756e+00  -5.08373e+01  -5.08333e+01
           476   4.76000e+02  -1.39300e+00  -5.06709e+01  -5.06667e+01
           477   4.77000e+02  -1.39873e+00  -5.05045e+01  -5.05000e+01
           478   4.78000e+02  -1.40452e+00  -5.03381e+01  -5.03333e+01
           479   4.79000e+02  -1.41042e+00  -5.01717e+01  -5.01667e+01
           480   4.80000e+02  -1.41640e+00  -5.00053e+01  -5.00000e+01
           481   4.81000e+02  -1.42263e+00  -4.98390e+01  -4.98333e+01
           482   4.82000e+02  -1.42899e+00  -4.96725e+01  -4.96667e+01
           483   4.83000e+02  -1.43551e+00  -4.95061e+01  -4.95000e+01
           484   4.84000e+02  -1.44211e+00  -4.93397e+01  -4.93333e+01
           485   4.85000e+02  -1.44886e+00  -4.91734e+01  -4.91667e+01
           486   4.86000e+02  -1.45566e+00  -4.90070e+01  -4.90000e+01
           487   4.87000e+02  -1.46263e+00  -4.88406e+01  -4.88333e+01
           488   4.88000e+02  -1.46970e+00  -4.86743e+01  -4.86667e+01
           489   4.89000e+02  -1.47702e+00  -4.85079e+01  -4.85000e+01
           490   4.90000e+02  -1.48420e+00  -4.83415e+01  -4.83333e+01
           491   4.91000e+02  -1.49142e+00  -4.81752e+01  -4.81667e+01
           492   4.92000e+02  -1.49873e+00  -4.80088e+01  -4.80000e+01
           493   4.93000e+02  -1.50602e+00  -4.78424e+01  -4.78333e+01
           494   4.94000e+02  -1.51322e+00  -4.76761e+01  -4.76667e+01
           495   4.95000e+02  -1.52032e+00  -4.75097e+01  -4.75000e+01
           496   4.96000e+02  -1.52744e+00  -4.73433e+01  -4.73333e+01
           497   4.97000e+02  -1.53430e+00  -4.71770e+01  -4.71667e+01
           498   4.98000e+02  -1.54095e+00  -4.70106e+01  -4.70000e+01
           499   4.99000e+02  -1.54753e+00  -4.68442e+01  -4.68333e+01
           500   5.00000e+02  -1.55392e+00  -4.66778e+01  -4.66667e+01
           501   5.01000e+02  -1.55997e+00  -4.65113e+01  -4.65000e+01
           502   5.02000e+02  -1.56575e+00  -4.63449e+01  -4.63333e+01
           503   5.03000e+02  -1.57128e+00  -4.61785e+01  -4.61667e+01
           504   5.04000e+02  -1.57658e+00  -4.60121e+01  -4.60000e+01
           505   5.05000e+02  -1.58195e+00  -4.58456e+01  -4.58333e+01
           506   5.06000e+02  -1.58653e+00  -4.56791e+01  -4.56667e+01
           507   5.07000e+02  -1.59030e+00  -4.55126e+01  -4.55000e+01
           508   5.08000e+02  -1.59426e+00  -4.53462e+01  -4.53333e+01
           509   5.09000e+02  -1.59774e+00  -4.51796e+01  -4.51667e+01
           510   5.10000e+02  -1.60104e+00  -4.50131e+01  -4.50000e+01
           511   5.11000e+02  -1.60398e+00  -4.48466e+01  -4.48333e+01
           512   5.12000e+02  -1.60666e+00  -4.46800e+01  -4.46667e+01
           513   5.13000e+02  -1.60901e+00  -4.45134e+01  -4.45000e+01
           514   5.14000e+02  -1.61127e+00  -4.43469e+01  -4.43333e+01
           515   5.15000e+02  -1.61322e+00  -4.41803e+01  -4.41667e+01
           516   5.16000e+02  -1.61486e+00  -4.40137e+01  -4.40000e+01
           517   5.17000e+02  -1.61628e+00  -4.38471e+01  -4.38333e+01
           518   5.18000e+02  -1.61762e+00  -4.36805e+01  -4.36667e+01
           519   5.19000e+02  -1.61872e+00  -4.35139e+01  -4.35000e+01
           520   5.20000e+02  -1.61975e+00  -4.33472e+01  -4.33333e+01
           521   5.21000e+02  -1.62065e+00  -4.31806e+01  -4.31667e+01
           522   5.22000e+02  -1.62145e+00  -4.30140e+01  -4.30000e+01
           523   5.23000e+02  -1.62207e+00  -4.28474e+01  -4.28333e+01
           524   5.24000e+02  -1.62267e+00  -4.26808e+01  -4.26667e+01
           525   5.25000e+02  -1.62330e+00  -4.25141e+01  -4.25000e+01
           526   5.26000e+02  -1.62385e+00  -4.23475e+01  -4.23333e+01
           527   5.27000e+02  -1.62444e+00  -4.21808e+01  -4.21667e+01
           528   5.28000e+02  -1.62503e+00  -4.20142e+01  -4.20000e+01
           529   5.29000e+02  -1.62554e+00  -4.18476e+01  -4.18333e+01
           530   5.30000e+02  -1.62608e+00  -4.16810e+01  -4.16667e+01
           531   5.31000e+02  -1.62672e+00  -4.15144e+01  -4.15000e+01
           532   5.32000e+02  -1.62740e+00  -4.13478e+01  -4.13333e+01
           533   5.33000e+02  -1.62810e+00  -4.11811e+01  -4.11667e+01
           534   5.34000e+02  -1.62880e+00  -4.10145e+01  -4.10000e+01
           535   5.35000e+02  -1.62955e+00  -4.08479e+01  -4.08333e+01
           536   5.36000e+02  -1.63036e+00  -4.06813e+01  -4.06667e+01
           537   5.37000e+02  -1.63114e+00  -4.05147e+01  -4.05000e+01
           538   5.38000e+02  -1.63190e+00  -4.03481e+01  -4.03333e+01
           539   5.39000e+02  -1.63272e+00  -4.01815e+01  -4.01667e+01
           540   5.40000e+02  -1.63349e+00  -4.00149e+01  -4.00000e+01
           541   5.41000e+02  -1.63430e+00  -3.98483e+01  -3.98333e+01
           542   5.42000e+02  -1.63517e+00  -3.96817e+01  -3.96667e+01
           543   5.43000e+02  -1.63602e+00  -3.95151e+01  -3.95000e+01
           544   5.44000e+02  -1.63684e+00  -3.93485e+01  -3.93333e+01
           545   5.45000e+02  -1.63763e+00  -3.91819e+01  -3.91667e+01
           546   5.46000e+02  -1.63855e+00  -3.90153e+01  -3.90000e+01
           547   5.47000e+02  -1.63948e+00  -3.88487e+01  -3.88333e+01
           548   5.48000e+02  -1.64039e+00  -3.86820e+01  -3.86667e+01
           549   5.49000e+02  -1.64135e+00  -3.85154e+01  -3.85000e+01
           550   5.50000e+02  -1.64234e+00  -3.83488e+01  -3.83333e+01
           551   5.51000e+02  -1.64327e+00  -3.81822e+01  -3.81667e+01
           552   5.52000e+02  -1.64421e+00  -3.80156e+01  -3.80000e+01
           553   5.53000e+02  -1.64514e+00  -3.78490e+01  -3.78333e+01
           554   5.54000e+02  -1.64618e+00  -3.76824e+01  -3.76667e+01
           555   5.55000e+02  -1.64721e+00  -3.75158e+01  -3.75000e+01
           556   5.56000e+02  -1.64821e+00  -3.73492e+01  -3.73333e+01
           557   5.57000e+02  -1.64925e+00  -3.71826e+01  -3.71667e+01
           558   5.58000e+02  -1.65023e+00  -3.70160e+01  -3.70000e+01
           559   5.59000e+02  -1.65119e+00  -3.68495e+01  -3.68333e+01
           560   5.60000e+02  -1.65219e+00  -3.66829e+01  -3.66667e+01
           561   5.61000e+02  -1.65320e+00  -3.65163e+01  -3.65000e+01
           562   5.62000e+02  -1.65430e+00  -3.63497e+01  -3.63333e+01
           563   5.63000e+02  -1.65521e+00  -3.61831e+01  -3.61667e+01
           564   5.64000e+02  -1.65609e+00  -3.60165e+01  -3.60000e+01
           565   5.65000e+02  -1.65708e+00  -3.58500e+01  -3.58333e+01
           566   5.66000e+02  -1.65805e+00  -3.56834e+01  -3.56667e+01
           567   5.67000e+02  -1.65911e+00  -3.55168e+01  -3.55000e+01
           568   5.68000e+02  -1.66007e+00  -3.53502e+01  -3.53333e+01
           569   5.69000e+02  -1.66104e+00  -3.51837e+01  -3.51667e+01
           570   5.70000e+02  -1.66202e+00  -3.50171e+01  -3.50000e+01
           571   5.71000e+02  -1.66286e+00  -3.48505e+01  -3.48333e+01
           572   5.72000e+02  -1.66387e+00  -3.46839e+01  -3.46667e+01
           573   5.73000e+02  -1.66479e+00  -3.45174e+01  -3.45000e+01
           574   5.74000e+02  -1.66575e+00  -3.43508e+01  -3.43333e+01
           575   5.75000e+02  -1.66658e+00  -3.41842e+01  -3.41667e+01
           576   5.76000e+02  -1.66742e+00  -3.40177e+01  -3.40000e+01
           577   5.77000e+02  -1.66833e+00  -3.38511e+01  -3.38333e+01
           578   5.78000e+02  -1.66931e+00  -3.36845e+01  -3.36667e+01
           579   5.79000e+02  -1.67026e+00  -3.35179e+01  -3.35000e+01
           580   5.80000e+02  -1.67124e+00  -3.33514e+01  -3.33333e+01
           581   5.81000e+02  -1.67217e+00  -3.31848e+01  -3.31667e+01
           582   5.82000e+02  -1.67311e+00  -3.30182e+01  -3.30000e+01
           583   5.83000e+02  -1.67392e+00  -3.28517e+01  -3.28333e+01
           584   5.84000e+02  -1.67489e+00  -3.26850e+01  -3.26667e+01
           585   5.85000e+02  -1.67574e+00  -3.25185e+01  -3.25000e+01
           586   5.86000e+02  -1.67664e+00  -3.23519e+01  -3.23333e+01
           587   5.87000e+02  -1.67749e+00  -3.21852e+01  -3.21667e+01
           588   5.88000e+02  -1.67837e+00  -3.20187e+01  -3.20000e+01
           589   5.89000e+02  -1.67936e+00  -3.18521e+01  -3.18333e+01
           590   5.90000e+02  -1.68033e+00  -3.16855e+01  -3.16667e+01
           591   5.91000e+02  -1.68114e+00  -3.15189e+01  -3.15000e+01
           592   5.92000e+02  -1.68205e+00  -3.13523e+01  -3.13333e+01
           593   5.93000e+02  -1.68287e+00  -3.11857e+01  -3.11667e+01
           594   5.94000e+02  -1.68380e+00  -3.10191e+01  -3.10000e+01
           595   5.95000e+02  -1.68462e+00  -3.08525e+01  -3.08333e+01
           596   5.96000e+02  -1.68547e+00  -3.06859e+01  -3.06667e+01
           597   5.97000e+02  -1.68624e+00  -3.05193e+01  -3.05000e+01
           598   5.98000e+02  -1.68698e+00  -3.03527e+01  -3.03333e+01
           599   5.99000e+02  -1.68765e+00  -3.01861e+01  -3.01667e+01
           600   6.00000e+02  -1.68858e+00  -3.00195e+01  -3.00000e+01
           601   6.01000e+02  -1.68947e+00  -2.98529e+01  -2.98333e+01
           602   6.02000e+02  -1.69034e+00  -2.96863e+01  -2.96667e+01
           603   6.03000e+02  -1.69110e+00  -2.95196e+01  -2.95000e+01
           604   6.04000e+02  -1.69191e+00  -2.93531e+01  -2.93333e+01
           605   6.05000e+02  -1.69268e+00  -2.91865e+01  -2.91667e+01
           606   6.06000e+02  -1.69352e+00  -2.90199e+01  -2.90000e+01
           607   6.07000e+02  -1.69425e+00  -2.88533e+01  -2.88333e+01
           608   6.08000e+02  -1.69511e+00  -2.86867e+01  -2.86667e+01
           609   6.09000e+02  -1.69576e+00  -2.85201e+01  -2.85000e+01
           610   6.10000e+02  -1.69643e+00  -2.83535e+01  -2.83333e+01
           611   6.11000e+02  -1.69713e+00  -2.81869e+01  -2.81667e+01
           612   6.12000e+02  -1.69782e+00  -2.80203e+01  -2.80000e+01
           613   6.13000e+02  -1.69846e+00  -2.78536e+01  -2.78333e+01
           614   6.14000e+02  -1.69923e+00  -2.76870e+01  -2.76667e+01
           615   6.15000e+02  -1.69990e+00  -2.75204e+01  -2.75000e+01
           616   6.16000e+02  -1.70065e+00  -2.73538e+01  -2.73333e+01
           617   6.17000e+02  -1.70125e+00  -2.71871e+01  -2.71667e+01
           618   6.18000e+02  -1.70211e+00  -2.70205e+01  -2.70000e+01
           619   6.19000e+02  -1.70284e+00  -2.68539e+01  -2.68333e+01
           620   6.20000e+02  -1.70354e+00  -2.66872e+01  -2.66667e+01
           621   6.21000e+02  -1.70429e+00  -2.65206e+01  -2.65000e+01
           622   6.22000e+02  -1.70501e+00  -2.63540e+01  -2.63333e+01
           623   6.23000e+02  -1.70564e+00  -2.61873e+01  -2.61667e+01
           624   6.24000e+02  -1.70636e+00  -2.60206e+01  -2.60000e+01
           625   6.25000e+02  -1.70710e+00  -2.58540e+01  -2.58333e+01
           626   6.26000e+02  -1.70784e+00  -2.56873e+01  -2.56667e+01
           627   6.27000e+02  -1.70846e+00  -2.55206e+01  -2.55000e+01
           628   6.28000e+02  -1.70914e+00  -2.53540e+01  -2.53333e+01
           629   6.29000e+02  -1.70981e+00  -2.51873e+01  -2.51667e+01
           630   6.30000e+02  -1.71044e+00  -2.50206e+01  -2.50000e+01
           631   6.31000e+02  -1.71111e+00  -2.48540e+01  -2.48333e+01
           632   6.32000e+02  -1.71170e+00  -2.46873e+01  -2.46667e+01
           633   6.33000e+02  -1.71226e+00  -2.45206e+01  -2.45000e+01
           634   6.34000e+02  -1.71289e+00  -2.43540e+01  -2.43333e+01
           635   6.35000e+02  -1.71346e+00  -2.41873e+01  -2.41667e+01
           636   6.36000e+02  -1.71404e+00  -2.40207e+01  -2.40000e+01
           637   6.37000e+02  -1.71464e+00  -2.38541e+01  -2.38333e+01
           638   6.38000e+02  -1.71526e+00  -2.36875e+01  -2.36667e+01
           639   6.39000e+02  -1.71593e+00  -2.35208e+01  -2.35000e+01
           640   6.40000e+02  -1.71655e+00  -2.33541e+01  -2.33333e+01
           641   6.41000e+02  -1.71718e+00  -2.31875e+01  -2.31667e+01
           642   6.42000e+02  -1.71781e+00  -2.30208e+01  -2.30000e+01
           643   6.43000e+02  -1.71835e+00  -2.28542e+01  -2.28333e+01
           644   6.44000e+02  -1.71896e+00  -2.26876e+01  -2.26667e+01
           645   6.45000e+02  -1.71949e+00  -2.25209e+01  -2.25000e+01
           646   6.46000e+02  -1.72003e+00  -2.23543e+01  -2.23333e+01
           647   6.47000e+02  -1.72055e+00  -2.21876e+01  -2.21667e+01
           648   6.48000e+02  -1.72098e+00  -2.20210e+01  -2.20000e+01
           649   6.49000e+02  -1.72145e+00  -2.18543e+01  -2.18333e+01
           650   6.50000e+02  -1.72198e+00  -2.16877e+01  -2.16667e+01
           651   6.51000e+02  -1.72245e+00  -2.15210e+01  -2.15000e+01
           652   6.52000e+02  -1.72295e+00  -2.13543e+01  -2.13333e+01
           653   6.53000e+02  -1.72339e+00  -2.11877e+01  -2.11667e+01
           654   6.54000e+02  -1.72391e+00  -2.10210e+01  -2.10000e+01
           655   6.55000e+02  -1.72441e+00  -2.08543e+01  -2.08333e+01
           656   6.56000e+02  -1.72481e+00  -2.06877e+01  -2.06667e+01
           657   6.57000e+02  -1.72529e+00  -2.05210e+01  -2.05000e+01
           658   6.58000e+02  -1.72580e+00  -2.03543e+01  -2.03333e+01
           659   6.59000e+02  -1.72627e+00  -2.01877e+01  -2.01667e+01
           660   6.60000e+02  -1.72681e+00  -2.00209e+01  -2.00000e+01
           661   6.61000e+02  -1.72725e+00  -1.98543e+01  -1.98333e+01
           662   6.62000e+02  -1.72775e+00  -1.96876e+01  -1.96667e+01
           663   6.63000e+02  -1.72821e+00  -1.95209e+01  -1.95000e+01
           664   6.64000e+02  -1.72865e+00  -1.93543e+01  -1.93333e+01
           665   6.65000e+02  -1.72916e+00  -1.91876e+01  -1.91667e+01
           666   6.66000e+02  -1.72963e+00  -1.90209e+01  -1.90000e+01
           667   6.67000e+02  -1.73012e+00  -1.88542e+01  -1.88333e+01
           668   6.68000e+02  -1.73060e+00  -1.86875e+01  -1.86667e+01
           669   6.69000e+02  -1.73100e+00  -1.85208e+01  -1.85000e+01
           670   6.70000e+02  -1.73144e+00  -1.83541e+01  -1.83333e+01
           671   6.71000e+02  -1.73181e+00  -1.81875e+01  -1.81667e+01
           672   6.72000e+02  -1.73227e+00  -1.80208e+01  -1.80000e+01
           673   6.73000e+02  -1.73264e+00  -1.78541e+01  -1.78333e+01
           674   6.74000e+02  -1.73310e+00  -1.76874e+01  -1.76667e+01
           675   6.75000e+02  -1.73352e+00  -1.75208e+01  -1.75000e+01
           676   6.76000e+02  -1.73390e+00  -1.73541e+01  -1.73333e+01
           677   6.77000e+02  -1.73423e+00  -1.71874e+01  -1.71667e+01
           678   6.78000e+02  -1.73467e+00  -1.70208e+01  -1.70000e+01
           679   6.79000e+02  -1.73505e+00  -1.68541e+01  -1.68333e+01
           680   6.80000e+02  -1.73548e+00  -1.66875e+01  -1.66667e+01
           681   6.81000e+02  -1.73591e+00  -1.65208e+01  -1.65000e+01
           682   6.82000e+02  -1.73648e+00  -1.63542e+01  -1.63333e+01
           683   6.83000e+02  -1.73695e+00  -1.61875e+01  -1.61667e+01
           684   6.84000e+02  -1.73753e+00  -1.60208e+01  -1.60000e+01
           685   6.85000e+02  -1.73805e+00  -1.58542e+01  -1.58333e+01
           686   6.86000e+02  -1.73854e+00  -1.56876e+01  -1.56667e+01
           687   6.87000e+02  -1.73906e+00  -1.55209e+01  -1.55000e+01
           688   6.88000e+02  -1.73972e+00  -1.53542e+01  -1.53333e+01
           689   6.89000e+02  -1.74040e+00  -1.51875e+01  -1.51667e+01
           690   6.90000e+02  -1.74095e+00  -1.50209e+01  -1.50000e+01
           691   6.91000e+02  -1.74139e+00  -1.48542e+01  -1.48333e+01
           692   6.92000e+02  -1.74196e+00  -1.46875e+01  -1.46667e+01
           693   6.93000e+02  -1.74251e+00  -1.45208e+01  -1.45000e+01
           694   6.94000e+02  -1.74312e+00  -1.43541e+01  -1.43333e+01
           695   6.95000e+02  -1.74380e+00  -1.41874e+01  -1.41667e+01
           696   6.96000e+02  -1.74450e+00  -1.40207e+01  -1.40000e+01
           697   6.97000e+02  -1.74517e+00  -1.38539e+01  -1.38333e+01
           698   6.98000e+02  -1.74591e+00  -1.36872e+01  -1.36667e+01
           699   6.99000e+02  -1.74675e+00  -1.35205e+01  -1.35000e+01
           700   7.00000e+02  -1.74753e+00  -1.33538e+01  -1.33333e+01
           701   7.01000e+02  -1.74829e+00  -1.31870e+01  -1.31667e+01
           702   7.02000e+02  -1.74908e+00  -1.30202e+01  -1.30000e+01
           703   7.03000e+02  -1.74995e+00  -1.28535e+01  -1.28333e+01
           704   7.04000e+02  -1.75086e+00  -1.26867e+01  -1.26667e+01
           705   7.05000e+02  -1.75174e+00  -1.25199e+01  -1.25000e+01
           706   7.06000e+02  -1.75265e+00  -1.23532e+01  -1.23333e+01
           707   7.07000e+02  -1.75353e+00  -1.21864e+01  -1.21667e+01
           708   7.08000e+02  -1.75432e+00  -1.20196e+01  -1.20000e+01
           709   7.09000e+02  -1.75532e+00  -1.18529e+01  -1.18333e+01
           710   7.10000e+02  -1.75637e+00  -1.16862e+01  -1.16667e+01
           711   7.11000e+02  -1.75743e+00  -1.15194e+01  -1.15000e+01
           712   7.12000e+02  -1.75845e+00  -1.13526e+01  -1.13333e+01
           713   7.13000e+02  -1.75948e+00  -1.11859e+01  -1.11667e+01
           714   7.14000e+02  -1.76055e+00  -1.10192e+01  -1.10000e+01
           715   7.15000e+02  -1.76163e+00  -1.08525e+01  -1.08333e+01
           716   7.16000e+02  -1.76274e+00  -1.06857e+01  -1.06667e+01
           717   7.17000e+02  -1.76394e+00  -1.05190e+01  -1.05000e+01
           718   7.18000e+02  -1.76512e+00  -1.03523e+01  -1.03333e+01
           719   7.19000e+02  -1.76626e+00  -1.01856e+01  -1.01667e+01
           720   7.20000e+02  -1.76738e+00  -1.00189e+01  -1.00000e+01
           721   7.21000e+02  -1.76854e+00  -9.85214e+00  -9.83333e+00
           722   7.22000e+02  -1.76975e+00  -9.68543e+00  -9.66667e+00
           723   7.23000e+02  -1.77087e+00  -9.51872e+00  -9.50000e+00
           724   7.24000e+02  -1.77202e+00  -9.35202e+00  -9.33333e+00
           725   7.25000e+02  -1.77321e+00  -9.18532e+00  -9.16667e+00
           726   7.26000e+02  -1.77450e+00  -9.01862e+00  -9.00000e+00
           727   7.27000e+02  -1.77586e+00  -8.85190e+00  -8.83333e+00
           728   7.28000e+02  -1.77719e+00  -8.68521e+00  -8.66667e+00
           729   7.29000e+02  -1.77849e+00  -8.51855e+00  -8.50000e+00
           730   7.30000e+02  -1.77973e+00  -8.35188e+00  -8.33333e+00
           731   7.31000e+02  -1.78096e+00  -8.18521e+00  -8.16667e+00
           732   7.32000e+02  -1.78231e+00  -8.01851e+00  -8.00000e+00
           733   7.33000e+02  -1.78357e+00  -7.85178e+00  -7.83333e+00
           734   7.34000e+02  -1.78481e+00  -7.68507e+00  -7.66667e+00
           735   7.35000e+02  -1.78600e+00  -7.51838e+00  -7.50000e+00
           736   7.36000e+02  -1.78722e+00  -7.35169e+00  -7.33333e+00
           737   7.37000e+02  -1.78854e+00  -7.18498e+00  -7.16667e+00
           738   7.38000e+02  -1.78989e+00  -7.01829e+00  -7.00000e+00
           739   7.39000e+02  -1.79132e+00  -6.85159e+00  -6.83333e+00
           740   7.40000e+02  -1.79276e+00  -6.68491e+00  -6.66667e+00
           741   7.41000e+02  -1.79413e+00  -6.51823e+00  -6.50000e+00
           742   7.42000e+02  -1.79554e+00  -6.35154e+00  -6.33333e+00
           743   7.43000e+02  -1.79696e+00  -6.18484e+00  -6.16667e+00
           744   7.44000e+02  -1.79838e+00  -6.01814e+00  -6.00000e+00
           745   7.45000e+02  -1.79974e+00  -5.85143e+00  -5.83333e+00
           746   7.46000e+02  -1.80099e+00  -5.68473e+00  -5.66667e+00
           747   7.47000e+02  -1.80230e+00  -5.51805e+00  -5.50000e+00
           748   7.48000e+02  -1.80359e+00  -5.35137e+00  -5.33333e+00
           749   7.49000e+02  -1.80475e+00  -5.18469e+00  -5.16667e+00
           750   7.50000e+02  -1.80605e+00  -5.01798e+00  -5.00000e+00
           751   7.51000e+02  -1.80735e+00  -4.85130e+00  -4.83333e+00
           752   7.52000e+02  -1.80851e+00  -4.68462e+00  -4.66667e+00
           753   7.53000e+02  -1.80965e+00  -4.51791e+00  -4.50000e+00
           754   7.54000e+02  -1.81078e+00  -4.35127e+00  -4.33333e+00
           755   7.55000e+02  -1.81195e+00  -4.18458e+00  -4.16667e+00
           756   7.56000e+02  -1.81303e+00  -4.01789e+00  -4.00000e+00
           757   7.57000e+02  -1.81411e+00  -3.85124e+00  -3.83333e+00
           758   7.58000e+02  -1.81528e+00  -3.68459e+00  -3.66667e+00
           759   7.59000e+02  -1.81626e+00  -3.51792e+00  -3.50000e+00
           760   7.60000e+02  -1.81719e+00  -3.35127e+00  -3.33333e+00
           761   7.61000e+02  -1.81818e+00  -3.18462e+00  -3.16667e+00
           762   7.62000e+02  -1.81916e+00  -3.01796e+00  -3.00000e+00
           763   7.63000e+02  -1.82005e+00  -2.85130e+00  -2.83333e+00
           764   7.64000e+02  -1.82097e+00  -2.68463e+00  -2.66667e+00
           765   7.65000e+02  -1.82187e+00  -2.51799e+00  -2.50000e+00
           766   7.66000e+02  -1.82272e+00  -2.35135e+00  -2.33333e+00
           767   7.67000e+02  -1.82354e+00  -2.18469e+00  -2.16667e+00
           768   7.68000e+02  -1.82436e+00  -2.01805e+00  -2.00000e+00
           769   7.69000e+02  -1.82526e+00  -1.85140e+00  -1.83333e+00
           770   7.70000e+02  -1.82617e+00  -1.68472e+00  -1.66667e+00
           771   7.71000e+02  -1.82705e+00  -1.51805e+00  -1.50000e+00
           772   7.72000e+02  -1.82788e+00  -1.35138e+00  -1.33333e+00
           773   7.73000e+02  -1.82861e+00  -1.18471e+00  -1.16667e+00
           774   7.74000e+02  -1.82935e+00  -1.01803e+00  -1.00000e+00
           775   7.75000e+02  -1.83008e+00  -8.51337e-01  -8.33333e-01
           776   7.76000e+02  -1.83077e+00  -6.84635e-01  -6.66667e-01
           777   7.77000e+02  -1.83145e+00  -5.17933e-01  -5.00000e-01
           778   7.78000e+02  -1.83212e+00  -3.51249e-01  -3.33333e-01
           779   7.79000e+02  -1.83279e+00  -1.84531e-01  -1.66667e-01
           780   7.80000e+02  -1.83340e+00  -1.78175e-02   0.00000e+00
           781   7.81000e+02  -1.83409e+00   1.48874e-01   1.66667e-01
           782   7.82000e+02  -1.83480e+00   3.15565e-01   3.33333e-01
           783   7.83000e+02  -1.83551e+00   4.82260e-01   5.00000e-01
           784   7.84000e+02  -1.83617e+00   6.48977e-01   6.66667e-01
           785   7.85000e+02  -1.83688e+00   8.15669e-01   8.33333e-01
           786   7.86000e+02  -1.83755e+00   9.82381e-01   1.00000e+00
           787   7.87000e+02  -1.83816e+00   1.14907e+00   1.16667e+00
           788   7.88000e+02  -1.83866e+00   1.31580e+00   1.33333e+00
           789   7.89000e+02  -1.83915e+00   1.48249e+00   1.50000e+00
           790   7.90000e+02  -1.83960e+00   1.64919e+00   1.66667e+00
           791   7.91000e+02  -1.83996e+00   1.81589e+00   1.83333e+00
           792   7.92000e+02  -1.84017e+00   1.98261e+00   2.00000e+00
           793   7.93000e+02  -1.84034e+00   2.14933e+00   2.16667e+00
           794   7.94000e+02  -1.84047e+00   2.31604e+00   2.33333e+00
           795   7.95000e+02  -1.84044e+00   2.48276e+00   2.50000e+00
           796   7.96000e+02  -1.84037e+00   2.64948e+00   2.66667e+00
           797   7.97000e+02  -1.84023e+00   2.81622e+00   2.83333e+00
           798   7.98000e+02  -1.84007e+00   2.98293e+00   3.00000e+00
           799   7.99000e+02  -1.83990e+00   3.14965e+00   3.16667e+00
           800   8.00000e+02  -1.83973e+00   3.31635e+00   3.33333e+00
           801   8.01000e+02  -1.83949e+00   3.48307e+00   3.50000e+00
           802   8.02000e+02  -1.83930e+00   3.64977e+00   3.66667e+00
           803   8.03000e+02  -1.83910e+00   3.81646e+00   3.83333e+00
           804   8.04000e+02  -1.83910e+00   3.98319e+00   4.00000e+00
           805   8.05000e+02  -1.83904e+00   4.14993e+00   4.16667e+00
           806   8.06000e+02  -1.83906e+00   4.31663e+00   4.33333e+00
           807   8.07000e+02  -1.83913e+00   4.48333e+00   4.50000e+00
           808   8.08000e+02  -1.83918e+00   4.64999e+00   4.66667e+00
           809   8.09000e+02  -1.83933e+00   4.81670e+00   4.83333e+00
           810   8.10000e+02  -1.83965e+00   4.98338e+00   5.00000e+00
           811   8.11000e+02  -1.84000e+00   5.15006e+00   5.16667e+00
           812   8.12000e+02  -1.84043e+00   5.31675e+00   5.33333e+00
           813   8.13000e+02  -1.84079e+00   5.48343e+00   5.50000e+00
           814   8.14000e+02  -1.84129e+00   5.65009e+00   5.66667e+00
           815   8.15000e+02  -1.84189e+00   5.81678e+00   5.83333e+00
           816   8.16000e+02  -1.84247e+00   5.98345e+00   6.00000e+00
           817   8.17000e+02  -1.84309e+00   6.15014e+00   6.16667e+00
           818   8.18000e+02  -1.84381e+00   6.31682e+00   6.33333e+00
           819   8.19000e+02  -1.84446e+00   6.48348e+00   6.50000e+00
           820   8.20000e+02  -1.84516e+00   6.65018e+00   6.66667e+00
           821   8.21000e+02  -1.84588e+00   6.81686e+00   6.83333e+00
           822   8.22000e+02  -1.84664e+00   6.98351e+00   7.00000e+00
           823   8.23000e+02  -1.84742e+00   7.15020e+00   7.16667e+00
           824   8.24000e+02  -1.84810e+00   7.31688e+00   7.33333e+00
           825   8.25000e+02  -1.84882e+00   7.48356e+00   7.50000e+00
           826   8.26000e+02  -1.84953e+00   7.65025e+00   7.66667e+00
           827   8.27000e+02  -1.85022e+00   7.81694e+00   7.83333e+00
           828   8.28000e+02  -1.85100e+00   7.98364e+00   8.00000e+00
           829   8.29000e+02  -1.85173e+00   8.15033e+00   8.16667e+00
           830   8.30000e+02  -1.85244e+00   8.31703e+00   8.33333e+00
           831   8.31000e+02  -1.85314e+00   8.48372e+00   8.50000e+00
           832   8.32000e+02  -1.85383e+00   8.65040e+00   8.66667e+00
           833   8.33000e+02  -1.85461e+00   8.81711e+00   8.83333e+00
           834   8.34000e+02  -1.85544e+00   8.98380e+00   9.00000e+00
           835   8.35000e+02  -1.85625e+00   9.15048e+00   9.16667e+00
           836   8.36000e+02  -1.85709e+00   9.31718e+00   9.33333e+00
           837   8.37000e+02  -1.85784e+00   9.48386e+00   9.50000e+00
           838   8.38000e+02  -1.85865e+00   9.65056e+00   9.66667e+00
           839   8.39000e+02  -1.85948e+00   9.81725e+00   9.83333e+00
           840   8.40000e+02  -1.86026e+00   9.98391e+00   1.00000e+01
           841   8.41000e+02  -1.86103e+00   1.01506e+01   1.01667e+01
           842   8.42000e+02  -1.86176e+00   1.03173e+01   1.03333e+01
           843   8.43000e+02  -1.86253e+00   1.04839e+01   1.05000e+01
           844   8.44000e+02  -1.86330e+00   1.06506e+01   1.06667e+01
           845   8.45000e+02  -1.86400e+00   1.08173e+01   1.08333e+01
           846   8.46000e+02  -1.86468e+00   1.09839e+01   1.10000e+01
           847   8.47000e+02  -1.86535e+00   1.11506e+01   1.11667e+01
           848   8.48000e+02  -1.86598e+00   1.13172e+01   1.13333e+01
           849   8.49000e+02  -1.86670e+00   1.14839e+01   1.15000e+01
           850   8.50000e+02  -1.86740e+00   1.16505e+01   1.16667e+01
           851   8.51000e+02  -1.86811e+00   1.18172e+01   1.18333e+01
           852   8.52000e+02  -1.86880e+00   1.19838e+01   1.20000e+01
           853   8.53000e+02  -1.86953e+00   1.21505e+01   1.21667e+01
           854   8.54000e+02  -1.87025e+00   1.23171e+01   1.23333e+01
           855   8.55000e+02  -1.87099e+00   1.24837e+01   1.25000e+01
           856   8.56000e+02  -1.87179e+00   1.26504e+01   1.26667e+01
           857   8.57000e+02  -1.87258e+00   1.28170e+01   1.28333e+01
           858   8.58000e+02  -1.87322e+00   1.29836e+01   1.30000e+01
           859   8.59000e+02  -1.87389e+00   1.31503e+01   1.31667e+01
           860   8.60000e+02  -1.87461e+00   1.33169e+01   1.33333e+01
           861   8.61000e+02  -1.87523e+00   1.34836e+01   1.35000e+01
           862   8.62000e+02  -1.87585e+00   1.36502e+01   1.36667e+01
           863   8.63000e+02  -1.87649e+00   1.38169e+01   1.38333e+01
           864   8.64000e+02  -1.87716e+00   1.39836e+01   1.40000e+01
           865   8.65000e+02  -1.87778e+00   1.41502e+01   1.41667e+01
           866   8.66000e+02  -1.87835e+00   1.43169e+01   1.43333e+01
           867   8.67000e+02  -1.87898e+00   1.44836e+01   1.45000e+01
           868   8.68000e+02  -1.87967e+00   1.46502e+01   1.46667e+01
           869   8.69000e+02  -1.88026e+00   1.48169e+01   1.48333e+01
           870   8.70000e+02  -1.88094e+00   1.49836e+01   1.50000e+01
           871   8.71000e+02  -1.88159e+00   1.51503e+01   1.51667e+01
           872   8.72000e+02  -1.88220e+00   1.53169e+01   1.53333e+01
           873   8.73000e+02  -1.88283e+00   1.54836e+01   1.55000e+01
           874   8.74000e+02  -1.88347e+00   1.56503e+01   1.56667e+01
           875   8.75000e+02  -1.88416e+00   1.58169e+01   1.58333e+01
           876   8.76000e+02  -1.88491e+00   1.59836e+01   1.60000e+01
           877   8.77000e+02  -1.88555e+00   1.61503e+01   1.61667e+01
           878   8.78000e+02  -1.88628e+00   1.63169e+01   1.63333e+01
           879   8.79000e+02  -1.88702e+00   1.64836e+01   1.65000e+01
           880   8.80000e+02  -1.88775e+00   1.66502e+01   1.66667e+01
           881   8.81000e+02  -1.88850e+00   1.68169e+01   1.68333e+01
           882   8.82000e+02  -1.88925e+00   1.69835e+01   1.70000e+01
           883   8.83000e+02  -1.88999e+00   1.71502e+01   1.71667e+01
           884   8.84000e+02  -1.89070e+00   1.73169e+01   1.73333e+01
           885   8.85000e+02  -1.89138e+00   1.74835e+01   1.75000e+01
           886   8.86000e+02  -1.89214e+00   1.76502e+01   1.76667e+01
           887   8.87000e+02  -1.89285e+00   1.78168e+01   1.78333e+01
           888   8.88000e+02  -1.89349e+00   1.79835e+01   1.80000e+01
           889   8.89000e+02  -1.89419e+00   1.81501e+01   1.81667e+01
           890   8.90000e+02  -1.89488e+00   1.83168e+01   1.83333e+01
           891   8.91000e+02  -1.89553e+00   1.84834e+01   1.85000e+01
           892   8.92000e+02  -1.89615e+00   1.86501e+01   1.86667e+01
           893   8.93000e+02  -1.89684e+00   1.88168e+01   1.88333e+01
           894   8.94000e+02  -1.89758e+00   1.89834e+01   1.90000e+01
           895   8.95000e+02  -1.89827e+00   1.91501e+01   1.91667e+01
           896   8.96000e+02  -1.89898e+00   1.93167e+01   1.93333e+01
           897   8.97000e+02  -1.89973e+00   1.94834e+01   1.95000e+01
           898   8.98000e+02  -1.90053e+00   1.96500e+01   1.96667e+01
           899   8.99000e+02  -1.90131e+00   1.98167e+01   1.98333e+01
           900   9.00000e+02  -1.90212e+00   1.99833e+01   2.00000e+01
           901   9.01000e+02  -1.90299e+00   2.01500e+01   2.01667e+01
           902   9.02000e+02  -1.90384e+00   2.03166e+01   2.03333e+01
           903   9.03000e+02  -1.90462e+00   2.04833e+01   2.05000e+01
           904   9.04000e+02  -1.90543e+00   2.06500e+01   2.06667e+01
           905   9.05000e+02  -1.90627e+00   2.08166e+01   2.08333e+01
           906   9.06000e+02  -1.90706e+00   2.09833e+01   2.10000e+01
           907   9.07000e+02  -1.90777e+00   2.11499e+01   2.11667e+01
           908   9.08000e+02  -1.90857e+00   2.13166e+01   2.13333e+01
           909   9.09000e+02  -1.90933e+00   2.14833e+01   2.15000e+01
           910   9.10000e+02  -1.91004e+00   2.16500e+01   2.16667e+01
           911   9.11000e+02  -1.91081e+00   2.18166e+01   2.18333e+01
           912   9.12000e+02  -1.91154e+00   2.19833e+01   2.20000e+01
           913   9.13000e+02  -1.91227e+00   2.21500e+01   2.21667e+01
           914   9.14000e+02  -1.91297e+00   2.23167e+01   2.23333e+01
           915   9.15000e+02  -1.91370e+00   2.24834e+01   2.25000e+01
           916   9.16000e+02  -1.91445e+00   2.26501e+01   2.26667e+01
           917   9.17000e+02  -1.91511e+00   2.28167e+01   2.28333e+01
           918   9.18000e+02  -1.91578e+00   2.29834e+01   2.30000e+01
           919   9.19000e+02  -1.91649e+00   2.31501e+01   2.31667e+01
           920   9.20000e+02  -1.91721e+00   2.33168e+01   2.33333e+01
           921   9.21000e+02  -1.91794e+00   2.34835e+01   2.35000e+01
           922   9.22000e+02  -1.91870e+00   2.36502e+01   2.36667e+01
           923   9.23000e+02  -1.91945e+00   2.38169e+01   2.38333e+01
           924   9.24000e+02  -1.92019e+00   2.39836e+01   2.40000e+01
           925   9.25000e+02  -1.92094e+00   2.41503e+01   2.41667e+01
           926   9.26000e+02  -1.92172e+00   2.43169e+01   2.43333e+01
           927   9.27000e+02  -1.92250e+00   2.44836e+01   2.45000e+01
           928   9.28000e+02  -1.92328e+00   2.46503e+01   2.46667e+01
           929   9.29000e+02  -1.92399e+00   2.48170e+01   2.48333e+01
           930   9.30000e+02  -1.92473e+00   2.49837e+01   2.50000e+01
           931   9.31000e+02  -1.92545e+00   2.51503e+01   2.51667e+01
           932   9.32000e+02  -1.92614e+00   2.53170e+01   2.53333e+01
           933   9.33000e+02  -1.92690e+00   2.54837e+01   2.55000e+01
           934   9.34000e+02  -1.92760e+00   2.56503e+01   2.56667e+01
           935   9.35000e+02  -1.92839e+00   2.58170e+01   2.58333e+01
           936   9.36000e+02  -1.92916e+00   2.59837e+01   2.60000e+01
           937   9.37000e+02  -1.92987e+00   2.61503e+01   2.61667e+01
           938   9.38000e+02  -1.93064e+00   2.63170e+01   2.63333e+01
           939   9.39000e+02  -1.93136e+00   2.64836e+01   2.65000e+01
           940   9.40000e+02  -1.93207e+00   2.66502e+01   2.66667e+01
           941   9.41000e+02  -1.93279e+00   2.68169e+01   2.68333e+01
           942   9.42000e+02  -1.93349e+00   2.69836e+01   2.70000e+01
           943   9.43000e+02  -1.93427e+00   2.71502e+01   2.71667e+01
           944   9.44000e+02  -1.93499e+00   2.73169e+01   2.73333e+01
           945   9.45000e+02  -1.93566e+00   2.74835e+01   2.75000e+01
           946   9.46000e+02  -1.93642e+00   2.76502e+01   2.76667e+01
           947   9.47000e+02  -1.93716e+00   2.78168e+01   2.78333e+01
           948   9.48000e+02  -1.93794e+00   2.79835e+01   2.80000e+01
           949   9.49000e+02  -1.93875e+00   2.81502e+01   2.81667e+01
           950   9.50000e+02  -1.93953e+00   2.83168e+01   2.83333e+01
           951   9.51000e+02  -1.94029e+00   2.84835e+01   2.85000e+01
           952   9.52000e+02  -1.94108e+00   2.86502e+01   2.86667e+01
           953   9.53000e+02  -1.94178e+00   2.88169e+01   2.88333e+01
           954   9.54000e+02  -1.94255e+00   2.89836e+01   2.90000e+01
           955   9.55000e+02  -1.94334e+00   2.91502e+01   2.91667e+01
           956   9.56000e+02  -1.94404e+00   2.93169e+01   2.93333e+01
           957   9.57000e+02  -1.94471e+00   2.94836e+01   2.95000e+01
           958   9.58000e+02  -1.94539e+00   2.96503e+01   2.96667e+01
           959   9.59000e+02  -1.94615e+00   2.98170e+01   2.98333e+01
           960   9.60000e+02  -1.94689e+00   2.99837e+01   3.00000e+01
           961   9.61000e+02  -1.94750e+00   3.01504e+01   3.01667e+01
           962   9.62000e+02  -1.94817e+00   3.03171e+01   3.03333e+01
           963   9.63000e+02  -1.94886e+00   3.04838e+01   3.05000e+01
           964   9.64000e+02  -1.94947e+00   3.06505e+01   3.06667e+01
           965   9.65000e+02  -1.95016e+00   3.08172e+01   3.08333e+01
           966   9.66000e+02  -1.95084e+00   3.09839e+01   3.10000e+01
           967   9.67000e+02  -1.95155e+00   3.11506e+01   3.11667e+01
           968   9.68000e+02  -1.95219e+00   3.13173e+01   3.13333e+01
           969   9.69000e+02  -1.95280e+00   3.14840e+01   3.15000e+01
           970   9.70000e+02  -1.95352e+00   3.16507e+01   3.16667e+01
           971   9.71000e+02  -1.95423e+00   3.18173e+01   3.18333e+01
           972   9.72000e+02  -1.95493e+00   3.19840e+01   3.20000e+01
           973   9.73000e+02  -1.95566e+00   3.21507e+01   3.21667e+01
           974   9.74000e+02  -1.95633e+00   3.23174e+01   3.23333e+01
           975   9.75000e+02  -1.95708e+00   3.24840e+01   3.25000e+01
           976   9.76000e+02  -1.95774e+00   3.26507e+01   3.26667e+01
           977   9.77000e+02  -1.95848e+00   3.28173e+01   3.28333e+01
           978   9.78000e+02  -1.95915e+00   3.29840e+01   3.30000e+01
           979   9.79000e+02  -1.95977e+00   3.31506e+01   3.31667e+01
           980   9.80000e+02  -1.96050e+00   3.33173e+01   3.33333e+01
           981   9.81000e+02  -1.96115e+00   3.34839e+01   3.35000e+01
           982   9.82000e+02  -1.96185e+00   3.36506e+01   3.36667e+01
           983   9.83000e+02  -1.96257e+00   3.38173e+01   3.38333e+01
           984   9.84000e+02  -1.96327e+00   3.39839e+01   3.40000e+01
           985   9.85000e+02  -1.96402e+00   3.41506e+01   3.41667e+01
           986   9.86000e+02  -1.96472e+00   3.43172e+01   3.43333e+01
           987   9.87000e+02  -1.96557e+00   3.44839e+01   3.45000e+01
           988   9.88000e+02  -1.96643e+00   3.46506e+01   3.46667e+01
           989   9.89000e+02  -1.96711e+00   3.48172e+01   3.48333e+01
           990   9.90000e+02  -1.96784e+00   3.49839e+01   3.50000e+01
           991   9.91000e+02  -1.96858e+00   3.51505e+01   3.51667e+01
           992   9.92000e+02  -1.96934e+00   3.53172e+01   3.53333e+01
           993   9.93000e+02  -1.97006e+00   3.54839e+01   3.55000e+01
           994   9.94000e+02  -1.97076e+00   3.56506e+01   3.56667e+01
           995   9.95000e+02  -1.97145e+00   3.58172e+01   3.58333e+01
           996   9.96000e+02  -1.97212e+00   3.59839e+01   3.60000e+01
           997   9.97000e+02  -1.97281e+00   3.61506e+01   3.61667e+01
           998   9.98000e+02  -1.97357e+00   3.63173e+01   3.63333e+01
           999   9.99000e+02  -1.97434e+00   3.64839e+01   3.65000e+01
          1000   1.00000e+03  -1.97506e+00   3.66506e+01   3.66667e+01
          1001   1.00100e+03  -1.97573e+00   3.68173e+01   3.68333e+01
          1002   1.00200e+03  -1.97647e+00   3.69840e+01   3.70000e+01
          1003   1.00300e+03  -1.97720e+00   3.71506e+01   3.71667e+01
          1004   1.00400e+03  -1.97793e+00   3.73173e+01   3.73333e+01
          1005   1.00500e+03  -1.97865e+00   3.74840e+01   3.75000e+01
          1006   1.00600e+03  -1.97947e+00   3.76507e+01   3.76667e+01
          1007   1.00700e+03  -1.98028e+00   3.78174e+01   3.78333e+01
          1008   1.00800e+03  -1.98109e+00   3.79841e+01   3.80000e+01
          1009   1.00900e+03  -1.98185e+00   3.81508e+01   3.81667e+01
          1010   1.01000e+03  -1.98265e+00   3.83174e+01   3.83333e+01
          1011   1.01100e+03  -1.98339e+00   3.84841e+01   3.85000e+01
          1012   1.01200e+03  -1.98411e+00   3.86508e+01   3.86667e+01
          1013   1.01300e+03  -1.98489e+00   3.88175e+01   3.88333e+01
          1014   1.01400e+03  -1.98567e+00   3.89842e+01   3.90000e+01
          1015   1.01500e+03  -1.98633e+00   3.91509e+01   3.91667e+01
          1016   1.01600e+03  -1.98700e+00   3.93176e+01   3.93333e+01
          1017   1.01700e+03  -1.98768e+00   3.94843e+01   3.95000e+01
          1018   1.01800e+03  -1.98837e+00   3.96510e+01   3.96667e+01
          1019   1.01900e+03  -1.98909e+00   3.98177e+01   3.98333e+01
          1020   1.02000e+03  -1.98980e+00   3.99844e+01   4.00000e+01
          1021   1.02100e+03  -1.99059e+00   4.01511e+01   4.01667e+01
          1022   1.02200e+03  -1.99131e+00   4.03178e+01   4.03333e+01
          1023   1.02300e+03  -1.99203e+00   4.04845e+01   4.05000e+01
          1024   1.02400e+03  -1.99274e+00   4.06512e+01   4.06667e+01
          1025   1.02500e+03  -1.99342e+00   4.08179e+01   4.08333e+01
          1026   1.02600e+03  -1.99413e+00   4.09846e+01   4.10000e+01
          1027   1.02700e+03  -1.99491e+00   4.11513e+01   4.11667e+01
          1028   1.02800e+03  -1.99563e+00   4.13180e+01   4.13333e+01
          1029   1.02900e+03  -1.99640e+00   4.14847e+01   4.15000e+01
          1030   1.03000e+03  -1.99709e+00   4.16514e+01   4.16667e+01
          1031   1.03100e+03  -1.99787e+00   4.18180e+01   4.18333e+01
          1032   1.03200e+03  -1.99861e+00   4.19847e+01   4.20000e+01
          1033   1.03300e+03  -1.99939e+00   4.21514e+01   4.21667e+01
          1034   1.03400e+03  -2.00017e+00   4.23181e+01   4.23333e+01
          1035   1.03500e+03  -2.00090e+00   4.24848e+01   4.25000e+01
          1036   1.03600e+03  -2.00163e+00   4.26515e+01   4.26667e+01
          1037   1.03700e+03  -2.00242e+00   4.28181e+01   4.28333e+01
          1038   1.03800e+03  -2.00314e+00   4.29848e+01   4.30000e+01
          1039   1.03900e+03  -2.00384e+00   4.31515e+01   4.31667e+01
          1040   1.04000e+03  -2.00448e+00   4.33182e+01   4.33333e+01
          1041   1.04100e+03  -2.00519e+00   4.34848e+01   4.35000e+01
          1042   1.04200e+03  -2.00585e+00   4.36515e+01   4.36667e+01
          1043   1.04300e+03  -2.00654e+00   4.38182e+01   4.38333e+01
          1044   1.04400e+03  -2.00723e+00   4.39849e+01   4.40000e+01
          1045   1.04500e+03  -2.00788e+00   4.41516e+01   4.41667e+01
          1046   1.04600e+03  -2.00854e+00   4.43183e+01   4.43333e+01
          1047   1.04700e+03  -2.00921e+00   4.44850e+01   4.45000e+01
          1048   1.04800e+03  -2.00997e+00   4.46517e+01   4.46667e+01
          1049   1.04900e+03  -2.01073e+00   4.48184e+01   4.48333e+01
          1050   1.05000e+03  -2.01145e+00   4.49851e+01   4.50000e+01
          1051   1.05100e+03  -2.01225e+00   4.51518e+01   4.51667e+01
          1052   1.05200e+03  -2.01309e+00   4.53185e+01   4.53333e+01
          1053   1.05300e+03  -2.01393e+00   4.54852e+01   4.55000e+01
          1054   1.05400e+03  -2.01484e+00   4.56520e+01   4.56667e+01
          1055   1.05500e+03  -2.01569e+00   4.58187e+01   4.58333e+01
          1056   1.05600e+03  -2.01656e+00   4.59854e+01   4.60000e+01
          1057   1.05700e+03  -2.01740e+00   4.61521e+01   4.61667e+01
          1058   1.05800e+03  -2.01824e+00   4.63189e+01   4.63333e+01
          1059   1.05900e+03  -2.01902e+00   4.64856e+01   4.65000e+01
          1060   1.06000e+03  -2.01977e+00   4.66524e+01   4.66667e+01
          1061   1.06100e+03  -2.02053e+00   4.68191e+01   4.68333e+01
          1062   1.06200e+03  -2.02125e+00   4.69859e+01   4.70000e+01
          1063   1.06300e+03  -2.02189e+00   4.71527e+01   4.71667e+01
          1064   1.06400e+03  -2.02255e+00   4.73194e+01   4.73333e+01
          1065   1.06500e+03  -2.02318e+00   4.74862e+01   4.75000e+01
          1066   1.06600e+03  -2.02377e+00   4.76529e+01   4.76667e+01
          1067   1.06700e+03  -2.02439e+00   4.78196e+01   4.78333e+01
          1068   1.06800e+03  -2.02499e+00   4.79864e+01   4.80000e+01
          1069   1.06900e+03  -2.02557e+00   4.81531e+01   4.81667e+01
          1070   1.07000e+03  -2.02610e+00   4.83198e+01   4.83333e+01
          1071   1.07100e+03  -2.02669e+00   4.84865e+01   4.85000e+01
          1072   1.07200e+03  -2.02730e+00   4.86532e+01   4.86667e+01
          1073   1.07300e+03  -2.02789e+00   4.88200e+01   4.88333e+01
          1074   1.07400e+03  -2.02850e+00   4.89866e+01   4.90000e+01
          1075   1.07500e+03  -2.02915e+00   4.91533e+01   4.91667e+01
          1076   1.07600e+03  -2.02972e+00   4.93200e+01   4.93333e+01
          1077   1.07700e+03  -2.03041e+00   4.94867e+01   4.95000e+01
          1078   1.07800e+03  -2.03106e+00   4.96533e+01   4.96667e+01
          1079   1.07900e+03  -2.03170e+00   4.98200e+01   4.98333e+01
          1080   1.08000e+03  -2.03232e+00   4.99867e+01   5.00000e+01
          1081   1.08100e+03  -2.03298e+00   5.01533e+01   5.01667e+01
          1082   1.08200e+03  -2.03362e+00   5.03200e+01   5.03333e+01
          1083   1.08300e+03  -2.03429e+00   5.04866e+01   5.05000e+01
          1084   1.08400e+03  -2.03498e+00   5.06533e+01   5.06667e+01
          1085   1.08500e+03  -2.03566e+00   5.08199e+01   5.08333e+01
          1086   1.08600e+03  -2.03629e+00   5.09865e+01   5.10000e+01
          1087   1.08700e+03  -2.03696e+00   5.11532e+01   5.11667e+01
          1088   1.08800e+03  -2.03763e+00   5.13198e+01   5.13333e+01
          1089   1.08900e+03  -2.03834e+00   5.14864e+01   5.15000e+01
          1090   1.09000e+03  -2.03899e+00   5.16530e+01   5.16667e+01
          1091   1.09100e+03  -2.03970e+00   5.18197e+01   5.18333e+01
          1092   1.09200e+03  -2.04035e+00   5.19863e+01   5.20000e+01
          1093   1.09300e+03  -2.04102e+00   5.21529e+01   5.21667e+01
          1094   1.09400e+03  -2.04176e+00   5.23196e+01   5.23333e+01
          1095   1.09500e+03  -2.04242e+00   5.24862e+01   5.25000e+01
          1096   1.09600e+03  -2.04308e+00   5.26528e+01   5.26667e+01
          1097   1.09700e+03  -2.04376e+00   5.28194e+01   5.28333e+01
          1098   1.09800e+03  -2.04438e+00   5.29861e+01   5.30000e+01
          1099   1.09900e+03  -2.04507e+00   5.31527e+01   5.31667e+01
          1100   1.10000e+03  -2.04573e+00   5.33194e+01   5.33333e+01
          1101   1.10100e+03  -2.04642e+00   5.34860e+01   5.35000e+01
          1102   1.10200e+03  -2.04704e+00   5.36526e+01   5.36667e+01
          1103   1.10300e+03  -2.04765e+00   5.38193e+01   5.38333e+01
          1104   1.10400e+03  -2.04832e+00   5.39859e+01   5.40000e+01
          1105   1.10500e+03  -2.04893e+00   5.41526e+01   5.41667e+01
          1106   1.10600e+03  -2.04960e+00   5.43192e+01   5.43333e+01
          1107   1.10700e+03  -2.05025e+00   5.44859e+01   5.45000e+01
          1108   1.10800e+03  -2.05085e+00   5.46526e+01   5.46667e+01
          1109   1.10900e+03  -2.05149e+00   5.48193e+01   5.48333e+01
          1110   1.11000e+03  -2.05213e+00   5.49859e+01   5.50000e+01
          1111   1.11100e+03  -2.05280e+00   5.51526e+01   5.51667e+01
          1112   1.11200e+03  -2.05346e+00   5.53193e+01   5.53333e+01
          1113   1.11300e+03  -2.05414e+00   5.54860e+01   5.55000e+01
          1114   1.11400e+03  -2.05490e+00   5.56527e+01   5.56667e+01
          1115   1.11500e+03  -2.05561e+00   5.58194e+01   5.58333e+01
          1116   1.11600e+03  -2.05634e+00   5.59861e+01   5.60000e+01
          1117   1.11700e+03  -2.05700e+00   5.61527e+01   5.61667e+01
          1118   1.11800e+03  -2.05767e+00   5.63194e+01   5.63333e+01
          1119   1.11900e+03  -2.05827e+00   5.64861e+01   5.65000e+01
          1120   1.12000e+03  -2.05887e+00   5.66528e+01   5.66667e+01
          1121   1.12100e+03  -2.05953e+00   5.68195e+01   5.68333e+01
          1122   1.12200e+03  -2.06011e+00   5.69862e+01   5.70000e+01
          1123   1.12300e+03  -2.06069e+00   5.71528e+01   5.71667e+01
          1124   1.12400e+03  -2.06124e+00   5.73195e+01   5.73333e+01
          1125   1.12500e+03  -2.06179e+00   5.74861e+01   5.75000e+01
          1126   1.12600e+03  -2.06237e+00   5.76528e+01   5.76667e+01
          1127   1.12700e+03  -2.06297e+00   5.78195e+01   5.78333e+01
          1128   1.12800e+03  -2.06357e+00   5.79861e+01   5.80000e+01
          1129   1.12900e+03  -2.06415e+00   5.81528e+01   5.81667e+01
          1130   1.13000e+03  -2.06472e+00   5.83195e+01   5.83333e+01
          1131   1.13100e+03  -2.06534e+00   5.84861e+01   5.85000e+01
          1132   1.13200e+03  -2.06592e+00   5.86528e+01   5.86667e+01
          1133   1.13300e+03  -2.06651e+00   5.88194e+01   5.88333e+01
          1134   1.13400e+03  -2.06709e+00   5.89861e+01   5.90000e+01
          1135   1.13500e+03  -2.06773e+00   5.91527e+01   5.91667e+01
          1136   1.13600e+03  -2.06832e+00   5.93194e+01   5.93333e+01
          1137   1.13700e+03  -2.06897e+00   5.94860e+01   5.95000e+01
          1138   1.13800e+03  -2.06960e+00   5.96527e+01   5.96667e+01
          1139   1.13900e+03  -2.07017e+00   5.98193e+01   5.98333e+01
          1140   1.14000e+03  -2.07074e+00   5.99859e+01   6.00000e+01
          1141   1.14100e+03  -2.07136e+00   6.01526e+01   6.01667e+01
          1142   1.14200e+03  -2.07198e+00   6.03192e+01   6.03333e+01
          1143   1.14300e+03  -2.07258e+00   6.04859e+01   6.05000e+01
          1144   1.14400e+03  -2.07314e+00   6.06525e+01   6.06667e+01
          1145   1.14500e+03  -2.07371e+00   6.08192e+01   6.08333e+01
          1146   1.14600e+03  -2.07425e+00   6.09858e+01   6.10000e+01
          1147   1.14700e+03  -2.07482e+00   6.11525e+01   6.11667e+01
          1148   1.14800e+03  -2.07542e+00   6.13191e+01   6.13333e+01
          1149   1.14900e+03  -2.07597e+00   6.14858e+01   6.15000e+01
          1150   1.15000e+03  -2.07649e+00   6.16524e+01   6.16667e+01
          1151   1.15100e+03  -2.07700e+00   6.18191e+01   6.18333e+01
          1152   1.15200e+03  -2.07751e+00   6.19857e+01   6.20000e+01
          1153   1.15300e+03  -2.07801e+00   6.21524e+01   6.21667e+01
          1154   1.15400e+03  -2.07855e+00   6.23190e+01   6.23333e+01
          1155   1.15500e+03  -2.07904e+00   6.24857e+01   6.25000e+01
          1156   1.15600e+03  -2.07948e+00   6.26524e+01   6.26667e+01
          1157   1.15700e+03  -2.07995e+00   6.28190e+01   6.28333e+01
          1158   1.15800e+03  -2.08039e+00   6.29857e+01   6.30000e+01
          1159   1.15900e+03  -2.08084e+00   6.31524e+01   6.31667e+01
          1160   1.16000e+03  -2.08134e+00   6.33190e+01   6.33333e+01
          1161   1.16100e+03  -2.08189e+00   6.34857e+01   6.35000e+01
          1162   1.16200e+03  -2.08244e+00   6.36524e+01   6.36667e+01
          1163   1.16300e+03  -2.08296e+00   6.38191e+01   6.38333e+01
          1164   1.16400e+03  -2.08354e+00   6.39857e+01   6.40000e+01
          1165   1.16500e+03  -2.08416e+00   6.41524e+01   6.41667e+01
          1166   1.16600e+03  -2.08482e+00   6.43191e+01   6.43333e+01
          1167   1.16700e+03  -2.08548e+00   6.44857e+01   6.45000e+01
          1168   1.16800e+03  -2.08616e+00   6.46524e+01   6.46667e+01
          1169   1.16900e+03  -2.08685e+00   6.48190e+01   6.48333e+01
          1170   1.17000e+03  -2.08755e+00   6.49856e+01   6.50000e+01
          1171   1.17100e+03  -2.08825e+00   6.51522e+01   6.51667e+01
          1172   1.17200e+03  -2.08897e+00   6.53188e+01   6.53333e+01
          1173   1.17300e+03  -2.08970e+00   6.54854e+01   6.55000e+01
          1174   1.17400e+03  -2.09045e+00   6.56519e+01   6.56667e+01
          1175   1.17500e+03  -2.09122e+00   6.58185e+01   6.58333e+01
          1176   1.17600e+03  -2.09206e+00   6.59850e+01   6.60000e+01
          1177   1.17700e+03  -2.09294e+00   6.61515e+01   6.61667e+01
          1178   1.17800e+03  -2.09383e+00   6.63180e+01   6.63333e+01
          1179   1.17900e+03  -2.09471e+00   6.64845e+01   6.65000e+01
          1180   1.18000e+03  -2.09564e+00   6.66510e+01   6.66667e+01
          1181   1.18100e+03  -2.09661e+00   6.68175e+01   6.68333e+01
          1182   1.18200e+03  -2.09761e+00   6.69841e+01   6.70000e+01
          1183   1.18300e+03  -2.09867e+00   6.71506e+01   6.71667e+01
          1184   1.18400e+03  -2.09969e+00   6.73171e+01   6.73333e+01
          1185   1.18500e+03  -2.10074e+00   6.74836e+01   6.75000e+01
          1186   1.18600e+03  -2.10179e+00   6.76502e+01   6.76667e+01
          1187   1.18700e+03  -2.10283e+00   6.78168e+01   6.78333e+01
          1188   1.18800e+03  -2.10390e+00   6.79834e+01   6.80000e+01
          1189   1.18900e+03  -2.10498e+00   6.81500e+01   6.81667e+01
          1190   1.19000e+03  -2.10600e+00   6.83167e+01   6.83333e+01
          1191   1.19100e+03  -2.10701e+00   6.84833e+01   6.85000e+01
          1192   1.19200e+03  -2.10798e+00   6.86500e+01   6.86667e+01
          1193   1.19300e+03  -2.10895e+00   6.88167e+01   6.88333e+01
          1194   1.19400e+03  -2.10991e+00   6.89834e+01   6.90000e+01
          1195   1.19500e+03  -2.11085e+00   6.91502e+01   6.91667e+01
          1196   1.19600e+03  -2.11178e+00   6.93169e+01   6.93333e+01
          1197   1.19700e+03  -2.11263e+00   6.94837e+01   6.95000e+01
          1198   1.19800e+03  -2.11344e+00   6.96505e+01   6.96667e+01
          1199   1.19900e+03  -2.11426e+00   6.98173e+01   6.98333e+01
          1200   1.20000e+03  -2.11510e+00   6.99841e+01   7.00000e+01
          1201   1.20100e+03  -2.11588e+00   7.01509e+01   7.01667e+01
          1202   1.20200e+03  -2.11668e+00   7.03177e+01   7.03333e+01
          1203   1.20300e+03  -2.11746e+00   7.04845e+01   7.05000e+01
          1204   1.20400e+03  -2.11820e+00   7.06513e+01   7.06667e+01
          1205   1.20500e+03  -2.11891e+00   7.08182e+01   7.08333e+01
          1206   1.20600e+03  -2.11966e+00   7.09850e+01   7.10000e+01
          1207   1.20700e+03  -2.12039e+00   7.11518e+01   7.11667e+01
          1208   1.20800e+03  -2.12111e+00   7.13186e+01   7.13333e+01
          1209   1.20900e+03  -2.12185e+00   7.14855e+01   7.15000e+01
          1210   1.21000e+03  -2.12259e+00   7.16523e+01   7.16667e+01
          1211   1.21100e+03  -2.12328e+00   7.18191e+01   7.18333e+01
          1212   1.21200e+03  -2.12395e+00   7.19859e+01   7.20000e+01
          1213   1.21300e+03  -2.12460e+00   7.21527e+01   7.21667e+01
          1214   1.21400e+03  -2.12529e+00   7.23195e+01   7.23333e+01
          1215   1.21500e+03  -2.12592e+00   7.24864e+01   7.25000e+01
          1216   1.21600e+03  -2.12660e+00   7.26532e+01   7.26667e+01
          1217   1.21700e+03  -2.12724e+00   7.28200e+01   7.28333e+01
          1218   1.21800e+03  -2.12785e+00   7.29867e+01   7.30000e+01
          1219   1.21900e+03  -2.12843e+00   7.31535e+01   7.31667e+01
          1220   1.22000e+03  -2.12905e+00   7.33203e+01   7.33333e+01
          1221   1.22100e+03  -2.12969e+00   7.34871e+01   7.35000e+01
          1222   1.22200e+03  -2.13032e+00   7.36539e+01   7.36667e+01
          1223   1.22300e+03  -2.13098e+00   7.38206e+01   7.38333e+01
          1224   1.22400e+03  -2.13168e+00   7.39874e+01   7.40000e+01
          1225   1.22500e+03  -2.13237e+00   7.41541e+01   7.41667e+01
          1226   1.22600e+03  -2.13308e+00   7.43208e+01   7.43333e+01
          1227   1.22700e+03  -2.13381e+00   7.44875e+01   7.45000e+01
          1228   1.22800e+03  -2.13456e+00   7.46542e+01   7.46667e+01
          1229   1.22900e+03  -2.13531e+00   7.48209e+01   7.48333e+01
          1230   1.23000e+03  -2.13605e+00   7.49876e+01   7.50000e+01
          1231   1.23100e+03  -2.13685e+00   7.51543e+01   7.51667e+01
          1232   1.23200e+03  -2.13762e+00   7.53210e+01   7.53333e+01
          1233   1.23300e+03  -2.13835e+00   7.54877e+01   7.55000e+01
          1234   1.23400e+03  -2.13910e+00   7.56543e+01   7.56667e+01
          1235   1.23500e+03  -2.13991e+00   7.58210e+01   7.58333e+01
          1236   1.23600e+03  -2.14070e+00   7.59877e+01   7.60000e+01
          1237   1.23700e+03  -2.14153e+00   7.61544e+01   7.61667e+01
          1238   1.23800e+03  -2.14232e+00   7.63210e+01   7.63333e+01
          1239   1.23900e+03  -2.14311e+00   7.64877e+01   7.65000e+01
          1240   1.24000e+03  -2.14393e+00   7.66544e+01   7.66667e+01
          1241   1.24100e+03  -2.14476e+00   7.68210e+01   7.68333e+01
          1242   1.24200e+03  -2.14562e+00   7.69877e+01   7.70000e+01
          1243   1.24300e+03  -2.14647e+00   7.71543e+01   7.71667e+01
          1244   1.24400e+03  -2.14737e+00   7.73209e+01   7.73333e+01
          1245   1.24500e+03  -2.14826e+00   7.74876e+01   7.75000e+01
          1246   1.24600e+03  -2.14915e+00   7.76542e+01   7.76667e+01
          1247   1.24700e+03  -2.15007e+00   7.78209e+01   7.78333e+01
          1248   1.24800e+03  -2.15102e+00   7.79875e+01   7.80000e+01
          1249   1.24900e+03  -2.15191e+00   7.81542e+01   7.81667e+01
          1250   1.25000e+03  -2.15282e+00   7.83209e+01   7.83333e+01
          1251   1.25100e+03  -2.15383e+00   7.84876e+01   7.85000e+01
          1252   1.25200e+03  -2.15483e+00   7.86542e+01   7.86667e+01
          1253   1.25300e+03  -2.15578e+00   7.88209e+01   7.88333e+01
          1254   1.25400e+03  -2.15676e+00   7.89876e+01   7.90000e+01
          1255   1.25500e+03  -2.15772e+00   7.91542e+01   7.91667e+01
          1256   1.25600e+03  -2.15876e+00   7.93209e+01   7.93333e+01
          1257   1.25700e+03  -2.15975e+00   7.94876e+01   7.95000e+01
          1258   1.25800e+03  -2.16080e+00   7.96542e+01   7.96667e+01
          1259   1.25900e+03  -2.16184e+00   7.98209e+01   7.98333e+01
          1260   1.26000e+03  -2.16281e+00   7.99875e+01   8.00000e+01
          1261   1.26100e+03  -2.16380e+00   8.01542e+01   8.01667e+01
          1262   1.26200e+03  -2.16482e+00   8.03209e+01   8.03333e+01
          1263   1.26300e+03  -2.16584e+00   8.04876e+01   8.05000e+01
          1264   1.26400e+03  -2.16689e+00   8.06542e+01   8.06667e+01
          1265   1.26500e+03  -2.16792e+00   8.08209e+01   8.08333e+01
          1266   1.26600e+03  -2.16902e+00   8.09875e+01   8.10000e+01
          1267   1.26700e+03  -2.17013e+00   8.11542e+01   8.11667e+01
          1268   1.26800e+03  -2.17125e+00   8.13208e+01   8.13333e+01
          1269   1.26900e+03  -2.17239e+00   8.14875e+01   8.15000e+01
          1270   1.27000e+03  -2.17353e+00   8.16541e+01   8.16667e+01
          1271   1.27100e+03  -2.17465e+00   8.18208e+01   8.18333e+01
          1272   1.27200e+03  -2.17587e+00   8.19874e+01   8.20000e+01
          1273   1.27300e+03  -2.17711e+00   8.21541e+01   8.21667e+01
          1274   1.27400e+03  -2.17837e+00   8.23207e+01   8.23333e+01
          1275   1.27500e+03  -2.17964e+00   8.24873e+01   8.25000e+01
          1276   1.27600e+03  -2.18085e+00   8.26540e+01   8.26667e+01
          1277   1.27700e+03  -2.18211e+00   8.28206e+01   8.28333e+01
          1278   1.27800e+03  -2.18341e+00   8.29872e+01   8.30000e+01
          1279   1.27900e+03  -2.18472e+00   8.31539e+01   8.31667e+01
          1280   1.28000e+03  -2.18604e+00   8.33205e+01   8.33333e+01
          1281   1.28100e+03  -2.18733e+00   8.34871e+01   8.35000e+01
          1282   1.28200e+03  -2.18861e+00   8.36537e+01   8.36667e+01
          1283   1.28300e+03  -2.18990e+00   8.38204e+01   8.38333e+01
          1284   1.28400e+03  -2.19119e+00   8.39870e+01   8.40000e+01
          1285   1.28500e+03  -2.19253e+00   8.41536e+01   8.41667e+01
          1286   1.28600e+03  -2.19386e+00   8.43203e+01   8.43333e+01
          1287   1.28700e+03  -2.19520e+00   8.44869e+01   8.45000e+01
          1288   1.28800e+03  -2.19661e+00   8.46535e+01   8.46667e+01
          1289   1.28900e+03  -2.19805e+00   8.48201e+01   8.48333e+01
          1290   1.29000e+03  -2.19948e+00   8.49868e+01   8.50000e+01
          1291   1.29100e+03  -2.20098e+00   8.51534e+01   8.51667e+01
          1292   1.29200e+03  -2.20244e+00   8.53200e+01   8.53333e+01
          1293   1.29300e+03  -2.20395e+00   8.54866e+01   8.55000e+01
          1294   1.29400e+03  -2.20550e+00   8.56533e+01   8.56667e+01
          1295   1.29500e+03  -2.20707e+00   8.58199e+01   8.58333e+01
          1296   1.29600e+03  -2.20862e+00   8.59866e+01   8.60000e+01
          1297   1.29700e+03  -2.21013e+00   8.61532e+01   8.61667e+01
          1298   1.29800e+03  -2.21166e+00   8.63199e+01   8.63333e+01
          1299   1.29900e+03  -2.21323e+00   8.64865e+01   8.65000e+01
          1300   1.30000e+03  -2.21475e+00   8.66532e+01   8.66667e+01
          1301   1.30100e+03  -2.21633e+00   8.68199e+01   8.68333e+01
          1302   1.30200e+03  -2.21791e+00   8.69865e+01   8.70000e+01
          1303   1.30300e+03  -2.21950e+00   8.71532e+01   8.71667e+01
          1304   1.30400e+03  -2.22109e+00   8.73199e+01   8.73333e+01
          1305   1.30500e+03  -2.22273e+00   8.74865e+01   8.75000e+01
          1306   1.30600e+03  -2.22441e+00   8.76532e+01   8.76667e+01
          1307   1.30700e+03  -2.22610e+00   8.78199e+01   8.78333e+01
          1308   1.30800e+03  -2.22777e+00   8.79865e+01   8.80000e+01
          1309   1.30900e+03  -2.22949e+00   8.81532e+01   8.81667e+01
          1310   1.31000e+03  -2.23121e+00   8.83199e+01   8.83333e+01
          1311   1.31100e+03  -2.23299e+00   8.84866e+01   8.85000e+01
          1312   1.31200e+03  -2.23471e+00   8.86533e+01   8.86667e+01
          1313   1.31300e+03  -2.23651e+00   8.88200e+01   8.88333e+01
          1314   1.31400e+03  -2.23828e+00   8.89867e+01   8.90000e+01
          1315   1.31500e+03  -2.24006e+00   8.91534e+01   8.91667e+01
          1316   1.31600e+03  -2.24188e+00   8.93201e+01   8.93333e+01
          1317   1.31700e+03  -2.24369e+00   8.94868e+01   8.95000e+01
          1318   1.31800e+03  -2.24553e+00   8.96535e+01   8.96667e+01
          1319   1.31900e+03  -2.24732e+00   8.98202e+01   8.98333e+01
          1320   1.32000e+03  -2.24910e+00   8.99868e+01   9.00000e+01
          1321   1.32100e+03  -2.25095e+00   9.01536e+01   9.01667e+01
          1322   1.32200e+03  -2.25276e+00   9.03203e+01   9.03333e+01
          1323   1.32300e+03  -2.25463e+00   9.04870e+01   9.05000e+01
          1324   1.32400e+03  -2.25652e+00   9.06536e+01   9.06667e+01
          1325   1.32500e+03  -2.25836e+00   9.08203e+01   9.08333e+01
          1326   1.32600e+03  -2.26022e+00   9.09870e+01   9.10000e+01
          1327   1.32700e+03  -2.26211e+00   9.11537e+01   9.11667e+01
          1328   1.32800e+03  -2.26405e+00   9.13203e+01   9.13333e+01
          1329   1.32900e+03  -2.26602e+00   9.14870e+01   9.15000e+01
          1330   1.33000e+03  -2.26795e+00   9.16537e+01   9.16667e+01
          1331   1.33100e+03  -2.26991e+00   9.18203e+01   9.18333e+01
          1332   1.33200e+03  -2.27186e+00   9.19870e+01   9.20000e+01
          1333   1.33300e+03  -2.27377e+00   9.21537e+01   9.21667e+01
          1334   1.33400e+03  -2.27572e+00   9.23204e+01   9.23333e+01
          1335   1.33500e+03  -2.27772e+00   9.24870e+01   9.25000e+01
          1336   1.33600e+03  -2.27968e+00   9.26537e+01   9.26667e+01
          1337   1.33700e+03  -2.28166e+00   9.28204e+01   9.28333e+01
          1338   1.33800e+03  -2.28365e+00   9.29870e+01   9.30000e+01
          1339   1.33900e+03  -2.28567e+00   9.31537e+01   9.31667e+01
          1340   1.34000e+03  -2.28769e+00   9.33203e+01   9.33333e+01
          1341   1.34100e+03  -2.28975e+00   9.34870e+01   9.35000e+01
          1342   1.34200e+03  -2.29185e+00   9.36536e+01   9.36667e+01
          1343   1.34300e+03  -2.29403e+00   9.38203e+01   9.38333e+01
          1344   1.34400e+03  -2.29622e+00   9.39870e+01   9.40000e+01
          1345   1.34500e+03  -2.29846e+00   9.41536e+01   9.41667e+01
          1346   1.34600e+03  -2.30077e+00   9.43203e+01   9.43333e+01
          1347   1.34700e+03  -2.30310e+00   9.44869e+01   9.45000e+01
          1348   1.34800e+03  -2.30545e+00   9.46536e+01   9.46667e+01
          1349   1.34900e+03  -2.30789e+00   9.48202e+01   9.48333e+01
          1350   1.35000e+03  -2.31037e+00   9.49869e+01   9.50000e+01
          1351   1.35100e+03  -2.31285e+00   9.51535e+01   9.51667e+01
          1352   1.35200e+03  -2.31540e+00   9.53202e+01   9.53333e+01
          1353   1.35300e+03  -2.31800e+00   9.54868e+01   9.55000e+01
          1354   1.35400e+03  -2.32059e+00   9.56535e+01   9.56667e+01
          1355   1.35500e+03  -2.32321e+00   9.58201e+01   9.58333e+01
          1356   1.35600e+03  -2.32596e+00   9.59868e+01   9.60000e+01
          1357   1.35700e+03  -2.32882e+00   9.61534e+01   9.61667e+01
          1358   1.35800e+03  -2.33170e+00   9.63201e+01   9.63333e+01
          1359   1.35900e+03  -2.33467e+00   9.64867e+01   9.65000e+01
          1360   1.36000e+03  -2.33778e+00   9.66534e+01   9.66667e+01
          1361   1.36100e+03  -2.34091e+00   9.68200e+01   9.68333e+01
          1362   1.36200e+03  -2.34411e+00   9.69867e+01   9.70000e+01
          1363   1.36300e+03  -2.34746e+00   9.71533e+01   9.71667e+01
          1364   1.36400e+03  -2.35092e+00   9.73199e+01   9.73333e+01
          1365   1.36500e+03  -2.35439e+00   9.74866e+01   9.75000e+01
          1366   1.36600e+03  -2.35803e+00   9.76532e+01   9.76667e+01
          1367   1.36700e+03  -2.36183e+00   9.78199e+01   9.78333e+01
          1368   1.36800e+03  -2.36571e+00   9.79865e+01   9.80000e+01
          1369   1.36900e+03  -2.36968e+00   9.81532e+01   9.81667e+01
          1370   1.37000e+03  -2.37387e+00   9.83198e+01   9.83333e+01
          1371   1.37100e+03  -2.37827e+00   9.84864e+01   9.85000e+01
          1372   1.37200e+03  -2.38292e+00   9.86530e+01   9.86667e+01
          1373   1.37300e+03  -2.38780e+00   9.88197e+01   9.88333e+01
          1374   1.37400e+03  -2.39293e+00   9.89863e+01   9.90000e+01
          1375   1.37500e+03  -2.39823e+00   9.91529e+01   9.91667e+01
          1376   1.37600e+03  -2.40365e+00   9.93194e+01   9.93333e+01
          1377   1.37700e+03  -2.40912e+00   9.94860e+01   9.95000e+01
          1378   1.37800e+03  -2.41457e+00   9.96526e+01   9.96667e+01
          1379   1.37900e+03  -2.41994e+00   9.98191e+01   9.98333e+01
          1380   1.38000e+03  -2.42557e+00   9.99857e+01   1.00000e+02
          1381   1.38100e+03  -2.43059e+00   1.00152e+02   1.00167e+02
          1382   1.38200e+03  -2.43498e+00   1.00319e+02   1.00333e+02
          1383   1.38300e+03  -2.43967e+00   1.00485e+02   1.00500e+02
          1384   1.38400e+03  -2.44418e+00   1.00652e+02   1.00667e+02
          1385   1.38500e+03  -2.44851e+00   1.00819e+02   1.00833e+02
          1386   1.38600e+03  -2.45276e+00   1.00985e+02   1.01000e+02
          1387   1.38700e+03  -2.45705e+00   1.01152e+02   1.01167e+02
          1388   1.38800e+03  -2.46142e+00   1.01318e+02   1.01333e+02
          1389   1.38900e+03  -2.46608e+00   1.01485e+02   1.01500e+02
          1390   1.39000e+03  -2.47057e+00   1.01652e+02   1.01667e+02
          1391   1.39100e+03  -2.47499e+00   1.01818e+02   1.01833e+02
          1392   1.39200e+03  -2.47985e+00   1.01985e+02   1.02000e+02
          1393   1.39300e+03  -2.48717e+00   1.02151e+02   1.02167e+02
          1394   1.39400e+03  -2.49445e+00   1.02318e+02   1.02333e+02
          1395   1.39500e+03  -2.50285e+00   1.02484e+02   1.02500e+02
          1396   1.39600e+03  -2.51169e+00   1.02651e+02   1.02667e+02
          1397   1.39700e+03  -2.52027e+00   1.02817e+02   1.02833e+02
          1398   1.39800e+03  -2.52896e+00   1.02984e+02   1.03000e+02
          1399   1.39900e+03  -2.53777e+00   1.03150e+02   1.03167e+02
          1400   1.40000e+03  -2.54691e+00   1.03317e+02   1.03333e+02
          1401   1.40100e+03  -2.55599e+00   1.03483e+02   1.03500e+02
          1402   1.40200e+03  -2.56425e+00   1.03650e+02   1.03667e+02
          1403   1.40300e+03  -2.56730e+00   1.03816e+02   1.03833e+02
          1404   1.40400e+03  -2.56158e+00   1.03983e+02   1.04000e+02
          1405   1.40500e+03  -2.54878e+00   1.04150e+02   1.04167e+02
          1406   1.40600e+03  -2.53640e+00   1.04317e+02   1.04333e+02
          1407   1.40700e+03  -2.52371e+00   1.04484e+02   1.04500e+02
          1408   1.40800e+03  -2.51362e+00   1.04651e+02   1.04667e+02
          1409   1.40900e+03  -2.50360e+00   1.04818e+02   1.04833e+02
          1410   1.41000e+03  -2.49491e+00   1.04985e+02   1.05000e+02
          1411   1.41100e+03  -2.48646e+00   1.05152e+02   1.05167e+02
          1412   1.41200e+03  -2.47779e+00   1.05319e+02   1.05333e+02
          1413   1.41300e+03  -2.46937e+00   1.05486e+02   1.05500e+02
          1414   1.41400e+03  -2.46100e+00   1.05653e+02   1.05667e+02
          1415   1.41500e+03  -2.45258e+00   1.05820e+02   1.05833e+02
          1416   1.41600e+03  -2.44406e+00   1.05987e+02   1.06000e+02
          1417   1.41700e+03  -2.43575e+00   1.06154e+02   1.06167e+02
          1418   1.41800e+03  -2.42676e+00   1.06321e+02   1.06333e+02
          1419   1.41900e+03  -2.41749e+00   1.06487e+02   1.06500e+02
          1420   1.42000e+03  -2.40749e+00   1.06654e+02   1.06667e+02
          1421   1.42100e+03  -2.39782e+00   1.06821e+02   1.06833e+02
          1422   1.42200e+03  -2.38805e+00   1.06988e+02   1.07000e+02
          1423   1.42300e+03  -2.37829e+00   1.07155e+02   1.07167e+02
          1424   1.42400e+03  -2.36863e+00   1.07322e+02   1.07333e+02
          1425   1.42500e+03  -2.35914e+00   1.07489e+02   1.07500e+02
          1426   1.42600e+03  -2.34946e+00   1.07656e+02   1.07667e+02
          1427   1.42700e+03  -2.34067e+00   1.07823e+02   1.07833e+02
          1428   1.42800e+03  -2.33231e+00   1.07990e+02   1.08000e+02
          1429   1.42900e+03  -2.32429e+00   1.08157e+02   1.08167e+02
          1430   1.43000e+03  -2.31683e+00   1.08324e+02   1.08333e+02
          1431   1.43100e+03  -2.30934e+00   1.08491e+02   1.08500e+02
          1432   1.43200e+03  -2.30308e+00   1.08657e+02   1.08667e+02
          1433   1.43300e+03  -2.29747e+00   1.08824e+02   1.08833e+02
          1434   1.43400e+03  -2.29266e+00   1.08991e+02   1.09000e+02
          1435   1.43500e+03  -2.28883e+00   1.09158e+02   1.09167e+02
          1436   1.43600e+03  -2.28576e+00   1.09325e+02   1.09333e+02
          1437   1.43700e+03  -2.28340e+00   1.09491e+02   1.09500e+02
          1438   1.43800e+03  -2.28179e+00   1.09658e+02   1.09667e+02
          1439   1.43900e+03  -2.28127e+00   1.09825e+02   1.09833e+02
          1440   1.44000e+03  -2.28063e+00   1.09992e+02   1.10000e+02
          1441   1.44100e+03  -2.28088e+00   1.10158e+02   1.10167e+02
          1442   1.44200e+03  -2.28094e+00   1.10325e+02   1.10333e+02
          1443   1.44300e+03  -2.28123e+00   1.10492e+02   1.10500e+02
          1444   1.44400e+03  -2.28179e+00   1.10658e+02   1.10667e+02
          1445   1.44500e+03  -2.28246e+00   1.10825e+02   1.10833e+02
          1446   1.44600e+03  -2.28330e+00   1.10991e+02   1.11000e+02
          1447   1.44700e+03  -2.28421e+00   1.11158e+02   1.11167e+02
          1448   1.44800e+03  -2.28520e+00   1.11325e+02   1.11333e+02
          1449   1.44900e+03  -2.28619e+00   1.11491e+02   1.11500e+02
          1450   1.45000e+03  -2.28722e+00   1.11658e+02   1.11667e+02
          1451   1.45100e+03  -2.28822e+00   1.11825e+02   1.11833e+02
          1452   1.45200e+03  -2.28926e+00   1.11991e+02   1.12000e+02
          1453   1.45300e+03  -2.29020e+00   1.12158e+02   1.12167e+02
          1454   1.45400e+03  -2.29122e+00   1.12325e+02   1.12333e+02
          1455   1.45500e+03  -2.29219e+00   1.12491e+02   1.12500e+02
          1456   1.45600e+03  -2.29311e+00   1.12658e+02   1.12667e+02
          1457   1.45700e+03  -2.29407e+00   1.12824e+02   1.12833e+02
          1458   1.45800e+03  -2.29503e+00   1.12991e+02   1.13000e+02
          1459   1.45900e+03  -2.29590e+00   1.13158e+02   1.13167e+02
          1460   1.46000e+03  -2.29680e+00   1.13324e+02   1.13333e+02
          1461   1.46100e+03  -2.29770e+00   1.13491e+02   1.13500e+02
          1462   1.46200e+03  -2.29864e+00   1.13658e+02   1.13667e+02
          1463   1.46300e+03  -2.29951e+00   1.13824e+02   1.13833e+02
          1464   1.46400e+03  -2.30036e+00   1.13991e+02   1.14000e+02
          1465   1.46500e+03  -2.30126e+00   1.14157e+02   1.14167e+02
          1466   1.46600e+03  -2.30210e+00   1.14324e+02   1.14333e+02
          1467   1.46700e+03  -2.30298e+00   1.14491e+02   1.14500e+02
          1468   1.46800e+03  -2.30377e+00   1.14657e+02   1.14667e+02
          1469   1.46900e+03  -2.30456e+00   1.14824e+02   1.14833e+02
          1470   1.47000e+03  -2.30534e+00   1.14991e+02   1.15000e+02
          1471   1.47100e+03  -2.30610e+00   1.15157e+02   1.15167e+02
          1472   1.47200e+03  -2.30685e+00   1.15324e+02   1.15333e+02
          1473   1.47300e+03  -2.30760e+00   1.15491e+02   1.15500e+02
          1474   1.47400e+03  -2.30831e+00   1.15657e+02   1.15667e+02
          1475   1.47500e+03  -2.30898e+00   1.15824e+02   1.15833e+02
          1476   1.47600e+03  -2.30965e+00   1.15991e+02   1.16000e+02
          1477   1.47700e+03  -2.31040e+00   1.16158e+02   1.16167e+02
          1478   1.47800e+03  -2.31117e+00   1.16324e+02   1.16333e+02
          1479   1.47900e+03  -2.31192e+00   1.16491e+02   1.16500e+02
          1480   1.48000e+03  -2.31262e+00   1.16658e+02   1.16667e+02
          1481   1.48100e+03  -2.31332e+00   1.16824e+02   1.16833e+02
          1482   1.48200e+03  -2.31398e+00   1.16991e+02   1.17000e+02
          1483   1.48300e+03  -2.31467e+00   1.17158e+02   1.17167e+02
          1484   1.48400e+03  -2.31538e+00   1.17324e+02   1.17333e+02
          1485   1.48500e+03  -2.31609e+00   1.17491e+02   1.17500e+02
          1486   1.48600e+03  -2.31675e+00   1.17658e+02   1.17667e+02
          1487   1.48700e+03  -2.31742e+00   1.17824e+02   1.17833e+02
          1488   1.48800e+03  -2.31810e+00   1.17991e+02   1.18000e+02
          1489   1.48900e+03  -2.31880e+00   1.18158e+02   1.18167e+02
          1490   1.49000e+03  -2.31954e+00   1.18324e+02   1.18333e+02
          1491   1.49100e+03  -2.32023e+00   1.18491e+02   1.18500e+02
          1492   1.49200e+03  -2.32095e+00   1.18658e+02   1.18667e+02
          1493   1.49300e+03  -2.32167e+00   1.18824e+02   1.18833e+02
          1494   1.49400e+03  -2.32231e+00   1.18991e+02   1.19000e+02
          1495   1.49500e+03  -2.32297e+00   1.19158e+02   1.19167e+02
          1496   1.49600e+03  -2.32358e+00   1.19324e+02   1.19333e+02
          1497   1.49700e+03  -2.32418e+00   1.19491e+02   1.19500e+02
          1498   1.49800e+03  -2.32477e+00   1.19658e+02   1.19667e+02
          1499   1.49900e+03  -2.32533e+00   1.19824e+02   1.19833e+02
          1500   1.50000e+03  -2.32594e+00   1.19991e+02   1.20000e+02
          1501   1.50100e+03  -2.32647e+00   1.20158e+02   1.20167e+02
          1502   1.50200e+03  -2.32704e+00   1.20324e+02   1.20333e+02
          1503   1.50300e+03  -2.32764e+00   1.20491e+02   1.20500e+02
          1504   1.50400e+03  -2.32824e+00   1.20658e+02   1.20667e+02
          1505   1.50500e+03  -2.32887e+00   1.20824e+02   1.20833e+02
          1506   1.50600e+03  -2.32950e+00   1.20991e+02   1.21000e+02
          1507   1.50700e+03  -2.33013e+00   1.21158e+02   1.21167e+02
          1508   1.50800e+03  -2.33077e+00   1.21324e+02   1.21333e+02
          1509   1.50900e+03  -2.33140e+00   1.21491e+02   1.21500e+02
          1510   1.51000e+03  -2.33205e+00   1.21657e+02   1.21667e+02
          1511   1.51100e+03  -2.33267e+00   1.21824e+02   1.21833e+02
          1512   1.51200e+03  -2.33334e+00   1.21991e+02   1.22000e+02
          1513   1.51300e+03  -2.33399e+00   1.22158e+02   1.22167e+02
          1514   1.51400e+03  -2.33457e+00   1.22324e+02   1.22333e+02
          1515   1.51500e+03  -2.33518e+00   1.22491e+02   1.22500e+02
          1516   1.51600e+03  -2.33581e+00   1.22658e+02   1.22667e+02
          1517   1.51700e+03  -2.33639e+00   1.22824e+02   1.22833e+02
          1518   1.51800e+03  -2.33698e+00   1.22991e+02   1.23000e+02
          1519   1.51900e+03  -2.33755e+00   1.23158e+02   1.23167e+02
          1520   1.52000e+03  -2.33812e+00   1.23324e+02   1.23333e+02
          1521   1.52100e+03  -2.33865e+00   1.23491e+02   1.23500e+02
          1522   1.52200e+03  -2.33917e+00   1.23658e+02   1.23667e+02
          1523   1.52300e+03  -2.33976e+00   1.23824e+02   1.23833e+02
          1524   1.52400e+03  -2.34027e+00   1.23991e+02   1.24000e+02
          1525   1.52500e+03  -2.34079e+00   1.24158e+02   1.24167e+02
          1526   1.52600e+03  -2.34133e+00   1.24324e+02   1.24333e+02
          1527   1.52700e+03  -2.34184e+00   1.24491e+02   1.24500e+02
          1528   1.52800e+03  -2.34240e+00   1.24658e+02   1.24667e+02
          1529   1.52900e+03  -2.34294e+00   1.24824e+02   1.24833e+02
          1530   1.53000e+03  -2.34343e+00   1.24991e+02   1.25000e+02
          1531   1.53100e+03  -2.34402e+00   1.25158e+02   1.25167e+02
          1532   1.53200e+03  -2.34459e+00   1.25324e+02   1.25333e+02
          1533   1.53300e+03  -2.34517e+00   1.25491e+02   1.25500e+02
          1534   1.53400e+03  -2.34576e+00   1.25658e+02   1.25667e+02
          1535   1.53500e+03  -2.34637e+00   1.25825e+02   1.25833e+02
          1536   1.53600e+03  -2.34697e+00   1.25991e+02   1.26000e+02
          1537   1.53700e+03  -2.34756e+00   1.26158e+02   1.26167e+02
          1538   1.53800e+03  -2.34816e+00   1.26325e+02   1.26333e+02
          1539   1.53900e+03  -2.34883e+00   1.26491e+02   1.26500e+02
          1540   1.54000e+03  -2.34941e+00   1.26658e+02   1.26667e+02
          1541   1.54100e+03  -2.34996e+00   1.26825e+02   1.26833e+02
          1542   1.54200e+03  -2.35050e+00   1.26991e+02   1.27000e+02
          1543   1.54300e+03  -2.35103e+00   1.27158e+02   1.27167e+02
          1544   1.54400e+03  -2.35154e+00   1.27325e+02   1.27333e+02
          1545   1.54500e+03  -2.35210e+00   1.27491e+02   1.27500e+02
          1546   1.54600e+03  -2.35264e+00   1.27658e+02   1.27667e+02
          1547   1.54700e+03  -2.35320e+00   1.27825e+02   1.27833e+02
          1548   1.54800e+03  -2.35374e+00   1.27991e+02   1.28000e+02
          1549   1.54900e+03  -2.35432e+00   1.28158e+02   1.28167e+02
          1550   1.55000e+03  -2.35489e+00   1.28324e+02   1.28333e+02
          1551   1.55100e+03  -2.35548e+00   1.28491e+02   1.28500e+02
          1552   1.55200e+03  -2.35606e+00   1.28658e+02   1.28667e+02
          1553   1.55300e+03  -2.35669e+00   1.28824e+02   1.28833e+02
          1554   1.55400e+03  -2.35725e+00   1.28991e+02   1.29000e+02
          1555   1.55500e+03  -2.35783e+00   1.29158e+02   1.29167e+02
          1556   1.55600e+03  -2.35837e+00   1.29324e+02   1.29333e+02
          1557   1.55700e+03  -2.35892e+00   1.29491e+02   1.29500e+02
          1558   1.55800e+03  -2.35942e+00   1.29658e+02   1.29667e+02
          1559   1.55900e+03  -2.35995e+00   1.29824e+02   1.29833e+02
          1560   1.56000e+03  -2.36051e+00   1.29991e+02   1.30000e+02
          1561   1.56100e+03  -2.36108e+00   1.30157e+02   1.30167e+02
          1562   1.56200e+03  -2.36161e+00   1.30324e+02   1.30333e+02
          1563   1.56300e+03  -2.36216e+00   1.30491e+02   1.30500e+02
          1564   1.56400e+03  -2.36268e+00   1.30657e+02   1.30667e+02
          1565   1.56500e+03  -2.36322e+00   1.30824e+02   1.30833e+02
          1566   1.56600e+03  -2.36377e+00   1.30991e+02   1.31000e+02
          1567   1.56700e+03  -2.36436e+00   1.31157e+02   1.31167e+02
          1568   1.56800e+03  -2.36492e+00   1.31324e+02   1.31333e+02
          1569   1.56900e+03  -2.36545e+00   1.31491e+02   1.31500e+02
          1570   1.57000e+03  -2.36603e+00   1.31657e+02   1.31667e+02
          1571   1.57100e+03  -2.36656e+00   1.31824e+02   1.31833e+02
          1572   1.57200e+03  -2.36708e+00   1.31991e+02   1.32000e+02
          1573   1.57300e+03  -2.36765e+00   1.32157e+02   1.32167e+02
          1574   1.57400e+03  -2.36825e+00   1.32324e+02   1.32333e+02
          1575   1.57500e+03  -2.36884e+00   1.32491e+02   1.32500e+02
          1576   1.57600e+03  -2.36944e+00   1.32657e+02   1.32667e+02
          1577   1.57700e+03  -2.37002e+00   1.32824e+02   1.32833e+02
          1578   1.57800e+03  -2.37060e+00   1.32991e+02   1.33000e+02
          1579   1.57900e+03  -2.37119e+00   1.33157e+02   1.33167e+02
          1580   1.58000e+03  -2.37179e+00   1.33324e+02   1.33333e+02
          1581   1.58100e+03  -2.37244e+00   1.33491e+02   1.33500e+02
          1582   1.58200e+03  -2.37309e+00   1.33657e+02   1.33667e+02
          1583   1.58300e+03  -2.37373e+00   1.33824e+02   1.33833e+02
          1584   1.58400e+03  -2.37433e+00   1.33991e+02   1.34000e+02
          1585   1.58500e+03  -2.37486e+00   1.34157e+02   1.34167e+02
          1586   1.58600e+03  -2.37543e+00   1.34324e+02   1.34333e+02
          1587   1.58700e+03  -2.37603e+00   1.34491e+02   1.34500e+02
          1588   1.58800e+03  -2.37655e+00   1.34657e+02   1.34667e+02
          1589   1.58900e+03  -2.37714e+00   1.34824e+02   1.34833e+02
          1590   1.59000e+03  -2.37773e+00   1.34991e+02   1.35000e+02
          1591   1.59100e+03  -2.37826e+00   1.35158e+02   1.35167e+02
          1592   1.59200e+03  -2.37878e+00   1.35324e+02   1.35333e+02
          1593   1.59300e+03  -2.37931e+00   1.35491e+02   1.35500e+02
          1594   1.59400e+03  -2.37986e+00   1.35658e+02   1.35667e+02
          1595   1.59500e+03  -2.38037e+00   1.35824e+02   1.35833e+02
          1596   1.59600e+03  -2.38088e+00   1.35991e+02   1.36000e+02
          1597   1.59700e+03  -2.38137e+00   1.36158e+02   1.36167e+02
          1598   1.59800e+03  -2.38178e+00   1.36325e+02   1.36333e+02
          1599   1.59900e+03  -2.38215e+00   1.36491e+02   1.36500e+02
          1600   1.60000e+03  -2.38256e+00   1.36658e+02   1.36667e+02
          1601   1.60100e+03  -2.38295e+00   1.36825e+02   1.36833e+02
          1602   1.60200e+03  -2.38336e+00   1.36992e+02   1.37000e+02
          1603   1.60300e+03  -2.38375e+00   1.37158e+02   1.37167e+02
          1604   1.60400e+03  -2.38420e+00   1.37325e+02   1.37333e+02
          1605   1.60500e+03  -2.38464e+00   1.37492e+02   1.37500e+02
          1606   1.60600e+03  -2.38507e+00   1.37659e+02   1.37667e+02
          1607   1.60700e+03  -2.38557e+00   1.37825e+02   1.37833e+02
          1608   1.60800e+03  -2.38609e+00   1.37992e+02   1.38000e+02
          1609   1.60900e+03  -2.38658e+00   1.38159e+02   1.38167e+02
          1610   1.61000e+03  -2.38711e+00   1.38325e+02   1.38333e+02
          1611   1.61100e+03  -2.38763e+00   1.38492e+02   1.38500e+02
          1612   1.61200e+03  -2.38817e+00   1.38659e+02   1.38667e+02
          1613   1.61300e+03  -2.38872e+00   1.38825e+02   1.38833e+02
          1614   1.61400e+03  -2.38929e+00   1.38992e+02   1.39000e+02
          1615   1.61500e+03  -2.38990e+00   1.39159e+02   1.39167e+02
          1616   1.61600e+03  -2.39049e+00   1.39325e+02   1.39333e+02
          1617   1.61700e+03  -2.39108e+00   1.39492e+02   1.39500e+02
          1618   1.61800e+03  -2.39170e+00   1.39659e+02   1.39667e+02
          1619   1.61900e+03  -2.39227e+00   1.39825e+02   1.39833e+02
          1620   1.62000e+03  -2.39289e+00   1.39992e+02   1.40000e+02
          1621   1.62100e+03  -2.39352e+00   1.40159e+02   1.40167e+02
          1622   1.62200e+03  -2.39415e+00   1.40325e+02   1.40333e+02
          1623   1.62300e+03  -2.39483e+00   1.40492e+02   1.40500e+02
          1624   1.62400e+03  -2.39546e+00   1.40659e+02   1.40667e+02
          1625   1.62500e+03  -2.39613e+00   1.40825e+02   1.40833e+02
          1626   1.62600e+03  -2.39681e+00   1.40992e+02   1.41000e+02
          1627   1.62700e+03  -2.39750e+00   1.41159e+02   1.41167e+02
          1628   1.62800e+03  -2.39823e+00   1.41325e+02   1.41333e+02
          1629   1.62900e+03  -2.39891e+00   1.41492e+02   1.41500e+02
          1630   1.63000e+03  -2.39961e+00   1.41659e+02   1.41667e+02
          1631   1.63100e+03  -2.40026e+00   1.41825e+02   1.41833e+02
          1632   1.63200e+03  -2.40089e+00   1.41992e+02   1.42000e+02
          1633   1.63300e+03  -2.40157e+00   1.42159e+02   1.42167e+02
          1634   1.63400e+03  -2.40223e+00   1.42325e+02   1.42333e+02
          1635   1.63500e+03  -2.40289e+00   1.42492e+02   1.42500e+02
          1636   1.63600e+03  -2.40347e+00   1.42659e+02   1.42667e+02
          1637   1.63700e+03  -2.40404e+00   1.42825e+02   1.42833e+02
          1638   1.63800e+03  -2.40471e+00   1.42992e+02   1.43000e+02
          1639   1.63900e+03  -2.40537e+00   1.43159e+02   1.43167e+02
          1640   1.64000e+03  -2.40602e+00   1.43325e+02   1.43333e+02
          1641   1.64100e+03  -2.40668e+00   1.43492e+02   1.43500e+02
          1642   1.64200e+03  -2.40733e+00   1.43659e+02   1.43667e+02
          1643   1.64300e+03  -2.40798e+00   1.43825e+02   1.43833e+02
          1644   1.64400e+03  -2.40861e+00   1.43992e+02   1.44000e+02
          1645   1.64500e+03  -2.40929e+00   1.44159e+02   1.44167e+02
          1646   1.64600e+03  -2.40995e+00   1.44325e+02   1.44333e+02
          1647   1.64700e+03  -2.41055e+00   1.44492e+02   1.44500e+02
          1648   1.64800e+03  -2.41118e+00   1.44659e+02   1.44667e+02
          1649   1.64900e+03  -2.41177e+00   1.44826e+02   1.44833e+02
          1650   1.65000e+03  -2.41237e+00   1.44992e+02   1.45000e+02
          1651   1.65100e+03  -2.41297e+00   1.45159e+02   1.45167e+02
          1652   1.65200e+03  -2.41358e+00   1.45326e+02   1.45333e+02
          1653   1.65300e+03  -2.41423e+00   1.45492e+02   1.45500e+02
          1654   1.65400e+03  -2.41488e+00   1.45659e+02   1.45667e+02
          1655   1.65500e+03  -2.41555e+00   1.45826e+02   1.45833e+02
          1656   1.65600e+03  -2.41621e+00   1.45992e+02   1.46000e+02
          1657   1.65700e+03  -2.41679e+00   1.46159e+02   1.46167e+02
          1658   1.65800e+03  -2.41740e+00   1.46326e+02   1.46333e+02
          1659   1.65900e+03  -2.41803e+00   1.46492e+02   1.46500e+02
          1660   1.66000e+03  -2.41863e+00   1.46659e+02   1.46667e+02
          1661   1.66100e+03  -2.41924e+00   1.46826e+02   1.46833e+02
          1662   1.66200e+03  -2.41984e+00   1.46993e+02   1.47000e+02
          1663   1.66300e+03  -2.42042e+00   1.47159e+02   1.47167e+02
          1664   1.66400e+03  -2.42097e+00   1.47326e+02   1.47333e+02
          1665   1.66500e+03  -2.42151e+00   1.47493e+02   1.47500e+02
          1666   1.66600e+03  -2.42213e+00   1.47659e+02   1.47667e+02
          1667   1.66700e+03  -2.42278e+00   1.47826e+02   1.47833e+02
          1668   1.66800e+03  -2.42336e+00   1.47993e+02   1.48000e+02
          1669   1.66900e+03  -2.42399e+00   1.48159e+02   1.48167e+02
          1670   1.67000e+03  -2.42456e+00   1.48326e+02   1.48333e+02
          1671   1.67100e+03  -2.42513e+00   1.48493e+02   1.48500e+02
          1672   1.67200e+03  -2.42572e+00   1.48659e+02   1.48667e+02
          1673   1.67300e+03  -2.42631e+00   1.48826e+02   1.48833e+02
          1674   1.67400e+03  -2.42690e+00   1.48993e+02   1.49000e+02
          1675   1.67500e+03  -2.42746e+00   1.49159e+02   1.49167e+02
          1676   1.67600e+03  -2.42805e+00   1.49326e+02   1.49333e+02
          1677   1.67700e+03  -2.42866e+00   1.49493e+02   1.49500e+02
          1678   1.67800e+03  -2.42921e+00   1.49659e+02   1.49667e+02
          1679   1.67900e+03  -2.42980e+00   1.49826e+02   1.49833e+02
          1680   1.68000e+03  -2.43039e+00   1.49993e+02   1.50000e+02
          1681   1.68100e+03  -2.43095e+00   1.50159e+02   1.50167e+02
          1682   1.68200e+03  -2.43153e+00   1.50326e+02   1.50333e+02
          1683   1.68300e+03  -2.43212e+00   1.50493e+02   1.50500e+02
          1684   1.68400e+03  -2.43271e+00   1.50659e+02   1.50667e+02
          1685   1.68500e+03  -2.43326e+00   1.50826e+02   1.50833e+02
          1686   1.68600e+03  -2.43381e+00   1.50993e+02   1.51000e+02
          1687   1.68700e+03  -2.43436e+00   1.51159e+02   1.51167e+02
          1688   1.68800e+03  -2.43488e+00   1.51326e+02   1.51333e+02
          1689   1.68900e+03  -2.43539e+00   1.51493e+02   1.51500e+02
          1690   1.69000e+03  -2.43593e+00   1.51660e+02   1.51667e+02
          1691   1.69100e+03  -2.43645e+00   1.51826e+02   1.51833e+02
          1692   1.69200e+03  -2.43693e+00   1.51993e+02   1.52000e+02
          1693   1.69300e+03  -2.43743e+00   1.52160e+02   1.52167e+02
          1694   1.69400e+03  -2.43790e+00   1.52326e+02   1.52333e+02
          1695   1.69500e+03  -2.43837e+00   1.52493e+02   1.52500e+02
          1696   1.69600e+03  -2.43890e+00   1.52660e+02   1.52667e+02
          1697   1.69700e+03  -2.43946e+00   1.52826e+02   1.52833e+02
          1698   1.69800e+03  -2.43999e+00   1.52993e+02   1.53000e+02
          1699   1.69900e+03  -2.44054e+00   1.53160e+02   1.53167e+02
          1700   1.70000e+03  -2.44108e+00   1.53327e+02   1.53333e+02
          1701   1.70100e+03  -2.44162e+00   1.53493e+02   1.53500e+02
          1702   1.70200e+03  -2.44216e+00   1.53660e+02   1.53667e+02
          1703   1.70300e+03  -2.44271e+00   1.53827e+02   1.53833e+02
          1704   1.70400e+03  -2.44330e+00   1.53994e+02   1.54000e+02
          1705   1.70500e+03  -2.44385e+00   1.54160e+02   1.54167e+02
          1706   1.70600e+03  -2.44438e+00   1.54327e+02   1.54333e+02
          1707   1.70700e+03  -2.44495e+00   1.54494e+02   1.54500e+02
          1708   1.70800e+03  -2.44553e+00   1.54660e+02   1.54667e+02
          1709   1.70900e+03  -2.44609e+00   1.54827e+02   1.54833e+02
          1710   1.71000e+03  -2.44672e+00   1.54994e+02   1.55000e+02
          1711   1.71100e+03  -2.44728e+00   1.55161e+02   1.55167e+02
          1712   1.71200e+03  -2.44784e+00   1.55327e+02   1.55333e+02
          1713   1.71300e+03  -2.44838e+00   1.55494e+02   1.55500e+02
          1714   1.71400e+03  -2.44891e+00   1.55661e+02   1.55667e+02
          1715   1.71500e+03  -2.44947e+00   1.55827e+02   1.55833e+02
          1716   1.71600e+03  -2.44996e+00   1.55994e+02   1.56000e+02
          1717   1.71700e+03  -2.45046e+00   1.56161e+02   1.56167e+02
          1718   1.71800e+03  -2.45097e+00   1.56328e+02   1.56333e+02
          1719   1.71900e+03  -2.45142e+00   1.56494e+02   1.56500e+02
          1720   1.72000e+03  -2.45195e+00   1.56661e+02   1.56667e+02
          1721   1.72100e+03  -2.45248e+00   1.56828e+02   1.56833e+02
          1722   1.72200e+03  -2.45302e+00   1.56994e+02   1.57000e+02
          1723   1.72300e+03  -2.45354e+00   1.57161e+02   1.57167e+02
          1724   1.72400e+03  -2.45406e+00   1.57328e+02   1.57333e+02
          1725   1.72500e+03  -2.45461e+00   1.57495e+02   1.57500e+02
          1726   1.72600e+03  -2.45514e+00   1.57661e+02   1.57667e+02
          1727   1.72700e+03  -2.45566e+00   1.57828e+02   1.57833e+02
          1728   1.72800e+03  -2.45616e+00   1.57995e+02   1.58000e+02
          1729   1.72900e+03  -2.45667e+00   1.58161e+02   1.58167e+02
          1730   1.73000e+03  -2.45720e+00   1.58328e+02   1.58333e+02
          1731   1.73100e+03  -2.45767e+00   1.58495e+02   1.58500e+02
          1732   1.73200e+03  -2.45816e+00   1.58661e+02   1.58667e+02
          1733   1.73300e+03  -2.45866e+00   1.58828e+02   1.58833e+02
          1734   1.73400e+03  -2.45918e+00   1.58995e+02   1.59000e+02
          1735   1.73500e+03  -2.45971e+00   1.59162e+02   1.59167e+02
          1736   1.73600e+03  -2.46023e+00   1.59328e+02   1.59333e+02
          1737   1.73700e+03  -2.46078e+00   1.59495e+02   1.59500e+02
          1738   1.73800e+03  -2.46126e+00   1.59662e+02   1.59667e+02
          1739   1.73900e+03  -2.46175e+00   1.59828e+02   1.59833e+02
          1740   1.74000e+03  -2.46229e+00   1.59995e+02   1.60000e+02
          1741   1.74100e+03  -2.46281e+00   1.60162e+02   1.60167e+02
          1742   1.74200e+03  -2.46330e+00   1.60328e+02   1.60333e+02
          1743   1.74300e+03  -2.46383e+00   1.60495e+02   1.60500e+02
          1744   1.74400e+03  -2.46431e+00   1.60662e+02   1.60667e+02
          1745   1.74500e+03  -2.46482e+00   1.60828e+02   1.60833e+02
          1746   1.74600e+03  -2.46533e+00   1.60995e+02   1.61000e+02
          1747   1.74700e+03  -2.46590e+00   1.61162e+02   1.61167e+02
          1748   1.74800e+03  -2.46649e+00   1.61328e+02   1.61333e+02
          1749   1.74900e+03  -2.46703e+00   1.61495e+02   1.61500e+02
          1750   1.75000e+03  -2.46764e+00   1.61662e+02   1.61667e+02
          1751   1.75100e+03  -2.46826e+00   1.61828e+02   1.61833e+02
          1752   1.75200e+03  -2.46883e+00   1.61995e+02   1.62000e+02
          1753   1.75300e+03  -2.46944e+00   1.62162e+02   1.62167e+02
          1754   1.75400e+03  -2.47002e+00   1.62328e+02   1.62333e+02
          1755   1.75500e+03  -2.47062e+00   1.62495e+02   1.62500e+02
          1756   1.75600e+03  -2.47117e+00   1.62662e+02   1.62667e+02
          1757   1.75700e+03  -2.47173e+00   1.62829e+02   1.62833e+02
          1758   1.75800e+03  -2.47230e+00   1.62995e+02   1.63000e+02
          1759   1.75900e+03  -2.47288e+00   1.63162e+02   1.63167e+02
          1760   1.76000e+03  -2.47344e+00   1.63329e+02   1.63333e+02
          1761   1.76100e+03  -2.47401e+00   1.63495e+02   1.63500e+02
          1762   1.76200e+03  -2.47459e+00   1.63662e+02   1.63667e+02
          1763   1.76300e+03  -2.47523e+00   1.63829e+02   1.63833e+02
          1764   1.76400e+03  -2.47585e+00   1.63995e+02   1.64000e+02
          1765   1.76500e+03  -2.47649e+00   1.64162e+02   1.64167e+02
          1766   1.76600e+03  -2.47709e+00   1.64329e+02   1.64333e+02
          1767   1.76700e+03  -2.47763e+00   1.64495e+02   1.64500e+02
          1768   1.76800e+03  -2.47818e+00   1.64662e+02   1.64667e+02
          1769   1.76900e+03  -2.47870e+00   1.64828e+02   1.64833e+02
          1770   1.77000e+03  -2.47921e+00   1.64995e+02   1.65000e+02
          1771   1.77100e+03  -2.47971e+00   1.65162e+02   1.65167e+02
          1772   1.77200e+03  -2.48016e+00   1.65328e+02   1.65333e+02
          1773   1.77300e+03  -2.48059e+00   1.65495e+02   1.65500e+02
          1774   1.77400e+03  -2.48094e+00   1.65662e+02   1.65667e+02
          1775   1.77500e+03  -2.48121e+00   1.65830e+02   1.65833e+02
          1776   1.77600e+03  -2.48142e+00   1.65997e+02   1.66000e+02
          1777   1.77700e+03  -2.48149e+00   1.66164e+02   1.66167e+02
          1778   1.77800e+03  -2.48147e+00   1.66331e+02   1.66333e+02
          1779   1.77900e+03  -2.48132e+00   1.66499e+02   1.66500e+02
          1780   1.78000e+03  -2.48109e+00   1.66666e+02   1.66667e+02
          1781   1.78100e+03  -2.48082e+00   1.66833e+02   1.66833e+02
          1782   1.78200e+03  -2.48047e+00   1.67000e+02   1.67000e+02
          1783   1.78300e+03  -2.48016e+00   1.67166e+02   1.67167e+02
          1784   1.78400e+03  -2.47996e+00   1.67333e+02   1.67333e+02
          1785   1.78500e+03  -2.47985e+00   1.67500e+02   1.67500e+02
          1786   1.78600e+03  -2.47988e+00   1.67666e+02   1.67667e+02
          1787   1.78700e+03  -2.47997e+00   1.67833e+02   1.67833e+02
          1788   1.78800e+03  -2.48021e+00   1.68000e+02   1.68000e+02
          1789   1.78900e+03  -2.48052e+00   1.68166e+02   1.68167e+02
          1790   1.79000e+03  -2.48092e+00   1.68333e+02   1.68333e+02
          1791   1.79100e+03  -2.48141e+00   1.68499e+02   1.68500e+02
          1792   1.79200e+03  -2.48195e+00   1.68666e+02   1.68667e+02
          1793   1.79300e+03  -2.48252e+00   1.68832e+02   1.68833e+02
          1794   1.79400e+03  -2.48316e+00   1.68999e+02   1.69000e+02
          1795   1.79500e+03  -2.48381e+00   1.69165e+02   1.69167e+02
          1796   1.79600e+03  -2.48456e+00   1.69332e+02   1.69333e+02
          1797   1.79700e+03  -2.48532e+00   1.69498e+02   1.69500e+02
          1798   1.79800e+03  -2.48613e+00   1.69665e+02   1.69667e+02
          1799   1.79900e+03  -2.48697e+00   1.69831e+02   1.69833e+02
          1800   1.80000e+03  -2.48786e+00   1.69998e+02   1.70000e+02
          1801   1.80100e+03  -2.48881e+00   1.70164e+02   1.70167e+02
          1802   1.80200e+03  -2.48979e+00   1.70331e+02   1.70333e+02
          1803   1.80300e+03  -2.49074e+00   1.70497e+02   1.70500e+02
          1804   1.80400e+03  -2.49172e+00   1.70664e+02   1.70667e+02
          1805   1.80500e+03  -2.49270e+00   1.70830e+02   1.70833e+02
          1806   1.80600e+03  -2.49365e+00   1.70997e+02   1.71000e+02
          1807   1.80700e+03  -2.49461e+00   1.71164e+02   1.71167e+02
          1808   1.80800e+03  -2.49553e+00   1.71330e+02   1.71333e+02
          1809   1.80900e+03  -2.49641e+00   1.71497e+02   1.71500e+02
          1810   1.81000e+03  -2.49725e+00   1.71663e+02   1.71667e+02
          1811   1.81100e+03  -2.49804e+00   1.71830e+02   1.71833e+02
          1812   1.81200e+03  -2.49882e+00   1.71997e+02   1.72000e+02
          1813   1.81300e+03  -2.49958e+00   1.72163e+02   1.72167e+02
          1814   1.81400e+03  -2.50031e+00   1.72330e+02   1.72333e+02
          1815   1.81500e+03  -2.50104e+00   1.72497e+02   1.72500e+02
          1816   1.81600e+03  -2.50169e+00   1.72663e+02   1.72667e+02
          1817   1.81700e+03  -2.50234e+00   1.72830e+02   1.72833e+02
          1818   1.81800e+03  -2.50300e+00   1.72997e+02   1.73000e+02
          1819   1.81900e+03  -2.50361e+00   1.73163e+02   1.73167e+02
          1820   1.82000e+03  -2.50423e+00   1.73330e+02   1.73333e+02
          1821   1.82100e+03  -2.50481e+00   1.73497e+02   1.73500e+02
          1822   1.82200e+03  -2.50541e+00   1.73664e+02   1.73667e+02
          1823   1.82300e+03  -2.50604e+00   1.73830e+02   1.73833e+02
          1824   1.82400e+03  -2.50660e+00   1.73997e+02   1.74000e+02
          1825   1.82500e+03  -2.50720e+00   1.74164e+02   1.74167e+02
          1826   1.82600e+03  -2.50781e+00   1.74330e+02   1.74333e+02
          1827   1.82700e+03  -2.50843e+00   1.74497e+02   1.74500e+02
          1828   1.82800e+03  -2.50903e+00   1.74664e+02   1.74667e+02
          1829   1.82900e+03  -2.50966e+00   1.74830e+02   1.74833e+02
          1830   1.83000e+03  -2.51029e+00   1.74997e+02   1.75000e+02
          1831   1.83100e+03  -2.51089e+00   1.75164e+02   1.75167e+02
          1832   1.83200e+03  -2.51148e+00   1.75330e+02   1.75333e+02
          1833   1.83300e+03  -2.51207e+00   1.75497e+02   1.75500e+02
          1834   1.83400e+03  -2.51269e+00   1.75664e+02   1.75667e+02
          1835   1.83500e+03  -2.51332e+00   1.75830e+02   1.75833e+02
          1836   1.83600e+03  -2.51393e+00   1.75997e+02   1.76000e+02
          1837   1.83700e+03  -2.51460e+00   1.76164e+02   1.76167e+02
          1838   1.83800e+03  -2.51522e+00   1.76330e+02   1.76333e+02
          1839   1.83900e+03  -2.51584e+00   1.76497e+02   1.76500e+02
          1840   1.84000e+03  -2.51646e+00   1.76664e+02   1.76667e+02
          1841   1.84100e+03  -2.51709e+00   1.76830e+02   1.76833e+02
          1842   1.84200e+03  -2.51779e+00   1.76997e+02   1.77000e+02
          1843   1.84300e+03  -2.51845e+00   1.77164e+02   1.77167e+02
          1844   1.84400e+03  -2.51912e+00   1.77330e+02   1.77333e+02
          1845   1.84500e+03  -2.51982e+00   1.77497e+02   1.77500e+02
          1846   1.84600e+03  -2.52051e+00   1.77664e+02   1.77667e+02
          1847   1.84700e+03  -2.52126e+00   1.77830e+02   1.77833e+02
          1848   1.84800e+03  -2.52201e+00   1.77997e+02   1.78000e+02
          1849   1.84900e+03  -2.52275e+00   1.78164e+02   1.78167e+02
          1850   1.85000e+03  -2.52348e+00   1.78331e+02   1.78333e+02
          1851   1.85100e+03  -2.52424e+00   1.78497e+02   1.78500e+02
          1852   1.85200e+03  -2.52499e+00   1.78664e+02   1.78667e+02
          1853   1.85300e+03  -2.52574e+00   1.78831e+02   1.78833e+02
          1854   1.85400e+03  -2.52648e+00   1.78997e+02   1.79000e+02
          1855   1.85500e+03  -2.52719e+00   1.79164e+02   1.79167e+02
          1856   1.85600e+03  -2.52787e+00   1.79331e+02   1.79333e+02
          1857   1.85700e+03  -2.52853e+00   1.79498e+02   1.79500e+02
          1858   1.85800e+03  -2.52920e+00   1.79664e+02   1.79667e+02
          1859   1.85900e+03  -2.52988e+00   1.79831e+02   1.79833e+02
          1860   1.86000e+03  -2.53052e+00   1.79998e+02   1.80000e+02
          1861   1.86100e+03  -2.53116e+00   1.80164e+02   1.80167e+02
          1862   1.86200e+03  -2.53181e+00   1.80331e+02   1.80333e+02
          1863   1.86300e+03  -2.53246e+00   1.80498e+02   1.80500e+02
          1864   1.86400e+03  -2.53314e+00   1.80664e+02   1.80667e+02
          1865   1.86500e+03  -2.53383e+00   1.80831e+02   1.80833e+02
          1866   1.86600e+03  -2.53455e+00   1.80998e+02   1.81000e+02
          1867   1.86700e+03  -2.53532e+00   1.81164e+02   1.81167e+02
          1868   1.86800e+03  -2.53609e+00   1.81331e+02   1.81333e+02
          1869   1.86900e+03  -2.53691e+00   1.81498e+02   1.81500e+02
          1870   1.87000e+03  -2.53775e+00   1.81664e+02   1.81667e+02
          1871   1.87100e+03  -2.53859e+00   1.81831e+02   1.81833e+02
          1872   1.87200e+03  -2.53945e+00   1.81998e+02   1.82000e+02
          1873   1.87300e+03  -2.54033e+00   1.82164e+02   1.82167e+02
          1874   1.87400e+03  -2.54125e+00   1.82331e+02   1.82333e+02
          1875   1.87500e+03  -2.54217e+00   1.82498e+02   1.82500e+02
          1876   1.87600e+03  -2.54307e+00   1.82664e+02   1.82667e+02
          1877   1.87700e+03  -2.54399e+00   1.82831e+02   1.82833e+02
          1878   1.87800e+03  -2.54482e+00   1.82998e+02   1.83000e+02
          1879   1.87900e+03  -2.54566e+00   1.83164e+02   1.83167e+02
          1880   1.88000e+03  -2.54649e+00   1.83331e+02   1.83333e+02
          1881   1.88100e+03  -2.54737e+00   1.83498e+02   1.83500e+02
          1882   1.88200e+03  -2.54821e+00   1.83664e+02   1.83667e+02
          1883   1.88300e+03  -2.54901e+00   1.83831e+02   1.83833e+02
          1884   1.88400e+03  -2.54982e+00   1.83998e+02   1.84000e+02
          1885   1.88500e+03  -2.55053e+00   1.84164e+02   1.84167e+02
          1886   1.88600e+03  -2.55125e+00   1.84331e+02   1.84333e+02
          1887   1.88700e+03  -2.55204e+00   1.84498e+02   1.84500e+02
          1888   1.88800e+03  -2.55282e+00   1.84664e+02   1.84667e+02
          1889   1.88900e+03  -2.55359e+00   1.84831e+02   1.84833e+02
          1890   1.89000e+03  -2.55436e+00   1.84998e+02   1.85000e+02
          1891   1.89100e+03  -2.55510e+00   1.85164e+02   1.85167e+02
          1892   1.89200e+03  -2.55586e+00   1.85331e+02   1.85333e+02
          1893   1.89300e+03  -2.55660e+00   1.85498e+02   1.85500e+02
          1894   1.89400e+03  -2.55740e+00   1.85664e+02   1.85667e+02
          1895   1.89500e+03  -2.55818e+00   1.85831e+02   1.85833e+02
          1896   1.89600e+03  -2.55896e+00   1.85997e+02   1.86000e+02
          1897   1.89700e+03  -2.55969e+00   1.86164e+02   1.86167e+02
          1898   1.89800e+03  -2.56043e+00   1.86331e+02   1.86333e+02
          1899   1.89900e+03  -2.56110e+00   1.86497e+02   1.86500e+02
          1900   1.90000e+03  -2.56181e+00   1.86664e+02   1.86667e+02
          1901   1.90100e+03  -2.56241e+00   1.86831e+02   1.86833e+02
          1902   1.90200e+03  -2.56300e+00   1.86997e+02   1.87000e+02
          1903   1.90300e+03  -2.56367e+00   1.87164e+02   1.87167e+02
          1904   1.90400e+03  -2.56432e+00   1.87330e+02   1.87333e+02
          1905   1.90500e+03  -2.56492e+00   1.87497e+02   1.87500e+02
          1906   1.90600e+03  -2.56557e+00   1.87664e+02   1.87667e+02
          1907   1.90700e+03  -2.56620e+00   1.87830e+02   1.87833e+02
          1908   1.90800e+03  -2.56690e+00   1.87997e+02   1.88000e+02
          1909   1.90900e+03  -2.56758e+00   1.88163e+02   1.88167e+02
          1910   1.91000e+03  -2.56833e+00   1.88330e+02   1.88333e+02
          1911   1.91100e+03  -2.56909e+00   1.88497e+02   1.88500e+02
          1912   1.91200e+03  -2.56975e+00   1.88663e+02   1.88667e+02
          1913   1.91300e+03  -2.57043e+00   1.88830e+02   1.88833e+02
          1914   1.91400e+03  -2.57111e+00   1.88996e+02   1.89000e+02
          1915   1.91500e+03  -2.57178e+00   1.89163e+02   1.89167e+02
          1916   1.91600e+03  -2.57245e+00   1.89329e+02   1.89333e+02
          1917   1.91700e+03  -2.57303e+00   1.89496e+02   1.89500e+02
          1918   1.91800e+03  -2.57362e+00   1.89663e+02   1.89667e+02
          1919   1.91900e+03  -2.57424e+00   1.89829e+02   1.89833e+02
          1920   1.92000e+03  -2.57484e+00   1.89996e+02   1.90000e+02
          1921   1.92100e+03  -2.57547e+00   1.90162e+02   1.90167e+02
          1922   1.92200e+03  -2.57608e+00   1.90329e+02   1.90333e+02
          1923   1.92300e+03  -2.57670e+00   1.90496e+02   1.90500e+02
          1924   1.92400e+03  -2.57732e+00   1.90662e+02   1.90667e+02
          1925   1.92500e+03  -2.57793e+00   1.90829e+02   1.90833e+02
          1926   1.92600e+03  -2.57858e+00   1.90995e+02   1.91000e+02
          1927   1.92700e+03  -2.57922e+00   1.91162e+02   1.91167e+02
          1928   1.92800e+03  -2.57982e+00   1.91329e+02   1.91333e+02
          1929   1.92900e+03  -2.58047e+00   1.91495e+02   1.91500e+02
          1930   1.93000e+03  -2.58111e+00   1.91662e+02   1.91667e+02
          1931   1.93100e+03  -2.58173e+00   1.91828e+02   1.91833e+02
          1932   1.93200e+03  -2.58230e+00   1.91995e+02   1.92000e+02
          1933   1.93300e+03  -2.58286e+00   1.92162e+02   1.92167e+02
          1934   1.93400e+03  -2.58345e+00   1.92328e+02   1.92333e+02
          1935   1.93500e+03  -2.58398e+00   1.92495e+02   1.92500e+02
          1936   1.93600e+03  -2.58452e+00   1.92662e+02   1.92667e+02
          1937   1.93700e+03  -2.58503e+00   1.92828e+02   1.92833e+02
          1938   1.93800e+03  -2.58548e+00   1.92995e+02   1.93000e+02
          1939   1.93900e+03  -2.58593e+00   1.93162e+02   1.93167e+02
          1940   1.94000e+03  -2.58639e+00   1.93328e+02   1.93333e+02
          1941   1.94100e+03  -2.58691e+00   1.93495e+02   1.93500e+02
          1942   1.94200e+03  -2.58737e+00   1.93662e+02   1.93667e+02
          1943   1.94300e+03  -2.58786e+00   1.93828e+02   1.93833e+02
          1944   1.94400e+03  -2.58837e+00   1.93995e+02   1.94000e+02
          1945   1.94500e+03  -2.58886e+00   1.94162e+02   1.94167e+02
          1946   1.94600e+03  -2.58936e+00   1.94328e+02   1.94333e+02
          1947   1.94700e+03  -2.58984e+00   1.94495e+02   1.94500e+02
          1948   1.94800e+03  -2.59031e+00   1.94662e+02   1.94667e+02
          1949   1.94900e+03  -2.59079e+00   1.94828e+02   1.94833e+02
          1950   1.95000e+03  -2.59122e+00   1.94995e+02   1.95000e+02
          1951   1.95100e+03  -2.59165e+00   1.95162e+02   1.95167e+02
          1952   1.95200e+03  -2.59205e+00   1.95328e+02   1.95333e+02
          1953   1.95300e+03  -2.59243e+00   1.95495e+02   1.95500e+02
          1954   1.95400e+03  -2.59282e+00   1.95662e+02   1.95667e+02
          1955   1.95500e+03  -2.59318e+00   1.95828e+02   1.95833e+02
          1956   1.95600e+03  -2.59356e+00   1.95995e+02   1.96000e+02
          1957   1.95700e+03  -2.59391e+00   1.96162e+02   1.96167e+02
          1958   1.95800e+03  -2.59424e+00   1.96328e+02   1.96333e+02
          1959   1.95900e+03  -2.59460e+00   1.96495e+02   1.96500e+02
          1960   1.96000e+03  -2.59499e+00   1.96662e+02   1.96667e+02
          1961   1.96100e+03  -2.59535e+00   1.96828e+02   1.96833e+02
          1962   1.96200e+03  -2.59570e+00   1.96995e+02   1.97000e+02
          1963   1.96300e+03  -2.59604e+00   1.97162e+02   1.97167e+02
          1964   1.96400e+03  -2.59642e+00   1.97328e+02   1.97333e+02
          1965   1.96500e+03  -2.59681e+00   1.97495e+02   1.97500e+02
          1966   1.96600e+03  -2.59719e+00   1.97662e+02   1.97667e+02
          1967   1.96700e+03  -2.59755e+00   1.97828e+02   1.97833e+02
          1968   1.96800e+03  -2.59789e+00   1.97995e+02   1.98000e+02
          1969   1.96900e+03  -2.59816e+00   1.98162e+02   1.98167e+02
          1970   1.97000e+03  -2.59843e+00   1.98328e+02   1.98333e+02
          1971   1.97100e+03  -2.59867e+00   1.98495e+02   1.98500e+02
          1972   1.97200e+03  -2.59885e+00   1.98661e+02   1.98667e+02
          1973   1.97300e+03  -2.59901e+00   1.98828e+02   1.98833e+02
          1974   1.97400e+03  -2.59908e+00   1.98995e+02   1.99000e+02
          1975   1.97500e+03  -2.59912e+00   1.99161e+02   1.99167e+02
          1976   1.97600e+03  -2.59914e+00   1.99328e+02   1.99333e+02
          1977   1.97700e+03  -2.59909e+00   1.99495e+02   1.99500e+02
          1978   1.97800e+03  -2.59900e+00   1.99661e+02   1.99667e+02
          1979   1.97900e+03  -2.59880e+00   1.99828e+02   1.99833e+02
          1980   1.98000e+03  -2.59858e+00   1.99995e+02   2.00000e+02
          1981   1.98100e+03  -2.59832e+00   2.00162e+02   2.00167e+02
          1982   1.98200e+03  -2.59800e+00   2.00329e+02   2.00333e+02
          1983   1.98300e+03  -2.59769e+00   2.00495e+02   2.00500e+02
          1984   1.98400e+03  -2.59736e+00   2.00662e+02   2.00667e+02
          1985   1.98500e+03  -2.59711e+00   2.00829e+02   2.00833e+02
          1986   1.98600e+03  -2.59693e+00   2.00995e+02   2.01000e+02
          1987   1.98700e+03  -2.59680e+00   2.01162e+02   2.01167e+02
          1988   1.98800e+03  -2.59679e+00   2.01328e+02   2.01333e+02
          1989   1.98900e+03  -2.59688e+00   2.01495e+02   2.01500e+02
          1990   1.99000e+03  -2.59706e+00   2.01661e+02   2.01667e+02
          1991   1.99100e+03  -2.59735e+00   2.01827e+02   2.01833e+02
          1992   1.99200e+03  -2.59771e+00   2.01994e+02   2.02000e+02
          1993   1.99300e+03  -2.59817e+00   2.02160e+02   2.02167e+02
          1994   1.99400e+03  -2.59862e+00   2.02327e+02   2.02333e+02
          1995   1.99500e+03  -2.59912e+00   2.02493e+02   2.02500e+02
          1996   1.99600e+03  -2.59971e+00   2.02659e+02   2.02667e+02
          1997   1.99700e+03  -2.60032e+00   2.02826e+02   2.02833e+02
          1998   1.99800e+03  -2.60092e+00   2.02992e+02   2.03000e+02
          1999   1.99900e+03  -2.60157e+00   2.03159e+02   2.03167e+02
          2000   2.00000e+03  -2.60222e+00   2.03325e+02   2.03333e+02
          2001   2.00100e+03  -2.60287e+00   2.03492e+02   2.03500e+02
          2002   2.00200e+03  -2.60356e+00   2.03658e+02   2.03667e+02
          2003   2.00300e+03  -2.60425e+00   2.03825e+02   2.03833e+02
          2004   2.00400e+03  -2.60491e+00   2.03992e+02   2.04000e+02
          2005   2.00500e+03  -2.60554e+00   2.04158e+02   2.04167e+02
          2006   2.00600e+03  -2.60616e+00   2.04325e+02   2.04333e+02
          2007   2.00700e+03  -2.60677e+00   2.04491e+02   2.04500e+02
          2008   2.00800e+03  -2.60738e+00   2.04658e+02   2.04667e+02
          2009   2.00900e+03  -2.60796e+00   2.04825e+02   2.04833e+02
          2010   2.01000e+03  -2.60857e+00   2.04991e+02   2.05000e+02
          2011   2.01100e+03  -2.60912e+00   2.05158e+02   2.05167e+02
          2012   2.01200e+03  -2.60969e+00   2.05324e+02   2.05333e+02
          2013   2.01300e+03  -2.61023e+00   2.05491e+02   2.05500e+02
          2014   2.01400e+03  -2.61078e+00   2.05658e+02   2.05667e+02
          2015   2.01500e+03  -2.61129e+00   2.05824e+02   2.05833e+02
          2016   2.01600e+03  -2.61179e+00   2.05991e+02   2.06000e+02
          2017   2.01700e+03  -2.61223e+00   2.06158e+02   2.06167e+02
          2018   2.01800e+03  -2.61269e+00   2.06324e+02   2.06333e+02
          2019   2.01900e+03  -2.61314e+00   2.06491e+02   2.06500e+02
          2020   2.02000e+03  -2.61360e+00   2.06658e+02   2.06667e+02
          2021   2.02100e+03  -2.61400e+00   2.06824e+02   2.06833e+02
          2022   2.02200e+03  -2.61443e+00   2.06991e+02   2.07000e+02
          2023   2.02300e+03  -2.61485e+00   2.07158e+02   2.07167e+02
          2024   2.02400e+03  -2.61529e+00   2.07325e+02   2.07333e+02
          2025   2.02500e+03  -2.61577e+00   2.07491e+02   2.07500e+02
          2026   2.02600e+03  -2.61626e+00   2.07658e+02   2.07667e+02
          2027   2.02700e+03  -2.61676e+00   2.07825e+02   2.07833e+02
          2028   2.02800e+03  -2.61722e+00   2.07991e+02   2.08000e+02
          2029   2.02900e+03  -2.61766e+00   2.08158e+02   2.08167e+02
          2030   2.03000e+03  -2.61816e+00   2.08325e+02   2.08333e+02
          2031   2.03100e+03  -2.61862e+00   2.08491e+02   2.08500e+02
          2032   2.03200e+03  -2.61905e+00   2.08658e+02   2.08667e+02
          2033   2.03300e+03  -2.61947e+00   2.08825e+02   2.08833e+02
          2034   2.03400e+03  -2.61985e+00   2.08991e+02   2.09000e+02
          2035   2.03500e+03  -2.62024e+00   2.09158e+02   2.09167e+02
          2036   2.03600e+03  -2.62063e+00   2.09325e+02   2.09333e+02
          2037   2.03700e+03  -2.62100e+00   2.09491e+02   2.09500e+02
          2038   2.03800e+03  -2.62139e+00   2.09658e+02   2.09667e+02
          2039   2.03900e+03  -2.62175e+00   2.09825e+02   2.09833e+02
          2040   2.04000e+03  -2.62213e+00   2.09991e+02   2.10000e+02
          2041   2.04100e+03  -2.62255e+00   2.10158e+02   2.10167e+02
          2042   2.04200e+03  -2.62296e+00   2.10325e+02   2.10333e+02
          2043   2.04300e+03  -2.62337e+00   2.10491e+02   2.10500e+02
          2044   2.04400e+03  -2.62377e+00   2.10658e+02   2.10667e+02
          2045   2.04500e+03  -2.62415e+00   2.10825e+02   2.10833e+02
          2046   2.04600e+03  -2.62454e+00   2.10991e+02   2.11000e+02
          2047   2.04700e+03  -2.62496e+00   2.11158e+02   2.11167e+02
          2048   2.04800e+03  -2.62538e+00   2.11325e+02   2.11333e+02
          2049   2.04900e+03  -2.62579e+00   2.11492e+02   2.11500e+02
          2050   2.05000e+03  -2.62621e+00   2.11658e+02   2.11667e+02
          2051   2.05100e+03  -2.62664e+00   2.11825e+02   2.11833e+02
          2052   2.05200e+03  -2.62705e+00   2.11992e+02   2.12000e+02
          2053   2.05300e+03  -2.62747e+00   2.12158e+02   2.12167e+02
          2054   2.05400e+03  -2.62788e+00   2.12325e+02   2.12333e+02
          2055   2.05500e+03  -2.62834e+00   2.12492e+02   2.12500e+02
          2056   2.05600e+03  -2.62874e+00   2.12658e+02   2.12667e+02
          2057   2.05700e+03  -2.62911e+00   2.12825e+02   2.12833e+02
          2058   2.05800e+03  -2.62948e+00   2.12992e+02   2.13000e+02
          2059   2.05900e+03  -2.62982e+00   2.13158e+02   2.13167e+02
          2060   2.06000e+03  -2.63017e+00   2.13325e+02   2.13333e+02
          2061   2.06100e+03  -2.63051e+00   2.13492e+02   2.13500e+02
          2062   2.06200e+03  -2.63086e+00   2.13659e+02   2.13667e+02
          2063   2.06300e+03  -2.63116e+00   2.13825e+02   2.13833e+02
          2064   2.06400e+03  -2.63142e+00   2.13992e+02   2.14000e+02
          2065   2.06500e+03  -2.63169e+00   2.14159e+02   2.14167e+02
          2066   2.06600e+03  -2.63198e+00   2.14325e+02   2.14333e+02
          2067   2.06700e+03  -2.63226e+00   2.14492e+02   2.14500e+02
          2068   2.06800e+03  -2.63253e+00   2.14659e+02   2.14667e+02
          2069   2.06900e+03  -2.63277e+00   2.14826e+02   2.14833e+02
          2070   2.07000e+03  -2.63303e+00   2.14992e+02   2.15000e+02
          2071   2.07100e+03  -2.63327e+00   2.15159e+02   2.15167e+02
          2072   2.07200e+03  -2.63354e+00   2.15326e+02   2.15333e+02
          2073   2.07300e+03  -2.63383e+00   2.15492e+02   2.15500e+02
          2074   2.07400e+03  -2.63410e+00   2.15659e+02   2.15667e+02
          2075   2.07500e+03  -2.63437e+00   2.15826e+02   2.15833e+02
          2076   2.07600e+03  -2.63464e+00   2.15992e+02   2.16000e+02
          2077   2.07700e+03  -2.63491e+00   2.16159e+02   2.16167e+02
          2078   2.07800e+03  -2.63522e+00   2.16326e+02   2.16333e+02
          2079   2.07900e+03  -2.63555e+00   2.16492e+02   2.16500e+02
          2080   2.08000e+03  -2.63586e+00   2.16659e+02   2.16667e+02
          2081   2.08100e+03  -2.63616e+00   2.16826e+02   2.16833e+02
          2082   2.08200e+03  -2.63644e+00   2.16992e+02   2.17000e+02
          2083   2.08300e+03  -2.63676e+00   2.17159e+02   2.17167e+02
          2084   2.08400e+03  -2.63706e+00   2.17326e+02   2.17333e+02
          2085   2.08500e+03  -2.63737e+00   2.17493e+02   2.17500e+02
          2086   2.08600e+03  -2.63769e+00   2.17659e+02   2.17667e+02
          2087   2.08700e+03  -2.63796e+00   2.17826e+02   2.17833e+02
          2088   2.08800e+03  -2.63821e+00   2.17993e+02   2.18000e+02
          2089   2.08900e+03  -2.63849e+00   2.18159e+02   2.18167e+02
          2090   2.09000e+03  -2.63880e+00   2.18326e+02   2.18333e+02
          2091   2.09100e+03  -2.63916e+00   2.18493e+02   2.18500e+02
          2092   2.09200e+03  -2.63951e+00   2.18659e+02   2.18667e+02
          2093   2.09300e+03  -2.63988e+00   2.18826e+02   2.18833e+02
          2094   2.09400e+03  -2.64029e+00   2.18992e+02   2.19000e+02
          2095   2.09500e+03  -2.64072e+00   2.19159e+02   2.19167e+02
          2096   2.09600e+03  -2.64122e+00   2.19326e+02   2.19333e+02
          2097   2.09700e+03  -2.64173e+00   2.19492e+02   2.19500e+02
          2098   2.09800e+03  -2.64226e+00   2.19659e+02   2.19667e+02
          2099   2.09900e+03  -2.64281e+00   2.19825e+02   2.19833e+02
          2100   2.10000e+03  -2.64336e+00   2.19992e+02   2.20000e+02
          2101   2.10100e+03  -2.64391e+00   2.20158e+02   2.20167e+02
          2102   2.10200e+03  -2.64448e+00   2.20325e+02   2.20333e+02
          2103   2.10300e+03  -2.64506e+00   2.20491e+02   2.20500e+02
          2104   2.10400e+03  -2.64560e+00   2.20658e+02   2.20667e+02
          2105   2.10500e+03  -2.64616e+00   2.20825e+02   2.20833e+02
          2106   2.10600e+03  -2.64674e+00   2.20991e+02   2.21000e+02
          2107   2.10700e+03  -2.64728e+00   2.21158e+02   2.21167e+02
          2108   2.10800e+03  -2.64784e+00   2.21324e+02   2.21333e+02
          2109   2.10900e+03  -2.64847e+00   2.21491e+02   2.21500e+02
          2110   2.11000e+03  -2.64913e+00   2.21657e+02   2.21667e+02
          2111   2.11100e+03  -2.64971e+00   2.21824e+02   2.21833e+02
          2112   2.11200e+03  -2.65028e+00   2.21991e+02   2.22000e+02
          2113   2.11300e+03  -2.65085e+00   2.22157e+02   2.22167e+02
          2114   2.11400e+03  -2.65137e+00   2.22324e+02   2.22333e+02
          2115   2.11500e+03  -2.65189e+00   2.22490e+02   2.22500e+02
          2116   2.11600e+03  -2.65235e+00   2.22657e+02   2.22667e+02
          2117   2.11700e+03  -2.65276e+00   2.22824e+02   2.22833e+02
          2118   2.11800e+03  -2.65310e+00   2.22990e+02   2.23000e+02
          2119   2.11900e+03  -2.65342e+00   2.23157e+02   2.23167e+02
          2120   2.12000e+03  -2.65377e+00   2.23324e+02   2.23333e+02
          2121   2.12100e+03  -2.65411e+00   2.23490e+02   2.23500e+02
          2122   2.12200e+03  -2.65446e+00   2.23657e+02   2.23667e+02
          2123   2.12300e+03  -2.65484e+00   2.23824e+02   2.23833e+02
          2124   2.12400e+03  -2.65524e+00   2.23990e+02   2.24000e+02
          2125   2.12500e+03  -2.65569e+00   2.24157e+02   2.24167e+02
          2126   2.12600e+03  -2.65619e+00   2.24324e+02   2.24333e+02
          2127   2.12700e+03  -2.65669e+00   2.24490e+02   2.24500e+02
          2128   2.12800e+03  -2.65722e+00   2.24657e+02   2.24667e+02
          2129   2.12900e+03  -2.65778e+00   2.24824e+02   2.24833e+02
          2130   2.13000e+03  -2.65833e+00   2.24991e+02   2.25000e+02
          2131   2.13100e+03  -2.65889e+00   2.25157e+02   2.25167e+02
          2132   2.13200e+03  -2.65945e+00   2.25324e+02   2.25333e+02
          2133   2.13300e+03  -2.66004e+00   2.25491e+02   2.25500e+02
          2134   2.13400e+03  -2.66066e+00   2.25657e+02   2.25667e+02
          2135   2.13500e+03  -2.66126e+00   2.25824e+02   2.25833e+02
          2136   2.13600e+03  -2.66184e+00   2.25991e+02   2.26000e+02
          2137   2.13700e+03  -2.66237e+00   2.26157e+02   2.26167e+02
          2138   2.13800e+03  -2.66291e+00   2.26324e+02   2.26333e+02
          2139   2.13900e+03  -2.66347e+00   2.26491e+02   2.26500e+02
          2140   2.14000e+03  -2.66402e+00   2.26658e+02   2.26667e+02
          2141   2.14100e+03  -2.66459e+00   2.26824e+02   2.26833e+02
          2142   2.14200e+03  -2.66511e+00   2.26991e+02   2.27000e+02
          2143   2.14300e+03  -2.66563e+00   2.27158e+02   2.27167e+02
          2144   2.14400e+03  -2.66620e+00   2.27324e+02   2.27333e+02
          2145   2.14500e+03  -2.66676e+00   2.27491e+02   2.27500e+02
          2146   2.14600e+03  -2.66734e+00   2.27658e+02   2.27667e+02
          2147   2.14700e+03  -2.66793e+00   2.27824e+02   2.27833e+02
          2148   2.14800e+03  -2.66855e+00   2.27991e+02   2.28000e+02
          2149   2.14900e+03  -2.66914e+00   2.28158e+02   2.28167e+02
          2150   2.15000e+03  -2.66977e+00   2.28324e+02   2.28333e+02
          2151   2.15100e+03  -2.67039e+00   2.28491e+02   2.28500e+02
          2152   2.15200e+03  -2.67099e+00   2.28658e+02   2.28667e+02
          2153   2.15300e+03  -2.67159e+00   2.28824e+02   2.28833e+02
          2154   2.15400e+03  -2.67217e+00   2.28991e+02   2.29000e+02
          2155   2.15500e+03  -2.67278e+00   2.29158e+02   2.29167e+02
          2156   2.15600e+03  -2.67336e+00   2.29324e+02   2.29333e+02
          2157   2.15700e+03  -2.67394e+00   2.29491e+02   2.29500e+02
          2158   2.15800e+03  -2.67453e+00   2.29658e+02   2.29667e+02
          2159   2.15900e+03  -2.67507e+00   2.29824e+02   2.29833e+02
          2160   2.16000e+03  -2.67561e+00   2.29991e+02   2.30000e+02
          2161   2.16100e+03  -2.67619e+00   2.30158e+02   2.30167e+02
          2162   2.16200e+03  -2.67672e+00   2.30324e+02   2.30333e+02
          2163   2.16300e+03  -2.67728e+00   2.30491e+02   2.30500e+02
          2164   2.16400e+03  -2.67784e+00   2.30658e+02   2.30667e+02
          2165   2.16500e+03  -2.67840e+00   2.30824e+02   2.30833e+02
          2166   2.16600e+03  -2.67896e+00   2.30991e+02   2.31000e+02
          2167   2.16700e+03  -2.67958e+00   2.31158e+02   2.31167e+02
          2168   2.16800e+03  -2.68022e+00   2.31324e+02   2.31333e+02
          2169   2.16900e+03  -2.68088e+00   2.31491e+02   2.31500e+02
          2170   2.17000e+03  -2.68151e+00   2.31658e+02   2.31667e+02
          2171   2.17100e+03  -2.68220e+00   2.31824e+02   2.31833e+02
          2172   2.17200e+03  -2.68284e+00   2.31991e+02   2.32000e+02
          2173   2.17300e+03  -2.68350e+00   2.32158e+02   2.32167e+02
          2174   2.17400e+03  -2.68419e+00   2.32324e+02   2.32333e+02
          2175   2.17500e+03  -2.68482e+00   2.32491e+02   2.32500e+02
          2176   2.17600e+03  -2.68541e+00   2.32658e+02   2.32667e+02
          2177   2.17700e+03  -2.68598e+00   2.32824e+02   2.32833e+02
          2178   2.17800e+03  -2.68658e+00   2.32991e+02   2.33000e+02
          2179   2.17900e+03  -2.68718e+00   2.33158e+02   2.33167e+02
          2180   2.18000e+03  -2.68777e+00   2.33325e+02   2.33333e+02
          2181   2.18100e+03  -2.68839e+00   2.33491e+02   2.33500e+02
          2182   2.18200e+03  -2.68900e+00   2.33658e+02   2.33667e+02
          2183   2.18300e+03  -2.68963e+00   2.33825e+02   2.33833e+02
          2184   2.18400e+03  -2.69031e+00   2.33991e+02   2.34000e+02
          2185   2.18500e+03  -2.69102e+00   2.34158e+02   2.34167e+02
          2186   2.18600e+03  -2.69175e+00   2.34325e+02   2.34333e+02
          2187   2.18700e+03  -2.69245e+00   2.34491e+02   2.34500e+02
          2188   2.18800e+03  -2.69318e+00   2.34658e+02   2.34667e+02
          2189   2.18900e+03  -2.69390e+00   2.34825e+02   2.34833e+02
          2190   2.19000e+03  -2.69462e+00   2.34991e+02   2.35000e+02
          2191   2.19100e+03  -2.69534e+00   2.35158e+02   2.35167e+02
          2192   2.19200e+03  -2.69605e+00   2.35325e+02   2.35333e+02
          2193   2.19300e+03  -2.69676e+00   2.35492e+02   2.35500e+02
          2194   2.19400e+03  -2.69748e+00   2.35658e+02   2.35667e+02
          2195   2.19500e+03  -2.69818e+00   2.35825e+02   2.35833e+02
          2196   2.19600e+03  -2.69890e+00   2.35992e+02   2.36000e+02
          2197   2.19700e+03  -2.69961e+00   2.36158e+02   2.36167e+02
          2198   2.19800e+03  -2.70033e+00   2.36325e+02   2.36333e+02
          2199   2.19900e+03  -2.70110e+00   2.36492e+02   2.36500e+02
          2200   2.20000e+03  -2.70183e+00   2.36658e+02   2.36667e+02
          2201   2.20100e+03  -2.70260e+00   2.36825e+02   2.36833e+02
          2202   2.20200e+03  -2.70338e+00   2.36992e+02   2.37000e+02
          2203   2.20300e+03  -2.70418e+00   2.37158e+02   2.37167e+02
          2204   2.20400e+03  -2.70500e+00   2.37325e+02   2.37333e+02
          2205   2.20500e+03  -2.70581e+00   2.37492e+02   2.37500e+02
          2206   2.20600e+03  -2.70661e+00   2.37658e+02   2.37667e+02
          2207   2.20700e+03  -2.70748e+00   2.37825e+02   2.37833e+02
          2208   2.20800e+03  -2.70835e+00   2.37992e+02   2.38000e+02
          2209   2.20900e+03  -2.70923e+00   2.38159e+02   2.38167e+02
          2210   2.21000e+03  -2.71010e+00   2.38325e+02   2.38333e+02
          2211   2.21100e+03  -2.71099e+00   2.38492e+02   2.38500e+02
          2212   2.21200e+03  -2.71190e+00   2.38659e+02   2.38667e+02
          2213   2.21300e+03  -2.71282e+00   2.38825e+02   2.38833e+02
          2214   2.21400e+03  -2.71375e+00   2.38992e+02   2.39000e+02
          2215   2.21500e+03  -2.71469e+00   2.39159e+02   2.39167e+02
          2216   2.21600e+03  -2.71558e+00   2.39325e+02   2.39333e+02
          2217   2.21700e+03  -2.71646e+00   2.39492e+02   2.39500e+02
          2218   2.21800e+03  -2.71738e+00   2.39659e+02   2.39667e+02
          2219   2.21900e+03  -2.71830e+00   2.39825e+02   2.39833e+02
          2220   2.22000e+03  -2.71922e+00   2.39992e+02   2.40000e+02
          2221   2.22100e+03  -2.72014e+00   2.40159e+02   2.40167e+02
          2222   2.22200e+03  -2.72109e+00   2.40325e+02   2.40333e+02
          2223   2.22300e+03  -2.72202e+00   2.40492e+02   2.40500e+02
          2224   2.22400e+03  -2.72300e+00   2.40659e+02   2.40667e+02
          2225   2.22500e+03  -2.72400e+00   2.40825e+02   2.40833e+02
          2226   2.22600e+03  -2.72502e+00   2.40992e+02   2.41000e+02
          2227   2.22700e+03  -2.72605e+00   2.41159e+02   2.41167e+02
          2228   2.22800e+03  -2.72710e+00   2.41325e+02   2.41333e+02
          2229   2.22900e+03  -2.72816e+00   2.41492e+02   2.41500e+02
          2230   2.23000e+03  -2.72919e+00   2.41659e+02   2.41667e+02
          2231   2.23100e+03  -2.73021e+00   2.41825e+02   2.41833e+02
          2232   2.23200e+03  -2.73126e+00   2.41992e+02   2.42000e+02
          2233   2.23300e+03  -2.73229e+00   2.42159e+02   2.42167e+02
          2234   2.23400e+03  -2.73336e+00   2.42326e+02   2.42333e+02
          2235   2.23500e+03  -2.73438e+00   2.42492e+02   2.42500e+02
          2236   2.23600e+03  -2.73542e+00   2.42659e+02   2.42667e+02
          2237   2.23700e+03  -2.73647e+00   2.42826e+02   2.42833e+02
          2238   2.23800e+03  -2.73753e+00   2.42992e+02   2.43000e+02
          2239   2.23900e+03  -2.73862e+00   2.43159e+02   2.43167e+02
          2240   2.24000e+03  -2.73967e+00   2.43326e+02   2.43333e+02
          2241   2.24100e+03  -2.74072e+00   2.43492e+02   2.43500e+02
          2242   2.24200e+03  -2.74176e+00   2.43659e+02   2.43667e+02
          2243   2.24300e+03  -2.74276e+00   2.43826e+02   2.43833e+02
          2244   2.24400e+03  -2.74380e+00   2.43992e+02   2.44000e+02
          2245   2.24500e+03  -2.74481e+00   2.44159e+02   2.44167e+02
          2246   2.24600e+03  -2.74583e+00   2.44326e+02   2.44333e+02
          2247   2.24700e+03  -2.74688e+00   2.44492e+02   2.44500e+02
          2248   2.24800e+03  -2.74795e+00   2.44659e+02   2.44667e+02
          2249   2.24900e+03  -2.74902e+00   2.44826e+02   2.44833e+02
          2250   2.25000e+03  -2.75015e+00   2.44992e+02   2.45000e+02
          2251   2.25100e+03  -2.75129e+00   2.45159e+02   2.45167e+02
          2252   2.25200e+03  -2.75249e+00   2.45326e+02   2.45333e+02
          2253   2.25300e+03  -2.75371e+00   2.45492e+02   2.45500e+02
          2254   2.25400e+03  -2.75492e+00   2.45659e+02   2.45667e+02
          2255   2.25500e+03  -2.75616e+00   2.45826e+02   2.45833e+02
          2256   2.25600e+03  -2.75738e+00   2.45992e+02   2.46000e+02
          2257   2.25700e+03  -2.75858e+00   2.46159e+02   2.46167e+02
          2258   2.25800e+03  -2.75982e+00   2.46326e+02   2.46333e+02
          2259   2.25900e+03  -2.76101e+00   2.46492e+02   2.46500e+02
          2260   2.26000e+03  -2.76220e+00   2.46659e+02   2.46667e+02
          2261   2.26100e+03  -2.76333e+00   2.46826e+02   2.46833e+02
          2262   2.26200e+03  -2.76438e+00   2.46992e+02   2.47000e+02
          2263   2.26300e+03  -2.76540e+00   2.47159e+02   2.47167e+02
          2264   2.26400e+03  -2.76623e+00   2.47326e+02   2.47333e+02
          2265   2.26500e+03  -2.76686e+00   2.47494e+02   2.47500e+02
          2266   2.26600e+03  -2.76726e+00   2.47662e+02   2.47667e+02
          2267   2.26700e+03  -2.76789e+00   2.47830e+02   2.47833e+02
          2268   2.26800e+03  -2.76776e+00   2.47998e+02   2.48000e+02
          2269   2.26900e+03  -2.76692e+00   2.48166e+02   2.48167e+02
          2270   2.27000e+03  -2.76634e+00   2.48333e+02   2.48333e+02
          2271   2.27100e+03  -2.76571e+00   2.48500e+02   2.48500e+02
          2272   2.27200e+03  -2.76466e+00   2.48667e+02   2.48667e+02
          2273   2.27300e+03  -2.76347e+00   2.48834e+02   2.48833e+02
          2274   2.27400e+03  -2.76245e+00   2.49001e+02   2.49000e+02
          2275   2.27500e+03  -2.74392e+00   2.49165e+02   2.49167e+02
          2276   2.27600e+03  -2.70321e+00   2.49320e+02   2.49333e+02
          2277   2.27700e+03  -2.65093e+00   2.49459e+02   2.49500e+02
          2278   2.27800e+03  -2.56091e+00   2.49578e+02   2.49667e+02
          2279   2.27900e+03  -2.41575e+00   2.49677e+02   2.49833e+02
          2280   2.28000e+03  -2.22081e+00   2.49756e+02   2.50000e+02
          2281   2.28100e+03  -1.99253e+00   2.49819e+02   2.50000e+02
          2282   2.28200e+03  -1.75249e+00   2.49867e+02   2.50000e+02
          2283   2.28300e+03  -1.51360e+00   2.49903e+02   2.50000e+02
          2284   2.28400e+03  -1.29089e+00   2.49930e+02   2.50000e+02
          2285   2.28500e+03  -1.09076e+00   2.49950e+02   2.50000e+02
          2286   2.28600e+03  -9.15941e-01   2.49963e+02   2.50000e+02
          2287   2.28700e+03  -7.67073e-01   2.49972e+02   2.50000e+02
          2288   2.28800e+03  -6.42229e-01   2.49978e+02   2.50000e+02
          2289   2.28900e+03  -5.39744e-01   2.49981e+02   2.50000e+02
          2290   2.29000e+03  -4.56164e-01   2.49983e+02   2.50000e+02
          2291   2.29100e+03  -3.89117e-01   2.49983e+02   2.50000e+02
          2292   2.29200e+03  -3.36430e-01   2.49982e+02   2.50000e+02
          2293   2.29300e+03  -2.95605e-01   2.49980e+02   2.50000e+02
          2294   2.29400e+03  -2.63977e-01   2.49979e+02   2.50000e+02
          2295   2.29500e+03  -2.40434e-01   2.49977e+02   2.50000e+02
          2296   2.29600e+03  -2.23363e-01   2.49975e+02   2.50000e+02
          2297   2.29700e+03  -2.12551e-01   2.49973e+02   2.50000e+02
          2298   2.29800e+03  -2.04186e-01   2.49972e+02   2.50000e+02
          2299   2.29900e+03  -1.99036e-01   2.49970e+02   2.50000e+02
          2300   2.30000e+03  -1.96430e-01   2.49969e+02   2.50000e+02
          2301   2.30100e+03  -1.95646e-01   2.49968e+02   2.50000e+02
          2302   2.30200e+03  -1.96860e-01   2.49968e+02   2.50000e+02
          2303   2.30300e+03  -1.98210e-01   2.49967e+02   2.50000e+02
          2304   2.30400e+03  -2.00704e-01   2.49967e+02   2.50000e+02
          2305   2.30500e+03  -2.03362e-01   2.49967e+02   2.50000e+02
          2306   2.30600e+03  -2.05774e-01   2.49967e+02   2.50000e+02
          2307   2.30700e+03  -2.08399e-01   2.49968e+02   2.50000e+02
          2308   2.30800e+03  -2.11105e-01   2.49968e+02   2.50000e+02
          2309   2.30900e+03  -2.13776e-01   2.49969e+02   2.50000e+02
          2310   2.31000e+03  -2.16358e-01   2.49970e+02   2.50000e+02
          2311   2.31100e+03  -2.18773e-01   2.49971e+02   2.50000e+02
          2312   2.31200e+03  -2.21053e-01   2.49972e+02   2.50000e+02
          2313   2.31300e+03  -2.23144e-01   2.49973e+02   2.50000e+02
          2314   2.31400e+03  -2.24988e-01   2.49974e+02   2.50000e+02
          2315   2.31500e+03  -2.26594e-01   2.49976e+02   2.50000e+02
          2316   2.31600e+03  -2.27955e-01   2.49977e+02   2.50000e+02
          2317   2.31700e+03  -2.29108e-01   2.49978e+02   2.50000e+02
          2318   2.31800e+03  -2.30057e-01   2.49980e+02   2.50000e+02
          2319   2.31900e+03  -2.30853e-01   2.49981e+02   2.50000e+02
          2320   2.32000e+03  -2.31461e-01   2.49982e+02   2.50000e+02
          2321   2.32100e+03  -2.31896e-01   2.49984e+02   2.50000e+02
          2322   2.32200e+03  -2.32172e-01   2.49985e+02   2.50000e+02
          2323   2.32300e+03  -2.32341e-01   2.49987e+02   2.50000e+02
          2324   2.32400e+03  -2.32414e-01   2.49988e+02   2.50000e+02
          2325   2.32500e+03  -2.32411e-01   2.49989e+02   2.50000e+02
          2326   2.32600e+03  -2.32281e-01   2.49991e+02   2.50000e+02
          2327   2.32700e+03  -2.32055e-01   2.49992e+02   2.50000e+02
          2328   2.32800e+03  -2.31729e-01   2.49993e+02   2.50000e+02
          2329   2.32900e+03  -2.31347e-01   2.49995e+02   2.50000e+02
          2330   2.33000e+03  -2.30879e-01   2.49996e+02   2.50000e+02
          2331   2.33100e+03  -2.30368e-01   2.49997e+02   2.50000e+02
          2332   2.33200e+03  -2.29826e-01   2.49998e+02   2.50000e+02
          2333   2.33300e+03  -2.29225e-01   2.49999e+02   2.50000e+02
          2334   2.33400e+03  -2.28574e-01   2.50000e+02   2.50000e+02
          2335   2.33500e+03  -2.27883e-01   2.50001e+02   2.50000e+02
          2336   2.33600e+03  -2.27209e-01   2.50002e+02   2.50000e+02
          2337   2.33700e+03  -2.26529e-01   2.50003e+02   2.50000e+02
          2338   2.33800e+03  -2.25856e-01   2.50004e+02   2.50000e+02
          2339   2.33900e+03  -2.25169e-01   2.50005e+02   2.50000e+02
          2340   2.34000e+03  -2.24489e-01   2.50006e+02   2.50000e+02
          2341   2.34100e+03  -2.23776e-01   2.50007e+02   2.50000e+02
          2342   2.34200e+03  -2.23043e-01   2.50007e+02   2.50000e+02
          2343   2.34300e+03  -2.22358e-01   2.50008e+02   2.50000e+02
          2344   2.34400e+03  -2.21708e-01   2.50009e+02   2.50000e+02
          2345   2.34500e+03  -2.21047e-01   2.50009e+02   2.50000e+02
          2346   2.34600e+03  -2.20370e-01   2.50010e+02   2.50000e+02
          2347   2.34700e+03  -2.19685e-01   2.50011e+02   2.50000e+02
          2348   2.34800e+03  -2.18993e-01   2.50011e+02   2.50000e+02
          2349   2.34900e+03  -2.18334e-01   2.50012e+02   2.50000e+02
          2350   2.35000e+03  -2.17676e-01   2.50012e+02   2.50000e+02
          2351   2.35100e+03  -2.17078e-01   2.50012e+02   2.50000e+02
          2352   2.35200e+03  -2.16437e-01   2.50013e+02   2.50000e+02
          2353   2.35300e+03  -2.15844e-01   2.50013e+02   2.50000e+02
          2354   2.35400e+03  -2.15226e-01   2.50013e+02   2.50000e+02
          2355   2.35500e+03  -2.14640e-01   2.50014e+02   2.50000e+02
          2356   2.35600e+03  -2.14095e-01   2.50014e+02   2.50000e+02
          2357   2.35700e+03  -2.13575e-01   2.50014e+02   2.50000e+02
          2358   2.35800e+03  -2.13044e-01   2.50014e+02   2.50000e+02
          2359   2.35900e+03  -2.12541e-01   2.50015e+02   2.50000e+02
          2360   2.36000e+03  -2.12025e-01   2.50015e+02   2.50000e+02
          2361   2.36100e+03  -2.11554e-01   2.50015e+02   2.50000e+02
          2362   2.36200e+03  -2.11033e-01   2.50015e+02   2.50000e+02
          2363   2.36300e+03  -2.10587e-01   2.50015e+02   2.50000e+02
          2364   2.36400e+03  -2.10163e-01   2.50015e+02   2.50000e+02
          2365   2.36500e+03  -2.09722e-01   2.50015e+02   2.50000e+02
          2366   2.36600e+03  -2.09290e-01   2.50015e+02   2.50000e+02
          2367   2.36700e+03  -2.08916e-01   2.50015e+02   2.50000e+02
          2368   2.36800e+03  -2.08560e-01   2.50015e+02   2.50000e+02
          2369   2.36900e+03  -2.08236e-01   2.50015e+02   2.50000e+02
          2370   2.37000e+03  -2.07934e-01   2.50015e+02   2.50000e+02
          2371   2.37100e+03  -2.07688e-01   2.50015e+02   2.50000e+02
          2372   2.37200e+03  -2.07395e-01   2.50015e+02   2.50000e+02
          2373   2.37300e+03  -2.07097e-01   2.50015e+02   2.50000e+02
          2374   2.37400e+03  -2.06822e-01   2.50015e+02   2.50000e+02
          2375   2.37500e+03  -2.06548e-01   2.50015e+02   2.50000e+02
          2376   2.37600e+03  -2.06291e-01   2.50015e+02   2.50000e+02
          2377   2.37700e+03  -2.06049e-01   2.50014e+02   2.50000e+02
          2378   2.37800e+03  -2.05794e-01   2.50014e+02   2.50000e+02
          2379   2.37900e+03  -2.05552e-01   2.50014e+02   2.50000e+02
          2380   2.38000e+03  -2.05308e-01   2.50014e+02   2.50000e+02
          2381   2.38100e+03  -2.05115e-01   2.50014e+02   2.50000e+02
          2382   2.38200e+03  -2.04920e-01   2.50014e+02   2.50000e+02
          2383   2.38300e+03  -2.04690e-01   2.50014e+02   2.50000e+02
          2384   2.38400e+03  -2.04527e-01   2.50013e+02   2.50000e+02
          2385   2.38500e+03  -2.04357e-01   2.50013e+02   2.50000e+02
          2386   2.38600e+03  -2.04171e-01   2.50013e+02   2.50000e+02
          2387   2.38700e+03  -2.03999e-01   2.50013e+02   2.50000e+02
          2388   2.38800e+03  -2.03827e-01   2.50013e+02   2.50000e+02
          2389   2.38900e+03  -2.03682e-01   2.50012e+02   2.50000e+02
          2390   2.39000e+03  -2.03529e-01   2.50012e+02   2.50000e+02
          2391   2.39100e+03  -2.03386e-01   2.50012e+02   2.50000e+02
          2392   2.39200e+03  -2.03261e-01   2.50012e+02   2.50000e+02
          2393   2.39300e+03  -2.03128e-01   2.50012e+02   2.50000e+02
          2394   2.39400e+03  -2.02996e-01   2.50011e+02   2.50000e+02
          2395   2.39500e+03  -2.02872e-01   2.50011e+02   2.50000e+02
          2396   2.39600e+03  -2.02769e-01   2.50011e+02   2.50000e+02
          2397   2.39700e+03  -2.02663e-01   2.50011e+02   2.50000e+02
          2398   2.39800e+03  -2.02520e-01   2.50010e+02   2.50000e+02
          2399   2.39900e+03  -2.02420e-01   2.50010e+02   2.50000e+02
          2400   2.40000e+03  -2.02304e-01   2.50010e+02   2.50000e+02
          2401   2.40100e+03  -2.02253e-01   2.50010e+02   2.50000e+02
          2402   2.40200e+03  -2.02162e-01   2.50009e+02   2.50000e+02
          2403   2.40300e+03  -2.02048e-01   2.50009e+02   2.50000e+02
          2404   2.40400e+03  -2.01952e-01   2.50009e+02   2.50000e+02
          2405   2.40500e+03  -2.01852e-01   2.50009e+02   2.50000e+02
          2406   2.40600e+03  -2.01747e-01   2.50008e+02   2.50000e+02
          2407   2.40700e+03  -2.01675e-01   2.50008e+02   2.50000e+02
          2408   2.40800e+03  -2.01559e-01   2.50008e+02   2.50000e+02
          2409   2.40900e+03  -2.01487e-01   2.50008e+02   2.50000e+02
          2410   2.41000e+03  -2.01396e-01   2.50007e+02   2.50000e+02
          2411   2.41100e+03  -2.01293e-01   2.50007e+02   2.50000e+02
          2412   2.41200e+03  -2.01215e-01   2.50007e+02   2.50000e+02
          2413   2.41300e+03  -2.01169e-01   2.50007e+02   2.50000e+02
          2414   2.41400e+03  -2.01092e-01   2.50006e+02   2.50000e+02
          2415   2.41500e+03  -2.01043e-01   2.50006e+02   2.50000e+02
          2416   2.41600e+03  -2.00981e-01   2.50006e+02   2.50000e+02
          2417   2.41700e+03  -2.00961e-01   2.50005e+02   2.50000e+02
          2418   2.41800e+03  -2.00918e-01   2.50005e+02   2.50000e+02
          2419   2.41900e+03  -2.00876e-01   2.50005e+02   2.50000e+02
          2420   2.42000e+03  -2.00871e-01   2.50005e+02   2.50000e+02
          2421   2.42100e+03  -2.00876e-01   2.50004e+02   2.50000e+02
          2422   2.42200e+03  -2.00853e-01   2.50004e+02   2.50000e+02
          2423   2.42300e+03  -2.00835e-01   2.50004e+02   2.50000e+02
          2424   2.42400e+03  -2.00834e-01   2.50004e+02   2.50000e+02
          2425   2.42500e+03  -2.00815e-01   2.50003e+02   2.50000e+02
          2426   2.42600e+03  -2.00805e-01   2.50003e+02   2.50000e+02
          2427   2.42700e+03  -2.00785e-01   2.50003e+02   2.50000e+02
          2428   2.42800e+03  -2.00754e-01   2.50003e+02   2.50000e+02
          2429   2.42900e+03  -2.00760e-01   2.50002e+02   2.50000e+02
          2430   2.43000e+03  -2.00714e-01   2.50002e+02   2.50000e+02
          2431   2.43100e+03  -2.00689e-01   2.50002e+02   2.50000e+02
          2432   2.43200e+03  -2.00681e-01   2.50002e+02   2.50000e+02
          2433   2.43300e+03  -2.00639e-01   2.50002e+02   2.50000e+02
          2434   2.43400e+03  -2.00658e-01   2.50001e+02   2.50000e+02
          2435   2.43500e+03  -2.00652e-01   2.50001e+02   2.50000e+02
          2436   2.43600e+03  -2.00662e-01   2.50001e+02   2.50000e+02
          2437   2.43700e+03  -2.00681e-01   2.50001e+02   2.50000e+02
          2438   2.43800e+03  -2.00641e-01   2.50000e+02   2.50000e+02
          2439   2.43900e+03  -2.00623e-01   2.50000e+02   2.50000e+02
          2440   2.44000e+03  -2.00620e-01   2.50000e+02   2.50000e+02
          2441   2.44100e+03  -2.00605e-01   2.50000e+02   2.50000e+02
          2442   2.44200e+03  -2.00612e-01   2.50000e+02   2.50000e+02
          2443   2.44300e+03  -2.00577e-01   2.49999e+02   2.50000e+02
          2444   2.44400e+03  -2.00552e-01   2.49999e+02   2.50000e+02
          2445   2.44500e+03  -2.00530e-01   2.49999e+02   2.50000e+02
          2446   2.44600e+03  -2.00521e-01   2.49999e+02   2.50000e+02
          2447   2.44700e+03  -2.00549e-01   2.49998e+02   2.50000e+02
          2448   2.44800e+03  -2.00582e-01   2.49998e+02   2.50000e+02
          2449   2.44900e+03  -2.00567e-01   2.49998e+02   2.50000e+02
          2450   2.45000e+03  -2.00588e-01   2.49998e+02   2.50000e+02
          2451   2.45100e+03  -2.00583e-01   2.49998e+02   2.50000e+02
          2452   2.45200e+03  -2.00608e-01   2.49998e+02   2.50000e+02
          2453   2.45300e+03  -2.00607e-01   2.49997e+02   2.50000e+02
          2454   2.45400e+03  -2.00602e-01   2.49997e+02   2.50000e+02
          2455   2.45500e+03  -2.00589e-01   2.49997e+02   2.50000e+02
          2456   2.45600e+03  -2.00569e-01   2.49997e+02   2.50000e+02
          2457   2.45700e+03  -2.00580e-01   2.49997e+02   2.50000e+02
          2458   2.45800e+03  -2.00610e-01   2.49996e+02   2.50000e+02
          2459   2.45900e+03  -2.00595e-01   2.49996e+02   2.50000e+02
          2460   2.46000e+03  -2.00568e-01   2.49996e+02   2.50000e+02
          2461   2.46100e+03  -2.00567e-01   2.49996e+02   2.50000e+02
          2462   2.46200e+03  -2.00562e-01   2.49996e+02   2.50000e+02
          2463   2.46300e+03  -2.00587e-01   2.49996e+02   2.50000e+02
          2464   2.46400e+03  -2.00627e-01   2.49996e+02   2.50000e+02
          2465   2.46500e+03  -2.00654e-01   2.49995e+02   2.50000e+02
          2466   2.46600e+03  -2.00629e-01   2.49995e+02   2.50000e+02
          2467   2.46700e+03  -2.00611e-01   2.49995e+02   2.50000e+02
          2468   2.46800e+03  -2.00631e-01   2.49995e+02   2.50000e+02
          2469   2.46900e+03  -2.00662e-01   2.49995e+02   2.50000e+02
          2470   2.47000e+03  -2.00643e-01   2.49995e+02   2.50000e+02
          2471   2.47100e+03  -2.00650e-01   2.49995e+02   2.50000e+02
          2472   2.47200e+03  -2.00629e-01   2.49994e+02   2.50000e+02
          2473   2.47300e+03  -2.00555e-01   2.49994e+02   2.50000e+02
          2474   2.47400e+03  -2.00518e-01   2.49994e+02   2.50000e+02
          2475   2.47500e+03  -2.00530e-01   2.49994e+02   2.50000e+02
          2476   2.47600e+03  -2.00554e-01   2.49994e+02   2.50000e+02
          2477   2.47700e+03  -2.00541e-01   2.49994e+02   2.50000e+02
          2478   2.47800e+03  -2.00541e-01   2.49994e+02   2.50000e+02
          2479   2.47900e+03  -2.00551e-01   2.49993e+02   2.50000e+02
          2480   2.48000e+03  -2.00530e-01   2.49993e+02   2.50000e+02
          2481   2.48100e+03  -2.00536e-01   2.49993e+02   2.50000e+02
          2482   2.48200e+03  -2.00581e-01   2.49993e+02   2.50000e+02
          2483   2.48300e+03  -2.00589e-01   2.49993e+02   2.50000e+02
          2484   2.48400e+03  -2.00568e-01   2.49993e+02   2.50000e+02
          2485   2.48500e+03  -2.00516e-01   2.49993e+02   2.50000e+02
          2486   2.48600e+03  -2.00531e-01   2.49993e+02   2.50000e+02
          2487   2.48700e+03  -2.00508e-01   2.49993e+02   2.50000e+02
          2488   2.48800e+03  -2.00479e-01   2.49993e+02   2.50000e+02
          2489   2.48900e+03  -2.00501e-01   2.49992e+02   2.50000e+02
          2490   2.49000e+03  -2.00501e-01   2.49992e+02   2.50000e+02
          2491   2.49100e+03  -2.00505e-01   2.49992e+02   2.50000e+02
          2492   2.49200e+03  -2.00527e-01   2.49992e+02   2.50000e+02
          2493   2.49300e+03  -2.00537e-01   2.49992e+02   2.50000e+02
          2494   2.49400e+03  -2.00574e-01   2.49992e+02   2.50000e+02
          2495   2.49500e+03  -2.00576e-01   2.49992e+02   2.50000e+02
          2496   2.49600e+03  -2.00594e-01   2.49992e+02   2.50000e+02
          2497   2.49700e+03  -2.00623e-01   2.49992e+02   2.50000e+02
          2498   2.49800e+03  -2.00624e-01   2.49992e+02   2.50000e+02
          2499   2.49900e+03  -2.00619e-01   2.49992e+02   2.50000e+02
          2500   2.50000e+03  -2.00614e-01   2.49992e+02   2.50000e+02
          2501   2.50100e+03  -2.00605e-01   2.49991e+02   2.50000e+02
          2502   2.50200e+03  -2.00594e-01   2.49991e+02   2.50000e+02
          2503   2.50300e+03  -2.00557e-01   2.49991e+02   2.50000e+02
          2504   2.50400e+03  -2.00514e-01   2.49991e+02   2.50000e+02
          2505   2.50500e+03  -2.00495e-01   2.49991e+02   2.50000e+02
          2506   2.50600e+03  -2.00497e-01   2.49991e+02   2.50000e+02
          2507   2.50700e+03  -2.00477e-01   2.49991e+02   2.50000e+02
          2508   2.50800e+03  -2.00450e-01   2.49991e+02   2.50000e+02
          2509   2.50900e+03  -2.00417e-01   2.49991e+02   2.50000e+02
          2510   2.51000e+03  -2.00358e-01   2.49991e+02   2.50000e+02
          2511   2.51100e+03  -2.00314e-01   2.49991e+02   2.50000e+02
          2512   2.51200e+03  -2.00279e-01   2.49991e+02   2.50000e+02
          2513   2.51300e+03  -2.00267e-01   2.49991e+02   2.50000e+02
          2514   2.51400e+03  -2.00276e-01   2.49991e+02   2.50000e+02
          2515   2.51500e+03  -2.00226e-01   2.49991e+02   2.50000e+02
          2516   2.51600e+03  -2.00216e-01   2.49991e+02   2.50000e+02
          2517   2.51700e+03  -2.00184e-01   2.49990e+02   2.50000e+02
          2518   2.51800e+03  -2.00172e-01   2.49990e+02   2.50000e+02
          2519   2.51900e+03  -2.00190e-01   2.49990e+02   2.50000e+02
          2520   2.52000e+03  -2.00232e-01   2.49990e+02   2.50000e+02
          2521   2.52100e+03  -2.00261e-01   2.49990e+02   2.50000e+02
          2522   2.52200e+03  -2.00282e-01   2.49990e+02   2.50000e+02
          2523   2.52300e+03  -2.00275e-01   2.49990e+02   2.50000e+02
          2524   2.52400e+03  -2.00299e-01   2.49990e+02   2.50000e+02
          2525   2.52500e+03  -2.00279e-01   2.49990e+02   2.50000e+02
          2526   2.52600e+03  -2.00280e-01   2.49990e+02   2.50000e+02
          2527   2.52700e+03  -2.00255e-01   2.49990e+02   2.50000e+02
          2528   2.52800e+03  -2.00220e-01   2.49990e+02   2.50000e+02
          2529   2.52900e+03  -2.00171e-01   2.49990e+02   2.50000e+02
          2530   2.53000e+03  -2.00145e-01   2.49990e+02   2.50000e+02
          2531   2.53100e+03  -2.00128e-01   2.49990e+02   2.50000e+02
          2532   2.53200e+03  -2.00107e-01   2.49990e+02   2.50000e+02
          2533   2.53300e+03  -2.00061e-01   2.49990e+02   2.50000e+02
          2534   2.53400e+03  -2.00040e-01   2.49990e+02   2.50000e+02
          2535   2.53500e+03  -2.00050e-01   2.49990e+02   2.50000e+02
          2536   2.53600e+03  -2.00032e-01   2.49990e+02   2.50000e+02
          2537   2.53700e+03  -2.00033e-01   2.49990e+02   2.50000e+02
          2538   2.53800e+03  -2.00007e-01   2.49990e+02   2.50000e+02
          2539   2.53900e+03  -1.99990e-01   2.49990e+02   2.50000e+02
          2540   2.54000e+03  -1.99977e-01   2.49990e+02   2.50000e+02
          2541   2.54100e+03  -1.99975e-01   2.49990e+02   2.50000e+02
          2542   2.54200e+03  -1.99975e-01   2.49990e+02   2.50000e+02
          2543   2.54300e+03  -1.99973e-01   2.49990e+02   2.50000e+02
          2544   2.54400e+03  -1.99944e-01   2.49990e+02   2.50000e+02
          2545   2.54500e+03  -1.99935e-01   2.49990e+02   2.50000e+02
          2546   2.54600e+03  -1.99922e-01   2.49990e+02   2.50000e+02
          2547   2.54700e+03  -1.99934e-01   2.49990e+02   2.50000e+02
          2548   2.54800e+03  -1.99941e-01   2.49990e+02   2.50000e+02
          2549   2.54900e+03  -1.99914e-01   2.49990e+02   2.50000e+02
          2550   2.55000e+03  -1.99837e-01   2.49989e+02   2.50000e+02
          2551   2.55100e+03  -1.99804e-01   2.49989e+02   2.50000e+02
          2552   2.55200e+03  -1.99796e-01   2.49989e+02   2.50000e+02
          2553   2.55300e+03  -1.99770e-01   2.49989e+02   2.50000e+02
          2554   2.55400e+03  -1.99773e-01   2.49989e+02   2.50000e+02
          2555   2.55500e+03  -1.99784e-01   2.49989e+02   2.50000e+02
          2556   2.55600e+03  -1.99752e-01   2.49989e+02   2.50000e+02
          2557   2.55700e+03  -1.99664e-01   2.49989e+02   2.50000e+02
          2558   2.55800e+03  -1.99641e-01   2.49989e+02   2.50000e+02
          2559   2.55900e+03  -1.99658e-01   2.49989e+02   2.50000e+02
          2560   2.56000e+03  -1.99658e-01   2.49989e+02   2.50000e+02
          2561   2.56100e+03  -1.99651e-01   2.49989e+02   2.50000e+02
          2562   2.56200e+03  -1.99672e-01   2.49989e+02   2.50000e+02
          2563   2.56300e+03  -1.99667e-01   2.49989e+02   2.50000e+02
          2564   2.56400e+03  -1.99635e-01   2.49989e+02   2.50000e+02
          2565   2.56500e+03  -1.99642e-01   2.49989e+02   2.50000e+02
          2566   2.56600e+03  -1.99666e-01   2.49989e+02   2.50000e+02
          2567   2.56700e+03  -1.99638e-01   2.49989e+02   2.50000e+02
          2568   2.56800e+03  -1.99613e-01   2.49989e+02   2.50000e+02
          2569   2.56900e+03  -1.99588e-01   2.49989e+02   2.50000e+02
          2570   2.57000e+03  -1.99515e-01   2.49989e+02   2.50000e+02
          2571   2.57100e+03  -1.99440e-01   2.49989e+02   2.50000e+02
          2572   2.57200e+03  -1.99363e-01   2.49989e+02   2.50000e+02
          2573   2.57300e+03  -1.99331e-01   2.49989e+02   2.50000e+02
          2574   2.57400e+03  -1.99129e-01   2.49989e+02   2.50000e+02
          2575   2.57500e+03  -1.81040e-01   2.49987e+02   2.50000e+02
          2576   2.57600e+03  -1.39345e-01   2.49976e+02   2.50000e+02
          2577   2.57700e+03  -8.67493e-02   2.49949e+02   2.50000e+02
          2578   2.57800e+03   4.77243e-03   2.49901e+02   2.50000e+02
          2579   2.57900e+03   1.52132e-01   2.49833e+02   2.50000e+02
          2580   2.58000e+03   3.50714e-01   2.49745e+02   2.50000e+02
          2581   2.58100e+03   5.82265e-01   2.49641e+02   2.49833e+02
          2582   2.58200e+03   8.27152e-01   2.49523e+02   2.49667e+02
          2583   2.58300e+03   1.06778e+00   2.49392e+02   2.49500e+02
          2584   2.58400e+03   1.29229e+00   2.49253e+02   2.49333e+02
          2585   2.58500e+03   1.49411e+00   2.49105e+02   2.49167e+02
          2586   2.58600e+03   1.66988e+00   2.48952e+02   2.49000e+02
          2587   2.58700e+03   1.82002e+00   2.48795e+02   2.48833e+02
          2588   2.58800e+03   1.94525e+00   2.48634e+02   2.48667e+02
          2589   2.58900e+03   2.04855e+00   2.48470e+02   2.48500e+02
          2590   2.59000e+03   2.13245e+00   2.48305e+02   2.48333e+02
          2591   2.59100e+03   2.19948e+00   2.48138e+02   2.48167e+02
          2592   2.59200e+03   2.25236e+00   2.47971e+02   2.48000e+02
          2593   2.59300e+03   2.29318e+00   2.47803e+02   2.47833e+02
          2594   2.59400e+03   2.32474e+00   2.47635e+02   2.47667e+02
          2595   2.59500e+03   2.34818e+00   2.47466e+02   2.47500e+02
          2596   2.59600e+03   2.36568e+00   2.47298e+02   2.47333e+02
          2597   2.59700e+03   2.37640e+00   2.47129e+02   2.47167e+02
          2598   2.59800e+03   2.38486e+00   2.46961e+02   2.47000e+02
          2599   2.59900e+03   2.39016e+00   2.46793e+02   2.46833e+02
          2600   2.60000e+03   2.39297e+00   2.46626e+02   2.46667e+02
          2601   2.60100e+03   2.39380e+00   2.46458e+02   2.46500e+02
          2602   2.60200e+03   2.39263e+00   2.46291e+02   2.46333e+02
          2603   2.60300e+03   2.39136e+00   2.46124e+02   2.46167e+02
          2604   2.60400e+03   2.38896e+00   2.45957e+02   2.46000e+02
          2605   2.60500e+03   2.38629e+00   2.45790e+02   2.45833e+02
          2606   2.60600e+03   2.38390e+00   2.45624e+02   2.45667e+02
          2607   2.60700e+03   2.38130e+00   2.45458e+02   2.45500e+02
          2608   2.60800e+03   2.37865e+00   2.45292e+02   2.45333e+02
          2609   2.60900e+03   2.37598e+00   2.45126e+02   2.45167e+02
          2610   2.61000e+03   2.37339e+00   2.44960e+02   2.45000e+02
          2611   2.61100e+03   2.37093e+00   2.44795e+02   2.44833e+02
          2612   2.61200e+03   2.36862e+00   2.44629e+02   2.44667e+02
          2613   2.61300e+03   2.36651e+00   2.44464e+02   2.44500e+02
          2614   2.61400e+03   2.36466e+00   2.44299e+02   2.44333e+02
          2615   2.61500e+03   2.36298e+00   2.44133e+02   2.44167e+02
          2616   2.61600e+03   2.36154e+00   2.43968e+02   2.44000e+02
          2617   2.61700e+03   2.36030e+00   2.43803e+02   2.43833e+02
          2618   2.61800e+03   2.35927e+00   2.43638e+02   2.43667e+02
          2619   2.61900e+03   2.35843e+00   2.43473e+02   2.43500e+02
          2620   2.62000e+03   2.35778e+00   2.43307e+02   2.43333e+02
          2621   2.62100e+03   2.35729e+00   2.43142e+02   2.43167e+02
          2622   2.62200e+03   2.35698e+00   2.42977e+02   2.43000e+02
          2623   2.62300e+03   2.35677e+00   2.42812e+02   2.42833e+02
          2624   2.62400e+03   2.35666e+00   2.42647e+02   2.42667e+02
          2625   2.62500e+03   2.35668e+00   2.42482e+02   2.42500e+02
          2626   2.62600e+03   2.35673e+00   2.42316e+02   2.42333e+02
          2627   2.62700e+03   2.35690e+00   2.42151e+02   2.42167e+02
          2628   2.62800e+03   2.35713e+00   2.41986e+02   2.42000e+02
          2629   2.62900e+03   2.35745e+00   2.41820e+02   2.41833e+02
          2630   2.63000e+03   2.35782e+00   2.41655e+02   2.41667e+02
          2631   2.63100e+03   2.35821e+00   2.41490e+02   2.41500e+02
          2632   2.63200e+03   2.35864e+00   2.41324e+02   2.41333e+02
          2633   2.63300e+03   2.35911e+00   2.41159e+02   2.41167e+02
          2634   2.63400e+03   2.35957e+00   2.40993e+02   2.41000e+02
          2635   2.63500e+03   2.36011e+00   2.40828e+02   2.40833e+02
          2636   2.63600e+03   2.36062e+00   2.40662e+02   2.40667e+02
          2637   2.63700e+03   2.36116e+00   2.40496e+02   2.40500e+02
          2638   2.63800e+03   2.36164e+00   2.40331e+02   2.40333e+02
          2639   2.63900e+03   2.36212e+00   2.40165e+02   2.40167e+02
          2640   2.64000e+03   2.36259e+00   2.39999e+02   2.40000e+02
          2641   2.64100e+03   2.36306e+00   2.39833e+02   2.39833e+02
          2642   2.64200e+03   2.36350e+00   2.39668e+02   2.39667e+02
          2643   2.64300e+03   2.36398e+00   2.39502e+02   2.39500e+02
          2644   2.64400e+03   2.36442e+00   2.39336e+02   2.39333e+02
          2645   2.64500e+03   2.36482e+00   2.39170e+02   2.39167e+02
          2646   2.64600e+03   2.36521e+00   2.39004e+02   2.39000e+02
          2647   2.64700e+03   2.36562e+00   2.38838e+02   2.38833e+02
          2648   2.64800e+03   2.36602e+00   2.38672e+02   2.38667e+02
          2649   2.64900e+03   2.36640e+00   2.38506e+02   2.38500e+02
          2650   2.65000e+03   2.36673e+00   2.38340e+02   2.38333e+02
          2651   2.65100e+03   2.36708e+00   2.38174e+02   2.38167e+02
          2652   2.65200e+03   2.36736e+00   2.38007e+02   2.38000e+02
          2653   2.65300e+03   2.36757e+00   2.37841e+02   2.37833e+02
          2654   2.65400e+03   2.36783e+00   2.37675e+02   2.37667e+02
          2655   2.65500e+03   2.36810e+00   2.37509e+02   2.37500e+02
          2656   2.65600e+03   2.36857e+00   2.37342e+02   2.37333e+02
          2657   2.65700e+03   2.36914e+00   2.37176e+02   2.37167e+02
          2658   2.65800e+03   2.36959e+00   2.37010e+02   2.37000e+02
          2659   2.65900e+03   2.36994e+00   2.36844e+02   2.36833e+02
          2660   2.66000e+03   2.37042e+00   2.36677e+02   2.36667e+02
          2661   2.66100e+03   2.37124e+00   2.36511e+02   2.36500e+02
          2662   2.66200e+03   2.37130e+00   2.36345e+02   2.36333e+02
          2663   2.66300e+03   2.37017e+00   2.36178e+02   2.36167e+02
          2664   2.66400e+03   2.36914e+00   2.36012e+02   2.36000e+02
          2665   2.66500e+03   2.36846e+00   2.35846e+02   2.35833e+02
          2666   2.66600e+03   2.36760e+00   2.35679e+02   2.35667e+02
          2667   2.66700e+03   2.36686e+00   2.35513e+02   2.35500e+02
          2668   2.66800e+03   2.36624e+00   2.35346e+02   2.35333e+02
          2669   2.66900e+03   2.36583e+00   2.35180e+02   2.35167e+02
          2670   2.67000e+03   2.36562e+00   2.35014e+02   2.35000e+02
          2671   2.67100e+03   2.36561e+00   2.34847e+02   2.34833e+02
          2672   2.67200e+03   2.36573e+00   2.34680e+02   2.34667e+02
          2673   2.67300e+03   2.36597e+00   2.34514e+02   2.34500e+02
          2674   2.67400e+03   2.36621e+00   2.34347e+02   2.34333e+02
          2675   2.67500e+03   2.36652e+00   2.34180e+02   2.34167e+02
          2676   2.67600e+03   2.36684e+00   2.34014e+02   2.34000e+02
          2677   2.67700e+03   2.36714e+00   2.33847e+02   2.33833e+02
          2678   2.67800e+03   2.36740e+00   2.33680e+02   2.33667e+02
          2679   2.67900e+03   2.36766e+00   2.33513e+02   2.33500e+02
          2680   2.68000e+03   2.36787e+00   2.33347e+02   2.33333e+02
          2681   2.68100e+03   2.36809e+00   2.33180e+02   2.33167e+02
          2682   2.68200e+03   2.36823e+00   2.33013e+02   2.33000e+02
          2683   2.68300e+03   2.36837e+00   2.32846e+02   2.32833e+02
          2684   2.68400e+03   2.36844e+00   2.32679e+02   2.32667e+02
          2685   2.68500e+03   2.36845e+00   2.32513e+02   2.32500e+02
          2686   2.68600e+03   2.36844e+00   2.32346e+02   2.32333e+02
          2687   2.68700e+03   2.36839e+00   2.32179e+02   2.32167e+02
          2688   2.68800e+03   2.36830e+00   2.32012e+02   2.32000e+02
          2689   2.68900e+03   2.36814e+00   2.31845e+02   2.31833e+02
          2690   2.69000e+03   2.36794e+00   2.31678e+02   2.31667e+02
          2691   2.69100e+03   2.36774e+00   2.31511e+02   2.31500e+02
          2692   2.69200e+03   2.36752e+00   2.31345e+02   2.31333e+02
          2693   2.69300e+03   2.36731e+00   2.31178e+02   2.31167e+02
          2694   2.69400e+03   2.36704e+00   2.31011e+02   2.31000e+02
          2695   2.69500e+03   2.36680e+00   2.30844e+02   2.30833e+02
          2696   2.69600e+03   2.36653e+00   2.30677e+02   2.30667e+02
          2697   2.69700e+03   2.36625e+00   2.30510e+02   2.30500e+02
          2698   2.69800e+03   2.36599e+00   2.30343e+02   2.30333e+02
          2699   2.69900e+03   2.36571e+00   2.30177e+02   2.30167e+02
          2700   2.70000e+03   2.36541e+00   2.30010e+02   2.30000e+02
          2701   2.70100e+03   2.36512e+00   2.29843e+02   2.29833e+02
          2702   2.70200e+03   2.36481e+00   2.29676e+02   2.29667e+02
          2703   2.70300e+03   2.36456e+00   2.29509e+02   2.29500e+02
          2704   2.70400e+03   2.36426e+00   2.29342e+02   2.29333e+02
          2705   2.70500e+03   2.36398e+00   2.29175e+02   2.29167e+02
          2706   2.70600e+03   2.36370e+00   2.29008e+02   2.29000e+02
          2707   2.70700e+03   2.36340e+00   2.28842e+02   2.28833e+02
          2708   2.70800e+03   2.36309e+00   2.28675e+02   2.28667e+02
          2709   2.70900e+03   2.36279e+00   2.28508e+02   2.28500e+02
          2710   2.71000e+03   2.36247e+00   2.28341e+02   2.28333e+02
          2711   2.71100e+03   2.36216e+00   2.28174e+02   2.28167e+02
          2712   2.71200e+03   2.36184e+00   2.28007e+02   2.28000e+02
          2713   2.71300e+03   2.36152e+00   2.27840e+02   2.27833e+02
          2714   2.71400e+03   2.36123e+00   2.27674e+02   2.27667e+02
          2715   2.71500e+03   2.36094e+00   2.27507e+02   2.27500e+02
          2716   2.71600e+03   2.36067e+00   2.27340e+02   2.27333e+02
          2717   2.71700e+03   2.36042e+00   2.27173e+02   2.27167e+02
          2718   2.71800e+03   2.36020e+00   2.27006e+02   2.27000e+02
          2719   2.71900e+03   2.35994e+00   2.26839e+02   2.26833e+02
          2720   2.72000e+03   2.35967e+00   2.26672e+02   2.26667e+02
          2721   2.72100e+03   2.35940e+00   2.26506e+02   2.26500e+02
          2722   2.72200e+03   2.35913e+00   2.26339e+02   2.26333e+02
          2723   2.72300e+03   2.35885e+00   2.26172e+02   2.26167e+02
          2724   2.72400e+03   2.35856e+00   2.26005e+02   2.26000e+02
          2725   2.72500e+03   2.35825e+00   2.25838e+02   2.25833e+02
          2726   2.72600e+03   2.35792e+00   2.25671e+02   2.25667e+02
          2727   2.72700e+03   2.35758e+00   2.25504e+02   2.25500e+02
          2728   2.72800e+03   2.35728e+00   2.25337e+02   2.25333e+02
          2729   2.72900e+03   2.35696e+00   2.25170e+02   2.25167e+02
          2730   2.73000e+03   2.35664e+00   2.25004e+02   2.25000e+02
          2731   2.73100e+03   2.35635e+00   2.24837e+02   2.24833e+02
          2732   2.73200e+03   2.35603e+00   2.24670e+02   2.24667e+02
          2733   2.73300e+03   2.35573e+00   2.24503e+02   2.24500e+02
          2734   2.73400e+03   2.35547e+00   2.24336e+02   2.24333e+02
          2735   2.73500e+03   2.35523e+00   2.24169e+02   2.24167e+02
          2736   2.73600e+03   2.35495e+00   2.24002e+02   2.24000e+02
          2737   2.73700e+03   2.35465e+00   2.23835e+02   2.23833e+02
          2738   2.73800e+03   2.35436e+00   2.23668e+02   2.23667e+02
          2739   2.73900e+03   2.35408e+00   2.23501e+02   2.23500e+02
          2740   2.74000e+03   2.35379e+00   2.23335e+02   2.23333e+02
          2741   2.74100e+03   2.35351e+00   2.23168e+02   2.23167e+02
          2742   2.74200e+03   2.35318e+00   2.23001e+02   2.23000e+02
          2743   2.74300e+03   2.35283e+00   2.22834e+02   2.22833e+02
          2744   2.74400e+03   2.35245e+00   2.22667e+02   2.22667e+02
          2745   2.74500e+03   2.35207e+00   2.22500e+02   2.22500e+02
          2746   2.74600e+03   2.35165e+00   2.22333e+02   2.22333e+02
          2747   2.74700e+03   2.35122e+00   2.22166e+02   2.22167e+02
          2748   2.74800e+03   2.35076e+00   2.21999e+02   2.22000e+02
          2749   2.74900e+03   2.35026e+00   2.21833e+02   2.21833e+02
          2750   2.75000e+03   2.34975e+00   2.21666e+02   2.21667e+02
          2751   2.75100e+03   2.34921e+00   2.21499e+02   2.21500e+02
          2752   2.75200e+03   2.34865e+00   2.21332e+02   2.21333e+02
          2753   2.75300e+03   2.34809e+00   2.21165e+02   2.21167e+02
          2754   2.75400e+03   2.34752e+00   2.20998e+02   2.21000e+02
          2755   2.75500e+03   2.34694e+00   2.20831e+02   2.20833e+02
          2756   2.75600e+03   2.34637e+00   2.20665e+02   2.20667e+02
          2757   2.75700e+03   2.34577e+00   2.20498e+02   2.20500e+02
          2758   2.75800e+03   2.34519e+00   2.20331e+02   2.20333e+02
          2759   2.75900e+03   2.34461e+00   2.20164e+02   2.20167e+02
          2760   2.76000e+03   2.34407e+00   2.19997e+02   2.20000e+02
          2761   2.76100e+03   2.34354e+00   2.19830e+02   2.19833e+02
          2762   2.76200e+03   2.34301e+00   2.19664e+02   2.19667e+02
          2763   2.76300e+03   2.34251e+00   2.19497e+02   2.19500e+02
          2764   2.76400e+03   2.34204e+00   2.19330e+02   2.19333e+02
          2765   2.76500e+03   2.34156e+00   2.19163e+02   2.19167e+02
          2766   2.76600e+03   2.34110e+00   2.18996e+02   2.19000e+02
          2767   2.76700e+03   2.34065e+00   2.18829e+02   2.18833e+02
          2768   2.76800e+03   2.34025e+00   2.18663e+02   2.18667e+02
          2769   2.76900e+03   2.33981e+00   2.18496e+02   2.18500e+02
          2770   2.77000e+03   2.33938e+00   2.18329e+02   2.18333e+02
          2771   2.77100e+03   2.33895e+00   2.18162e+02   2.18167e+02
          2772   2.77200e+03   2.33851e+00   2.17995e+02   2.18000e+02
          2773   2.77300e+03   2.33808e+00   2.17829e+02   2.17833e+02
          2774   2.77400e+03   2.33766e+00   2.17662e+02   2.17667e+02
          2775   2.77500e+03   2.33723e+00   2.17495e+02   2.17500e+02
          2776   2.77600e+03   2.33679e+00   2.17328e+02   2.17333e+02
          2777   2.77700e+03   2.33633e+00   2.17161e+02   2.17167e+02
          2778   2.77800e+03   2.33592e+00   2.16995e+02   2.17000e+02
          2779   2.77900e+03   2.33549e+00   2.16828e+02   2.16833e+02
          2780   2.78000e+03   2.33509e+00   2.16661e+02   2.16667e+02
          2781   2.78100e+03   2.33469e+00   2.16494e+02   2.16500e+02
          2782   2.78200e+03   2.33428e+00   2.16327e+02   2.16333e+02
          2783   2.78300e+03   2.33388e+00   2.16161e+02   2.16167e+02
          2784   2.78400e+03   2.33351e+00   2.15994e+02   2.16000e+02
          2785   2.78500e+03   2.33316e+00   2.15827e+02   2.15833e+02
          2786   2.78600e+03   2.33279e+00   2.15660e+02   2.15667e+02
          2787   2.78700e+03   2.33243e+00   2.15493e+02   2.15500e+02
          2788   2.78800e+03   2.33206e+00   2.15327e+02   2.15333e+02
          2789   2.78900e+03   2.33172e+00   2.15160e+02   2.15167e+02
          2790   2.79000e+03   2.33137e+00   2.14993e+02   2.15000e+02
          2791   2.79100e+03   2.33100e+00   2.14826e+02   2.14833e+02
          2792   2.79200e+03   2.33069e+00   2.14659e+02   2.14667e+02
          2793   2.79300e+03   2.33038e+00   2.14493e+02   2.14500e+02
          2794   2.79400e+03   2.33006e+00   2.14326e+02   2.14333e+02
          2795   2.79500e+03   2.32973e+00   2.14159e+02   2.14167e+02
          2796   2.79600e+03   2.32940e+00   2.13992e+02   2.14000e+02
          2797   2.79700e+03   2.32905e+00   2.13825e+02   2.13833e+02
          2798   2.79800e+03   2.32867e+00   2.13659e+02   2.13667e+02
          2799   2.79900e+03   2.32831e+00   2.13492e+02   2.13500e+02
          2800   2.80000e+03   2.32798e+00   2.13325e+02   2.13333e+02
          2801   2.80100e+03   2.32761e+00   2.13158e+02   2.13167e+02
          2802   2.80200e+03   2.32723e+00   2.12991e+02   2.13000e+02
          2803   2.80300e+03   2.32685e+00   2.12825e+02   2.12833e+02
          2804   2.80400e+03   2.32649e+00   2.12658e+02   2.12667e+02
          2805   2.80500e+03   2.32609e+00   2.12491e+02   2.12500e+02
          2806   2.80600e+03   2.32572e+00   2.12324e+02   2.12333e+02
          2807   2.80700e+03   2.32533e+00   2.12158e+02   2.12167e+02
          2808   2.80800e+03   2.32494e+00   2.11991e+02   2.12000e+02
          2809   2.80900e+03   2.32450e+00   2.11824e+02   2.11833e+02
          2810   2.81000e+03   2.32405e+00   2.11657e+02   2.11667e+02
          2811   2.81100e+03   2.32360e+00   2.11491e+02   2.11500e+02
          2812   2.81200e+03   2.32313e+00   2.11324e+02   2.11333e+02
          2813   2.81300e+03   2.32261e+00   2.11157e+02   2.11167e+02
          2814   2.81400e+03   2.32213e+00   2.10990e+02   2.11000e+02
          2815   2.81500e+03   2.32159e+00   2.10824e+02   2.10833e+02
          2816   2.81600e+03   2.32107e+00   2.10657e+02   2.10667e+02
          2817   2.81700e+03   2.32049e+00   2.10490e+02   2.10500e+02
          2818   2.81800e+03   2.31995e+00   2.10323e+02   2.10333e+02
          2819   2.81900e+03   2.31937e+00   2.10157e+02   2.10167e+02
          2820   2.82000e+03   2.31872e+00   2.09990e+02   2.10000e+02
          2821   2.82100e+03   2.31812e+00   2.09823e+02   2.09833e+02
          2822   2.82200e+03   2.31754e+00   2.09657e+02   2.09667e+02
          2823   2.82300e+03   2.31692e+00   2.09490e+02   2.09500e+02
          2824   2.82400e+03   2.31636e+00   2.09323e+02   2.09333e+02
          2825   2.82500e+03   2.31578e+00   2.09157e+02   2.09167e+02
          2826   2.82600e+03   2.31524e+00   2.08990e+02   2.09000e+02
          2827   2.82700e+03   2.31469e+00   2.08823e+02   2.08833e+02
          2828   2.82800e+03   2.31416e+00   2.08657e+02   2.08667e+02
          2829   2.82900e+03   2.31370e+00   2.08490e+02   2.08500e+02
          2830   2.83000e+03   2.31322e+00   2.08323e+02   2.08333e+02
          2831   2.83100e+03   2.31273e+00   2.08157e+02   2.08167e+02
          2832   2.83200e+03   2.31225e+00   2.07990e+02   2.08000e+02
          2833   2.83300e+03   2.31176e+00   2.07823e+02   2.07833e+02
          2834   2.83400e+03   2.31129e+00   2.07657e+02   2.07667e+02
          2835   2.83500e+03   2.31087e+00   2.07490e+02   2.07500e+02
          2836   2.83600e+03   2.31045e+00   2.07323e+02   2.07333e+02
          2837   2.83700e+03   2.31005e+00   2.07157e+02   2.07167e+02
          2838   2.83800e+03   2.30964e+00   2.06990e+02   2.07000e+02
          2839   2.83900e+03   2.30923e+00   2.06823e+02   2.06833e+02
          2840   2.84000e+03   2.30882e+00   2.06657e+02   2.06667e+02
          2841   2.84100e+03   2.30845e+00   2.06490e+02   2.06500e+02
          2842   2.84200e+03   2.30806e+00   2.06324e+02   2.06333e+02
          2843   2.84300e+03   2.30770e+00   2.06157e+02   2.06167e+02
          2844   2.84400e+03   2.30730e+00   2.05990e+02   2.06000e+02
          2845   2.84500e+03   2.30689e+00   2.05824e+02   2.05833e+02
          2846   2.84600e+03   2.30650e+00   2.05657e+02   2.05667e+02
          2847   2.84700e+03   2.30608e+00   2.05490e+02   2.05500e+02
          2848   2.84800e+03   2.30558e+00   2.05324e+02   2.05333e+02
          2849   2.84900e+03   2.30499e+00   2.05157e+02   2.05167e+02
          2850   2.85000e+03   2.30432e+00   2.04990e+02   2.05000e+02
          2851   2.85100e+03   2.30370e+00   2.04824e+02   2.04833e+02
          2852   2.85200e+03   2.30312e+00   2.04657e+02   2.04667e+02
          2853   2.85300e+03   2.30262e+00   2.04490e+02   2.04500e+02
          2854   2.85400e+03   2.30217e+00   2.04324e+02   2.04333e+02
          2855   2.85500e+03   2.30179e+00   2.04157e+02   2.04167e+02
          2856   2.85600e+03   2.30148e+00   2.03991e+02   2.04000e+02
          2857   2.85700e+03   2.30129e+00   2.03824e+02   2.03833e+02
          2858   2.85800e+03   2.30127e+00   2.03657e+02   2.03667e+02
          2859   2.85900e+03   2.30135e+00   2.03491e+02   2.03500e+02
          2860   2.86000e+03   2.30139e+00   2.03324e+02   2.03333e+02
          2861   2.86100e+03   2.30138e+00   2.03157e+02   2.03167e+02
          2862   2.86200e+03   2.30135e+00   2.02991e+02   2.03000e+02
          2863   2.86300e+03   2.30126e+00   2.02824e+02   2.02833e+02
          2864   2.86400e+03   2.30109e+00   2.02657e+02   2.02667e+02
          2865   2.86500e+03   2.30085e+00   2.02491e+02   2.02500e+02
          2866   2.86600e+03   2.30060e+00   2.02324e+02   2.02333e+02
          2867   2.86700e+03   2.30027e+00   2.02157e+02   2.02167e+02
          2868   2.86800e+03   2.29991e+00   2.01991e+02   2.02000e+02
          2869   2.86900e+03   2.29958e+00   2.01824e+02   2.01833e+02
          2870   2.87000e+03   2.29924e+00   2.01658e+02   2.01667e+02
          2871   2.87100e+03   2.29888e+00   2.01491e+02   2.01500e+02
          2872   2.87200e+03   2.29850e+00   2.01324e+02   2.01333e+02
          2873   2.87300e+03   2.29815e+00   2.01158e+02   2.01167e+02
          2874   2.87400e+03   2.29782e+00   2.00991e+02   2.01000e+02
          2875   2.87500e+03   2.29745e+00   2.00824e+02   2.00833e+02
          2876   2.87600e+03   2.29711e+00   2.00658e+02   2.00667e+02
          2877   2.87700e+03   2.29675e+00   2.00491e+02   2.00500e+02
          2878   2.87800e+03   2.29637e+00   2.00324e+02   2.00333e+02
          2879   2.87900e+03   2.29598e+00   2.00158e+02   2.00167e+02
          2880   2.88000e+03   2.29556e+00   1.99991e+02   2.00000e+02
          2881   2.88100e+03   2.29515e+00   1.99825e+02   1.99833e+02
          2882   2.88200e+03   2.29471e+00   1.99658e+02   1.99667e+02
          2883   2.88300e+03   2.29427e+00   1.99491e+02   1.99500e+02
          2884   2.88400e+03   2.29381e+00   1.99325e+02   1.99333e+02
          2885   2.88500e+03   2.29333e+00   1.99158e+02   1.99167e+02
          2886   2.88600e+03   2.29290e+00   1.98991e+02   1.99000e+02
          2887   2.88700e+03   2.29243e+00   1.98825e+02   1.98833e+02
          2888   2.88800e+03   2.29198e+00   1.98658e+02   1.98667e+02
          2889   2.88900e+03   2.29152e+00   1.98491e+02   1.98500e+02
          2890   2.89000e+03   2.29110e+00   1.98325e+02   1.98333e+02
          2891   2.89100e+03   2.29068e+00   1.98158e+02   1.98167e+02
          2892   2.89200e+03   2.29024e+00   1.97991e+02   1.98000e+02
          2893   2.89300e+03   2.28982e+00   1.97825e+02   1.97833e+02
          2894   2.89400e+03   2.28935e+00   1.97658e+02   1.97667e+02
          2895   2.89500e+03   2.28892e+00   1.97491e+02   1.97500e+02
          2896   2.89600e+03   2.28849e+00   1.97325e+02   1.97333e+02
          2897   2.89700e+03   2.28807e+00   1.97158e+02   1.97167e+02
          2898   2.89800e+03   2.28765e+00   1.96991e+02   1.97000e+02
          2899   2.89900e+03   2.28720e+00   1.96825e+02   1.96833e+02
          2900   2.90000e+03   2.28673e+00   1.96658e+02   1.96667e+02
          2901   2.90100e+03   2.28630e+00   1.96491e+02   1.96500e+02
          2902   2.90200e+03   2.28587e+00   1.96325e+02   1.96333e+02
          2903   2.90300e+03   2.28549e+00   1.96158e+02   1.96167e+02
          2904   2.90400e+03   2.28508e+00   1.95991e+02   1.96000e+02
          2905   2.90500e+03   2.28470e+00   1.95825e+02   1.95833e+02
          2906   2.90600e+03   2.28435e+00   1.95658e+02   1.95667e+02
          2907   2.90700e+03   2.28402e+00   1.95492e+02   1.95500e+02
          2908   2.90800e+03   2.28371e+00   1.95325e+02   1.95333e+02
          2909   2.90900e+03   2.28344e+00   1.95158e+02   1.95167e+02
          2910   2.91000e+03   2.28316e+00   1.94992e+02   1.95000e+02
          2911   2.91100e+03   2.28288e+00   1.94825e+02   1.94833e+02
          2912   2.91200e+03   2.28263e+00   1.94658e+02   1.94667e+02
          2913   2.91300e+03   2.28235e+00   1.94492e+02   1.94500e+02
          2914   2.91400e+03   2.28207e+00   1.94325e+02   1.94333e+02
          2915   2.91500e+03   2.28174e+00   1.94158e+02   1.94167e+02
          2916   2.91600e+03   2.28139e+00   1.93992e+02   1.94000e+02
          2917   2.91700e+03   2.28106e+00   1.93825e+02   1.93833e+02
          2918   2.91800e+03   2.28066e+00   1.93658e+02   1.93667e+02
          2919   2.91900e+03   2.28026e+00   1.93492e+02   1.93500e+02
          2920   2.92000e+03   2.27986e+00   1.93325e+02   1.93333e+02
          2921   2.92100e+03   2.27945e+00   1.93158e+02   1.93167e+02
          2922   2.92200e+03   2.27904e+00   1.92992e+02   1.93000e+02
          2923   2.92300e+03   2.27861e+00   1.92825e+02   1.92833e+02
          2924   2.92400e+03   2.27818e+00   1.92658e+02   1.92667e+02
          2925   2.92500e+03   2.27777e+00   1.92492e+02   1.92500e+02
          2926   2.92600e+03   2.27735e+00   1.92325e+02   1.92333e+02
          2927   2.92700e+03   2.27695e+00   1.92158e+02   1.92167e+02
          2928   2.92800e+03   2.27654e+00   1.91992e+02   1.92000e+02
          2929   2.92900e+03   2.27616e+00   1.91825e+02   1.91833e+02
          2930   2.93000e+03   2.27573e+00   1.91658e+02   1.91667e+02
          2931   2.93100e+03   2.27532e+00   1.91492e+02   1.91500e+02
          2932   2.93200e+03   2.27489e+00   1.91325e+02   1.91333e+02
          2933   2.93300e+03   2.27448e+00   1.91158e+02   1.91167e+02
          2934   2.93400e+03   2.27403e+00   1.90992e+02   1.91000e+02
          2935   2.93500e+03   2.27358e+00   1.90825e+02   1.90833e+02
          2936   2.93600e+03   2.27312e+00   1.90658e+02   1.90667e+02
          2937   2.93700e+03   2.27268e+00   1.90492e+02   1.90500e+02
          2938   2.93800e+03   2.27226e+00   1.90325e+02   1.90333e+02
          2939   2.93900e+03   2.27187e+00   1.90158e+02   1.90167e+02
          2940   2.94000e+03   2.27146e+00   1.89992e+02   1.90000e+02
          2941   2.94100e+03   2.27111e+00   1.89825e+02   1.89833e+02
          2942   2.94200e+03   2.27075e+00   1.89659e+02   1.89667e+02
          2943   2.94300e+03   2.27044e+00   1.89492e+02   1.89500e+02
          2944   2.94400e+03   2.27012e+00   1.89326e+02   1.89333e+02
          2945   2.94500e+03   2.26986e+00   1.89159e+02   1.89167e+02
          2946   2.94600e+03   2.26961e+00   1.88992e+02   1.89000e+02
          2947   2.94700e+03   2.26932e+00   1.88826e+02   1.88833e+02
          2948   2.94800e+03   2.26908e+00   1.88659e+02   1.88667e+02
          2949   2.94900e+03   2.26882e+00   1.88493e+02   1.88500e+02
          2950   2.95000e+03   2.26852e+00   1.88326e+02   1.88333e+02
          2951   2.95100e+03   2.26824e+00   1.88159e+02   1.88167e+02
          2952   2.95200e+03   2.26792e+00   1.87993e+02   1.88000e+02
          2953   2.95300e+03   2.26761e+00   1.87826e+02   1.87833e+02
          2954   2.95400e+03   2.26726e+00   1.87659e+02   1.87667e+02
          2955   2.95500e+03   2.26690e+00   1.87493e+02   1.87500e+02
          2956   2.95600e+03   2.26650e+00   1.87326e+02   1.87333e+02
          2957   2.95700e+03   2.26607e+00   1.87159e+02   1.87167e+02
          2958   2.95800e+03   2.26565e+00   1.86993e+02   1.87000e+02
          2959   2.95900e+03   2.26521e+00   1.86826e+02   1.86833e+02
          2960   2.96000e+03   2.26476e+00   1.86659e+02   1.86667e+02
          2961   2.96100e+03   2.26431e+00   1.86493e+02   1.86500e+02
          2962   2.96200e+03   2.26384e+00   1.86326e+02   1.86333e+02
          2963   2.96300e+03   2.26341e+00   1.86159e+02   1.86167e+02
          2964   2.96400e+03   2.26295e+00   1.85993e+02   1.86000e+02
          2965   2.96500e+03   2.26248e+00   1.85826e+02   1.85833e+02
          2966   2.96600e+03   2.26201e+00   1.85659e+02   1.85667e+02
          2967   2.96700e+03   2.26151e+00   1.85493e+02   1.85500e+02
          2968   2.96800e+03   2.26107e+00   1.85326e+02   1.85333e+02
          2969   2.96900e+03   2.26059e+00   1.85159e+02   1.85167e+02
          2970   2.97000e+03   2.26008e+00   1.84993e+02   1.85000e+02
          2971   2.97100e+03   2.25965e+00   1.84826e+02   1.84833e+02
          2972   2.97200e+03   2.25913e+00   1.84659e+02   1.84667e+02
          2973   2.97300e+03   2.25863e+00   1.84493e+02   1.84500e+02
          2974   2.97400e+03   2.25817e+00   1.84326e+02   1.84333e+02
          2975   2.97500e+03   2.25770e+00   1.84160e+02   1.84167e+02
          2976   2.97600e+03   2.25722e+00   1.83993e+02   1.84000e+02
          2977   2.97700e+03   2.25669e+00   1.83826e+02   1.83833e+02
          2978   2.97800e+03   2.25621e+00   1.83660e+02   1.83667e+02
          2979   2.97900e+03   2.25575e+00   1.83493e+02   1.83500e+02
          2980   2.98000e+03   2.25524e+00   1.83326e+02   1.83333e+02
          2981   2.98100e+03   2.25473e+00   1.83160e+02   1.83167e+02
          2982   2.98200e+03   2.25420e+00   1.82993e+02   1.83000e+02
          2983   2.98300e+03   2.25368e+00   1.82826e+02   1.82833e+02
          2984   2.98400e+03   2.25317e+00   1.82660e+02   1.82667e+02
          2985   2.98500e+03   2.25269e+00   1.82493e+02   1.82500e+02
          2986   2.98600e+03   2.25225e+00   1.82326e+02   1.82333e+02
          2987   2.98700e+03   2.25179e+00   1.82160e+02   1.82167e+02
          2988   2.98800e+03   2.25132e+00   1.81993e+02   1.82000e+02
          2989   2.98900e+03   2.25088e+00   1.81826e+02   1.81833e+02
          2990   2.99000e+03   2.25043e+00   1.81660e+02   1.81667e+02
          2991   2.99100e+03   2.25003e+00   1.81493e+02   1.81500e+02
          2992   2.99200e+03   2.24960e+00   1.81326e+02   1.81333e+02
          2993   2.99300e+03   2.24917e+00   1.81160e+02   1.81167e+02
          2994   2.99400e+03   2.24878e+00   1.80993e+02   1.81000e+02
          2995   2.99500e+03   2.24837e+00   1.80827e+02   1.80833e+02
          2996   2.99600e+03   2.24795e+00   1.80660e+02   1.80667e+02
          2997   2.99700e+03   2.24753e+00   1.80493e+02   1.80500e+02
          2998   2.99800e+03   2.24709e+00   1.80327e+02   1.80333e+02
          2999   2.99900e+03   2.24670e+00   1.80160e+02   1.80167e+02
          3000   3.00000e+03   2.24632e+00   1.79993e+02   1.80000e+02
          3001   3.00100e+03   2.24593e+00   1.79827e+02   1.79833e+02
          3002   3.00200e+03   2.24554e+00   1.79660e+02   1.79667e+02
          3003   3.00300e+03   2.24510e+00   1.79493e+02   1.79500e+02
          3004   3.00400e+03   2.24466e+00   1.79327e+02   1.79333e+02
          3005   3.00500e+03   2.24426e+00   1.79160e+02   1.79167e+02
          3006   3.00600e+03   2.24387e+00   1.78993e+02   1.79000e+02
          3007   3.00700e+03   2.24348e+00   1.78827e+02   1.78833e+02
          3008   3.00800e+03   2.24305e+00   1.78660e+02   1.78667e+02
          3009   3.00900e+03   2.24259e+00   1.78493e+02   1.78500e+02
          3010   3.01000e+03   2.24215e+00   1.78327e+02   1.78333e+02
          3011   3.01100e+03   2.24170e+00   1.78160e+02   1.78167e+02
          3012   3.01200e+03   2.24127e+00   1.77993e+02   1.78000e+02
          3013   3.01300e+03   2.24081e+00   1.77827e+02   1.77833e+02
          3014   3.01400e+03   2.24033e+00   1.77660e+02   1.77667e+02
          3015   3.01500e+03   2.23984e+00   1.77493e+02   1.77500e+02
          3016   3.01600e+03   2.23939e+00   1.77327e+02   1.77333e+02
          3017   3.01700e+03   2.23892e+00   1.77160e+02   1.77167e+02
          3018   3.01800e+03   2.23845e+00   1.76993e+02   1.77000e+02
          3019   3.01900e+03   2.23797e+00   1.76827e+02   1.76833e+02
          3020   3.02000e+03   2.23750e+00   1.76660e+02   1.76667e+02
          3021   3.02100e+03   2.23707e+00   1.76493e+02   1.76500e+02
          3022   3.02200e+03   2.23666e+00   1.76327e+02   1.76333e+02
          3023   3.02300e+03   2.23626e+00   1.76160e+02   1.76167e+02
          3024   3.02400e+03   2.23587e+00   1.75993e+02   1.76000e+02
          3025   3.02500e+03   2.23543e+00   1.75827e+02   1.75833e+02
          3026   3.02600e+03   2.23502e+00   1.75660e+02   1.75667e+02
          3027   3.02700e+03   2.23463e+00   1.75493e+02   1.75500e+02
          3028   3.02800e+03   2.23425e+00   1.75327e+02   1.75333e+02
          3029   3.02900e+03   2.23385e+00   1.75160e+02   1.75167e+02
          3030   3.03000e+03   2.23341e+00   1.74994e+02   1.75000e+02
          3031   3.03100e+03   2.23300e+00   1.74827e+02   1.74833e+02
          3032   3.03200e+03   2.23257e+00   1.74660e+02   1.74667e+02
          3033   3.03300e+03   2.23214e+00   1.74494e+02   1.74500e+02
          3034   3.03400e+03   2.23170e+00   1.74327e+02   1.74333e+02
          3035   3.03500e+03   2.23129e+00   1.74160e+02   1.74167e+02
          3036   3.03600e+03   2.23089e+00   1.73994e+02   1.74000e+02
          3037   3.03700e+03   2.23044e+00   1.73827e+02   1.73833e+02
          3038   3.03800e+03   2.23003e+00   1.73660e+02   1.73667e+02
          3039   3.03900e+03   2.22963e+00   1.73494e+02   1.73500e+02
          3040   3.04000e+03   2.22922e+00   1.73327e+02   1.73333e+02
          3041   3.04100e+03   2.22882e+00   1.73160e+02   1.73167e+02
          3042   3.04200e+03   2.22841e+00   1.72994e+02   1.73000e+02
          3043   3.04300e+03   2.22802e+00   1.72827e+02   1.72833e+02
          3044   3.04400e+03   2.22764e+00   1.72660e+02   1.72667e+02
          3045   3.04500e+03   2.22724e+00   1.72494e+02   1.72500e+02
          3046   3.04600e+03   2.22686e+00   1.72327e+02   1.72333e+02
          3047   3.04700e+03   2.22649e+00   1.72160e+02   1.72167e+02
          3048   3.04800e+03   2.22611e+00   1.71994e+02   1.72000e+02
          3049   3.04900e+03   2.22571e+00   1.71827e+02   1.71833e+02
          3050   3.05000e+03   2.22533e+00   1.71660e+02   1.71667e+02
          3051   3.05100e+03   2.22493e+00   1.71494e+02   1.71500e+02
          3052   3.05200e+03   2.22459e+00   1.71327e+02   1.71333e+02
          3053   3.05300e+03   2.22419e+00   1.71160e+02   1.71167e+02
          3054   3.05400e+03   2.22383e+00   1.70994e+02   1.71000e+02
          3055   3.05500e+03   2.22348e+00   1.70827e+02   1.70833e+02
          3056   3.05600e+03   2.22308e+00   1.70660e+02   1.70667e+02
          3057   3.05700e+03   2.22270e+00   1.70493e+02   1.70500e+02
          3058   3.05800e+03   2.22237e+00   1.70327e+02   1.70333e+02
          3059   3.05900e+03   2.22200e+00   1.70160e+02   1.70167e+02
          3060   3.06000e+03   2.22164e+00   1.69993e+02   1.70000e+02
          3061   3.06100e+03   2.22125e+00   1.69827e+02   1.69833e+02
          3062   3.06200e+03   2.22086e+00   1.69660e+02   1.69667e+02
          3063   3.06300e+03   2.22047e+00   1.69493e+02   1.69500e+02
          3064   3.06400e+03   2.22005e+00   1.69327e+02   1.69333e+02
          3065   3.06500e+03   2.21965e+00   1.69160e+02   1.69167e+02
          3066   3.06600e+03   2.21919e+00   1.68993e+02   1.69000e+02
          3067   3.06700e+03   2.21869e+00   1.68826e+02   1.68833e+02
          3068   3.06800e+03   2.21821e+00   1.68660e+02   1.68667e+02
          3069   3.06900e+03   2.21773e+00   1.68493e+02   1.68500e+02
          3070   3.07000e+03   2.21722e+00   1.68326e+02   1.68333e+02
          3071   3.07100e+03   2.21671e+00   1.68160e+02   1.68167e+02
          3072   3.07200e+03   2.21624e+00   1.67993e+02   1.68000e+02
          3073   3.07300e+03   2.21573e+00   1.67826e+02   1.67833e+02
          3074   3.07400e+03   2.21524e+00   1.67660e+02   1.67667e+02
          3075   3.07500e+03   2.21476e+00   1.67493e+02   1.67500e+02
          3076   3.07600e+03   2.21430e+00   1.67326e+02   1.67333e+02
          3077   3.07700e+03   2.21379e+00   1.67159e+02   1.67167e+02
          3078   3.07800e+03   2.21331e+00   1.66993e+02   1.67000e+02
          3079   3.07900e+03   2.21282e+00   1.66826e+02   1.66833e+02
          3080   3.08000e+03   2.21234e+00   1.66659e+02   1.66667e+02
          3081   3.08100e+03   2.21183e+00   1.66493e+02   1.66500e+02
          3082   3.08200e+03   2.21138e+00   1.66326e+02   1.66333e+02
          3083   3.08300e+03   2.21091e+00   1.66159e+02   1.66167e+02
          3084   3.08400e+03   2.21042e+00   1.65993e+02   1.66000e+02
          3085   3.08500e+03   2.20992e+00   1.65826e+02   1.65833e+02
          3086   3.08600e+03   2.20947e+00   1.65659e+02   1.65667e+02
          3087   3.08700e+03   2.20900e+00   1.65493e+02   1.65500e+02
          3088   3.08800e+03   2.20854e+00   1.65326e+02   1.65333e+02
          3089   3.08900e+03   2.20808e+00   1.65159e+02   1.65167e+02
          3090   3.09000e+03   2.20762e+00   1.64993e+02   1.65000e+02
          3091   3.09100e+03   2.20718e+00   1.64826e+02   1.64833e+02
          3092   3.09200e+03   2.20675e+00   1.64659e+02   1.64667e+02
          3093   3.09300e+03   2.20633e+00   1.64493e+02   1.64500e+02
          3094   3.09400e+03   2.20596e+00   1.64326e+02   1.64333e+02
          3095   3.09500e+03   2.20556e+00   1.64159e+02   1.64167e+02
          3096   3.09600e+03   2.20518e+00   1.63993e+02   1.64000e+02
          3097   3.09700e+03   2.20483e+00   1.63826e+02   1.63833e+02
          3098   3.09800e+03   2.20449e+00   1.63659e+02   1.63667e+02
          3099   3.09900e+03   2.20417e+00   1.63493e+02   1.63500e+02
          3100   3.10000e+03   2.20379e+00   1.63326e+02   1.63333e+02
          3101   3.10100e+03   2.20339e+00   1.63159e+02   1.63167e+02
          3102   3.10200e+03   2.20302e+00   1.62993e+02   1.63000e+02
          3103   3.10300e+03   2.20263e+00   1.62826e+02   1.62833e+02
          3104   3.10400e+03   2.20222e+00   1.62659e+02   1.62667e+02
          3105   3.10500e+03   2.20178e+00   1.62493e+02   1.62500e+02
          3106   3.10600e+03   2.20134e+00   1.62326e+02   1.62333e+02
          3107   3.10700e+03   2.20090e+00   1.62159e+02   1.62167e+02
          3108   3.10800e+03   2.20046e+00   1.61993e+02   1.62000e+02
          3109   3.10900e+03   2.20004e+00   1.61826e+02   1.61833e+02
          3110   3.11000e+03   2.19961e+00   1.61659e+02   1.61667e+02
          3111   3.11100e+03   2.19919e+00   1.61493e+02   1.61500e+02
          3112   3.11200e+03   2.19875e+00   1.61326e+02   1.61333e+02
          3113   3.11300e+03   2.19824e+00   1.61159e+02   1.61167e+02
          3114   3.11400e+03   2.19770e+00   1.60993e+02   1.61000e+02
          3115   3.11500e+03   2.19720e+00   1.60826e+02   1.60833e+02
          3116   3.11600e+03   2.19666e+00   1.60659e+02   1.60667e+02
          3117   3.11700e+03   2.19614e+00   1.60493e+02   1.60500e+02
          3118   3.11800e+03   2.19562e+00   1.60326e+02   1.60333e+02
          3119   3.11900e+03   2.19514e+00   1.60159e+02   1.60167e+02
          3120   3.12000e+03   2.19465e+00   1.59993e+02   1.60000e+02
          3121   3.12100e+03   2.19412e+00   1.59826e+02   1.59833e+02
          3122   3.12200e+03   2.19374e+00   1.59659e+02   1.59667e+02
          3123   3.12300e+03   2.19336e+00   1.59493e+02   1.59500e+02
          3124   3.12400e+03   2.19292e+00   1.59326e+02   1.59333e+02
          3125   3.12500e+03   2.19249e+00   1.59159e+02   1.59167e+02
          3126   3.12600e+03   2.19202e+00   1.58993e+02   1.59000e+02
          3127   3.12700e+03   2.19154e+00   1.58826e+02   1.58833e+02
          3128   3.12800e+03   2.19106e+00   1.58660e+02   1.58667e+02
          3129   3.12900e+03   2.19055e+00   1.58493e+02   1.58500e+02
          3130   3.13000e+03   2.19003e+00   1.58326e+02   1.58333e+02
          3131   3.13100e+03   2.18949e+00   1.58160e+02   1.58167e+02
          3132   3.13200e+03   2.18902e+00   1.57993e+02   1.58000e+02
          3133   3.13300e+03   2.18853e+00   1.57826e+02   1.57833e+02
          3134   3.13400e+03   2.18806e+00   1.57660e+02   1.57667e+02
          3135   3.13500e+03   2.18760e+00   1.57493e+02   1.57500e+02
          3136   3.13600e+03   2.18712e+00   1.57327e+02   1.57333e+02
          3137   3.13700e+03   2.18663e+00   1.57160e+02   1.57167e+02
          3138   3.13800e+03   2.18619e+00   1.56993e+02   1.57000e+02
          3139   3.13900e+03   2.18579e+00   1.56827e+02   1.56833e+02
          3140   3.14000e+03   2.18536e+00   1.56660e+02   1.56667e+02
          3141   3.14100e+03   2.18490e+00   1.56493e+02   1.56500e+02
          3142   3.14200e+03   2.18449e+00   1.56327e+02   1.56333e+02
          3143   3.14300e+03   2.18408e+00   1.56160e+02   1.56167e+02
          3144   3.14400e+03   2.18365e+00   1.55994e+02   1.56000e+02
          3145   3.14500e+03   2.18323e+00   1.55827e+02   1.55833e+02
          3146   3.14600e+03   2.18283e+00   1.55660e+02   1.55667e+02
          3147   3.14700e+03   2.18243e+00   1.55494e+02   1.55500e+02
          3148   3.14800e+03   2.18200e+00   1.55327e+02   1.55333e+02
          3149   3.14900e+03   2.18156e+00   1.55160e+02   1.55167e+02
          3150   3.15000e+03   2.18114e+00   1.54994e+02   1.55000e+02
          3151   3.15100e+03   2.18070e+00   1.54827e+02   1.54833e+02
          3152   3.15200e+03   2.18027e+00   1.54660e+02   1.54667e+02
          3153   3.15300e+03   2.17987e+00   1.54494e+02   1.54500e+02
          3154   3.15400e+03   2.17949e+00   1.54327e+02   1.54333e+02
          3155   3.15500e+03   2.17910e+00   1.54160e+02   1.54167e+02
          3156   3.15600e+03   2.17869e+00   1.53994e+02   1.54000e+02
          3157   3.15700e+03   2.17834e+00   1.53827e+02   1.53833e+02
          3158   3.15800e+03   2.17802e+00   1.53661e+02   1.53667e+02
          3159   3.15900e+03   2.17770e+00   1.53494e+02   1.53500e+02
          3160   3.16000e+03   2.17738e+00   1.53327e+02   1.53333e+02
          3161   3.16100e+03   2.17700e+00   1.53161e+02   1.53167e+02
          3162   3.16200e+03   2.17661e+00   1.52994e+02   1.53000e+02
          3163   3.16300e+03   2.17622e+00   1.52827e+02   1.52833e+02
          3164   3.16400e+03   2.17585e+00   1.52661e+02   1.52667e+02
          3165   3.16500e+03   2.17544e+00   1.52494e+02   1.52500e+02
          3166   3.16600e+03   2.17506e+00   1.52327e+02   1.52333e+02
          3167   3.16700e+03   2.17464e+00   1.52161e+02   1.52167e+02
          3168   3.16800e+03   2.17423e+00   1.51994e+02   1.52000e+02
          3169   3.16900e+03   2.17379e+00   1.51827e+02   1.51833e+02
          3170   3.17000e+03   2.17339e+00   1.51661e+02   1.51667e+02
          3171   3.17100e+03   2.17300e+00   1.51494e+02   1.51500e+02
          3172   3.17200e+03   2.17260e+00   1.51327e+02   1.51333e+02
          3173   3.17300e+03   2.17217e+00   1.51161e+02   1.51167e+02
          3174   3.17400e+03   2.17184e+00   1.50994e+02   1.51000e+02
          3175   3.17500e+03   2.17142e+00   1.50827e+02   1.50833e+02
          3176   3.17600e+03   2.17099e+00   1.50661e+02   1.50667e+02
          3177   3.17700e+03   2.17054e+00   1.50494e+02   1.50500e+02
          3178   3.17800e+03   2.17010e+00   1.50327e+02   1.50333e+02
          3179   3.17900e+03   2.16969e+00   1.50161e+02   1.50167e+02
          3180   3.18000e+03   2.16930e+00   1.49994e+02   1.50000e+02
          3181   3.18100e+03   2.16889e+00   1.49827e+02   1.49833e+02
          3182   3.18200e+03   2.16846e+00   1.49661e+02   1.49667e+02
          3183   3.18300e+03   2.16794e+00   1.49494e+02   1.49500e+02
          3184   3.18400e+03   2.16746e+00   1.49327e+02   1.49333e+02
          3185   3.18500e+03   2.16699e+00   1.49161e+02   1.49167e+02
          3186   3.18600e+03   2.16654e+00   1.48994e+02   1.49000e+02
          3187   3.18700e+03   2.16610e+00   1.48827e+02   1.48833e+02
          3188   3.18800e+03   2.16565e+00   1.48661e+02   1.48667e+02
          3189   3.18900e+03   2.16516e+00   1.48494e+02   1.48500e+02
          3190   3.19000e+03   2.16471e+00   1.48327e+02   1.48333e+02
          3191   3.19100e+03   2.16428e+00   1.48161e+02   1.48167e+02
          3192   3.19200e+03   2.16389e+00   1.47994e+02   1.48000e+02
          3193   3.19300e+03   2.16349e+00   1.47827e+02   1.47833e+02
          3194   3.19400e+03   2.16310e+00   1.47661e+02   1.47667e+02
          3195   3.19500e+03   2.16269e+00   1.47494e+02   1.47500e+02
          3196   3.19600e+03   2.16229e+00   1.47327e+02   1.47333e+02
          3197   3.19700e+03   2.16185e+00   1.47161e+02   1.47167e+02
          3198   3.19800e+03   2.16142e+00   1.46994e+02   1.47000e+02
          3199   3.19900e+03   2.16100e+00   1.46827e+02   1.46833e+02
          3200   3.20000e+03   2.16057e+00   1.46661e+02   1.46667e+02
          3201   3.20100e+03   2.16016e+00   1.46494e+02   1.46500e+02
          3202   3.20200e+03   2.15974e+00   1.46327e+02   1.46333e+02
          3203   3.20300e+03   2.15934e+00   1.46161e+02   1.46167e+02
          3204   3.20400e+03   2.15890e+00   1.45994e+02   1.46000e+02
          3205   3.20500e+03   2.15849e+00   1.45827e+02   1.45833e+02
          3206   3.20600e+03   2.15809e+00   1.45661e+02   1.45667e+02
          3207   3.20700e+03   2.15771e+00   1.45494e+02   1.45500e+02
          3208   3.20800e+03   2.15733e+00   1.45327e+02   1.45333e+02
          3209   3.20900e+03   2.15690e+00   1.45161e+02   1.45167e+02
          3210   3.21000e+03   2.15646e+00   1.44994e+02   1.45000e+02
          3211   3.21100e+03   2.15603e+00   1.44827e+02   1.44833e+02
          3212   3.21200e+03   2.15565e+00   1.44661e+02   1.44667e+02
          3213   3.21300e+03   2.15524e+00   1.44494e+02   1.44500e+02
          3214   3.21400e+03   2.15482e+00   1.44327e+02   1.44333e+02
          3215   3.21500e+03   2.15436e+00   1.44161e+02   1.44167e+02
          3216   3.21600e+03   2.15393e+00   1.43994e+02   1.44000e+02
          3217   3.21700e+03   2.15347e+00   1.43827e+02   1.43833e+02
          3218   3.21800e+03   2.15307e+00   1.43661e+02   1.43667e+02
          3219   3.21900e+03   2.15266e+00   1.43494e+02   1.43500e+02
          3220   3.22000e+03   2.15227e+00   1.43327e+02   1.43333e+02
          3221   3.22100e+03   2.15182e+00   1.43161e+02   1.43167e+02
          3222   3.22200e+03   2.15138e+00   1.42994e+02   1.43000e+02
          3223   3.22300e+03   2.15092e+00   1.42827e+02   1.42833e+02
          3224   3.22400e+03   2.15052e+00   1.42661e+02   1.42667e+02
          3225   3.22500e+03   2.15006e+00   1.42494e+02   1.42500e+02
          3226   3.22600e+03   2.14961e+00   1.42327e+02   1.42333e+02
          3227   3.22700e+03   2.14910e+00   1.42161e+02   1.42167e+02
          3228   3.22800e+03   2.14864e+00   1.41994e+02   1.42000e+02
          3229   3.22900e+03   2.14817e+00   1.41827e+02   1.41833e+02
          3230   3.23000e+03   2.14771e+00   1.41661e+02   1.41667e+02
          3231   3.23100e+03   2.14726e+00   1.41494e+02   1.41500e+02
          3232   3.23200e+03   2.14678e+00   1.41327e+02   1.41333e+02
          3233   3.23300e+03   2.14628e+00   1.41160e+02   1.41167e+02
          3234   3.23400e+03   2.14579e+00   1.40994e+02   1.41000e+02
          3235   3.23500e+03   2.14521e+00   1.40827e+02   1.40833e+02
          3236   3.23600e+03   2.14452e+00   1.40660e+02   1.40667e+02
          3237   3.23700e+03   2.14360e+00   1.40492e+02   1.40500e+02
          3238   3.23800e+03   2.14243e+00   1.40324e+02   1.40333e+02
          3239   3.23900e+03   2.14148e+00   1.40156e+02   1.40167e+02
          3240   3.24000e+03   2.13974e+00   1.39987e+02   1.40000e+02
          3241   3.24100e+03   2.13764e+00   1.39820e+02   1.39833e+02
          3242   3.24200e+03   2.13493e+00   1.39652e+02   1.39667e+02
          3243   3.24300e+03   2.13256e+00   1.39485e+02   1.39500e+02
          3244   3.24400e+03   2.13021e+00   1.39318e+02   1.39333e+02
          3245   3.24500e+03   2.12752e+00   1.39151e+02   1.39167e+02
          3246   3.24600e+03   2.12538e+00   1.38985e+02   1.39000e+02
          3247   3.24700e+03   2.12366e+00   1.38819e+02   1.38833e+02
          3248   3.24800e+03   2.12236e+00   1.38652e+02   1.38667e+02
          3249   3.24900e+03   2.12151e+00   1.38486e+02   1.38500e+02
          3250   3.25000e+03   2.12150e+00   1.38320e+02   1.38333e+02
          3251   3.25100e+03   2.12128e+00   1.38154e+02   1.38167e+02
          3252   3.25200e+03   2.12129e+00   1.37988e+02   1.38000e+02
          3253   3.25300e+03   2.12145e+00   1.37822e+02   1.37833e+02
          3254   3.25400e+03   2.12172e+00   1.37655e+02   1.37667e+02
          3255   3.25500e+03   2.12210e+00   1.37489e+02   1.37500e+02
          3256   3.25600e+03   2.12258e+00   1.37323e+02   1.37333e+02
          3257   3.25700e+03   2.12310e+00   1.37157e+02   1.37167e+02
          3258   3.25800e+03   2.12362e+00   1.36991e+02   1.37000e+02
          3259   3.25900e+03   2.12405e+00   1.36824e+02   1.36833e+02
          3260   3.26000e+03   2.12447e+00   1.36658e+02   1.36667e+02
          3261   3.26100e+03   2.12487e+00   1.36492e+02   1.36500e+02
          3262   3.26200e+03   2.12527e+00   1.36325e+02   1.36333e+02
          3263   3.26300e+03   2.12559e+00   1.36159e+02   1.36167e+02
          3264   3.26400e+03   2.12590e+00   1.35992e+02   1.36000e+02
          3265   3.26500e+03   2.12610e+00   1.35826e+02   1.35833e+02
          3266   3.26600e+03   2.12623e+00   1.35660e+02   1.35667e+02
          3267   3.26700e+03   2.12630e+00   1.35493e+02   1.35500e+02
          3268   3.26800e+03   2.12641e+00   1.35327e+02   1.35333e+02
          3269   3.26900e+03   2.12643e+00   1.35160e+02   1.35167e+02
          3270   3.27000e+03   2.12644e+00   1.34994e+02   1.35000e+02
          3271   3.27100e+03   2.12639e+00   1.34827e+02   1.34833e+02
          3272   3.27200e+03   2.12630e+00   1.34660e+02   1.34667e+02
          3273   3.27300e+03   2.12615e+00   1.34494e+02   1.34500e+02
          3274   3.27400e+03   2.12601e+00   1.34327e+02   1.34333e+02
          3275   3.27500e+03   2.12586e+00   1.34161e+02   1.34167e+02
          3276   3.27600e+03   2.12566e+00   1.33994e+02   1.34000e+02
          3277   3.27700e+03   2.12541e+00   1.33827e+02   1.33833e+02
          3278   3.27800e+03   2.12514e+00   1.33661e+02   1.33667e+02
          3279   3.27900e+03   2.12487e+00   1.33494e+02   1.33500e+02
          3280   3.28000e+03   2.12461e+00   1.33328e+02   1.33333e+02
          3281   3.28100e+03   2.12431e+00   1.33161e+02   1.33167e+02
          3282   3.28200e+03   2.12400e+00   1.32994e+02   1.33000e+02
          3283   3.28300e+03   2.12365e+00   1.32828e+02   1.32833e+02
          3284   3.28400e+03   2.12326e+00   1.32661e+02   1.32667e+02
          3285   3.28500e+03   2.12287e+00   1.32495e+02   1.32500e+02
          3286   3.28600e+03   2.12250e+00   1.32328e+02   1.32333e+02
          3287   3.28700e+03   2.12215e+00   1.32161e+02   1.32167e+02
          3288   3.28800e+03   2.12173e+00   1.31995e+02   1.32000e+02
          3289   3.28900e+03   2.12132e+00   1.31828e+02   1.31833e+02
          3290   3.29000e+03   2.12089e+00   1.31661e+02   1.31667e+02
          3291   3.29100e+03   2.12044e+00   1.31495e+02   1.31500e+02
          3292   3.29200e+03   2.11993e+00   1.31328e+02   1.31333e+02
          3293   3.29300e+03   2.11953e+00   1.31161e+02   1.31167e+02
          3294   3.29400e+03   2.11911e+00   1.30995e+02   1.31000e+02
          3295   3.29500e+03   2.11869e+00   1.30828e+02   1.30833e+02
          3296   3.29600e+03   2.11825e+00   1.30661e+02   1.30667e+02
          3297   3.29700e+03   2.11785e+00   1.30495e+02   1.30500e+02
          3298   3.29800e+03   2.11747e+00   1.30328e+02   1.30333e+02
          3299   3.29900e+03   2.11716e+00   1.30161e+02   1.30167e+02
          3300   3.30000e+03   2.11680e+00   1.29995e+02   1.30000e+02
          3301   3.30100e+03   2.11653e+00   1.29828e+02   1.29833e+02
          3302   3.30200e+03   2.11616e+00   1.29661e+02   1.29667e+02
          3303   3.30300e+03   2.11611e+00   1.29495e+02   1.29500e+02
          3304   3.30400e+03   2.11587e+00   1.29328e+02   1.29333e+02
          3305   3.30500e+03   2.11565e+00   1.29161e+02   1.29167e+02
          3306   3.30600e+03   2.11562e+00   1.28995e+02   1.29000e+02
          3307   3.30700e+03   2.11700e+00   1.28828e+02   1.28833e+02
          3308   3.30800e+03   2.12568e+00   1.28662e+02   1.28667e+02
          3309   3.30900e+03   2.12839e+00   1.28495e+02   1.28500e+02
          3310   3.31000e+03   2.12941e+00   1.28328e+02   1.28333e+02
          3311   3.31100e+03   2.12788e+00   1.28161e+02   1.28167e+02
          3312   3.31200e+03   2.12611e+00   1.27994e+02   1.28000e+02
          3313   3.31300e+03   2.12423e+00   1.27826e+02   1.27833e+02
          3314   3.31400e+03   2.12258e+00   1.27659e+02   1.27667e+02
          3315   3.31500e+03   2.12072e+00   1.27492e+02   1.27500e+02
          3316   3.31600e+03   2.11881e+00   1.27325e+02   1.27333e+02
          3317   3.31700e+03   2.11699e+00   1.27158e+02   1.27167e+02
          3318   3.31800e+03   2.11523e+00   1.26991e+02   1.27000e+02
          3319   3.31900e+03   2.11351e+00   1.26824e+02   1.26833e+02
          3320   3.32000e+03   2.11194e+00   1.26658e+02   1.26667e+02
          3321   3.32100e+03   2.11047e+00   1.26491e+02   1.26500e+02
          3322   3.32200e+03   2.10907e+00   1.26324e+02   1.26333e+02
          3323   3.32300e+03   2.10778e+00   1.26157e+02   1.26167e+02
          3324   3.32400e+03   2.10658e+00   1.25990e+02   1.26000e+02
          3325   3.32500e+03   2.10547e+00   1.25824e+02   1.25833e+02
          3326   3.32600e+03   2.10443e+00   1.25657e+02   1.25667e+02
          3327   3.32700e+03   2.10350e+00   1.25491e+02   1.25500e+02
          3328   3.32800e+03   2.10263e+00   1.25324e+02   1.25333e+02
          3329   3.32900e+03   2.10176e+00   1.25157e+02   1.25167e+02
          3330   3.33000e+03   2.10097e+00   1.24991e+02   1.25000e+02
          3331   3.33100e+03   2.10027e+00   1.24824e+02   1.24833e+02
          3332   3.33200e+03   2.09958e+00   1.24658e+02   1.24667e+02
          3333   3.33300e+03   2.09893e+00   1.24491e+02   1.24500e+02
          3334   3.33400e+03   2.09831e+00   1.24325e+02   1.24333e+02
          3335   3.33500e+03   2.09771e+00   1.24158e+02   1.24167e+02
          3336   3.33600e+03   2.09711e+00   1.23991e+02   1.24000e+02
          3337   3.33700e+03   2.09657e+00   1.23825e+02   1.23833e+02
          3338   3.33800e+03   2.09607e+00   1.23658e+02   1.23667e+02
          3339   3.33900e+03   2.09555e+00   1.23492e+02   1.23500e+02
          3340   3.34000e+03   2.09504e+00   1.23325e+02   1.23333e+02
          3341   3.34100e+03   2.09461e+00   1.23159e+02   1.23167e+02
          3342   3.34200e+03   2.09416e+00   1.22992e+02   1.23000e+02
          3343   3.34300e+03   2.09370e+00   1.22826e+02   1.22833e+02
          3344   3.34400e+03   2.09325e+00   1.22659e+02   1.22667e+02
          3345   3.34500e+03   2.09282e+00   1.22492e+02   1.22500e+02
          3346   3.34600e+03   2.09238e+00   1.22326e+02   1.22333e+02
          3347   3.34700e+03   2.09198e+00   1.22159e+02   1.22167e+02
          3348   3.34800e+03   2.09156e+00   1.21993e+02   1.22000e+02
          3349   3.34900e+03   2.09114e+00   1.21826e+02   1.21833e+02
          3350   3.35000e+03   2.09072e+00   1.21659e+02   1.21667e+02
          3351   3.35100e+03   2.09033e+00   1.21493e+02   1.21500e+02
          3352   3.35200e+03   2.09000e+00   1.21326e+02   1.21333e+02
          3353   3.35300e+03   2.08965e+00   1.21160e+02   1.21167e+02
          3354   3.35400e+03   2.08927e+00   1.20993e+02   1.21000e+02
          3355   3.35500e+03   2.08895e+00   1.20826e+02   1.20833e+02
          3356   3.35600e+03   2.08857e+00   1.20660e+02   1.20667e+02
          3357   3.35700e+03   2.08820e+00   1.20493e+02   1.20500e+02
          3358   3.35800e+03   2.08780e+00   1.20326e+02   1.20333e+02
          3359   3.35900e+03   2.08740e+00   1.20160e+02   1.20167e+02
          3360   3.36000e+03   2.08703e+00   1.19993e+02   1.20000e+02
          3361   3.36100e+03   2.08659e+00   1.19826e+02   1.19833e+02
          3362   3.36200e+03   2.08619e+00   1.19660e+02   1.19667e+02
          3363   3.36300e+03   2.08577e+00   1.19493e+02   1.19500e+02
          3364   3.36400e+03   2.08531e+00   1.19326e+02   1.19333e+02
          3365   3.36500e+03   2.08487e+00   1.19160e+02   1.19167e+02
          3366   3.36600e+03   2.08443e+00   1.18993e+02   1.19000e+02
          3367   3.36700e+03   2.08401e+00   1.18826e+02   1.18833e+02
          3368   3.36800e+03   2.08359e+00   1.18660e+02   1.18667e+02
          3369   3.36900e+03   2.08310e+00   1.18493e+02   1.18500e+02
          3370   3.37000e+03   2.08265e+00   1.18327e+02   1.18333e+02
          3371   3.37100e+03   2.08216e+00   1.18160e+02   1.18167e+02
          3372   3.37200e+03   2.08170e+00   1.17993e+02   1.18000e+02
          3373   3.37300e+03   2.08118e+00   1.17827e+02   1.17833e+02
          3374   3.37400e+03   2.08065e+00   1.17660e+02   1.17667e+02
          3375   3.37500e+03   2.08014e+00   1.17493e+02   1.17500e+02
          3376   3.37600e+03   2.07961e+00   1.17327e+02   1.17333e+02
          3377   3.37700e+03   2.07911e+00   1.17160e+02   1.17167e+02
          3378   3.37800e+03   2.07863e+00   1.16993e+02   1.17000e+02
          3379   3.37900e+03   2.07809e+00   1.16826e+02   1.16833e+02
          3380   3.38000e+03   2.07758e+00   1.16660e+02   1.16667e+02
          3381   3.38100e+03   2.07709e+00   1.16493e+02   1.16500e+02
          3382   3.38200e+03   2.07665e+00   1.16326e+02   1.16333e+02
          3383   3.38300e+03   2.07622e+00   1.16160e+02   1.16167e+02
          3384   3.38400e+03   2.07583e+00   1.15993e+02   1.16000e+02
          3385   3.38500e+03   2.07540e+00   1.15826e+02   1.15833e+02
          3386   3.38600e+03   2.07491e+00   1.15660e+02   1.15667e+02
          3387   3.38700e+03   2.07443e+00   1.15493e+02   1.15500e+02
          3388   3.38800e+03   2.07396e+00   1.15327e+02   1.15333e+02
          3389   3.38900e+03   2.07352e+00   1.15160e+02   1.15167e+02
          3390   3.39000e+03   2.07305e+00   1.14993e+02   1.15000e+02
          3391   3.39100e+03   2.07257e+00   1.14827e+02   1.14833e+02
          3392   3.39200e+03   2.07210e+00   1.14660e+02   1.14667e+02
          3393   3.39300e+03   2.07160e+00   1.14493e+02   1.14500e+02
          3394   3.39400e+03   2.07116e+00   1.14327e+02   1.14333e+02
          3395   3.39500e+03   2.07076e+00   1.14160e+02   1.14167e+02
          3396   3.39600e+03   2.07036e+00   1.13993e+02   1.14000e+02
          3397   3.39700e+03   2.06997e+00   1.13827e+02   1.13833e+02
          3398   3.39800e+03   2.06961e+00   1.13660e+02   1.13667e+02
          3399   3.39900e+03   2.06924e+00   1.13493e+02   1.13500e+02
          3400   3.40000e+03   2.06887e+00   1.13327e+02   1.13333e+02
          3401   3.40100e+03   2.06851e+00   1.13160e+02   1.13167e+02
          3402   3.40200e+03   2.06814e+00   1.12993e+02   1.13000e+02
          3403   3.40300e+03   2.06777e+00   1.12827e+02   1.12833e+02
          3404   3.40400e+03   2.06742e+00   1.12660e+02   1.12667e+02
          3405   3.40500e+03   2.06705e+00   1.12493e+02   1.12500e+02
          3406   3.40600e+03   2.06673e+00   1.12327e+02   1.12333e+02
          3407   3.40700e+03   2.06633e+00   1.12160e+02   1.12167e+02
          3408   3.40800e+03   2.06594e+00   1.11993e+02   1.12000e+02
          3409   3.40900e+03   2.06557e+00   1.11827e+02   1.11833e+02
          3410   3.41000e+03   2.06515e+00   1.11660e+02   1.11667e+02
          3411   3.41100e+03   2.06474e+00   1.11493e+02   1.11500e+02
          3412   3.41200e+03   2.06431e+00   1.11327e+02   1.11333e+02
          3413   3.41300e+03   2.06388e+00   1.11160e+02   1.11167e+02
          3414   3.41400e+03   2.06340e+00   1.10993e+02   1.11000e+02
          3415   3.41500e+03   2.06290e+00   1.10827e+02   1.10833e+02
          3416   3.41600e+03   2.06246e+00   1.10660e+02   1.10667e+02
          3417   3.41700e+03   2.06207e+00   1.10494e+02   1.10500e+02
          3418   3.41800e+03   2.06165e+00   1.10327e+02   1.10333e+02
          3419   3.41900e+03   2.06124e+00   1.10160e+02   1.10167e+02
          3420   3.42000e+03   2.06086e+00   1.09994e+02   1.10000e+02
          3421   3.42100e+03   2.06041e+00   1.09827e+02   1.09833e+02
          3422   3.42200e+03   2.05994e+00   1.09660e+02   1.09667e+02
          3423   3.42300e+03   2.05956e+00   1.09494e+02   1.09500e+02
          3424   3.42400e+03   2.05920e+00   1.09327e+02   1.09333e+02
          3425   3.42500e+03   2.05876e+00   1.09160e+02   1.09167e+02
          3426   3.42600e+03   2.05828e+00   1.08993e+02   1.09000e+02
          3427   3.42700e+03   2.05782e+00   1.08827e+02   1.08833e+02
          3428   3.42800e+03   2.05736e+00   1.08660e+02   1.08667e+02
          3429   3.42900e+03   2.05684e+00   1.08493e+02   1.08500e+02
          3430   3.43000e+03   2.05638e+00   1.08327e+02   1.08333e+02
          3431   3.43100e+03   2.05593e+00   1.08160e+02   1.08167e+02
          3432   3.43200e+03   2.05545e+00   1.07993e+02   1.08000e+02
          3433   3.43300e+03   2.05494e+00   1.07827e+02   1.07833e+02
          3434   3.43400e+03   2.05444e+00   1.07660e+02   1.07667e+02
          3435   3.43500e+03   2.05401e+00   1.07493e+02   1.07500e+02
          3436   3.43600e+03   2.05354e+00   1.07327e+02   1.07333e+02
          3437   3.43700e+03   2.05306e+00   1.07160e+02   1.07167e+02
          3438   3.43800e+03   2.05259e+00   1.06993e+02   1.07000e+02
          3439   3.43900e+03   2.05215e+00   1.06826e+02   1.06833e+02
          3440   3.44000e+03   2.05172e+00   1.06660e+02   1.06667e+02
          3441   3.44100e+03   2.05132e+00   1.06493e+02   1.06500e+02
          3442   3.44200e+03   2.05089e+00   1.06326e+02   1.06333e+02
          3443   3.44300e+03   2.05050e+00   1.06160e+02   1.06167e+02
          3444   3.44400e+03   2.05003e+00   1.05993e+02   1.06000e+02
          3445   3.44500e+03   2.04964e+00   1.05826e+02   1.05833e+02
          3446   3.44600e+03   2.04932e+00   1.05659e+02   1.05667e+02
          3447   3.44700e+03   2.04901e+00   1.05493e+02   1.05500e+02
          3448   3.44800e+03   2.04877e+00   1.05326e+02   1.05333e+02
          3449   3.44900e+03   2.04858e+00   1.05159e+02   1.05167e+02
          3450   3.45000e+03   2.04846e+00   1.04993e+02   1.05000e+02
          3451   3.45100e+03   2.04850e+00   1.04826e+02   1.04833e+02
          3452   3.45200e+03   2.04879e+00   1.04659e+02   1.04667e+02
          3453   3.45300e+03   2.04895e+00   1.04492e+02   1.04500e+02
          3454   3.45400e+03   2.04971e+00   1.04326e+02   1.04333e+02
          3455   3.45500e+03   2.05093e+00   1.04159e+02   1.04167e+02
          3456   3.45600e+03   2.05258e+00   1.03992e+02   1.04000e+02
          3457   3.45700e+03   2.05417e+00   1.03826e+02   1.03833e+02
          3458   3.45800e+03   2.05715e+00   1.03659e+02   1.03667e+02
          3459   3.45900e+03   2.06081e+00   1.03492e+02   1.03500e+02
          3460   3.46000e+03   2.06542e+00   1.03325e+02   1.03333e+02
          3461   3.46100e+03   2.07103e+00   1.03156e+02   1.03167e+02
          3462   3.46200e+03   2.07766e+00   1.02987e+02   1.03000e+02
          3463   3.46300e+03   2.08521e+00   1.02819e+02   1.02833e+02
          3464   3.46400e+03   2.09361e+00   1.02650e+02   1.02667e+02
          3465   3.46500e+03   2.10256e+00   1.02482e+02   1.02500e+02
          3466   3.46600e+03   2.11234e+00   1.02315e+02   1.02333e+02
          3467   3.46700e+03   2.12217e+00   1.02148e+02   1.02167e+02
          3468   3.46800e+03   2.13365e+00   1.01981e+02   1.02000e+02
          3469   3.46900e+03   2.14730e+00   1.01815e+02   1.01833e+02
          3470   3.47000e+03   2.16129e+00   1.01649e+02   1.01667e+02
          3471   3.47100e+03   2.17636e+00   1.01484e+02   1.01500e+02
          3472   3.47200e+03   2.19083e+00   1.01318e+02   1.01333e+02
          3473   3.47300e+03   2.20586e+00   1.01153e+02   1.01167e+02
          3474   3.47400e+03   2.22086e+00   1.00987e+02   1.01000e+02
          3475   3.47500e+03   2.23399e+00   1.00821e+02   1.00833e+02
          3476   3.47600e+03   2.24550e+00   1.00656e+02   1.00667e+02
          3477   3.47700e+03   2.25493e+00   1.00490e+02   1.00500e+02
          3478   3.47800e+03   2.26220e+00   1.00325e+02   1.00333e+02
          3479   3.47900e+03   2.26714e+00   1.00159e+02   1.00167e+02
          3480   3.48000e+03   2.26995e+00   9.99930e+01   1.00000e+02
          3481   3.48100e+03   2.27071e+00   9.98270e+01   9.98333e+01
          3482   3.48200e+03   2.26992e+00   9.96610e+01   9.96667e+01
          3483   3.48300e+03   2.26715e+00   9.94949e+01   9.95000e+01
          3484   3.48400e+03   2.26405e+00   9.93287e+01   9.93333e+01
          3485   3.48500e+03   2.26007e+00   9.91625e+01   9.91667e+01
          3486   3.48600e+03   2.25503e+00   9.89962e+01   9.90000e+01
          3487   3.48700e+03   2.24983e+00   9.88299e+01   9.88333e+01
          3488   3.48800e+03   2.24488e+00   9.86635e+01   9.86667e+01
          3489   3.48900e+03   2.23974e+00   9.84971e+01   9.85000e+01
          3490   3.49000e+03   2.23452e+00   9.83306e+01   9.83333e+01
          3491   3.49100e+03   2.22936e+00   9.81642e+01   9.81667e+01
          3492   3.49200e+03   2.22431e+00   9.79977e+01   9.80000e+01
          3493   3.49300e+03   2.21935e+00   9.78312e+01   9.78333e+01
          3494   3.49400e+03   2.21454e+00   9.76646e+01   9.76667e+01
          3495   3.49500e+03   2.20994e+00   9.74981e+01   9.75000e+01
          3496   3.49600e+03   2.20544e+00   9.73315e+01   9.73333e+01
          3497   3.49700e+03   2.20112e+00   9.71649e+01   9.71667e+01
          3498   3.49800e+03   2.19699e+00   9.69983e+01   9.70000e+01
          3499   3.49900e+03   2.19302e+00   9.68317e+01   9.68333e+01
          3500   3.50000e+03   2.18918e+00   9.66651e+01   9.66667e+01
          3501   3.50100e+03   2.18557e+00   9.64985e+01   9.65000e+01
          3502   3.50200e+03   2.18207e+00   9.63318e+01   9.63333e+01
          3503   3.50300e+03   2.17874e+00   9.61652e+01   9.61667e+01
          3504   3.50400e+03   2.17551e+00   9.59985e+01   9.60000e+01
          3505   3.50500e+03   2.17239e+00   9.58318e+01   9.58333e+01
          3506   3.50600e+03   2.16943e+00   9.56651e+01   9.56667e+01
          3507   3.50700e+03   2.16651e+00   9.54985e+01   9.55000e+01
          3508   3.50800e+03   2.16372e+00   9.53318e+01   9.53333e+01
          3509   3.50900e+03   2.16103e+00   9.51651e+01   9.51667e+01
          3510   3.51000e+03   2.15835e+00   9.49984e+01   9.50000e+01
          3511   3.51100e+03   2.15576e+00   9.48317e+01   9.48333e+01
          3512   3.51200e+03   2.15326e+00   9.46650e+01   9.46667e+01
          3513   3.51300e+03   2.15082e+00   9.44984e+01   9.45000e+01
          3514   3.51400e+03   2.14846e+00   9.43317e+01   9.43333e+01
          3515   3.51500e+03   2.14615e+00   9.41650e+01   9.41667e+01
          3516   3.51600e+03   2.14394e+00   9.39983e+01   9.40000e+01
          3517   3.51700e+03   2.14173e+00   9.38316e+01   9.38333e+01
          3518   3.51800e+03   2.13960e+00   9.36649e+01   9.36667e+01
          3519   3.51900e+03   2.13753e+00   9.34982e+01   9.35000e+01
          3520   3.52000e+03   2.13550e+00   9.33315e+01   9.33333e+01
          3521   3.52100e+03   2.13349e+00   9.31648e+01   9.31667e+01
          3522   3.52200e+03   2.13159e+00   9.29981e+01   9.30000e+01
          3523   3.52300e+03   2.12969e+00   9.28314e+01   9.28333e+01
          3524   3.52400e+03   2.12784e+00   9.26647e+01   9.26667e+01
          3525   3.52500e+03   2.12601e+00   9.24980e+01   9.25000e+01
          3526   3.52600e+03   2.12422e+00   9.23313e+01   9.23333e+01
          3527   3.52700e+03   2.12249e+00   9.21646e+01   9.21667e+01
          3528   3.52800e+03   2.12076e+00   9.19978e+01   9.20000e+01
          3529   3.52900e+03   2.11910e+00   9.18311e+01   9.18333e+01
          3530   3.53000e+03   2.11746e+00   9.16644e+01   9.16667e+01
          3531   3.53100e+03   2.11581e+00   9.14977e+01   9.15000e+01
          3532   3.53200e+03   2.11422e+00   9.13309e+01   9.13333e+01
          3533   3.53300e+03   2.11266e+00   9.11642e+01   9.11667e+01
          3534   3.53400e+03   2.11112e+00   9.09974e+01   9.10000e+01
          3535   3.53500e+03   2.10963e+00   9.08307e+01   9.08333e+01
          3536   3.53600e+03   2.10818e+00   9.06639e+01   9.06667e+01
          3537   3.53700e+03   2.10676e+00   9.04972e+01   9.05000e+01
          3538   3.53800e+03   2.10526e+00   9.03305e+01   9.03333e+01
          3539   3.53900e+03   2.10376e+00   9.01637e+01   9.01667e+01
          3540   3.54000e+03   2.10227e+00   8.99970e+01   9.00000e+01
          3541   3.54100e+03   2.10076e+00   8.98303e+01   8.98333e+01
          3542   3.54200e+03   2.09928e+00   8.96636e+01   8.96667e+01
          3543   3.54300e+03   2.09782e+00   8.94968e+01   8.95000e+01
          3544   3.54400e+03   2.09632e+00   8.93301e+01   8.93333e+01
          3545   3.54500e+03   2.09479e+00   8.91634e+01   8.91667e+01
          3546   3.54600e+03   2.09327e+00   8.89967e+01   8.90000e+01
          3547   3.54700e+03   2.09185e+00   8.88300e+01   8.88333e+01
          3548   3.54800e+03   2.09045e+00   8.86633e+01   8.86667e+01
          3549   3.54900e+03   2.08912e+00   8.84966e+01   8.85000e+01
          3550   3.55000e+03   2.08778e+00   8.83299e+01   8.83333e+01
          3551   3.55100e+03   2.08649e+00   8.81632e+01   8.81667e+01
          3552   3.55200e+03   2.08518e+00   8.79965e+01   8.80000e+01
          3553   3.55300e+03   2.08390e+00   8.78298e+01   8.78333e+01
          3554   3.55400e+03   2.08262e+00   8.76631e+01   8.76667e+01
          3555   3.55500e+03   2.08131e+00   8.74964e+01   8.75000e+01
          3556   3.55600e+03   2.08001e+00   8.73297e+01   8.73333e+01
          3557   3.55700e+03   2.07872e+00   8.71630e+01   8.71667e+01
          3558   3.55800e+03   2.07737e+00   8.69963e+01   8.70000e+01
          3559   3.55900e+03   2.07605e+00   8.68296e+01   8.68333e+01
          3560   3.56000e+03   2.07473e+00   8.66629e+01   8.66667e+01
          3561   3.56100e+03   2.07341e+00   8.64963e+01   8.65000e+01
          3562   3.56200e+03   2.07214e+00   8.63296e+01   8.63333e+01
          3563   3.56300e+03   2.07081e+00   8.61629e+01   8.61667e+01
          3564   3.56400e+03   2.06955e+00   8.59962e+01   8.60000e+01
          3565   3.56500e+03   2.06831e+00   8.58295e+01   8.58333e+01
          3566   3.56600e+03   2.06709e+00   8.56627e+01   8.56667e+01
          3567   3.56700e+03   2.06591e+00   8.54960e+01   8.55000e+01
          3568   3.56800e+03   2.06473e+00   8.53293e+01   8.53333e+01
          3569   3.56900e+03   2.06353e+00   8.51626e+01   8.51667e+01
          3570   3.57000e+03   2.06234e+00   8.49959e+01   8.50000e+01
          3571   3.57100e+03   2.06117e+00   8.48292e+01   8.48333e+01
          3572   3.57200e+03   2.06001e+00   8.46625e+01   8.46667e+01
          3573   3.57300e+03   2.05884e+00   8.44958e+01   8.45000e+01
          3574   3.57400e+03   2.05765e+00   8.43290e+01   8.43333e+01
          3575   3.57500e+03   2.05643e+00   8.41623e+01   8.41667e+01
          3576   3.57600e+03   2.05523e+00   8.39956e+01   8.40000e+01
          3577   3.57700e+03   2.05402e+00   8.38289e+01   8.38333e+01
          3578   3.57800e+03   2.05282e+00   8.36622e+01   8.36667e+01
          3579   3.57900e+03   2.05169e+00   8.34955e+01   8.35000e+01
          3580   3.58000e+03   2.05056e+00   8.33288e+01   8.33333e+01
          3581   3.58100e+03   2.04949e+00   8.31620e+01   8.31667e+01
          3582   3.58200e+03   2.04846e+00   8.29953e+01   8.30000e+01
          3583   3.58300e+03   2.04745e+00   8.28286e+01   8.28333e+01
          3584   3.58400e+03   2.04645e+00   8.26618e+01   8.26667e+01
          3585   3.58500e+03   2.04542e+00   8.24951e+01   8.25000e+01
          3586   3.58600e+03   2.04443e+00   8.23284e+01   8.23333e+01
          3587   3.58700e+03   2.04342e+00   8.21617e+01   8.21667e+01
          3588   3.58800e+03   2.04238e+00   8.19950e+01   8.20000e+01
          3589   3.58900e+03   2.04132e+00   8.18282e+01   8.18333e+01
          3590   3.59000e+03   2.04027e+00   8.16615e+01   8.16667e+01
          3591   3.59100e+03   2.03914e+00   8.14948e+01   8.15000e+01
          3592   3.59200e+03   2.03801e+00   8.13281e+01   8.13333e+01
          3593   3.59300e+03   2.03690e+00   8.11613e+01   8.11667e+01
          3594   3.59400e+03   2.03578e+00   8.09946e+01   8.10000e+01
          3595   3.59500e+03   2.03467e+00   8.08279e+01   8.08333e+01
          3596   3.59600e+03   2.03364e+00   8.06612e+01   8.06667e+01
          3597   3.59700e+03   2.03266e+00   8.04944e+01   8.05000e+01
          3598   3.59800e+03   2.03168e+00   8.03277e+01   8.03333e+01
          3599   3.59900e+03   2.03071e+00   8.01610e+01   8.01667e+01
          3600   3.60000e+03   2.02972e+00   7.99943e+01   8.00000e+01
          3601   3.60100e+03   2.02871e+00   7.98276e+01   7.98333e+01
          3602   3.60200e+03   2.02770e+00   7.96608e+01   7.96667e+01
          3603   3.60300e+03   2.02666e+00   7.94941e+01   7.95000e+01
          3604   3.60400e+03   2.02555e+00   7.93273e+01   7.93333e+01
          3605   3.60500e+03   2.02440e+00   7.91605e+01   7.91667e+01
          3606   3.60600e+03   2.02317e+00   7.89938e+01   7.90000e+01
          3607   3.60700e+03   2.02192e+00   7.88270e+01   7.88333e+01
          3608   3.60800e+03   2.02063e+00   7.86602e+01   7.86667e+01
          3609   3.60900e+03   2.01940e+00   7.84935e+01   7.85000e+01
          3610   3.61000e+03   2.01827e+00   7.83268e+01   7.83333e+01
          3611   3.61100e+03   2.01706e+00   7.81601e+01   7.81667e+01
          3612   3.61200e+03   2.01596e+00   7.79933e+01   7.80000e+01
          3613   3.61300e+03   2.01495e+00   7.78267e+01   7.78333e+01
          3614   3.61400e+03   2.01390e+00   7.76600e+01   7.76667e+01
          3615   3.61500e+03   2.01291e+00   7.74933e+01   7.75000e+01
          3616   3.61600e+03   2.01197e+00   7.73266e+01   7.73333e+01
          3617   3.61700e+03   2.01099e+00   7.71600e+01   7.71667e+01
          3618   3.61800e+03   2.01000e+00   7.69933e+01   7.70000e+01
          3619   3.61900e+03   2.00894e+00   7.68266e+01   7.68333e+01
          3620   3.62000e+03   2.00799e+00   7.66600e+01   7.66667e+01
          3621   3.62100e+03   2.00696e+00   7.64933e+01   7.65000e+01
          3622   3.62200e+03   2.00599e+00   7.63267e+01   7.63333e+01
          3623   3.62300e+03   2.00501e+00   7.61600e+01   7.61667e+01
          3624   3.62400e+03   2.00409e+00   7.59934e+01   7.60000e+01
          3625   3.62500e+03   2.00312e+00   7.58268e+01   7.58333e+01
          3626   3.62600e+03   2.00227e+00   7.56601e+01   7.56667e+01
          3627   3.62700e+03   2.00142e+00   7.54935e+01   7.55000e+01
          3628   3.62800e+03   2.00064e+00   7.53268e+01   7.53333e+01
          3629   3.62900e+03   1.99989e+00   7.51602e+01   7.51667e+01
          3630   3.63000e+03   1.99919e+00   7.49935e+01   7.50000e+01
          3631   3.63100e+03   1.99843e+00   7.48269e+01   7.48333e+01
          3632   3.63200e+03   1.99767e+00   7.46602e+01   7.46667e+01
          3633   3.63300e+03   1.99686e+00   7.44936e+01   7.45000e+01
          3634   3.63400e+03   1.99609e+00   7.43269e+01   7.43333e+01
          3635   3.63500e+03   1.99529e+00   7.41603e+01   7.41667e+01
          3636   3.63600e+03   1.99449e+00   7.39937e+01   7.40000e+01
          3637   3.63700e+03   1.99365e+00   7.38270e+01   7.38333e+01
          3638   3.63800e+03   1.99278e+00   7.36604e+01   7.36667e+01
          3639   3.63900e+03   1.99189e+00   7.34938e+01   7.35000e+01
          3640   3.64000e+03   1.99105e+00   7.33271e+01   7.33333e+01
          3641   3.64100e+03   1.99023e+00   7.31605e+01   7.31667e+01
          3642   3.64200e+03   1.98943e+00   7.29938e+01   7.30000e+01
          3643   3.64300e+03   1.98866e+00   7.28272e+01   7.28333e+01
          3644   3.64400e+03   1.98785e+00   7.26605e+01   7.26667e+01
          3645   3.64500e+03   1.98705e+00   7.24939e+01   7.25000e+01
          3646   3.64600e+03   1.98627e+00   7.23272e+01   7.23333e+01
          3647   3.64700e+03   1.98548e+00   7.21606e+01   7.21667e+01
          3648   3.64800e+03   1.98472e+00   7.19940e+01   7.20000e+01
          3649   3.64900e+03   1.98392e+00   7.18273e+01   7.18333e+01
          3650   3.65000e+03   1.98311e+00   7.16607e+01   7.16667e+01
          3651   3.65100e+03   1.98234e+00   7.14940e+01   7.15000e+01
          3652   3.65200e+03   1.98150e+00   7.13274e+01   7.13333e+01
          3653   3.65300e+03   1.98069e+00   7.11608e+01   7.11667e+01
          3654   3.65400e+03   1.97993e+00   7.09941e+01   7.10000e+01
          3655   3.65500e+03   1.97918e+00   7.08275e+01   7.08333e+01
          3656   3.65600e+03   1.97844e+00   7.06608e+01   7.06667e+01
          3657   3.65700e+03   1.97773e+00   7.04941e+01   7.05000e+01
          3658   3.65800e+03   1.97698e+00   7.03275e+01   7.03333e+01
          3659   3.65900e+03   1.97630e+00   7.01608e+01   7.01667e+01
          3660   3.66000e+03   1.97563e+00   6.99942e+01   7.00000e+01
          3661   3.66100e+03   1.97503e+00   6.98275e+01   6.98333e+01
          3662   3.66200e+03   1.97440e+00   6.96609e+01   6.96667e+01
          3663   3.66300e+03   1.97378e+00   6.94942e+01   6.95000e+01
          3664   3.66400e+03   1.97319e+00   6.93276e+01   6.93333e+01
          3665   3.66500e+03   1.97258e+00   6.91610e+01   6.91667e+01
          3666   3.66600e+03   1.97190e+00   6.89943e+01   6.90000e+01
          3667   3.66700e+03   1.97127e+00   6.88277e+01   6.88333e+01
          3668   3.66800e+03   1.97064e+00   6.86611e+01   6.86667e+01
          3669   3.66900e+03   1.96994e+00   6.84944e+01   6.85000e+01
          3670   3.67000e+03   1.96926e+00   6.83278e+01   6.83333e+01
          3671   3.67100e+03   1.96866e+00   6.81611e+01   6.81667e+01
          3672   3.67200e+03   1.96802e+00   6.79945e+01   6.80000e+01
          3673   3.67300e+03   1.96736e+00   6.78278e+01   6.78333e+01
          3674   3.67400e+03   1.96675e+00   6.76611e+01   6.76667e+01
          3675   3.67500e+03   1.96619e+00   6.74945e+01   6.75000e+01
          3676   3.67600e+03   1.96559e+00   6.73278e+01   6.73333e+01
          3677   3.67700e+03   1.96496e+00   6.71611e+01   6.71667e+01
          3678   3.67800e+03   1.96438e+00   6.69944e+01   6.70000e+01
          3679   3.67900e+03   1.96374e+00   6.68278e+01   6.68333e+01
          3680   3.68000e+03   1.96303e+00   6.66611e+01   6.66667e+01
          3681   3.68100e+03   1.96235e+00   6.64944e+01   6.65000e+01
          3682   3.68200e+03   1.96165e+00   6.63278e+01   6.63333e+01
          3683   3.68300e+03   1.96090e+00   6.61611e+01   6.61667e+01
          3684   3.68400e+03   1.96010e+00   6.59944e+01   6.60000e+01
          3685   3.68500e+03   1.95935e+00   6.58277e+01   6.58333e+01
          3686   3.68600e+03   1.95854e+00   6.56610e+01   6.56667e+01
          3687   3.68700e+03   1.95774e+00   6.54944e+01   6.55000e+01
          3688   3.68800e+03   1.95693e+00   6.53277e+01   6.53333e+01
          3689   3.68900e+03   1.95611e+00   6.51610e+01   6.51667e+01
          3690   3.69000e+03   1.95533e+00   6.49944e+01   6.50000e+01
          3691   3.69100e+03   1.95458e+00   6.48277e+01   6.48333e+01
          3692   3.69200e+03   1.95382e+00   6.46611e+01   6.46667e+01
          3693   3.69300e+03   1.95306e+00   6.44944e+01   6.45000e+01
          3694   3.69400e+03   1.95228e+00   6.43278e+01   6.43333e+01
          3695   3.69500e+03   1.95150e+00   6.41612e+01   6.41667e+01
          3696   3.69600e+03   1.95072e+00   6.39946e+01   6.40000e+01
          3697   3.69700e+03   1.95000e+00   6.38279e+01   6.38333e+01
          3698   3.69800e+03   1.94930e+00   6.36613e+01   6.36667e+01
          3699   3.69900e+03   1.94857e+00   6.34946e+01   6.35000e+01
          3700   3.70000e+03   1.94784e+00   6.33280e+01   6.33333e+01
          3701   3.70100e+03   1.94712e+00   6.31613e+01   6.31667e+01
          3702   3.70200e+03   1.94642e+00   6.29947e+01   6.30000e+01
          3703   3.70300e+03   1.94579e+00   6.28280e+01   6.28333e+01
          3704   3.70400e+03   1.94517e+00   6.26614e+01   6.26667e+01
          3705   3.70500e+03   1.94454e+00   6.24947e+01   6.25000e+01
          3706   3.70600e+03   1.94385e+00   6.23281e+01   6.23333e+01
          3707   3.70700e+03   1.94317e+00   6.21614e+01   6.21667e+01
          3708   3.70800e+03   1.94243e+00   6.19947e+01   6.20000e+01
          3709   3.70900e+03   1.94168e+00   6.18281e+01   6.18333e+01
          3710   3.71000e+03   1.94101e+00   6.16615e+01   6.16667e+01
          3711   3.71100e+03   1.94030e+00   6.14948e+01   6.15000e+01
          3712   3.71200e+03   1.93954e+00   6.13281e+01   6.13333e+01
          3713   3.71300e+03   1.93879e+00   6.11615e+01   6.11667e+01
          3714   3.71400e+03   1.93803e+00   6.09949e+01   6.10000e+01
          3715   3.71500e+03   1.93733e+00   6.08282e+01   6.08333e+01
          3716   3.71600e+03   1.93662e+00   6.06615e+01   6.06667e+01
          3717   3.71700e+03   1.93594e+00   6.04949e+01   6.05000e+01
          3718   3.71800e+03   1.93524e+00   6.03282e+01   6.03333e+01
          3719   3.71900e+03   1.93453e+00   6.01616e+01   6.01667e+01
          3720   3.72000e+03   1.93390e+00   5.99949e+01   6.00000e+01
          3721   3.72100e+03   1.93322e+00   5.98283e+01   5.98333e+01
          3722   3.72200e+03   1.93253e+00   5.96616e+01   5.96667e+01
          3723   3.72300e+03   1.93188e+00   5.94950e+01   5.95000e+01
          3724   3.72400e+03   1.93119e+00   5.93284e+01   5.93333e+01
          3725   3.72500e+03   1.93045e+00   5.91617e+01   5.91667e+01
          3726   3.72600e+03   1.92975e+00   5.89951e+01   5.90000e+01
          3727   3.72700e+03   1.92909e+00   5.88285e+01   5.88333e+01
          3728   3.72800e+03   1.92839e+00   5.86618e+01   5.86667e+01
          3729   3.72900e+03   1.92762e+00   5.84952e+01   5.85000e+01
          3730   3.73000e+03   1.92692e+00   5.83286e+01   5.83333e+01
          3731   3.73100e+03   1.92621e+00   5.81619e+01   5.81667e+01
          3732   3.73200e+03   1.92549e+00   5.79953e+01   5.80000e+01
          3733   3.73300e+03   1.92477e+00   5.78286e+01   5.78333e+01
          3734   3.73400e+03   1.92415e+00   5.76620e+01   5.76667e+01
          3735   3.73500e+03   1.92349e+00   5.74954e+01   5.75000e+01
          3736   3.73600e+03   1.92282e+00   5.73287e+01   5.73333e+01
          3737   3.73700e+03   1.92218e+00   5.71621e+01   5.71667e+01
          3738   3.73800e+03   1.92154e+00   5.69954e+01   5.70000e+01
          3739   3.73900e+03   1.92085e+00   5.68288e+01   5.68333e+01
          3740   3.74000e+03   1.92021e+00   5.66621e+01   5.66667e+01
          3741   3.74100e+03   1.91955e+00   5.64955e+01   5.65000e+01
          3742   3.74200e+03   1.91890e+00   5.63288e+01   5.63333e+01
          3743   3.74300e+03   1.91820e+00   5.61622e+01   5.61667e+01
          3744   3.74400e+03   1.91750e+00   5.59955e+01   5.60000e+01
          3745   3.74500e+03   1.91677e+00   5.58289e+01   5.58333e+01
          3746   3.74600e+03   1.91602e+00   5.56622e+01   5.56667e+01
          3747   3.74700e+03   1.91528e+00   5.54955e+01   5.55000e+01
          3748   3.74800e+03   1.91456e+00   5.53289e+01   5.53333e+01
          3749   3.74900e+03   1.91390e+00   5.51622e+01   5.51667e+01
          3750   3.75000e+03   1.91325e+00   5.49955e+01   5.50000e+01
          3751   3.75100e+03   1.91260e+00   5.48288e+01   5.48333e+01
          3752   3.75200e+03   1.91197e+00   5.46621e+01   5.46667e+01
          3753   3.75300e+03   1.91132e+00   5.44955e+01   5.45000e+01
          3754   3.75400e+03   1.91069e+00   5.43288e+01   5.43333e+01
          3755   3.75500e+03   1.91001e+00   5.41621e+01   5.41667e+01
          3756   3.75600e+03   1.90938e+00   5.39955e+01   5.40000e+01
          3757   3.75700e+03   1.90870e+00   5.38288e+01   5.38333e+01
          3758   3.75800e+03   1.90793e+00   5.36621e+01   5.36667e+01
          3759   3.75900e+03   1.90719e+00   5.34955e+01   5.35000e+01
          3760   3.76000e+03   1.90641e+00   5.33288e+01   5.33333e+01
          3761   3.76100e+03   1.90568e+00   5.31621e+01   5.31667e+01
          3762   3.76200e+03   1.90499e+00   5.29954e+01   5.30000e+01
          3763   3.76300e+03   1.90430e+00   5.28288e+01   5.28333e+01
          3764   3.76400e+03   1.90360e+00   5.26621e+01   5.26667e+01
          3765   3.76500e+03   1.90291e+00   5.24955e+01   5.25000e+01
          3766   3.76600e+03   1.90229e+00   5.23288e+01   5.23333e+01
          3767   3.76700e+03   1.90169e+00   5.21622e+01   5.21667e+01
          3768   3.76800e+03   1.90108e+00   5.19955e+01   5.20000e+01
          3769   3.76900e+03   1.90051e+00   5.18288e+01   5.18333e+01
          3770   3.77000e+03   1.89987e+00   5.16622e+01   5.16667e+01
          3771   3.77100e+03   1.89918e+00   5.14955e+01   5.15000e+01
          3772   3.77200e+03   1.89850e+00   5.13289e+01   5.13333e+01
          3773   3.77300e+03   1.89792e+00   5.11623e+01   5.11667e+01
          3774   3.77400e+03   1.89727e+00   5.09956e+01   5.10000e+01
          3775   3.77500e+03   1.89660e+00   5.08290e+01   5.08333e+01
          3776   3.77600e+03   1.89593e+00   5.06623e+01   5.06667e+01
          3777   3.77700e+03   1.89523e+00   5.04957e+01   5.05000e+01
          3778   3.77800e+03   1.89452e+00   5.03290e+01   5.03333e+01
          3779   3.77900e+03   1.89386e+00   5.01623e+01   5.01667e+01
          3780   3.78000e+03   1.89327e+00   4.99957e+01   5.00000e+01
          3781   3.78100e+03   1.89267e+00   4.98290e+01   4.98333e+01
          3782   3.78200e+03   1.89197e+00   4.96623e+01   4.96667e+01
          3783   3.78300e+03   1.89132e+00   4.94957e+01   4.95000e+01
          3784   3.78400e+03   1.89067e+00   4.93290e+01   4.93333e+01
          3785   3.78500e+03   1.89006e+00   4.91623e+01   4.91667e+01
          3786   3.78600e+03   1.88943e+00   4.89956e+01   4.90000e+01
          3787   3.78700e+03   1.88879e+00   4.88289e+01   4.88333e+01
          3788   3.78800e+03   1.88813e+00   4.86623e+01   4.86667e+01
          3789   3.78900e+03   1.88743e+00   4.84956e+01   4.85000e+01
          3790   3.79000e+03   1.88671e+00   4.83289e+01   4.83333e+01
          3791   3.79100e+03   1.88604e+00   4.81622e+01   4.81667e+01
          3792   3.79200e+03   1.88537e+00   4.79955e+01   4.80000e+01
          3793   3.79300e+03   1.88467e+00   4.78288e+01   4.78333e+01
          3794   3.79400e+03   1.88396e+00   4.76621e+01   4.76667e+01
          3795   3.79500e+03   1.88334e+00   4.74955e+01   4.75000e+01
          3796   3.79600e+03   1.88268e+00   4.73288e+01   4.73333e+01
          3797   3.79700e+03   1.88207e+00   4.71621e+01   4.71667e+01
          3798   3.79800e+03   1.88147e+00   4.69954e+01   4.70000e+01
          3799   3.79900e+03   1.88093e+00   4.68287e+01   4.68333e+01
          3800   3.80000e+03   1.88035e+00   4.66620e+01   4.66667e+01
          3801   3.80100e+03   1.87977e+00   4.64954e+01   4.65000e+01
          3802   3.80200e+03   1.87916e+00   4.63287e+01   4.63333e+01
          3803   3.80300e+03   1.87857e+00   4.61620e+01   4.61667e+01
          3804   3.80400e+03   1.87790e+00   4.59953e+01   4.60000e+01
          3805   3.80500e+03   1.87731e+00   4.58287e+01   4.58333e+01
          3806   3.80600e+03   1.87670e+00   4.56620e+01   4.56667e+01
          3807   3.80700e+03   1.87606e+00   4.54953e+01   4.55000e+01
          3808   3.80800e+03   1.87539e+00   4.53286e+01   4.53333e+01
          3809   3.80900e+03   1.87476e+00   4.51620e+01   4.51667e+01
          3810   3.81000e+03   1.87419e+00   4.49953e+01   4.50000e+01
          3811   3.81100e+03   1.87368e+00   4.48286e+01   4.48333e+01
          3812   3.81200e+03   1.87316e+00   4.46619e+01   4.46667e+01
          3813   3.81300e+03   1.87267e+00   4.44952e+01   4.45000e+01
          3814   3.81400e+03   1.87217e+00   4.43286e+01   4.43333e+01
          3815   3.81500e+03   1.87162e+00   4.41619e+01   4.41667e+01
          3816   3.81600e+03   1.87111e+00   4.39952e+01   4.40000e+01
          3817   3.81700e+03   1.87064e+00   4.38286e+01   4.38333e+01
          3818   3.81800e+03   1.87020e+00   4.36619e+01   4.36667e+01
          3819   3.81900e+03   1.86969e+00   4.34952e+01   4.35000e+01
          3820   3.82000e+03   1.86912e+00   4.33285e+01   4.33333e+01
          3821   3.82100e+03   1.86868e+00   4.31619e+01   4.31667e+01
          3822   3.82200e+03   1.86818e+00   4.29952e+01   4.30000e+01
          3823   3.82300e+03   1.86768e+00   4.28285e+01   4.28333e+01
          3824   3.82400e+03   1.86725e+00   4.26618e+01   4.26667e+01
          3825   3.82500e+03   1.86685e+00   4.24951e+01   4.25000e+01
          3826   3.82600e+03   1.86645e+00   4.23284e+01   4.23333e+01
          3827   3.82700e+03   1.86604e+00   4.21618e+01   4.21667e+01
          3828   3.82800e+03   1.86566e+00   4.19951e+01   4.20000e+01
          3829   3.82900e+03   1.86528e+00   4.18284e+01   4.18333e+01
          3830   3.83000e+03   1.86477e+00   4.16618e+01   4.16667e+01
          3831   3.83100e+03   1.86441e+00   4.14951e+01   4.15000e+01
          3832   3.83200e+03   1.86398e+00   4.13284e+01   4.13333e+01
          3833   3.83300e+03   1.86358e+00   4.11617e+01   4.11667e+01
          3834   3.83400e+03   1.86318e+00   4.09950e+01   4.10000e+01
          3835   3.83500e+03   1.86274e+00   4.08284e+01   4.08333e+01
          3836   3.83600e+03   1.86232e+00   4.06617e+01   4.06667e+01
          3837   3.83700e+03   1.86191e+00   4.04950e+01   4.05000e+01
          3838   3.83800e+03   1.86159e+00   4.03283e+01   4.03333e+01
          3839   3.83900e+03   1.86138e+00   4.01617e+01   4.01667e+01
          3840   3.84000e+03   1.86108e+00   3.99950e+01   4.00000e+01
          3841   3.84100e+03   1.86078e+00   3.98284e+01   3.98333e+01
          3842   3.84200e+03   1.86044e+00   3.96617e+01   3.96667e+01
          3843   3.84300e+03   1.86007e+00   3.94951e+01   3.95000e+01
          3844   3.84400e+03   1.85968e+00   3.93284e+01   3.93333e+01
          3845   3.84500e+03   1.85929e+00   3.91617e+01   3.91667e+01
          3846   3.84600e+03   1.85887e+00   3.89951e+01   3.90000e+01
          3847   3.84700e+03   1.85842e+00   3.88284e+01   3.88333e+01
          3848   3.84800e+03   1.85787e+00   3.86617e+01   3.86667e+01
          3849   3.84900e+03   1.85732e+00   3.84950e+01   3.85000e+01
          3850   3.85000e+03   1.85685e+00   3.83284e+01   3.83333e+01
          3851   3.85100e+03   1.85648e+00   3.81617e+01   3.81667e+01
          3852   3.85200e+03   1.85608e+00   3.79950e+01   3.80000e+01
          3853   3.85300e+03   1.85579e+00   3.78284e+01   3.78333e+01
          3854   3.85400e+03   1.85536e+00   3.76617e+01   3.76667e+01
          3855   3.85500e+03   1.85495e+00   3.74951e+01   3.75000e+01
          3856   3.85600e+03   1.85455e+00   3.73284e+01   3.73333e+01
          3857   3.85700e+03   1.85416e+00   3.71617e+01   3.71667e+01
          3858   3.85800e+03   1.85373e+00   3.69950e+01   3.70000e+01
          3859   3.85900e+03   1.85330e+00   3.68284e+01   3.68333e+01
          3860   3.86000e+03   1.85278e+00   3.66617e+01   3.66667e+01
          3861   3.86100e+03   1.85227e+00   3.64950e+01   3.65000e+01
          3862   3.86200e+03   1.85165e+00   3.63284e+01   3.63333e+01
          3863   3.86300e+03   1.85123e+00   3.61617e+01   3.61667e+01
          3864   3.86400e+03   1.85076e+00   3.59950e+01   3.60000e+01
          3865   3.86500e+03   1.85029e+00   3.58283e+01   3.58333e+01
          3866   3.86600e+03   1.84985e+00   3.56616e+01   3.56667e+01
          3867   3.86700e+03   1.84944e+00   3.54950e+01   3.55000e+01
          3868   3.86800e+03   1.84908e+00   3.53283e+01   3.53333e+01
          3869   3.86900e+03   1.84866e+00   3.51616e+01   3.51667e+01
          3870   3.87000e+03   1.84826e+00   3.49950e+01   3.50000e+01
          3871   3.87100e+03   1.84787e+00   3.48283e+01   3.48333e+01
          3872   3.87200e+03   1.84737e+00   3.46616e+01   3.46667e+01
          3873   3.87300e+03   1.84694e+00   3.44950e+01   3.45000e+01
          3874   3.87400e+03   1.84653e+00   3.43283e+01   3.43333e+01
          3875   3.87500e+03   1.84606e+00   3.41616e+01   3.41667e+01
          3876   3.87600e+03   1.84558e+00   3.39950e+01   3.40000e+01
          3877   3.87700e+03   1.84498e+00   3.38283e+01   3.38333e+01
          3878   3.87800e+03   1.84447e+00   3.36617e+01   3.36667e+01
          3879   3.87900e+03   1.84397e+00   3.34950e+01   3.35000e+01
          3880   3.88000e+03   1.84345e+00   3.33283e+01   3.33333e+01
          3881   3.88100e+03   1.84300e+00   3.31617e+01   3.31667e+01
          3882   3.88200e+03   1.84252e+00   3.29950e+01   3.30000e+01
          3883   3.88300e+03   1.84205e+00   3.28284e+01   3.28333e+01
          3884   3.88400e+03   1.84161e+00   3.26617e+01   3.26667e+01
          3885   3.88500e+03   1.84113e+00   3.24951e+01   3.25000e+01
          3886   3.88600e+03   1.84070e+00   3.23285e+01   3.23333e+01
          3887   3.88700e+03   1.84023e+00   3.21618e+01   3.21667e+01
          3888   3.88800e+03   1.83977e+00   3.19952e+01   3.20000e+01
          3889   3.88900e+03   1.83937e+00   3.18286e+01   3.18333e+01
          3890   3.89000e+03   1.83883e+00   3.16619e+01   3.16667e+01
          3891   3.89100e+03   1.83833e+00   3.14953e+01   3.15000e+01
          3892   3.89200e+03   1.83777e+00   3.13287e+01   3.13333e+01
          3893   3.89300e+03   1.83726e+00   3.11620e+01   3.11667e+01
          3894   3.89400e+03   1.83679e+00   3.09953e+01   3.10000e+01
          3895   3.89500e+03   1.83632e+00   3.08287e+01   3.08333e+01
          3896   3.89600e+03   1.83583e+00   3.06620e+01   3.06667e+01
          3897   3.89700e+03   1.83527e+00   3.04954e+01   3.05000e+01
          3898   3.89800e+03   1.83467e+00   3.03288e+01   3.03333e+01
          3899   3.89900e+03   1.83413e+00   3.01621e+01   3.01667e+01
          3900   3.90000e+03   1.83354e+00   2.99955e+01   3.00000e+01
          3901   3.90100e+03   1.83294e+00   2.98289e+01   2.98333e+01
          3902   3.90200e+03   1.83228e+00   2.96622e+01   2.96667e+01
          3903   3.90300e+03   1.83163e+00   2.94956e+01   2.95000e+01
          3904   3.90400e+03   1.83094e+00   2.93289e+01   2.93333e+01
          3905   3.90500e+03   1.83021e+00   2.91623e+01   2.91667e+01
          3906   3.90600e+03   1.82953e+00   2.89956e+01   2.90000e+01
          3907   3.90700e+03   1.82892e+00   2.88290e+01   2.88333e+01
          3908   3.90800e+03   1.82831e+00   2.86623e+01   2.86667e+01
          3909   3.90900e+03   1.82776e+00   2.84957e+01   2.85000e+01
          3910   3.91000e+03   1.82725e+00   2.83290e+01   2.83333e+01
          3911   3.91100e+03   1.82673e+00   2.81624e+01   2.81667e+01
          3912   3.91200e+03   1.82621e+00   2.79957e+01   2.80000e+01
          3913   3.91300e+03   1.82566e+00   2.78291e+01   2.78333e+01
          3914   3.91400e+03   1.82510e+00   2.76625e+01   2.76667e+01
          3915   3.91500e+03   1.82448e+00   2.74958e+01   2.75000e+01
          3916   3.91600e+03   1.82388e+00   2.73292e+01   2.73333e+01
          3917   3.91700e+03   1.82328e+00   2.71626e+01   2.71667e+01
          3918   3.91800e+03   1.82258e+00   2.69960e+01   2.70000e+01
          3919   3.91900e+03   1.82190e+00   2.68293e+01   2.68333e+01
          3920   3.92000e+03   1.82128e+00   2.66627e+01   2.66667e+01
          3921   3.92100e+03   1.82064e+00   2.64961e+01   2.65000e+01
          3922   3.92200e+03   1.82005e+00   2.63294e+01   2.63333e+01
          3923   3.92300e+03   1.81950e+00   2.61628e+01   2.61667e+01
          3924   3.92400e+03   1.81900e+00   2.59962e+01   2.60000e+01
          3925   3.92500e+03   1.81848e+00   2.58296e+01   2.58333e+01
          3926   3.92600e+03   1.81794e+00   2.56630e+01   2.56667e+01
          3927   3.92700e+03   1.81744e+00   2.54964e+01   2.55000e+01
          3928   3.92800e+03   1.81688e+00   2.53298e+01   2.53333e+01
          3929   3.92900e+03   1.81623e+00   2.51632e+01   2.51667e+01
          3930   3.93000e+03   1.81559e+00   2.49965e+01   2.50000e+01
          3931   3.93100e+03   1.81494e+00   2.48299e+01   2.48333e+01
          3932   3.93200e+03   1.81426e+00   2.46633e+01   2.46667e+01
          3933   3.93300e+03   1.81364e+00   2.44966e+01   2.45000e+01
          3934   3.93400e+03   1.81294e+00   2.43300e+01   2.43333e+01
          3935   3.93500e+03   1.81223e+00   2.41634e+01   2.41667e+01
          3936   3.93600e+03   1.81158e+00   2.39968e+01   2.40000e+01
          3937   3.93700e+03   1.81098e+00   2.38301e+01   2.38333e+01
          3938   3.93800e+03   1.81037e+00   2.36635e+01   2.36667e+01
          3939   3.93900e+03   1.80974e+00   2.34969e+01   2.35000e+01
          3940   3.94000e+03   1.80907e+00   2.33303e+01   2.33333e+01
          3941   3.94100e+03   1.80840e+00   2.31637e+01   2.31667e+01
          3942   3.94200e+03   1.80766e+00   2.29970e+01   2.30000e+01
          3943   3.94300e+03   1.80694e+00   2.28304e+01   2.28333e+01
          3944   3.94400e+03   1.80633e+00   2.26638e+01   2.26667e+01
          3945   3.94500e+03   1.80567e+00   2.24972e+01   2.25000e+01
          3946   3.94600e+03   1.80495e+00   2.23306e+01   2.23333e+01
          3947   3.94700e+03   1.80429e+00   2.21639e+01   2.21667e+01
          3948   3.94800e+03   1.80365e+00   2.19973e+01   2.20000e+01
          3949   3.94900e+03   1.80310e+00   2.18307e+01   2.18333e+01
          3950   3.95000e+03   1.80261e+00   2.16641e+01   2.16667e+01
          3951   3.95100e+03   1.80222e+00   2.14975e+01   2.15000e+01
          3952   3.95200e+03   1.80177e+00   2.13308e+01   2.13333e+01
          3953   3.95300e+03   1.80126e+00   2.11642e+01   2.11667e+01
          3954   3.95400e+03   1.80075e+00   2.09976e+01   2.10000e+01
          3955   3.95500e+03   1.80024e+00   2.08310e+01   2.08333e+01
          3956   3.95600e+03   1.79968e+00   2.06643e+01   2.06667e+01
          3957   3.95700e+03   1.79906e+00   2.04977e+01   2.05000e+01
          3958   3.95800e+03   1.79840e+00   2.03310e+01   2.03333e+01
          3959   3.95900e+03   1.79767e+00   2.01643e+01   2.01667e+01
          3960   3.96000e+03   1.79685e+00   1.99977e+01   2.00000e+01
          3961   3.96100e+03   1.79613e+00   1.98310e+01   1.98333e+01
          3962   3.96200e+03   1.79539e+00   1.96644e+01   1.96667e+01
          3963   3.96300e+03   1.79461e+00   1.94977e+01   1.95000e+01
          3964   3.96400e+03   1.79383e+00   1.93310e+01   1.93333e+01
          3965   3.96500e+03   1.79307e+00   1.91644e+01   1.91667e+01
          3966   3.96600e+03   1.79237e+00   1.89977e+01   1.90000e+01
          3967   3.96700e+03   1.79157e+00   1.88310e+01   1.88333e+01
          3968   3.96800e+03   1.79084e+00   1.86644e+01   1.86667e+01
          3969   3.96900e+03   1.79008e+00   1.84977e+01   1.85000e+01
          3970   3.97000e+03   1.78935e+00   1.83310e+01   1.83333e+01
          3971   3.97100e+03   1.78860e+00   1.81643e+01   1.81667e+01
          3972   3.97200e+03   1.78788e+00   1.79977e+01   1.80000e+01
          3973   3.97300e+03   1.78711e+00   1.78310e+01   1.78333e+01
          3974   3.97400e+03   1.78634e+00   1.76643e+01   1.76667e+01
          3975   3.97500e+03   1.78561e+00   1.74977e+01   1.75000e+01
          3976   3.97600e+03   1.78495e+00   1.73310e+01   1.73333e+01
          3977   3.97700e+03   1.78423e+00   1.71643e+01   1.71667e+01
          3978   3.97800e+03   1.78362e+00   1.69977e+01   1.70000e+01
          3979   3.97900e+03   1.78291e+00   1.68310e+01   1.68333e+01
          3980   3.98000e+03   1.78208e+00   1.66644e+01   1.66667e+01
          3981   3.98100e+03   1.78124e+00   1.64977e+01   1.65000e+01
          3982   3.98200e+03   1.78053e+00   1.63311e+01   1.63333e+01
          3983   3.98300e+03   1.77990e+00   1.61644e+01   1.61667e+01
          3984   3.98400e+03   1.77913e+00   1.59977e+01   1.60000e+01
          3985   3.98500e+03   1.77834e+00   1.58311e+01   1.58333e+01
          3986   3.98600e+03   1.77755e+00   1.56645e+01   1.56667e+01
          3987   3.98700e+03   1.77678e+00   1.54978e+01   1.55000e+01
          3988   3.98800e+03   1.77607e+00   1.53312e+01   1.53333e+01
          3989   3.98900e+03   1.77549e+00   1.51645e+01   1.51667e+01
          3990   3.99000e+03   1.77499e+00   1.49979e+01   1.50000e+01
          3991   3.99100e+03   1.77446e+00   1.48312e+01   1.48333e+01
          3992   3.99200e+03   1.77381e+00   1.46646e+01   1.46667e+01
          3993   3.99300e+03   1.77332e+00   1.44979e+01   1.45000e+01
          3994   3.99400e+03   1.77286e+00   1.43313e+01   1.43333e+01
          3995   3.99500e+03   1.77244e+00   1.41647e+01   1.41667e+01
          3996   3.99600e+03   1.77199e+00   1.39980e+01   1.40000e+01
          3997   3.99700e+03   1.77155e+00   1.38314e+01   1.38333e+01
          3998   3.99800e+03   1.77111e+00   1.36648e+01   1.36667e+01
          3999   3.99900e+03   1.77062e+00   1.34981e+01   1.35000e+01
          4000   4.00000e+03   1.77005e+00   1.33315e+01   1.33333e+01
          4001   4.00100e+03   1.76951e+00   1.31649e+01   1.31667e+01
          4002   4.00200e+03   1.76891e+00   1.29982e+01   1.30000e+01
          4003   4.00300e+03   1.76836e+00   1.28316e+01   1.28333e+01
          4004   4.00400e+03   1.76776e+00   1.26649e+01   1.26667e+01
          4005   4.00500e+03   1.76719e+00   1.24983e+01   1.25000e+01
          4006   4.00600e+03   1.76655e+00   1.23316e+01   1.23333e+01
          4007   4.00700e+03   1.76595e+00   1.21650e+01   1.21667e+01
          4008   4.00800e+03   1.76532e+00   1.19984e+01   1.20000e+01
          4009   4.00900e+03   1.76472e+00   1.18317e+01   1.18333e+01
          4010   4.01000e+03   1.76416e+00   1.16651e+01   1.16667e+01
          4011   4.01100e+03   1.76363e+00   1.14985e+01   1.15000e+01
          4012   4.01200e+03   1.76301e+00   1.13318e+01   1.13333e+01
          4013   4.01300e+03   1.76242e+00   1.11652e+01   1.11667e+01
          4014   4.01400e+03   1.76176e+00   1.09985e+01   1.10000e+01
          4015   4.01500e+03   1.76111e+00   1.08319e+01   1.08333e+01
          4016   4.01600e+03   1.76046e+00   1.06652e+01   1.06667e+01
          4017   4.01700e+03   1.75981e+00   1.04986e+01   1.05000e+01
          4018   4.01800e+03   1.75915e+00   1.03319e+01   1.03333e+01
          4019   4.01900e+03   1.75858e+00   1.01653e+01   1.01667e+01
          4020   4.02000e+03   1.75799e+00   9.99864e+00   1.00000e+01
          4021   4.02100e+03   1.75743e+00   9.83200e+00   9.83333e+00
          4022   4.02200e+03   1.75692e+00   9.66533e+00   9.66667e+00
          4023   4.02300e+03   1.75638e+00   9.49871e+00   9.50000e+00
          4024   4.02400e+03   1.75585e+00   9.33206e+00   9.33333e+00
          4025   4.02500e+03   1.75529e+00   9.16542e+00   9.16667e+00
          4026   4.02600e+03   1.75479e+00   8.99879e+00   9.00000e+00
          4027   4.02700e+03   1.75431e+00   8.83214e+00   8.83333e+00
          4028   4.02800e+03   1.75370e+00   8.66548e+00   8.66667e+00
          4029   4.02900e+03   1.75312e+00   8.49882e+00   8.50000e+00
          4030   4.03000e+03   1.75250e+00   8.33218e+00   8.33333e+00
          4031   4.03100e+03   1.75183e+00   8.16552e+00   8.16667e+00
          4032   4.03200e+03   1.75127e+00   7.99886e+00   8.00000e+00
          4033   4.03300e+03   1.75079e+00   7.83221e+00   7.83333e+00
          4034   4.03400e+03   1.75028e+00   7.66553e+00   7.66667e+00
          4035   4.03500e+03   1.74974e+00   7.49887e+00   7.50000e+00
          4036   4.03600e+03   1.74921e+00   7.33225e+00   7.33333e+00
          4037   4.03700e+03   1.74872e+00   7.16561e+00   7.16667e+00
          4038   4.03800e+03   1.74821e+00   6.99893e+00   7.00000e+00
          4039   4.03900e+03   1.74783e+00   6.83227e+00   6.83333e+00
          4040   4.04000e+03   1.74742e+00   6.66561e+00   6.66667e+00
          4041   4.04100e+03   1.74694e+00   6.49898e+00   6.50000e+00
          4042   4.04200e+03   1.74638e+00   6.33235e+00   6.33333e+00
          4043   4.04300e+03   1.74586e+00   6.16572e+00   6.16667e+00
          4044   4.04400e+03   1.74533e+00   5.99905e+00   6.00000e+00
          4045   4.04500e+03   1.74482e+00   5.83240e+00   5.83333e+00
          4046   4.04600e+03   1.74432e+00   5.66573e+00   5.66667e+00
          4047   4.04700e+03   1.74384e+00   5.49907e+00   5.50000e+00
          4048   4.04800e+03   1.74331e+00   5.33242e+00   5.33333e+00
          4049   4.04900e+03   1.74285e+00   5.16578e+00   5.16667e+00
          4050   4.05000e+03   1.74230e+00   4.99915e+00   5.00000e+00
          4051   4.05100e+03   1.74180e+00   4.83252e+00   4.83333e+00
          4052   4.05200e+03   1.74129e+00   4.66589e+00   4.66667e+00
          4053   4.05300e+03   1.74080e+00   4.49925e+00   4.50000e+00
          4054   4.05400e+03   1.74025e+00   4.33259e+00   4.33333e+00
          4055   4.05500e+03   1.73968e+00   4.16594e+00   4.16667e+00
          4056   4.05600e+03   1.73910e+00   3.99929e+00   4.00000e+00
          4057   4.05700e+03   1.73849e+00   3.83264e+00   3.83333e+00
          4058   4.05800e+03   1.73780e+00   3.66597e+00   3.66667e+00
          4059   4.05900e+03   1.73728e+00   3.49931e+00   3.50000e+00
          4060   4.06000e+03   1.73681e+00   3.33264e+00   3.33333e+00
          4061   4.06100e+03   1.73631e+00   3.16597e+00   3.16667e+00
          4062   4.06200e+03   1.73580e+00   2.99928e+00   3.00000e+00
          4063   4.06300e+03   1.73527e+00   2.83264e+00   2.83333e+00
          4064   4.06400e+03   1.73480e+00   2.66598e+00   2.66667e+00
          4065   4.06500e+03   1.73440e+00   2.49930e+00   2.50000e+00
          4066   4.06600e+03   1.73396e+00   2.33264e+00   2.33333e+00
          4067   4.06700e+03   1.73348e+00   2.16595e+00   2.16667e+00
          4068   4.06800e+03   1.73292e+00   1.99930e+00   2.00000e+00
          4069   4.06900e+03   1.73241e+00   1.83265e+00   1.83333e+00
          4070   4.07000e+03   1.73194e+00   1.66599e+00   1.66667e+00
          4071   4.07100e+03   1.73146e+00   1.49931e+00   1.50000e+00
          4072   4.07200e+03   1.73102e+00   1.33265e+00   1.33333e+00
          4073   4.07300e+03   1.73054e+00   1.16601e+00   1.16667e+00
          4074   4.07400e+03   1.73001e+00   9.99348e-01   1.00000e+00
          4075   4.07500e+03   1.72954e+00   8.32681e-01   8.33333e-01
          4076   4.07600e+03   1.72917e+00   6.66019e-01   6.66667e-01
          4077   4.07700e+03   1.72884e+00   4.99366e-01   5.00000e-01
          4078   4.07800e+03   1.72839e+00   3.32730e-01   3.33333e-01
          4079   4.07900e+03   1.72786e+00   1.66098e-01   1.66667e-01
          4080   4.08000e+03   1.72733e+00  -5.33515e-04   0.00000e+00
          4081   4.08100e+03   1.72681e+00  -1.67147e-01  -1.66667e-01
          4082   4.08200e+03   1.72630e+00  -3.33794e-01  -3.33333e-01
          4083   4.08300e+03   1.72581e+00  -5.00463e-01  -5.00000e-01
          4084   4.08400e+03   1.72527e+00  -6.67113e-01  -6.66667e-01
          4085   4.08500e+03   1.72474e+00  -8.33768e-01  -8.33333e-01
          4086   4.08600e+03   1.72415e+00  -1.00042e+00  -1.00000e+00
          4087   4.08700e+03   1.72359e+00  -1.16705e+00  -1.16667e+00
          4088   4.08800e+03   1.72310e+00  -1.33369e+00  -1.33333e+00
          4089   4.08900e+03   1.72256e+00  -1.50032e+00  -1.50000e+00
          4090   4.09000e+03   1.72206e+00  -1.66694e+00  -1.66667e+00
          4091   4.09100e+03   1.72156e+00  -1.83356e+00  -1.83333e+00
          4092   4.09200e+03   1.72104e+00  -2.00018e+00  -2.00000e+00
          4093   4.09300e+03   1.72052e+00  -2.16684e+00  -2.16667e+00
          4094   4.09400e+03   1.71993e+00  -2.33346e+00  -2.33333e+00
          4095   4.09500e+03   1.71932e+00  -2.50008e+00  -2.50000e+00
          4096   4.09600e+03   1.71878e+00  -2.66671e+00  -2.66667e+00
          4097   4.09700e+03   1.71829e+00  -2.83335e+00  -2.83333e+00
          4098   4.09800e+03   1.71782e+00  -2.99998e+00  -3.00000e+00
          4099   4.09900e+03   1.71730e+00  -3.16659e+00  -3.16667e+00
          4100   4.10000e+03   1.71675e+00  -3.33318e+00  -3.33333e+00
          4101   4.10100e+03   1.71621e+00  -3.49977e+00  -3.50000e+00
          4102   4.10200e+03   1.71604e+00  -3.66638e+00  -3.66667e+00
          4103   4.10300e+03   1.71577e+00  -3.83298e+00  -3.83333e+00
          4104   4.10400e+03   1.71535e+00  -3.99959e+00  -4.00000e+00
          4105   4.10500e+03   1.71524e+00  -4.16618e+00  -4.16667e+00
          4106   4.10600e+03   1.71786e+00  -4.33269e+00  -4.33333e+00
          4107   4.10700e+03   1.72209e+00  -4.49909e+00  -4.50000e+00
          4108   4.10800e+03   1.72646e+00  -4.66551e+00  -4.66667e+00
          4109   4.10900e+03   1.72937e+00  -4.83200e+00  -4.83333e+00
          4110   4.11000e+03   1.73028e+00  -4.99851e+00  -5.00000e+00
          4111   4.11100e+03   1.73096e+00  -5.16505e+00  -5.16667e+00
          4112   4.11200e+03   1.73090e+00  -5.33166e+00  -5.33333e+00
          4113   4.11300e+03   1.72966e+00  -5.49824e+00  -5.50000e+00
          4114   4.11400e+03   1.72849e+00  -5.66485e+00  -5.66667e+00
          4115   4.11500e+03   1.72758e+00  -5.83148e+00  -5.83333e+00
          4116   4.11600e+03   1.72644e+00  -5.99811e+00  -6.00000e+00
          4117   4.11700e+03   1.72524e+00  -6.16471e+00  -6.16667e+00
          4118   4.11800e+03   1.72398e+00  -6.33133e+00  -6.33333e+00
          4119   4.11900e+03   1.72275e+00  -6.49793e+00  -6.50000e+00
          4120   4.12000e+03   1.72163e+00  -6.66454e+00  -6.66667e+00
          4121   4.12100e+03   1.72054e+00  -6.83117e+00  -6.83333e+00
          4122   4.12200e+03   1.71943e+00  -6.99779e+00  -7.00000e+00
          4123   4.12300e+03   1.71840e+00  -7.16440e+00  -7.16667e+00
          4124   4.12400e+03   1.71737e+00  -7.33100e+00  -7.33333e+00
          4125   4.12500e+03   1.71632e+00  -7.49762e+00  -7.50000e+00
          4126   4.12600e+03   1.71535e+00  -7.66423e+00  -7.66667e+00
          4127   4.12700e+03   1.71443e+00  -7.83084e+00  -7.83333e+00
          4128   4.12800e+03   1.71360e+00  -7.99743e+00  -8.00000e+00
          4129   4.12900e+03   1.71276e+00  -8.16406e+00  -8.16667e+00
          4130   4.13000e+03   1.71205e+00  -8.33068e+00  -8.33333e+00
          4131   4.13100e+03   1.71137e+00  -8.49727e+00  -8.50000e+00
          4132   4.13200e+03   1.71070e+00  -8.66388e+00  -8.66667e+00
          4133   4.13300e+03   1.70998e+00  -8.83051e+00  -8.83333e+00
          4134   4.13400e+03   1.70937e+00  -8.99710e+00  -9.00000e+00
          4135   4.13500e+03   1.70881e+00  -9.16370e+00  -9.16667e+00
          4136   4.13600e+03   1.70818e+00  -9.33030e+00  -9.33333e+00
          4137   4.13700e+03   1.70752e+00  -9.49691e+00  -9.50000e+00
          4138   4.13800e+03   1.70695e+00  -9.66352e+00  -9.66667e+00
          4139   4.13900e+03   1.70638e+00  -9.83014e+00  -9.83333e+00
          4140   4.14000e+03   1.70585e+00  -9.99677e+00  -1.00000e+01
          4141   4.14100e+03   1.70525e+00  -1.01634e+01  -1.01667e+01
          4142   4.14200e+03   1.70474e+00  -1.03300e+01  -1.03333e+01
          4143   4.14300e+03   1.70421e+00  -1.04966e+01  -1.05000e+01
          4144   4.14400e+03   1.70371e+00  -1.06632e+01  -1.06667e+01
          4145   4.14500e+03   1.70324e+00  -1.08299e+01  -1.08333e+01
          4146   4.14600e+03   1.70272e+00  -1.09965e+01  -1.10000e+01
          4147   4.14700e+03   1.70219e+00  -1.11632e+01  -1.11667e+01
          4148   4.14800e+03   1.70166e+00  -1.13298e+01  -1.13333e+01
          4149   4.14900e+03   1.70113e+00  -1.14964e+01  -1.15000e+01
          4150   4.15000e+03   1.70068e+00  -1.16631e+01  -1.16667e+01
          4151   4.15100e+03   1.70019e+00  -1.18297e+01  -1.18333e+01
          4152   4.15200e+03   1.69978e+00  -1.19964e+01  -1.20000e+01
          4153   4.15300e+03   1.69928e+00  -1.21630e+01  -1.21667e+01
          4154   4.15400e+03   1.69883e+00  -1.23296e+01  -1.23333e+01
          4155   4.15500e+03   1.69847e+00  -1.24963e+01  -1.25000e+01
          4156   4.15600e+03   1.69806e+00  -1.26629e+01  -1.26667e+01
          4157   4.15700e+03   1.69757e+00  -1.28296e+01  -1.28333e+01
          4158   4.15800e+03   1.69703e+00  -1.29962e+01  -1.30000e+01
          4159   4.15900e+03   1.69650e+00  -1.31628e+01  -1.31667e+01
          4160   4.16000e+03   1.69603e+00  -1.33295e+01  -1.33333e+01
          4161   4.16100e+03   1.69545e+00  -1.34961e+01  -1.35000e+01
          4162   4.16200e+03   1.69494e+00  -1.36628e+01  -1.36667e+01
          4163   4.16300e+03   1.69434e+00  -1.38294e+01  -1.38333e+01
          4164   4.16400e+03   1.69371e+00  -1.39960e+01  -1.40000e+01
          4165   4.16500e+03   1.69308e+00  -1.41627e+01  -1.41667e+01
          4166   4.16600e+03   1.69250e+00  -1.43293e+01  -1.43333e+01
          4167   4.16700e+03   1.69195e+00  -1.44960e+01  -1.45000e+01
          4168   4.16800e+03   1.69141e+00  -1.46627e+01  -1.46667e+01
          4169   4.16900e+03   1.69082e+00  -1.48294e+01  -1.48333e+01
          4170   4.17000e+03   1.69028e+00  -1.49960e+01  -1.50000e+01
          4171   4.17100e+03   1.68972e+00  -1.51627e+01  -1.51667e+01
          4172   4.17200e+03   1.68923e+00  -1.53294e+01  -1.53333e+01
          4173   4.17300e+03   1.68881e+00  -1.54960e+01  -1.55000e+01
          4174   4.17400e+03   1.68839e+00  -1.56627e+01  -1.56667e+01
          4175   4.17500e+03   1.68797e+00  -1.58293e+01  -1.58333e+01
          4176   4.17600e+03   1.68753e+00  -1.59960e+01  -1.60000e+01
          4177   4.17700e+03   1.68714e+00  -1.61626e+01  -1.61667e+01
          4178   4.17800e+03   1.68667e+00  -1.63293e+01  -1.63333e+01
          4179   4.17900e+03   1.68613e+00  -1.64960e+01  -1.65000e+01
          4180   4.18000e+03   1.68561e+00  -1.66626e+01  -1.66667e+01
          4181   4.18100e+03   1.68510e+00  -1.68293e+01  -1.68333e+01
          4182   4.18200e+03   1.68454e+00  -1.69960e+01  -1.70000e+01
          4183   4.18300e+03   1.68396e+00  -1.71626e+01  -1.71667e+01
          4184   4.18400e+03   1.68351e+00  -1.73293e+01  -1.73333e+01
          4185   4.18500e+03   1.68302e+00  -1.74960e+01  -1.75000e+01
          4186   4.18600e+03   1.68249e+00  -1.76626e+01  -1.76667e+01
          4187   4.18700e+03   1.68204e+00  -1.78293e+01  -1.78333e+01
          4188   4.18800e+03   1.68166e+00  -1.79960e+01  -1.80000e+01
          4189   4.18900e+03   1.68127e+00  -1.81626e+01  -1.81667e+01
          4190   4.19000e+03   1.68082e+00  -1.83293e+01  -1.83333e+01
          4191   4.19100e+03   1.68037e+00  -1.84960e+01  -1.85000e+01
          4192   4.19200e+03   1.67996e+00  -1.86627e+01  -1.86667e+01
          4193   4.19300e+03   1.67945e+00  -1.88294e+01  -1.88333e+01
          4194   4.19400e+03   1.67895e+00  -1.89960e+01  -1.90000e+01
          4195   4.19500e+03   1.67849e+00  -1.91627e+01  -1.91667e+01
          4196   4.19600e+03   1.67801e+00  -1.93294e+01  -1.93333e+01
          4197   4.19700e+03   1.67751e+00  -1.94961e+01  -1.95000e+01
          4198   4.19800e+03   1.67701e+00  -1.96628e+01  -1.96667e+01
          4199   4.19900e+03   1.67658e+00  -1.98295e+01  -1.98333e+01
          4200   4.20000e+03   1.67616e+00  -1.99962e+01  -2.00000e+01
          4201   4.20100e+03   1.67574e+00  -2.01629e+01  -2.01667e+01
          4202   4.20200e+03   1.67526e+00  -2.03296e+01  -2.03333e+01
          4203   4.20300e+03   1.67477e+00  -2.04963e+01  -2.05000e+01
          4204   4.20400e+03   1.67421e+00  -2.06630e+01  -2.06667e+01
          4205   4.20500e+03   1.67366e+00  -2.08297e+01  -2.08333e+01
          4206   4.20600e+03   1.67316e+00  -2.09964e+01  -2.10000e+01
          4207   4.20700e+03   1.67271e+00  -2.11630e+01  -2.11667e+01
          4208   4.20800e+03   1.67215e+00  -2.13297e+01  -2.13333e+01
          4209   4.20900e+03   1.67165e+00  -2.14964e+01  -2.15000e+01
          4210   4.21000e+03   1.67117e+00  -2.16631e+01  -2.16667e+01
          4211   4.21100e+03   1.67071e+00  -2.18298e+01  -2.18333e+01
          4212   4.21200e+03   1.67032e+00  -2.19965e+01  -2.20000e+01
          4213   4.21300e+03   1.66997e+00  -2.21632e+01  -2.21667e+01
          4214   4.21400e+03   1.66962e+00  -2.23299e+01  -2.23333e+01
          4215   4.21500e+03   1.66918e+00  -2.24966e+01  -2.25000e+01
          4216   4.21600e+03   1.66872e+00  -2.26633e+01  -2.26667e+01
          4217   4.21700e+03   1.66830e+00  -2.28300e+01  -2.28333e+01
          4218   4.21800e+03   1.66794e+00  -2.29967e+01  -2.30000e+01
          4219   4.21900e+03   1.66752e+00  -2.31635e+01  -2.31667e+01
          4220   4.22000e+03   1.66703e+00  -2.33302e+01  -2.33333e+01
          4221   4.22100e+03   1.66656e+00  -2.34969e+01  -2.35000e+01
          4222   4.22200e+03   1.66611e+00  -2.36636e+01  -2.36667e+01
          4223   4.22300e+03   1.66572e+00  -2.38303e+01  -2.38333e+01
          4224   4.22400e+03   1.66534e+00  -2.39970e+01  -2.40000e+01
          4225   4.22500e+03   1.66504e+00  -2.41637e+01  -2.41667e+01
          4226   4.22600e+03   1.66470e+00  -2.43304e+01  -2.43333e+01
          4227   4.22700e+03   1.66430e+00  -2.44971e+01  -2.45000e+01
          4228   4.22800e+03   1.66388e+00  -2.46638e+01  -2.46667e+01
          4229   4.22900e+03   1.66357e+00  -2.48305e+01  -2.48333e+01
          4230   4.23000e+03   1.66318e+00  -2.49972e+01  -2.50000e+01
          4231   4.23100e+03   1.66277e+00  -2.51639e+01  -2.51667e+01
          4232   4.23200e+03   1.66226e+00  -2.53306e+01  -2.53333e+01
          4233   4.23300e+03   1.66177e+00  -2.54973e+01  -2.55000e+01
          4234   4.23400e+03   1.66130e+00  -2.56640e+01  -2.56667e+01
          4235   4.23500e+03   1.66091e+00  -2.58307e+01  -2.58333e+01
          4236   4.23600e+03   1.66042e+00  -2.59975e+01  -2.60000e+01
          4237   4.23700e+03   1.65994e+00  -2.61642e+01  -2.61667e+01
          4238   4.23800e+03   1.65940e+00  -2.63309e+01  -2.63333e+01
          4239   4.23900e+03   1.65885e+00  -2.64976e+01  -2.65000e+01
          4240   4.24000e+03   1.65841e+00  -2.66643e+01  -2.66667e+01
          4241   4.24100e+03   1.65802e+00  -2.68311e+01  -2.68333e+01
          4242   4.24200e+03   1.65761e+00  -2.69978e+01  -2.70000e+01
          4243   4.24300e+03   1.65710e+00  -2.71645e+01  -2.71667e+01
          4244   4.24400e+03   1.65651e+00  -2.73312e+01  -2.73333e+01
          4245   4.24500e+03   1.65603e+00  -2.74979e+01  -2.75000e+01
          4246   4.24600e+03   1.65558e+00  -2.76646e+01  -2.76667e+01
          4247   4.24700e+03   1.65515e+00  -2.78313e+01  -2.78333e+01
          4248   4.24800e+03   1.65479e+00  -2.79980e+01  -2.80000e+01
          4249   4.24900e+03   1.65427e+00  -2.81647e+01  -2.81667e+01
          4250   4.25000e+03   1.65379e+00  -2.83314e+01  -2.83333e+01
          4251   4.25100e+03   1.65330e+00  -2.84982e+01  -2.85000e+01
          4252   4.25200e+03   1.65285e+00  -2.86649e+01  -2.86667e+01
          4253   4.25300e+03   1.65248e+00  -2.88316e+01  -2.88333e+01
          4254   4.25400e+03   1.65198e+00  -2.89983e+01  -2.90000e+01
          4255   4.25500e+03   1.65154e+00  -2.91651e+01  -2.91667e+01
          4256   4.25600e+03   1.65112e+00  -2.93318e+01  -2.93333e+01
          4257   4.25700e+03   1.65064e+00  -2.94985e+01  -2.95000e+01
          4258   4.25800e+03   1.65013e+00  -2.96653e+01  -2.96667e+01
          4259   4.25900e+03   1.64968e+00  -2.98320e+01  -2.98333e+01
          4260   4.26000e+03   1.64926e+00  -2.99987e+01  -3.00000e+01
          4261   4.26100e+03   1.64888e+00  -3.01655e+01  -3.01667e+01
          4262   4.26200e+03   1.64849e+00  -3.03322e+01  -3.03333e+01
          4263   4.26300e+03   1.64807e+00  -3.04989e+01  -3.05000e+01
          4264   4.26400e+03   1.64763e+00  -3.06657e+01  -3.06667e+01
          4265   4.26500e+03   1.64723e+00  -3.08324e+01  -3.08333e+01
          4266   4.26600e+03   1.64685e+00  -3.09991e+01  -3.10000e+01
          4267   4.26700e+03   1.64649e+00  -3.11659e+01  -3.11667e+01
          4268   4.26800e+03   1.64605e+00  -3.13326e+01  -3.13333e+01
          4269   4.26900e+03   1.64558e+00  -3.14993e+01  -3.15000e+01
          4270   4.27000e+03   1.64504e+00  -3.16661e+01  -3.16667e+01
          4271   4.27100e+03   1.64446e+00  -3.18328e+01  -3.18333e+01
          4272   4.27200e+03   1.64396e+00  -3.19995e+01  -3.20000e+01
          4273   4.27300e+03   1.64349e+00  -3.21663e+01  -3.21667e+01
          4274   4.27400e+03   1.64283e+00  -3.23330e+01  -3.23333e+01
          4275   4.27500e+03   1.64221e+00  -3.24998e+01  -3.25000e+01
          4276   4.27600e+03   1.64168e+00  -3.26665e+01  -3.26667e+01
          4277   4.27700e+03   1.64105e+00  -3.28332e+01  -3.28333e+01
          4278   4.27800e+03   1.64045e+00  -3.30000e+01  -3.30000e+01
          4279   4.27900e+03   1.63983e+00  -3.31668e+01  -3.31667e+01
          4280   4.28000e+03   1.63930e+00  -3.33335e+01  -3.33333e+01
          4281   4.28100e+03   1.63863e+00  -3.35003e+01  -3.35000e+01
          4282   4.28200e+03   1.63796e+00  -3.36670e+01  -3.36667e+01
          4283   4.28300e+03   1.63741e+00  -3.38337e+01  -3.38333e+01
          4284   4.28400e+03   1.63679e+00  -3.40005e+01  -3.40000e+01
          4285   4.28500e+03   1.63599e+00  -3.41673e+01  -3.41667e+01
          4286   4.28600e+03   1.63521e+00  -3.43340e+01  -3.43333e+01
          4287   4.28700e+03   1.63454e+00  -3.45007e+01  -3.45000e+01
          4288   4.28800e+03   1.63386e+00  -3.46675e+01  -3.46667e+01
          4289   4.28900e+03   1.63308e+00  -3.48343e+01  -3.48333e+01
          4290   4.29000e+03   1.63237e+00  -3.50010e+01  -3.50000e+01
          4291   4.29100e+03   1.63163e+00  -3.51677e+01  -3.51667e+01
          4292   4.29200e+03   1.63083e+00  -3.53345e+01  -3.53333e+01
          4293   4.29300e+03   1.63017e+00  -3.55012e+01  -3.55000e+01
          4294   4.29400e+03   1.62960e+00  -3.56680e+01  -3.56667e+01
          4295   4.29500e+03   1.62898e+00  -3.58348e+01  -3.58333e+01
          4296   4.29600e+03   1.62825e+00  -3.60016e+01  -3.60000e+01
          4297   4.29700e+03   1.62754e+00  -3.61683e+01  -3.61667e+01
          4298   4.29800e+03   1.62675e+00  -3.63351e+01  -3.63333e+01
          4299   4.29900e+03   1.62604e+00  -3.65018e+01  -3.65000e+01
          4300   4.30000e+03   1.62530e+00  -3.66686e+01  -3.66667e+01
          4301   4.30100e+03   1.62462e+00  -3.68354e+01  -3.68333e+01
          4302   4.30200e+03   1.62382e+00  -3.70022e+01  -3.70000e+01
          4303   4.30300e+03   1.62302e+00  -3.71689e+01  -3.71667e+01
          4304   4.30400e+03   1.62232e+00  -3.73357e+01  -3.73333e+01
          4305   4.30500e+03   1.62156e+00  -3.75024e+01  -3.75000e+01
          4306   4.30600e+03   1.62083e+00  -3.76692e+01  -3.76667e+01
          4307   4.30700e+03   1.62015e+00  -3.78360e+01  -3.78333e+01
          4308   4.30800e+03   1.61940e+00  -3.80027e+01  -3.80000e+01
          4309   4.30900e+03   1.61854e+00  -3.81695e+01  -3.81667e+01
          4310   4.31000e+03   1.61772e+00  -3.83363e+01  -3.83333e+01
          4311   4.31100e+03   1.61677e+00  -3.85031e+01  -3.85000e+01
          4312   4.31200e+03   1.61577e+00  -3.86698e+01  -3.86667e+01
          4313   4.31300e+03   1.61483e+00  -3.88366e+01  -3.88333e+01
          4314   4.31400e+03   1.61385e+00  -3.90034e+01  -3.90000e+01
          4315   4.31500e+03   1.61283e+00  -3.91702e+01  -3.91667e+01
          4316   4.31600e+03   1.61191e+00  -3.93370e+01  -3.93333e+01
          4317   4.31700e+03   1.61100e+00  -3.95037e+01  -3.95000e+01
          4318   4.31800e+03   1.61012e+00  -3.96705e+01  -3.96667e+01
          4319   4.31900e+03   1.60910e+00  -3.98373e+01  -3.98333e+01
          4320   4.32000e+03   1.60817e+00  -4.00040e+01  -4.00000e+01
          4321   4.32100e+03   1.60725e+00  -4.01708e+01  -4.01667e+01
          4322   4.32200e+03   1.60613e+00  -4.03376e+01  -4.03333e+01
          4323   4.32300e+03   1.60505e+00  -4.05044e+01  -4.05000e+01
          4324   4.32400e+03   1.60390e+00  -4.06712e+01  -4.06667e+01
          4325   4.32500e+03   1.60256e+00  -4.08380e+01  -4.08333e+01
          4326   4.32600e+03   1.60114e+00  -4.10048e+01  -4.10000e+01
          4327   4.32700e+03   1.59973e+00  -4.11716e+01  -4.11667e+01
          4328   4.32800e+03   1.59836e+00  -4.13384e+01  -4.13333e+01
          4329   4.32900e+03   1.59704e+00  -4.15052e+01  -4.15000e+01
          4330   4.33000e+03   1.59565e+00  -4.16720e+01  -4.16667e+01
          4331   4.33100e+03   1.59429e+00  -4.18388e+01  -4.18333e+01
          4332   4.33200e+03   1.59295e+00  -4.20056e+01  -4.20000e+01
          4333   4.33300e+03   1.59148e+00  -4.21724e+01  -4.21667e+01
          4334   4.33400e+03   1.59000e+00  -4.23392e+01  -4.23333e+01
          4335   4.33500e+03   1.58853e+00  -4.25060e+01  -4.25000e+01
          4336   4.33600e+03   1.58693e+00  -4.26728e+01  -4.26667e+01
          4337   4.33700e+03   1.58527e+00  -4.28397e+01  -4.28333e+01
          4338   4.33800e+03   1.58340e+00  -4.30065e+01  -4.30000e+01
          4339   4.33900e+03   1.58148e+00  -4.31733e+01  -4.31667e+01
          4340   4.34000e+03   1.57954e+00  -4.33402e+01  -4.33333e+01
          4341   4.34100e+03   1.57755e+00  -4.35070e+01  -4.35000e+01
          4342   4.34200e+03   1.57562e+00  -4.36738e+01  -4.36667e+01
          4343   4.34300e+03   1.57362e+00  -4.38407e+01  -4.38333e+01
          4344   4.34400e+03   1.57153e+00  -4.40075e+01  -4.40000e+01
          4345   4.34500e+03   1.56936e+00  -4.41743e+01  -4.41667e+01
          4346   4.34600e+03   1.56717e+00  -4.43411e+01  -4.43333e+01
          4347   4.34700e+03   1.56492e+00  -4.45080e+01  -4.45000e+01
          4348   4.34800e+03   1.56264e+00  -4.46748e+01  -4.46667e+01
          4349   4.34900e+03   1.56024e+00  -4.48417e+01  -4.48333e+01
          4350   4.35000e+03   1.55777e+00  -4.50085e+01  -4.50000e+01
          4351   4.35100e+03   1.55520e+00  -4.51754e+01  -4.51667e+01
          4352   4.35200e+03   1.55250e+00  -4.53422e+01  -4.53333e+01
          4353   4.35300e+03   1.54973e+00  -4.55091e+01  -4.55000e+01
          4354   4.35400e+03   1.54700e+00  -4.56759e+01  -4.56667e+01
          4355   4.35500e+03   1.54411e+00  -4.58428e+01  -4.58333e+01
          4356   4.35600e+03   1.54117e+00  -4.60097e+01  -4.60000e+01
          4357   4.35700e+03   1.53808e+00  -4.61765e+01  -4.61667e+01
          4358   4.35800e+03   1.53504e+00  -4.63434e+01  -4.63333e+01
          4359   4.35900e+03   1.53182e+00  -4.65103e+01  -4.65000e+01
          4360   4.36000e+03   1.52839e+00  -4.66772e+01  -4.66667e+01
          4361   4.36100e+03   1.52504e+00  -4.68441e+01  -4.68333e+01
          4362   4.36200e+03   1.52153e+00  -4.70109e+01  -4.70000e+01
          4363   4.36300e+03   1.51801e+00  -4.71778e+01  -4.71667e+01
          4364   4.36400e+03   1.51441e+00  -4.73447e+01  -4.73333e+01
          4365   4.36500e+03   1.51077e+00  -4.75116e+01  -4.75000e+01
          4366   4.36600e+03   1.50696e+00  -4.76785e+01  -4.76667e+01
          4367   4.36700e+03   1.50317e+00  -4.78454e+01  -4.78333e+01
          4368   4.36800e+03   1.49935e+00  -4.80122e+01  -4.80000e+01
          4369   4.36900e+03   1.49556e+00  -4.81791e+01  -4.81667e+01
          4370   4.37000e+03   1.49167e+00  -4.83461e+01  -4.83333e+01
          4371   4.37100e+03   1.48784e+00  -4.85129e+01  -4.85000e+01
          4372   4.37200e+03   1.48383e+00  -4.86798e+01  -4.86667e+01
          4373   4.37300e+03   1.47982e+00  -4.88468e+01  -4.88333e+01
          4374   4.37400e+03   1.47573e+00  -4.90137e+01  -4.90000e+01
          4375   4.37500e+03   1.47173e+00  -4.91806e+01  -4.91667e+01
          4376   4.37600e+03   1.46752e+00  -4.93475e+01  -4.93333e+01
          4377   4.37700e+03   1.46326e+00  -4.95144e+01  -4.95000e+01
          4378   4.37800e+03   1.45903e+00  -4.96813e+01  -4.96667e+01
          4379   4.37900e+03   1.45468e+00  -4.98483e+01  -4.98333e+01
          4380   4.38000e+03   1.45030e+00  -5.00152e+01  -5.00000e+01
          4381   4.38100e+03   1.44598e+00  -5.01821e+01  -5.01667e+01
          4382   4.38200e+03   1.44170e+00  -5.03490e+01  -5.03333e+01
          4383   4.38300e+03   1.43743e+00  -5.05160e+01  -5.05000e+01
          4384   4.38400e+03   1.43321e+00  -5.06829e+01  -5.06667e+01
          4385   4.38500e+03   1.42895e+00  -5.08498e+01  -5.08333e+01
          4386   4.38600e+03   1.42463e+00  -5.10167e+01  -5.10000e+01
          4387   4.38700e+03   1.42029e+00  -5.11836e+01  -5.11667e+01
          4388   4.38800e+03   1.41603e+00  -5.13506e+01  -5.13333e+01
          4389   4.38900e+03   1.41170e+00  -5.15175e+01  -5.15000e+01
          4390   4.39000e+03   1.40727e+00  -5.16844e+01  -5.16667e+01
          4391   4.39100e+03   1.40270e+00  -5.18513e+01  -5.18333e+01
          4392   4.39200e+03   1.39801e+00  -5.20182e+01  -5.20000e+01
          4393   4.39300e+03   1.39318e+00  -5.21851e+01  -5.21667e+01
          4394   4.39400e+03   1.38828e+00  -5.23518e+01  -5.23333e+01
          4395   4.39500e+03   1.38323e+00  -5.25183e+01  -5.25000e+01
          4396   4.39600e+03   1.37787e+00  -5.26844e+01  -5.26667e+01
          4397   4.39700e+03   1.37261e+00  -5.28501e+01  -5.28333e+01
          4398   4.39800e+03   1.36712e+00  -5.30152e+01  -5.30000e+01
          4399   4.39900e+03   1.36135e+00  -5.31797e+01  -5.31667e+01
          4400   4.40000e+03   1.35361e+00  -5.33435e+01  -5.33333e+01
          4401   4.40100e+03   1.34560e+00  -5.35067e+01  -5.35000e+01
          4402   4.40200e+03   1.33721e+00  -5.36690e+01  -5.36667e+01
          4403   4.40300e+03   1.32906e+00  -5.38306e+01  -5.38333e+01
          4404   4.40400e+03   1.32057e+00  -5.39914e+01  -5.40000e+01
          4405   4.40500e+03   1.31176e+00  -5.41514e+01  -5.41667e+01
          4406   4.40600e+03   1.30290e+00  -5.43105e+01  -5.43333e+01
          4407   4.40700e+03   1.29386e+00  -5.44688e+01  -5.45000e+01
          4408   4.40800e+03   1.28477e+00  -5.46263e+01  -5.46667e+01
          4409   4.40900e+03   1.27549e+00  -5.47829e+01  -5.48333e+01
          4410   4.41000e+03   1.26620e+00  -5.49387e+01  -5.50000e+01
          4411   4.41100e+03   1.25697e+00  -5.50936e+01  -5.51667e+01
          4412   4.41200e+03   1.24767e+00  -5.52477e+01  -5.53333e+01
          4413   4.41300e+03   1.23835e+00  -5.54010e+01  -5.55000e+01
          4414   4.41400e+03   1.22924e+00  -5.55535e+01  -5.56667e+01
          4415   4.41500e+03   1.22032e+00  -5.57051e+01  -5.58333e+01
          4416   4.41600e+03   1.21127e+00  -5.58560e+01  -5.60000e+01
          4417   4.41700e+03   1.20223e+00  -5.60061e+01  -5.61667e+01
          4418   4.41800e+03   1.19348e+00  -5.61553e+01  -5.63333e+01
          4419   4.41900e+03   1.18484e+00  -5.63037e+01  -5.65000e+01
          4420   4.42000e+03   1.17630e+00  -5.64514e+01  -5.66667e+01
          4421   4.42100e+03   1.16782e+00  -5.65984e+01  -5.68333e+01
          4422   4.42200e+03   1.15964e+00  -5.67445e+01  -5.70000e+01
          4423   4.42300e+03   1.15156e+00  -5.68899e+01  -5.71667e+01
          4424   4.42400e+03   1.14340e+00  -5.70345e+01  -5.73333e+01
          4425   4.42500e+03   1.13544e+00  -5.71784e+01  -5.75000e+01
          4426   4.42600e+03   1.12774e+00  -5.73216e+01  -5.76667e+01
          4427   4.42700e+03   1.12006e+00  -5.74640e+01  -5.78333e+01
          4428   4.42800e+03   1.11250e+00  -5.76058e+01  -5.80000e+01
          4429   4.42900e+03   1.10502e+00  -5.77468e+01  -5.81667e+01
          4430   4.43000e+03   1.09772e+00  -5.78871e+01  -5.83333e+01
          4431   4.43100e+03   1.09040e+00  -5.80266e+01  -5.85000e+01
          4432   4.43200e+03   1.08321e+00  -5.81655e+01  -5.86667e+01
          4433   4.43300e+03   1.07614e+00  -5.83037e+01  -5.88333e+01
          4434   4.43400e+03   1.06925e+00  -5.84413e+01  -5.90000e+01
          4435   4.43500e+03   1.06240e+00  -5.85781e+01  -5.91667e+01
          4436   4.43600e+03   1.05567e+00  -5.87142e+01  -5.93333e+01
          4437   4.43700e+03   1.04891e+00  -5.88498e+01  -5.95000e+01
          4438   4.43800e+03   1.04227e+00  -5.89846e+01  -5.96667e+01
          4439   4.43900e+03   1.03572e+00  -5.91188e+01  -5.98333e+01
          4440   4.44000e+03   1.02932e+00  -5.92523e+01  -6.00000e+01
          4441   4.44100e+03   1.02287e+00  -5.93852e+01  -6.01667e+01
          4442   4.44200e+03   1.01661e+00  -5.95174e+01  -6.03333e+01
          4443   4.44300e+03   1.01034e+00  -5.96490e+01  -6.05000e+01
          4444   4.44400e+03   1.00410e+00  -5.97799e+01  -6.06667e+01
          4445   4.44500e+03   9.97954e-01  -5.99103e+01  -6.08333e+01
          4446   4.44600e+03   9.92024e-01  -6.00400e+01  -6.10000e+01
          4447   4.44700e+03   9.86185e-01  -6.01690e+01  -6.11667e+01
          4448   4.44800e+03   9.80402e-01  -6.02975e+01  -6.13333e+01
          4449   4.44900e+03   9.74594e-01  -6.04254e+01  -6.15000e+01
          4450   4.45000e+03   9.68945e-01  -6.05526e+01  -6.16667e+01
          4451   4.45100e+03   9.63324e-01  -6.06792e+01  -6.18333e+01
          4452   4.45200e+03   9.57806e-01  -6.08053e+01  -6.20000e+01
          4453   4.45300e+03   9.52382e-01  -6.09308e+01  -6.21667e+01
          4454   4.45400e+03   9.46994e-01  -6.10556e+01  -6.23333e+01
          4455   4.45500e+03   9.41652e-01  -6.11799e+01  -6.25000e+01
          4456   4.45600e+03   9.36304e-01  -6.13036e+01  -6.26667e+01
          4457   4.45700e+03   9.31011e-01  -6.14267e+01  -6.28333e+01
          4458   4.45800e+03   9.25794e-01  -6.15493e+01  -6.30000e+01
          4459   4.45900e+03   9.20534e-01  -6.16713e+01  -6.31667e+01
          4460   4.46000e+03   9.15386e-01  -6.17927e+01  -6.33333e+01
          4461   4.46100e+03   9.10359e-01  -6.19136e+01  -6.35000e+01
          4462   4.46200e+03   9.05291e-01  -6.20339e+01  -6.36667e+01
          4463   4.46300e+03   9.00260e-01  -6.21537e+01  -6.38333e+01
          4464   4.46400e+03   8.95208e-01  -6.22729e+01  -6.40000e+01
          4465   4.46500e+03   8.90214e-01  -6.23915e+01  -6.41667e+01
          4466   4.46600e+03   8.85333e-01  -6.25096e+01  -6.43333e+01
          4467   4.46700e+03   8.80419e-01  -6.26272e+01  -6.45000e+01
          4468   4.46800e+03   8.75616e-01  -6.27443e+01  -6.46667e+01
          4469   4.46900e+03   8.70761e-01  -6.28608e+01  -6.48333e+01
          4470   4.47000e+03   8.65907e-01  -6.29768e+01  -6.50000e+01
          4471   4.47100e+03   8.61186e-01  -6.30923e+01  -6.51667e+01
          4472   4.47200e+03   8.56574e-01  -6.32072e+01  -6.53333e+01
          4473   4.47300e+03   8.51976e-01  -6.33217e+01  -6.55000e+01
          4474   4.47400e+03   8.47505e-01  -6.34356e+01  -6.56667e+01
          4475   4.47500e+03   8.42901e-01  -6.35490e+01  -6.58333e+01
          4476   4.47600e+03   8.38557e-01  -6.36618e+01  -6.60000e+01
          4477   4.47700e+03   8.34289e-01  -6.37742e+01  -6.61667e+01
          4478   4.47800e+03   8.30066e-01  -6.38861e+01  -6.63333e+01
          4479   4.47900e+03   8.25770e-01  -6.39975e+01  -6.65000e+01
          4480   4.48000e+03   8.21509e-01  -6.41084e+01  -6.66667e+01
          4481   4.48100e+03   8.17178e-01  -6.42188e+01  -6.68333e+01
          4482   4.48200e+03   8.13022e-01  -6.43287e+01  -6.70000e+01
          4483   4.48300e+03   8.08768e-01  -6.44381e+01  -6.71667e+01
          4484   4.48400e+03   8.04796e-01  -6.45471e+01  -6.73333e+01
          4485   4.48500e+03   8.00678e-01  -6.46556e+01  -6.75000e+01
          4486   4.48600e+03   7.96416e-01  -6.47635e+01  -6.76667e+01
          4487   4.48700e+03   7.92381e-01  -6.48711e+01  -6.78333e+01
          4488   4.48800e+03   7.88311e-01  -6.49781e+01  -6.80000e+01
          4489   4.48900e+03   7.84339e-01  -6.50846e+01  -6.81667e+01
          4490   4.49000e+03   7.80440e-01  -6.51908e+01  -6.83333e+01
          4491   4.49100e+03   7.76495e-01  -6.52964e+01  -6.85000e+01
          4492   4.49200e+03   7.72691e-01  -6.54016e+01  -6.86667e+01
          4493   4.49300e+03   7.68821e-01  -6.55063e+01  -6.88333e+01
          4494   4.49400e+03   7.65069e-01  -6.56106e+01  -6.90000e+01
          4495   4.49500e+03   7.61383e-01  -6.57144e+01  -6.91667e+01
          4496   4.49600e+03   7.57634e-01  -6.58177e+01  -6.93333e+01
          4497   4.49700e+03   7.53952e-01  -6.59206e+01  -6.95000e+01
          4498   4.49800e+03   7.50359e-01  -6.60231e+01  -6.96667e+01
          4499   4.49900e+03   7.46684e-01  -6.61251e+01  -6.98333e+01
          4500   4.50000e+03   7.42938e-01  -6.62267e+01  -7.00000e+01
          4501   4.50100e+03   7.39223e-01  -6.63278e+01  -7.01667e+01
          4502   4.50200e+03   7.35418e-01  -6.64285e+01  -7.03333e+01
          4503   4.50300e+03   7.31561e-01  -6.65288e+01  -7.05000e+01
          4504   4.50400e+03   7.27828e-01  -6.66287e+01  -7.06667e+01
          4505   4.50500e+03   7.24079e-01  -6.67281e+01  -7.08333e+01
          4506   4.50600e+03   7.20477e-01  -6.68271e+01  -7.10000e+01
          4507   4.50700e+03   7.16793e-01  -6.69257e+01  -7.11667e+01
          4508   4.50800e+03   7.13255e-01  -6.70238e+01  -7.13333e+01
          4509   4.50900e+03   7.09820e-01  -6.71215e+01  -7.15000e+01
          4510   4.51000e+03   7.06304e-01  -6.72188e+01  -7.16667e+01
          4511   4.51100e+03   7.02965e-01  -6.73157e+01  -7.18333e+01
          4512   4.51200e+03   6.99664e-01  -6.74122e+01  -7.20000e+01
          4513   4.51300e+03   6.96455e-01  -6.75083e+01  -7.21667e+01
          4514   4.51400e+03   6.93206e-01  -6.76040e+01  -7.23333e+01
          4515   4.51500e+03   6.89946e-01  -6.76992e+01  -7.25000e+01
          4516   4.51600e+03   6.86738e-01  -6.77941e+01  -7.26667e+01
          4517   4.51700e+03   6.83502e-01  -6.78885e+01  -7.28333e+01
          4518   4.51800e+03   6.80262e-01  -6.79826e+01  -7.30000e+01
          4519   4.51900e+03   6.77107e-01  -6.80762e+01  -7.31667e+01
          4520   4.52000e+03   6.73924e-01  -6.81695e+01  -7.33333e+01
          4521   4.52100e+03   6.70716e-01  -6.82623e+01  -7.35000e+01
          4522   4.52200e+03   6.67458e-01  -6.83548e+01  -7.36667e+01
          4523   4.52300e+03   6.64315e-01  -6.84469e+01  -7.38333e+01
          4524   4.52400e+03   6.61269e-01  -6.85386e+01  -7.40000e+01
          4525   4.52500e+03   6.58219e-01  -6.86299e+01  -7.41667e+01
          4526   4.52600e+03   6.55234e-01  -6.87209e+01  -7.43333e+01
          4527   4.52700e+03   6.52337e-01  -6.88114e+01  -7.45000e+01
          4528   4.52800e+03   6.49377e-01  -6.89016e+01  -7.46667e+01
          4529   4.52900e+03   6.46357e-01  -6.89914e+01  -7.48333e+01
          4530   4.53000e+03   6.43430e-01  -6.90808e+01  -7.50000e+01
          4531   4.53100e+03   6.40493e-01  -6.91698e+01  -7.51667e+01
          4532   4.53200e+03   6.37482e-01  -6.92585e+01  -7.53333e+01
          4533   4.53300e+03   6.34588e-01  -6.93468e+01  -7.55000e+01
          4534   4.53400e+03   6.31522e-01  -6.94348e+01  -7.56667e+01
          4535   4.53500e+03   6.28507e-01  -6.95223e+01  -7.58333e+01
          4536   4.53600e+03   6.25553e-01  -6.96096e+01  -7.60000e+01
          4537   4.53700e+03   6.22628e-01  -6.96963e+01  -7.61667e+01
          4538   4.53800e+03   6.19895e-01  -6.97829e+01  -7.63333e+01
          4539   4.53900e+03   6.17065e-01  -6.98690e+01  -7.65000e+01
          4540   4.54000e+03   6.14223e-01  -6.99548e+01  -7.66667e+01
          4541   4.54100e+03   6.11519e-01  -7.00402e+01  -7.68333e+01
          4542   4.54200e+03   6.08693e-01  -7.01252e+01  -7.70000e+01
          4543   4.54300e+03   6.06091e-01  -7.02100e+01  -7.71667e+01
          4544   4.54400e+03   6.03465e-01  -7.02943e+01  -7.73333e+01
          4545   4.54500e+03   6.00698e-01  -7.03783e+01  -7.75000e+01
          4546   4.54600e+03   5.97911e-01  -7.04620e+01  -7.76667e+01
          4547   4.54700e+03   5.95174e-01  -7.05453e+01  -7.78333e+01
          4548   4.54800e+03   5.92510e-01  -7.06283e+01  -7.80000e+01
          4549   4.54900e+03   5.89957e-01  -7.07110e+01  -7.81667e+01
          4550   4.55000e+03   5.87371e-01  -7.07933e+01  -7.83333e+01
          4551   4.55100e+03   5.84849e-01  -7.08753e+01  -7.85000e+01
          4552   4.55200e+03   5.82271e-01  -7.09569e+01  -7.86667e+01
          4553   4.55300e+03   5.79679e-01  -7.10382e+01  -7.88333e+01
          4554   4.55400e+03   5.77130e-01  -7.11192e+01  -7.90000e+01
          4555   4.55500e+03   5.74709e-01  -7.11998e+01  -7.91667e+01
          4556   4.55600e+03   5.72019e-01  -7.12801e+01  -7.93333e+01
          4557   4.55700e+03   5.69500e-01  -7.13601e+01  -7.95000e+01
          4558   4.55800e+03   5.67000e-01  -7.14397e+01  -7.96667e+01
          4559   4.55900e+03   5.64371e-01  -7.15191e+01  -7.98333e+01
          4560   4.56000e+03   5.61755e-01  -7.15982e+01  -8.00000e+01
          4561   4.56100e+03   5.59209e-01  -7.16768e+01  -8.00000e+01
          4562   4.56200e+03   5.56812e-01  -7.17552e+01  -8.00000e+01
          4563   4.56300e+03   5.54341e-01  -7.18332e+01  -8.00000e+01
          4564   4.56400e+03   5.51856e-01  -7.19109e+01  -8.00000e+01
          4565   4.56500e+03   5.49579e-01  -7.19884e+01  -8.00000e+01
          4566   4.56600e+03   5.47237e-01  -7.20654e+01  -8.00000e+01
          4567   4.56700e+03   5.44942e-01  -7.21423e+01  -8.00000e+01
          4568   4.56800e+03   5.42641e-01  -7.22187e+01  -8.00000e+01
          4569   4.56900e+03   5.40124e-01  -7.22949e+01  -8.00000e+01
          4570   4.57000e+03   5.37783e-01  -7.23708e+01  -8.00000e+01
          4571   4.57100e+03   5.35423e-01  -7.24463e+01  -8.00000e+01
          4572   4.57200e+03   5.33213e-01  -7.25216e+01  -8.00000e+01
          4573   4.57300e+03   5.30940e-01  -7.25966e+01  -8.00000e+01
          4574   4.57400e+03   5.28674e-01  -7.26712e+01  -8.00000e+01
          4575   4.57500e+03   5.26394e-01  -7.27456e+01  -8.00000e+01
          4576   4.57600e+03   5.23949e-01  -7.28196e+01  -8.00000e+01
          4577   4.57700e+03   5.21809e-01  -7.28934e+01  -8.00000e+01
          4578   4.57800e+03   5.19714e-01  -7.29669e+01  -8.00000e+01
          4579   4.57900e+03   5.17663e-01  -7.30400e+01  -8.00000e+01
          4580   4.58000e+03   5.15424e-01  -7.31130e+01  -8.00000e+01
          4581   4.58100e+03   5.13266e-01  -7.31855e+01  -8.00000e+01
          4582   4.58200e+03   5.11153e-01  -7.32578e+01  -8.00000e+01
          4583   4.58300e+03   5.09055e-01  -7.33298e+01  -8.00000e+01
          4584   4.58400e+03   5.07042e-01  -7.34016e+01  -8.00000e+01
          4585   4.58500e+03   5.05097e-01  -7.34730e+01  -8.00000e+01
          4586   4.58600e+03   5.02850e-01  -7.35441e+01  -8.00000e+01
          4587   4.58700e+03   5.00842e-01  -7.36150e+01  -8.00000e+01
          4588   4.58800e+03   4.98617e-01  -7.36855e+01  -8.00000e+01
          4589   4.58900e+03   4.96590e-01  -7.37559e+01  -8.00000e+01
          4590   4.59000e+03   4.94510e-01  -7.38259e+01  -8.00000e+01
          4591   4.59100e+03   4.92525e-01  -7.38956e+01  -8.00000e+01
          4592   4.59200e+03   4.90355e-01  -7.39651e+01  -8.00000e+01
          4593   4.59300e+03   4.88250e-01  -7.40343e+01  -8.00000e+01
          4594   4.59400e+03   4.86215e-01  -7.41032e+01  -8.00000e+01
          4595   4.59500e+03   4.84252e-01  -7.41718e+01  -8.00000e+01
          4596   4.59600e+03   4.82310e-01  -7.42402e+01  -8.00000e+01
          4597   4.59700e+03   4.80476e-01  -7.43083e+01  -8.00000e+01
          4598   4.59800e+03   4.78393e-01  -7.43761e+01  -8.00000e+01
          4599   4.59900e+03   4.76454e-01  -7.44437e+01  -8.00000e+01
          4600   4.60000e+03   4.74429e-01  -7.45110e+01  -8.00000e+01
          4601   4.60100e+03   4.72605e-01  -7.45780e+01  -8.00000e+01
          4602   4.60200e+03   4.70587e-01  -7.46449e+01  -8.00000e+01
          4603   4.60300e+03   4.68645e-01  -7.47113e+01  -8.00000e+01
          4604   4.60400e+03   4.66775e-01  -7.47776e+01  -8.00000e+01
          4605   4.60500e+03   4.64724e-01  -7.48436e+01  -8.00000e+01
          4606   4.60600e+03   4.62573e-01  -7.49093e+01  -8.00000e+01
          4607   4.60700e+03   4.60792e-01  -7.49748e+01  -8.00000e+01
          4608   4.60800e+03   4.58788e-01  -7.50400e+01  -8.00000e+01
          4609   4.60900e+03   4.56921e-01  -7.51050e+01  -8.00000e+01
          4610   4.61000e+03   4.55001e-01  -7.51697e+01  -8.00000e+01
          4611   4.61100e+03   4.53165e-01  -7.52341e+01  -8.00000e+01
          4612   4.61200e+03   4.51194e-01  -7.52983e+01  -8.00000e+01
          4613   4.61300e+03   4.49379e-01  -7.53622e+01  -8.00000e+01
          4614   4.61400e+03   4.47584e-01  -7.54259e+01  -8.00000e+01
          4615   4.61500e+03   4.45810e-01  -7.54893e+01  -8.00000e+01
          4616   4.61600e+03   4.43882e-01  -7.55526e+01  -8.00000e+01
          4617   4.61700e+03   4.42073e-01  -7.56155e+01  -8.00000e+01
          4618   4.61800e+03   4.40275e-01  -7.56782e+01  -8.00000e+01
          4619   4.61900e+03   4.38461e-01  -7.57407e+01  -8.00000e+01
          4620   4.62000e+03   4.36650e-01  -7.58029e+01  -8.00000e+01
          4621   4.62100e+03   4.34952e-01  -7.58648e+01  -8.00000e+01
          4622   4.62200e+03   4.33032e-01  -7.59265e+01  -8.00000e+01
          4623   4.62300e+03   4.31303e-01  -7.59880e+01  -8.00000e+01
          4624   4.62400e+03   4.29454e-01  -7.60493e+01  -8.00000e+01
          4625   4.62500e+03   4.27790e-01  -7.61103e+01  -8.00000e+01
          4626   4.62600e+03   4.26046e-01  -7.61711e+01  -8.00000e+01
          4627   4.62700e+03   4.24396e-01  -7.62316e+01  -8.00000e+01
          4628   4.62800e+03   4.22593e-01  -7.62919e+01  -8.00000e+01
          4629   4.62900e+03   4.20871e-01  -7.63519e+01  -8.00000e+01
          4630   4.63000e+03   4.19172e-01  -7.64118e+01  -8.00000e+01
          4631   4.63100e+03   4.17640e-01  -7.64714e+01  -8.00000e+01
          4632   4.63200e+03   4.16054e-01  -7.65308e+01  -8.00000e+01
          4633   4.63300e+03   4.14537e-01  -7.65899e+01  -8.00000e+01
          4634   4.63400e+03   4.12800e-01  -7.66488e+01  -8.00000e+01
          4635   4.63500e+03   4.11194e-01  -7.67075e+01  -8.00000e+01
          4636   4.63600e+03   4.09527e-01  -7.67659e+01  -8.00000e+01
          4637   4.63700e+03   4.08033e-01  -7.68242e+01  -8.00000e+01
          4638   4.63800e+03   4.06355e-01  -7.68822e+01  -8.00000e+01
          4639   4.63900e+03   4.04655e-01  -7.69400e+01  -8.00000e+01
          4640   4.64000e+03   4.03100e-01  -7.69975e+01  -8.00000e+01
          4641   4.64100e+03   4.01438e-01  -7.70549e+01  -8.00000e+01
          4642   4.64200e+03   3.99873e-01  -7.71120e+01  -8.00000e+01
          4643   4.64300e+03   3.98328e-01  -7.71689e+01  -8.00000e+01
          4644   4.64400e+03   3.96750e-01  -7.72255e+01  -8.00000e+01
          4645   4.64500e+03   3.95133e-01  -7.72820e+01  -8.00000e+01
          4646   4.64600e+03   3.93547e-01  -7.73383e+01  -8.00000e+01
          4647   4.64700e+03   3.92031e-01  -7.73943e+01  -8.00000e+01
          4648   4.64800e+03   3.90662e-01  -7.74501e+01  -8.00000e+01
          4649   4.64900e+03   3.89088e-01  -7.75057e+01  -8.00000e+01
          4650   4.65000e+03   3.87457e-01  -7.75610e+01  -8.00000e+01
          4651   4.65100e+03   3.85888e-01  -7.76162e+01  -8.00000e+01
          4652   4.65200e+03   3.84436e-01  -7.76711e+01  -8.00000e+01
          4653   4.65300e+03   3.82983e-01  -7.77259e+01  -8.00000e+01
          4654   4.65400e+03   3.81471e-01  -7.77804e+01  -8.00000e+01
          4655   4.65500e+03   3.79900e-01  -7.78347e+01  -8.00000e+01
          4656   4.65600e+03   3.78349e-01  -7.78888e+01  -8.00000e+01
          4657   4.65700e+03   3.76675e-01  -7.79427e+01  -8.00000e+01
          4658   4.65800e+03   3.75128e-01  -7.79964e+01  -8.00000e+01
          4659   4.65900e+03   3.73591e-01  -7.80499e+01  -8.00000e+01
          4660   4.66000e+03   3.72126e-01  -7.81032e+01  -8.00000e+01
          4661   4.66100e+03   3.70616e-01  -7.81563e+01  -8.00000e+01
          4662   4.66200e+03   3.69152e-01  -7.82092e+01  -8.00000e+01
          4663   4.66300e+03   3.67972e-01  -7.82619e+01  -8.00000e+01
          4664   4.66400e+03   3.66845e-01  -7.83143e+01  -8.00000e+01
          4665   4.66500e+03   3.65668e-01  -7.83666e+01  -8.00000e+01
          4666   4.66600e+03   3.64428e-01  -7.84186e+01  -8.00000e+01
          4667   4.66700e+03   3.63310e-01  -7.84704e+01  -8.00000e+01
          4668   4.66800e+03   3.62147e-01  -7.85221e+01  -8.00000e+01
          4669   4.66900e+03   3.60854e-01  -7.85736e+01  -8.00000e+01
          4670   4.67000e+03   3.59549e-01  -7.86249e+01  -8.00000e+01
          4671   4.67100e+03   3.58240e-01  -7.86759e+01  -8.00000e+01
          4672   4.67200e+03   3.56806e-01  -7.87269e+01  -8.00000e+01
          4673   4.67300e+03   3.55267e-01  -7.87776e+01  -8.00000e+01
          4674   4.67400e+03   3.53819e-01  -7.88281e+01  -8.00000e+01
          4675   4.67500e+03   3.52598e-01  -7.88784e+01  -8.00000e+01
          4676   4.67600e+03   3.51063e-01  -7.89285e+01  -8.00000e+01
          4677   4.67700e+03   3.49619e-01  -7.89785e+01  -8.00000e+01
          4678   4.67800e+03   3.48382e-01  -7.90282e+01  -8.00000e+01
          4679   4.67900e+03   3.46758e-01  -7.90777e+01  -8.00000e+01
          4680   4.68000e+03   3.45685e-01  -7.91271e+01  -8.00000e+01
          4681   4.68100e+03   3.43903e-01  -7.91763e+01  -8.00000e+01
          4682   4.68200e+03   3.43709e-01  -7.92253e+01  -8.00000e+01
          4683   4.68300e+03   3.38511e-01  -7.92741e+01  -8.00000e+01
          4684   4.68400e+03   3.34756e-01  -7.93221e+01  -8.00000e+01
          4685   4.68500e+03   3.31099e-01  -7.93685e+01  -8.00000e+01
          4686   4.68600e+03   3.27166e-01  -7.94128e+01  -8.00000e+01
          4687   4.68700e+03   3.24084e-01  -7.94546e+01  -8.00000e+01
          4688   4.68800e+03   3.18189e-01  -7.94937e+01  -8.00000e+01
          4689   4.68900e+03   3.09536e-01  -7.95301e+01  -8.00000e+01
          4690   4.69000e+03   2.99466e-01  -7.95639e+01  -8.00000e+01
          4691   4.69100e+03   2.84327e-01  -7.95951e+01  -8.00000e+01
          4692   4.69200e+03   2.69553e-01  -7.96239e+01  -8.00000e+01
          4693   4.69300e+03   2.54372e-01  -7.96502e+01  -8.00000e+01
          4694   4.69400e+03   2.39893e-01  -7.96744e+01  -8.00000e+01
          4695   4.69500e+03   2.25007e-01  -7.96967e+01  -8.00000e+01
          4696   4.69600e+03   2.10272e-01  -7.97171e+01  -8.00000e+01
          4697   4.69700e+03   1.96510e-01  -7.97357e+01  -8.00000e+01
          4698   4.69800e+03   1.83457e-01  -7.97529e+01  -8.00000e+01
          4699   4.69900e+03   1.71384e-01  -7.97685e+01  -8.00000e+01
          4700   4.70000e+03   1.60042e-01  -7.97830e+01  -8.00000e+01
          4701   4.70100e+03   1.48881e-01  -7.97962e+01  -8.00000e+01
          4702   4.70200e+03   1.39895e-01  -7.98083e+01  -8.00000e+01
          4703   4.70300e+03   1.31749e-01  -7.98196e+01  -8.00000e+01
          4704   4.70400e+03   1.23007e-01  -7.98299e+01  -8.00000e+01
          4705   4.70500e+03   1.15576e-01  -7.98395e+01  -8.00000e+01
          4706   4.70600e+03   1.09388e-01  -7.98484e+01  -8.00000e+01
          4707   4.70700e+03   1.03179e-01  -7.98566e+01  -8.00000e+01
          4708   4.70800e+03   9.74449e-02  -7.98643e+01  -8.00000e+01
          4709   4.70900e+03   9.22331e-02  -7.98714e+01  -8.00000e+01
          4710   4.71000e+03   8.76202e-02  -7.98780e+01  -8.00000e+01
          4711   4.71100e+03   8.28142e-02  -7.98842e+01  -8.00000e+01
          4712   4.71200e+03   7.94766e-02  -7.98900e+01  -8.00000e+01
          4713   4.71300e+03   7.63881e-02  -7.98954e+01  -8.00000e+01
          4714   4.71400e+03   7.30614e-02  -7.99004e+01  -8.00000e+01
          4715   4.71500e+03   6.99632e-02  -7.99052e+01  -8.00000e+01
          4716   4.71600e+03   6.72669e-02  -7.99097e+01  -8.00000e+01
          4717   4.71700e+03   6.47782e-02  -7.99139e+01  -8.00000e+01
          4718   4.71800e+03   6.24331e-02  -7.99180e+01  -8.00000e+01
          4719   4.71900e+03   6.01478e-02  -7.99217e+01  -8.00000e+01
          4720   4.72000e+03   5.80718e-02  -7.99253e+01  -8.00000e+01
          4721   4.72100e+03   5.61974e-02  -7.99287e+01  -8.00000e+01
          4722   4.72200e+03   5.43679e-02  -7.99319e+01  -8.00000e+01
          4723   4.72300e+03   5.27229e-02  -7.99349e+01  -8.00000e+01
          4724   4.72400e+03   5.13131e-02  -7.99378e+01  -8.00000e+01
          4725   4.72500e+03   4.99459e-02  -7.99405e+01  -8.00000e+01
          4726   4.72600e+03   4.84812e-02  -7.99432e+01  -8.00000e+01
          4727   4.72700e+03   4.71861e-02  -7.99457e+01  -8.00000e+01
          4728   4.72800e+03   4.59749e-02  -7.99480e+01  -8.00000e+01
          4729   4.72900e+03   4.48309e-02  -7.99502e+01  -8.00000e+01
          4730   4.73000e+03   4.36600e-02  -7.99524e+01  -8.00000e+01
          4731   4.73100e+03   4.26244e-02  -7.99545e+01  -8.00000e+01
          4732   4.73200e+03   4.17464e-02  -7.99564e+01  -8.00000e+01
          4733   4.73300e+03   4.07795e-02  -7.99583e+01  -8.00000e+01
          4734   4.73400e+03   3.97294e-02  -7.99601e+01  -8.00000e+01
          4735   4.73500e+03   3.91819e-02  -7.99618e+01  -8.00000e+01
          4736   4.73600e+03   3.84696e-02  -7.99634e+01  -8.00000e+01
          4737   4.73700e+03   3.78597e-02  -7.99650e+01  -8.00000e+01
          4738   4.73800e+03   3.72397e-02  -7.99665e+01  -8.00000e+01
          4739   4.73900e+03   3.66788e-02  -7.99679e+01  -8.00000e+01
          4740   4.74000e+03   3.62311e-02  -7.99693e+01  -8.00000e+01
          4741   4.74100e+03   3.56922e-02  -7.99706e+01  -8.00000e+01
          4742   4.74200e+03   3.51096e-02  -7.99719e+01  -8.00000e+01
          4743   4.74300e+03   3.47624e-02  -7.99731e+01  -8.00000e+01
          4744   4.74400e+03   3.40170e-02  -7.99742e+01  -8.00000e+01
          4745   4.74500e+03   3.36589e-02  -7.99753e+01  -8.00000e+01
          4746   4.74600e+03   3.32056e-02  -7.99764e+01  -8.00000e+01
          4747   4.74700e+03   3.28087e-02  -7.99773e+01  -8.00000e+01
          4748   4.74800e+03   3.24018e-02  -7.99783e+01  -8.00000e+01
          4749   4.74900e+03   3.20290e-02  -7.99792e+01  -8.00000e+01
          4750   4.75000e+03   3.16277e-02  -7.99801e+01  -8.00000e+01
          4751   4.75100e+03   3.13512e-02  -7.99810e+01  -8.00000e+01
          4752   4.75200e+03   3.09820e-02  -7.99818e+01  -8.00000e+01
          4753   4.75300e+03   3.06135e-02  -7.99825e+01  -8.00000e+01
          4754   4.75400e+03   3.01840e-02  -7.99833e+01  -8.00000e+01
          4755   4.75500e+03   2.98009e-02  -7.99840e+01  -8.00000e+01
          4756   4.75600e+03   2.93935e-02  -7.99847e+01  -8.00000e+01
          4757   4.75700e+03   2.90970e-02  -7.99854e+01  -8.00000e+01
          4758   4.75800e+03   2.87772e-02  -7.99860e+01  -8.00000e+01
          4759   4.75900e+03   2.86411e-02  -7.99866e+01  -8.00000e+01
          4760   4.76000e+03   2.84025e-02  -7.99872e+01  -8.00000e+01
          4761   4.76100e+03   2.81137e-02  -7.99877e+01  -8.00000e+01
          4762   4.76200e+03   2.81961e-02  -7.99882e+01  -8.00000e+01
          4763   4.76300e+03   2.79822e-02  -7.99887e+01  -8.00000e+01
          4764   4.76400e+03   2.78205e-02  -7.99892e+01  -8.00000e+01
          4765   4.76500e+03   2.78225e-02  -7.99897e+01  -8.00000e+01
          4766   4.76600e+03   2.75936e-02  -7.99900e+01  -8.00000e+01
          4767   4.76700e+03   2.73944e-02  -7.99905e+01  -8.00000e+01
          4768   4.76800e+03   2.70727e-02  -7.99909e+01  -8.00000e+01
          4769   4.76900e+03   2.68228e-02  -7.99913e+01  -8.00000e+01
          4770   4.77000e+03   2.67313e-02  -7.99917e+01  -8.00000e+01
          4771   4.77100e+03   2.65303e-02  -7.99920e+01  -8.00000e+01
          4772   4.77200e+03   2.63044e-02  -7.99924e+01  -8.00000e+01
          4773   4.77300e+03   2.61872e-02  -7.99927e+01  -8.00000e+01
          4774   4.77400e+03   2.59843e-02  -7.99929e+01  -8.00000e+01
          4775   4.77500e+03   2.59289e-02  -7.99932e+01  -8.00000e+01
          4776   4.77600e+03   2.58488e-02  -7.99935e+01  -8.00000e+01
          4777   4.77700e+03   2.58084e-02  -7.99938e+01  -8.00000e+01
          4778   4.77800e+03   2.57582e-02  -7.99940e+01  -8.00000e+01
          4779   4.77900e+03   2.55708e-02  -7.99943e+01  -8.00000e+01
          4780   4.78000e+03   2.53579e-02  -7.99945e+01  -8.00000e+01
          4781   4.78100e+03   2.51091e-02  -7.99947e+01  -8.00000e+01
          4782   4.78200e+03   2.48691e-02  -7.99949e+01  -8.00000e+01
          4783   4.78300e+03   2.47070e-02  -7.99951e+01  -8.00000e+01
          4784   4.78400e+03   2.46014e-02  -7.99953e+01  -8.00000e+01
          4785   4.78500e+03   2.44071e-02  -7.99955e+01  -8.00000e+01
          4786   4.78600e+03   2.42251e-02  -7.99957e+01  -8.00000e+01
          4787   4.78700e+03   2.40469e-02  -7.99958e+01  -8.00000e+01
          4788   4.78800e+03   2.39205e-02  -7.99960e+01  -8.00000e+01
          4789   4.78900e+03   2.37806e-02  -7.99961e+01  -8.00000e+01
          4790   4.79000e+03   2.38446e-02  -7.99962e+01  -8.00000e+01
          4791   4.79100e+03   2.38905e-02  -7.99964e+01  -8.00000e+01
          4792   4.79200e+03   2.38283e-02  -7.99965e+01  -8.00000e+01
          4793   4.79300e+03   2.36990e-02  -7.99966e+01  -8.00000e+01
          4794   4.79400e+03   2.36164e-02  -7.99967e+01  -8.00000e+01
          4795   4.79500e+03   2.35805e-02  -7.99968e+01  -8.00000e+01
          4796   4.79600e+03   2.34737e-02  -7.99969e+01  -8.00000e+01
          4797   4.79700e+03   2.35066e-02  -7.99970e+01  -8.00000e+01
          4798   4.79800e+03   2.35111e-02  -7.99971e+01  -8.00000e+01
          4799   4.79900e+03   2.34123e-02  -7.99971e+01  -8.00000e+01
          4800   4.80000e+03   2.33484e-02  -7.99972e+01  -8.00000e+01
          4801   4.80100e+03   2.33051e-02  -7.99972e+01  -8.00000e+01
          4802   4.80200e+03   2.32591e-02  -7.99973e+01  -8.00000e+01
          4803   4.80300e+03   2.30605e-02  -7.99974e+01  -8.00000e+01
          4804   4.80400e+03   2.28485e-02  -7.99974e+01  -8.00000e+01
          4805   4.80500e+03   2.28141e-02  -7.99974e+01  -8.00000e+01
          4806   4.80600e+03   2.26995e-02  -7.99975e+01  -8.00000e+01
          4807   4.80700e+03   2.26007e-02  -7.99976e+01  -8.00000e+01
          4808   4.80800e+03   2.25637e-02  -7.99976e+01  -8.00000e+01
          4809   4.80900e+03   2.24281e-02  -7.99976e+01  -8.00000e+01
          4810   4.81000e+03   2.23774e-02  -7.99976e+01  -8.00000e+01
          4811   4.81100e+03   2.21876e-02  -7.99976e+01  -8.00000e+01
          4812   4.81200e+03   2.21779e-02  -7.99977e+01  -8.00000e+01
          4813   4.81300e+03   2.22464e-02  -7.99977e+01  -8.00000e+01
          4814   4.81400e+03   2.22610e-02  -7.99977e+01  -8.00000e+01
          4815   4.81500e+03   2.23192e-02  -7.99978e+01  -8.00000e+01
          4816   4.81600e+03   2.24263e-02  -7.99978e+01  -8.00000e+01
          4817   4.81700e+03   2.24643e-02  -7.99977e+01  -8.00000e+01
          4818   4.81800e+03   2.24262e-02  -7.99977e+01  -8.00000e+01
          4819   4.81900e+03   2.23130e-02  -7.99977e+01  -8.00000e+01
          4820   4.82000e+03   2.23855e-02  -7.99977e+01  -8.00000e+01
          4821   4.82100e+03   2.24913e-02  -7.99977e+01  -8.00000e+01
          4822   4.82200e+03   2.24879e-02  -7.99977e+01  -8.00000e+01
          4823   4.82300e+03   2.23931e-02  -7.99977e+01  -8.00000e+01
          4824   4.82400e+03   2.22249e-02  -7.99977e+01  -8.00000e+01
          4825   4.82500e+03   2.20240e-02  -7.99977e+01  -8.00000e+01
          4826   4.82600e+03   2.18881e-02  -7.99977e+01  -8.00000e+01
          4827   4.82700e+03   2.19395e-02  -7.99977e+01  -8.00000e+01
          4828   4.82800e+03   2.18958e-02  -7.99977e+01  -8.00000e+01
          4829   4.82900e+03   2.19855e-02  -7.99977e+01  -8.00000e+01
          4830   4.83000e+03   2.18797e-02  -7.99977e+01  -8.00000e+01
          4831   4.83100e+03   2.18887e-02  -7.99976e+01  -8.00000e+01
          4832   4.83200e+03   2.19541e-02  -7.99976e+01  -8.00000e+01
          4833   4.83300e+03   2.19611e-02  -7.99975e+01  -8.00000e+01
          4834   4.83400e+03   2.19099e-02  -7.99976e+01  -8.00000e+01
          4835   4.83500e+03   2.18655e-02  -7.99975e+01  -8.00000e+01
          4836   4.83600e+03   2.18169e-02  -7.99975e+01  -8.00000e+01
          4837   4.83700e+03   2.17929e-02  -7.99975e+01  -8.00000e+01
          4838   4.83800e+03   2.16659e-02  -7.99975e+01  -8.00000e+01
          4839   4.83900e+03   2.17791e-02  -7.99975e+01  -8.00000e+01
          4840   4.84000e+03   2.17373e-02  -7.99974e+01  -8.00000e+01
          4841   4.84100e+03   2.16639e-02  -7.99974e+01  -8.00000e+01
          4842   4.84200e+03   2.16117e-02  -7.99974e+01  -8.00000e+01
          4843   4.84300e+03   2.16892e-02  -7.99973e+01  -8.00000e+01
          4844   4.84400e+03   2.17331e-02  -7.99973e+01  -8.00000e+01
          4845   4.84500e+03   2.15564e-02  -7.99973e+01  -8.00000e+01
          4846   4.84600e+03   2.14213e-02  -7.99972e+01  -8.00000e+01
          4847   4.84700e+03   2.14953e-02  -7.99972e+01  -8.00000e+01
          4848   4.84800e+03   2.14212e-02  -7.99972e+01  -8.00000e+01
          4849   4.84900e+03   2.14152e-02  -7.99972e+01  -8.00000e+01
          4850   4.85000e+03   2.14123e-02  -7.99972e+01  -8.00000e+01
          4851   4.85100e+03   2.14403e-02  -7.99971e+01  -8.00000e+01
          4852   4.85200e+03   2.12789e-02  -7.99971e+01  -8.00000e+01
          4853   4.85300e+03   2.13562e-02  -7.99970e+01  -8.00000e+01
          4854   4.85400e+03   2.14314e-02  -7.99970e+01  -8.00000e+01
          4855   4.85500e+03   2.12634e-02  -7.99970e+01  -8.00000e+01
          4856   4.85600e+03   2.07074e-02  -7.99970e+01  -8.00000e+01
          4857   4.85700e+03  -2.41783e-02  -7.99972e+01  -8.00000e+01
          4858   4.85800e+03  -1.72239e-01  -7.99872e+01  -8.00000e+01
          4859   4.85900e+03  -1.63720e-01  -7.99378e+01  -8.00000e+01
          4860   4.86000e+03  -7.74994e-02  -7.98452e+01  -8.00000e+01
          4861   4.86100e+03  -7.26538e-02  -7.97213e+01  -7.98333e+01
          4862   4.86200e+03  -1.78923e-01  -7.95766e+01  -7.96667e+01
          4863   4.86300e+03  -3.45977e-01  -7.94179e+01  -7.95000e+01
          4864   4.86400e+03  -5.25943e-01  -7.92495e+01  -7.93333e+01
          4865   4.86500e+03  -6.87512e-01  -7.90745e+01  -7.91667e+01
          4866   4.86600e+03  -8.18602e-01  -7.88952e+01  -7.90000e+01
          4867   4.86700e+03  -9.20981e-01  -7.87136e+01  -7.88333e+01
          4868   4.86800e+03  -9.95186e-01  -7.85308e+01  -7.86667e+01
          4869   4.86900e+03  -1.04701e+00  -7.83480e+01  -7.85000e+01
          4870   4.87000e+03  -1.08336e+00  -7.81659e+01  -7.83333e+01
          4871   4.87100e+03  -1.10631e+00  -7.79850e+01  -7.81667e+01
          4872   4.87200e+03  -1.11924e+00  -7.78056e+01  -7.80000e+01
          4873   4.87300e+03  -1.12524e+00  -7.76278e+01  -7.78333e+01
          4874   4.87400e+03  -1.12351e+00  -7.74516e+01  -7.76667e+01
          4875   4.87500e+03  -1.12051e+00  -7.72771e+01  -7.75000e+01
          4876   4.87600e+03  -1.11599e+00  -7.71042e+01  -7.73333e+01
          4877   4.87700e+03  -1.10949e+00  -7.69328e+01  -7.71667e+01
          4878   4.87800e+03  -1.10261e+00  -7.67627e+01  -7.70000e+01
          4879   4.87900e+03  -1.09641e+00  -7.65937e+01  -7.68333e+01
          4880   4.88000e+03  -1.08961e+00  -7.64259e+01  -7.66667e+01
          4881   4.88100e+03  -1.08328e+00  -7.62591e+01  -7.65000e+01
          4882   4.88200e+03  -1.07780e+00  -7.60933e+01  -7.63333e+01
          4883   4.88300e+03  -1.07341e+00  -7.59280e+01  -7.61667e+01
          4884   4.88400e+03  -1.06897e+00  -7.57635e+01  -7.60000e+01
          4885   4.88500e+03  -1.06458e+00  -7.55995e+01  -7.58333e+01
          4886   4.88600e+03  -1.06151e+00  -7.54359e+01  -7.56667e+01
          4887   4.88700e+03  -1.05898e+00  -7.52728e+01  -7.55000e+01
          4888   4.88800e+03  -1.05701e+00  -7.51099e+01  -7.53333e+01
          4889   4.88900e+03  -1.05614e+00  -7.49474e+01  -7.51667e+01
          4890   4.89000e+03  -1.05530e+00  -7.47850e+01  -7.50000e+01
          4891   4.89100e+03  -1.05526e+00  -7.46228e+01  -7.48333e+01
          4892   4.89200e+03  -1.05513e+00  -7.44607e+01  -7.46667e+01
          4893   4.89300e+03  -1.05523e+00  -7.42987e+01  -7.45000e+01
          4894   4.89400e+03  -1.05550e+00  -7.41367e+01  -7.43333e+01
          4895   4.89500e+03  -1.05600e+00  -7.39748e+01  -7.41667e+01
          4896   4.89600e+03  -1.05685e+00  -7.38129e+01  -7.40000e+01
          4897   4.89700e+03  -1.05784e+00  -7.36509e+01  -7.38333e+01
          4898   4.89800e+03  -1.05896e+00  -7.34889e+01  -7.36667e+01
          4899   4.89900e+03  -1.06030e+00  -7.33269e+01  -7.35000e+01
          4900   4.90000e+03  -1.06180e+00  -7.31649e+01  -7.33333e+01
          4901   4.90100e+03  -1.06330e+00  -7.30028e+01  -7.31667e+01
          4902   4.90200e+03  -1.06502e+00  -7.28406e+01  -7.30000e+01
          4903   4.90300e+03  -1.06670e+00  -7.26783e+01  -7.28333e+01
          4904   4.90400e+03  -1.06852e+00  -7.25159e+01  -7.26667e+01
          4905   4.90500e+03  -1.07039e+00  -7.23535e+01  -7.25000e+01
          4906   4.90600e+03  -1.07236e+00  -7.21910e+01  -7.23333e+01
          4907   4.90700e+03  -1.07442e+00  -7.20283e+01  -7.21667e+01
          4908   4.90800e+03  -1.07630e+00  -7.18656e+01  -7.20000e+01
          4909   4.90900e+03  -1.07835e+00  -7.17028e+01  -7.18333e+01
          4910   4.91000e+03  -1.08040e+00  -7.15398e+01  -7.16667e+01
          4911   4.91100e+03  -1.08229e+00  -7.13768e+01  -7.15000e+01
          4912   4.91200e+03  -1.08448e+00  -7.12137e+01  -7.13333e+01
          4913   4.91300e+03  -1.08652e+00  -7.10505e+01  -7.11667e+01
          4914   4.91400e+03  -1.08853e+00  -7.08872e+01  -7.10000e+01
          4915   4.91500e+03  -1.09039e+00  -7.07238e+01  -7.08333e+01
          4916   4.91600e+03  -1.09223e+00  -7.05604e+01  -7.06667e+01
          4917   4.91700e+03  -1.09424e+00  -7.03968e+01  -7.05000e+01
          4918   4.91800e+03  -1.09616e+00  -7.02331e+01  -7.03333e+01
          4919   4.91900e+03  -1.09810e+00  -7.00694e+01  -7.01667e+01
          4920   4.92000e+03  -1.10006e+00  -6.99056e+01  -7.00000e+01
          4921   4.92100e+03  -1.10190e+00  -6.97417e+01  -6.98333e+01
          4922   4.92200e+03  -1.10389e+00  -6.95778e+01  -6.96667e+01
          4923   4.92300e+03  -1.10566e+00  -6.94137e+01  -6.95000e+01
          4924   4.92400e+03  -1.10760e+00  -6.92496e+01  -6.93333e+01
          4925   4.92500e+03  -1.10939e+00  -6.90854e+01  -6.91667e+01
          4926   4.92600e+03  -1.11121e+00  -6.89212e+01  -6.90000e+01
          4927   4.92700e+03  -1.11295e+00  -6.87568e+01  -6.88333e+01
          4928   4.92800e+03  -1.11478e+00  -6.85924e+01  -6.86667e+01
          4929   4.92900e+03  -1.11657e+00  -6.84279e+01  -6.85000e+01
          4930   4.93000e+03  -1.11829e+00  -6.82634e+01  -6.83333e+01
          4931   4.93100e+03  -1.12007e+00  -6.80988e+01  -6.81667e+01
          4932   4.93200e+03  -1.12184e+00  -6.79341e+01  -6.80000e+01
          4933   4.93300e+03  -1.12350e+00  -6.77694e+01  -6.78333e+01
          4934   4.93400e+03  -1.12531e+00  -6.76046e+01  -6.76667e+01
          4935   4.93500e+03  -1.12694e+00  -6.74398e+01  -6.75000e+01
          4936   4.93600e+03  -1.12859e+00  -6.72749e+01  -6.73333e+01
          4937   4.93700e+03  -1.13019e+00  -6.71099e+01  -6.71667e+01
          4938   4.93800e+03  -1.13183e+00  -6.69450e+01  -6.70000e+01
          4939   4.93900e+03  -1.13345e+00  -6.67799e+01  -6.68333e+01
          4940   4.94000e+03  -1.13503e+00  -6.66148e+01  -6.66667e+01
          4941   4.94100e+03  -1.13690e+00  -6.64497e+01  -6.65000e+01
          4942   4.94200e+03  -1.13882e+00  -6.62845e+01  -6.63333e+01
          4943   4.94300e+03  -1.14052e+00  -6.61192e+01  -6.61667e+01
          4944   4.94400e+03  -1.14229e+00  -6.59540e+01  -6.60000e+01
          4945   4.94500e+03  -1.14403e+00  -6.57887e+01  -6.58333e+01
          4946   4.94600e+03  -1.14578e+00  -6.56234e+01  -6.56667e+01
          4947   4.94700e+03  -1.14750e+00  -6.54579e+01  -6.55000e+01
          4948   4.94800e+03  -1.14934e+00  -6.52925e+01  -6.53333e+01
          4949   4.94900e+03  -1.15101e+00  -6.51270e+01  -6.51667e+01
          4950   4.95000e+03  -1.15249e+00  -6.49615e+01  -6.50000e+01
          4951   4.95100e+03  -1.15398e+00  -6.47960e+01  -6.48333e+01
          4952   4.95200e+03  -1.15566e+00  -6.46304e+01  -6.46667e+01
          4953   4.95300e+03  -1.15738e+00  -6.44648e+01  -6.45000e+01
          4954   4.95400e+03  -1.15913e+00  -6.42991e+01  -6.43333e+01
          4955   4.95500e+03  -1.16081e+00  -6.41335e+01  -6.41667e+01
          4956   4.95600e+03  -1.16249e+00  -6.39678e+01  -6.40000e+01
          4957   4.95700e+03  -1.16425e+00  -6.38021e+01  -6.38333e+01
          4958   4.95800e+03  -1.16589e+00  -6.36363e+01  -6.36667e+01
          4959   4.95900e+03  -1.16762e+00  -6.34705e+01  -6.35000e+01
          4960   4.96000e+03  -1.16935e+00  -6.33047e+01  -6.33333e+01
          4961   4.96100e+03  -1.17104e+00  -6.31389e+01  -6.31667e+01
          4962   4.96200e+03  -1.17279e+00  -6.29729e+01  -6.30000e+01
          4963   4.96300e+03  -1.17444e+00  -6.28070e+01  -6.28333e+01
          4964   4.96400e+03  -1.17627e+00  -6.26411e+01  -6.26667e+01
          4965   4.96500e+03  -1.17792e+00  -6.24752e+01  -6.25000e+01
          4966   4.96600e+03  -1.17938e+00  -6.23092e+01  -6.23333e+01
          4967   4.96700e+03  -1.18105e+00  -6.21432e+01  -6.21667e+01
          4968   4.96800e+03  -1.18271e+00  -6.19773e+01  -6.20000e+01
          4969   4.96900e+03  -1.18443e+00  -6.18112e+01  -6.18333e+01
          4970   4.97000e+03  -1.18609e+00  -6.16452e+01  -6.16667e+01
          4971   4.97100e+03  -1.18764e+00  -6.14791e+01  -6.15000e+01
          4972   4.97200e+03  -1.18929e+00  -6.13130e+01  -6.13333e+01
          4973   4.97300e+03  -1.19086e+00  -6.11470e+01  -6.11667e+01
          4974   4.97400e+03  -1.19265e+00  -6.09809e+01  -6.10000e+01
          4975   4.97500e+03  -1.19446e+00  -6.08147e+01  -6.08333e+01
          4976   4.97600e+03  -1.19617e+00  -6.06486e+01  -6.06667e+01
          4977   4.97700e+03  -1.19810e+00  -6.04825e+01  -6.05000e+01
          4978   4.97800e+03  -1.19985e+00  -6.03163e+01  -6.03333e+01
          4979   4.97900e+03  -1.20166e+00  -6.01502e+01  -6.01667e+01
          4980   4.98000e+03  -1.20349e+00  -5.99839e+01  -6.00000e+01
          4981   4.98100e+03  -1.20537e+00  -5.98178e+01  -5.98333e+01
          4982   4.98200e+03  -1.20723e+00  -5.96516e+01  -5.96667e+01
          4983   4.98300e+03  -1.20917e+00  -5.94854e+01  -5.95000e+01
          4984   4.98400e+03  -1.21121e+00  -5.93191e+01  -5.93333e+01
          4985   4.98500e+03  -1.21329e+00  -5.91529e+01  -5.91667e+01
          4986   4.98600e+03  -1.21513e+00  -5.89866e+01  -5.90000e+01
          4987   4.98700e+03  -1.21716e+00  -5.88203e+01  -5.88333e+01
          4988   4.98800e+03  -1.21930e+00  -5.86541e+01  -5.86667e+01
          4989   4.98900e+03  -1.22144e+00  -5.84877e+01  -5.85000e+01
          4990   4.99000e+03  -1.22363e+00  -5.83215e+01  -5.83333e+01
          4991   4.99100e+03  -1.22581e+00  -5.81552e+01  -5.81667e+01
          4992   4.99200e+03  -1.22781e+00  -5.79889e+01  -5.80000e+01
          4993   4.99300e+03  -1.22980e+00  -5.78226e+01  -5.78333e+01
          4994   4.99400e+03  -1.23198e+00  -5.76562e+01  -5.76667e+01
          4995   4.99500e+03  -1.23432e+00  -5.74899e+01  -5.75000e+01
          4996   4.99600e+03  -1.23662e+00  -5.73235e+01  -5.73333e+01
          4997   4.99700e+03  -1.23879e+00  -5.71572e+01  -5.71667e+01
          4998   4.99800e+03  -1.24111e+00  -5.69909e+01  -5.70000e+01
          4999   4.99900e+03  -1.24337e+00  -5.68246e+01  -5.68333e+01
          5000   5.00000e+03  -1.24568e+00  -5.66582e+01  -5.66667e+01
          5001   5.00100e+03  -1.24822e+00  -5.64918e+01  -5.65000e+01
          5002   5.00200e+03  -1.25086e+00  -5.63255e+01  -5.63333e+01
          5003   5.00300e+03  -1.25342e+00  -5.61591e+01  -5.61667e+01
          5004   5.00400e+03  -1.25601e+00  -5.59927e+01  -5.60000e+01
          5005   5.00500e+03  -1.25859e+00  -5.58264e+01  -5.58333e+01
          5006   5.00600e+03  -1.26140e+00  -5.56600e+01  -5.56667e+01
          5007   5.00700e+03  -1.26408e+00  -5.54936e+01  -5.55000e+01
          5008   5.00800e+03  -1.26697e+00  -5.53272e+01  -5.53333e+01
          5009   5.00900e+03  -1.26991e+00  -5.51608e+01  -5.51667e+01
          5010   5.01000e+03  -1.27283e+00  -5.49944e+01  -5.50000e+01
          5011   5.01100e+03  -1.27584e+00  -5.48280e+01  -5.48333e+01
          5012   5.01200e+03  -1.27897e+00  -5.46616e+01  -5.46667e+01
          5013   5.01300e+03  -1.28206e+00  -5.44952e+01  -5.45000e+01
          5014   5.01400e+03  -1.28530e+00  -5.43288e+01  -5.43333e+01
          5015   5.01500e+03  -1.28865e+00  -5.41624e+01  -5.41667e+01
          5016   5.01600e+03  -1.29228e+00  -5.39960e+01  -5.40000e+01
          5017   5.01700e+03  -1.29583e+00  -5.38296e+01  -5.38333e+01
          5018   5.01800e+03  -1.29951e+00  -5.36631e+01  -5.36667e+01
          5019   5.01900e+03  -1.30324e+00  -5.34968e+01  -5.35000e+01
          5020   5.02000e+03  -1.30705e+00  -5.33304e+01  -5.33333e+01
          5021   5.02100e+03  -1.31110e+00  -5.31640e+01  -5.31667e+01
          5022   5.02200e+03  -1.31524e+00  -5.29975e+01  -5.30000e+01
          5023   5.02300e+03  -1.31942e+00  -5.28311e+01  -5.28333e+01
          5024   5.02400e+03  -1.32370e+00  -5.26647e+01  -5.26667e+01
          5025   5.02500e+03  -1.32799e+00  -5.24983e+01  -5.25000e+01
          5026   5.02600e+03  -1.33241e+00  -5.23319e+01  -5.23333e+01
          5027   5.02700e+03  -1.33709e+00  -5.21655e+01  -5.21667e+01
          5028   5.02800e+03  -1.34203e+00  -5.19991e+01  -5.20000e+01
          5029   5.02900e+03  -1.34705e+00  -5.18327e+01  -5.18333e+01
          5030   5.03000e+03  -1.35213e+00  -5.16663e+01  -5.16667e+01
          5031   5.03100e+03  -1.35736e+00  -5.15000e+01  -5.15000e+01
          5032   5.03200e+03  -1.36289e+00  -5.13336e+01  -5.13333e+01
          5033   5.03300e+03  -1.36855e+00  -5.11673e+01  -5.11667e+01
          5034   5.03400e+03  -1.37443e+00  -5.10009e+01  -5.10000e+01
          5035   5.03500e+03  -1.38045e+00  -5.08345e+01  -5.08333e+01
          5036   5.03600e+03  -1.38657e+00  -5.06682e+01  -5.06667e+01
          5037   5.03700e+03  -1.39280e+00  -5.05018e+01  -5.05000e+01
          5038   5.03800e+03  -1.39919e+00  -5.03355e+01  -5.03333e+01
          5039   5.03900e+03  -1.40577e+00  -5.01691e+01  -5.01667e+01
          5040   5.04000e+03  -1.41260e+00  -5.00028e+01  -5.00000e+01
          5041   5.04100e+03  -1.41950e+00  -4.98364e+01  -4.98333e+01
          5042   5.04200e+03  -1.42665e+00  -4.96700e+01  -4.96667e+01
          5043   5.04300e+03  -1.43390e+00  -4.95037e+01  -4.95000e+01
          5044   5.04400e+03  -1.44138e+00  -4.93374e+01  -4.93333e+01
          5045   5.04500e+03  -1.44890e+00  -4.91711e+01  -4.91667e+01
          5046   5.04600e+03  -1.45653e+00  -4.90048e+01  -4.90000e+01
          5047   5.04700e+03  -1.46433e+00  -4.88384e+01  -4.88333e+01
          5048   5.04800e+03  -1.47218e+00  -4.86721e+01  -4.86667e+01
          5049   5.04900e+03  -1.48002e+00  -4.85057e+01  -4.85000e+01
          5050   5.05000e+03  -1.48796e+00  -4.83394e+01  -4.83333e+01
          5051   5.05100e+03  -1.49570e+00  -4.81731e+01  -4.81667e+01
          5052   5.05200e+03  -1.50345e+00  -4.80067e+01  -4.80000e+01
          5053   5.05300e+03  -1.51125e+00  -4.78404e+01  -4.78333e+01
          5054   5.05400e+03  -1.51894e+00  -4.76741e+01  -4.76667e+01
          5055   5.05500e+03  -1.52654e+00  -4.75077e+01  -4.75000e+01
          5056   5.05600e+03  -1.53387e+00  -4.73413e+01  -4.73333e+01
          5057   5.05700e+03  -1.54105e+00  -4.71750e+01  -4.71667e+01
          5058   5.05800e+03  -1.54801e+00  -4.70086e+01  -4.70000e+01
          5059   5.05900e+03  -1.55468e+00  -4.68422e+01  -4.68333e+01
          5060   5.06000e+03  -1.56106e+00  -4.66758e+01  -4.66667e+01
          5061   5.06100e+03  -1.56721e+00  -4.65094e+01  -4.65000e+01
          5062   5.06200e+03  -1.57283e+00  -4.63430e+01  -4.63333e+01
          5063   5.06300e+03  -1.57867e+00  -4.61766e+01  -4.61667e+01
          5064   5.06400e+03  -1.58364e+00  -4.60101e+01  -4.60000e+01
          5065   5.06500e+03  -1.58810e+00  -4.58437e+01  -4.58333e+01
          5066   5.06600e+03  -1.59210e+00  -4.56772e+01  -4.56667e+01
          5067   5.06700e+03  -1.59574e+00  -4.55106e+01  -4.55000e+01
          5068   5.06800e+03  -1.59907e+00  -4.53441e+01  -4.53333e+01
          5069   5.06900e+03  -1.60145e+00  -4.51776e+01  -4.51667e+01
          5070   5.07000e+03  -1.60394e+00  -4.50111e+01  -4.50000e+01
          5071   5.07100e+03  -1.60613e+00  -4.48445e+01  -4.48333e+01
          5072   5.07200e+03  -1.60843e+00  -4.46779e+01  -4.46667e+01
          5073   5.07300e+03  -1.60958e+00  -4.45113e+01  -4.45000e+01
          5074   5.07400e+03  -1.61090e+00  -4.43447e+01  -4.43333e+01
          5075   5.07500e+03  -1.61186e+00  -4.41781e+01  -4.41667e+01
          5076   5.07600e+03  -1.61263e+00  -4.40115e+01  -4.40000e+01
          5077   5.07700e+03  -1.61328e+00  -4.38449e+01  -4.38333e+01
          5078   5.07800e+03  -1.61368e+00  -4.36782e+01  -4.36667e+01
          5079   5.07900e+03  -1.61402e+00  -4.35116e+01  -4.35000e+01
          5080   5.08000e+03  -1.61415e+00  -4.33449e+01  -4.33333e+01
          5081   5.08100e+03  -1.61424e+00  -4.31783e+01  -4.31667e+01
          5082   5.08200e+03  -1.61415e+00  -4.30116e+01  -4.30000e+01
          5083   5.08300e+03  -1.61417e+00  -4.28450e+01  -4.28333e+01
          5084   5.08400e+03  -1.61419e+00  -4.26783e+01  -4.26667e+01
          5085   5.08500e+03  -1.61421e+00  -4.25116e+01  -4.25000e+01
          5086   5.08600e+03  -1.61415e+00  -4.23449e+01  -4.23333e+01
          5087   5.08700e+03  -1.61419e+00  -4.21783e+01  -4.21667e+01
          5088   5.08800e+03  -1.61413e+00  -4.20117e+01  -4.20000e+01
          5089   5.08900e+03  -1.61421e+00  -4.18450e+01  -4.18333e+01
          5090   5.09000e+03  -1.61431e+00  -4.16784e+01  -4.16667e+01
          5091   5.09100e+03  -1.61454e+00  -4.15117e+01  -4.15000e+01
          5092   5.09200e+03  -1.61469e+00  -4.13451e+01  -4.13333e+01
          5093   5.09300e+03  -1.61488e+00  -4.11785e+01  -4.11667e+01
          5094   5.09400e+03  -1.61520e+00  -4.10119e+01  -4.10000e+01
          5095   5.09500e+03  -1.61552e+00  -4.08452e+01  -4.08333e+01
          5096   5.09600e+03  -1.61585e+00  -4.06786e+01  -4.06667e+01
          5097   5.09700e+03  -1.61629e+00  -4.05120e+01  -4.05000e+01
          5098   5.09800e+03  -1.61667e+00  -4.03454e+01  -4.03333e+01
          5099   5.09900e+03  -1.61724e+00  -4.01788e+01  -4.01667e+01
          5100   5.10000e+03  -1.61781e+00  -4.00122e+01  -4.00000e+01
          5101   5.10100e+03  -1.61854e+00  -3.98456e+01  -3.98333e+01
          5102   5.10200e+03  -1.61924e+00  -3.96790e+01  -3.96667e+01
          5103   5.10300e+03  -1.61982e+00  -3.95124e+01  -3.95000e+01
          5104   5.10400e+03  -1.62054e+00  -3.93458e+01  -3.93333e+01
          5105   5.10500e+03  -1.62136e+00  -3.91792e+01  -3.91667e+01
          5106   5.10600e+03  -1.62221e+00  -3.90126e+01  -3.90000e+01
          5107   5.10700e+03  -1.62320e+00  -3.88459e+01  -3.88333e+01
          5108   5.10800e+03  -1.62401e+00  -3.86793e+01  -3.86667e+01
          5109   5.10900e+03  -1.62494e+00  -3.85127e+01  -3.85000e+01
          5110   5.11000e+03  -1.62575e+00  -3.83462e+01  -3.83333e+01
          5111   5.11100e+03  -1.62654e+00  -3.81796e+01  -3.81667e+01
          5112   5.11200e+03  -1.62746e+00  -3.80129e+01  -3.80000e+01
          5113   5.11300e+03  -1.62838e+00  -3.78463e+01  -3.78333e+01
          5114   5.11400e+03  -1.62926e+00  -3.76797e+01  -3.76667e+01
          5115   5.11500e+03  -1.63009e+00  -3.75130e+01  -3.75000e+01
          5116   5.11600e+03  -1.63090e+00  -3.73465e+01  -3.73333e+01
          5117   5.11700e+03  -1.63178e+00  -3.71799e+01  -3.71667e+01
          5118   5.11800e+03  -1.63256e+00  -3.70133e+01  -3.70000e+01
          5119   5.11900e+03  -1.63351e+00  -3.68466e+01  -3.68333e+01
          5120   5.12000e+03  -1.63444e+00  -3.66800e+01  -3.66667e+01
          5121   5.12100e+03  -1.63526e+00  -3.65134e+01  -3.65000e+01
          5122   5.12200e+03  -1.63616e+00  -3.63468e+01  -3.63333e+01
          5123   5.12300e+03  -1.63696e+00  -3.61803e+01  -3.61667e+01
          5124   5.12400e+03  -1.63775e+00  -3.60136e+01  -3.60000e+01
          5125   5.12500e+03  -1.63852e+00  -3.58470e+01  -3.58333e+01
          5126   5.12600e+03  -1.63933e+00  -3.56804e+01  -3.56667e+01
          5127   5.12700e+03  -1.64022e+00  -3.55138e+01  -3.55000e+01
          5128   5.12800e+03  -1.64093e+00  -3.53472e+01  -3.53333e+01
          5129   5.12900e+03  -1.64181e+00  -3.51806e+01  -3.51667e+01
          5130   5.13000e+03  -1.64262e+00  -3.50140e+01  -3.50000e+01
          5131   5.13100e+03  -1.64328e+00  -3.48474e+01  -3.48333e+01
          5132   5.13200e+03  -1.64403e+00  -3.46808e+01  -3.46667e+01
          5133   5.13300e+03  -1.64483e+00  -3.45142e+01  -3.45000e+01
          5134   5.13400e+03  -1.64563e+00  -3.43476e+01  -3.43333e+01
          5135   5.13500e+03  -1.64641e+00  -3.41810e+01  -3.41667e+01
          5136   5.13600e+03  -1.64714e+00  -3.40144e+01  -3.40000e+01
          5137   5.13700e+03  -1.64795e+00  -3.38479e+01  -3.38333e+01
          5138   5.13800e+03  -1.64871e+00  -3.36813e+01  -3.36667e+01
          5139   5.13900e+03  -1.64956e+00  -3.35147e+01  -3.35000e+01
          5140   5.14000e+03  -1.65048e+00  -3.33481e+01  -3.33333e+01
          5141   5.14100e+03  -1.65133e+00  -3.31816e+01  -3.31667e+01
          5142   5.14200e+03  -1.65207e+00  -3.30150e+01  -3.30000e+01
          5143   5.14300e+03  -1.65287e+00  -3.28484e+01  -3.28333e+01
          5144   5.14400e+03  -1.65367e+00  -3.26818e+01  -3.26667e+01
          5145   5.14500e+03  -1.65442e+00  -3.25152e+01  -3.25000e+01
          5146   5.14600e+03  -1.65514e+00  -3.23486e+01  -3.23333e+01
          5147   5.14700e+03  -1.65590e+00  -3.21820e+01  -3.21667e+01
          5148   5.14800e+03  -1.65659e+00  -3.20154e+01  -3.20000e+01
          5149   5.14900e+03  -1.65734e+00  -3.18488e+01  -3.18333e+01
          5150   5.15000e+03  -1.65815e+00  -3.16822e+01  -3.16667e+01
          5151   5.15100e+03  -1.65903e+00  -3.15157e+01  -3.15000e+01
          5152   5.15200e+03  -1.65979e+00  -3.13491e+01  -3.13333e+01
          5153   5.15300e+03  -1.66054e+00  -3.11825e+01  -3.11667e+01
          5154   5.15400e+03  -1.66129e+00  -3.10159e+01  -3.10000e+01
          5155   5.15500e+03  -1.66210e+00  -3.08493e+01  -3.08333e+01
          5156   5.15600e+03  -1.66295e+00  -3.06827e+01  -3.06667e+01
          5157   5.15700e+03  -1.66375e+00  -3.05161e+01  -3.05000e+01
          5158   5.15800e+03  -1.66450e+00  -3.03495e+01  -3.03333e+01
          5159   5.15900e+03  -1.66531e+00  -3.01829e+01  -3.01667e+01
          5160   5.16000e+03  -1.66606e+00  -3.00163e+01  -3.00000e+01
          5161   5.16100e+03  -1.66692e+00  -2.98497e+01  -2.98333e+01
          5162   5.16200e+03  -1.66770e+00  -2.96831e+01  -2.96667e+01
          5163   5.16300e+03  -1.66850e+00  -2.95165e+01  -2.95000e+01
          5164   5.16400e+03  -1.66928e+00  -2.93499e+01  -2.93333e+01
          5165   5.16500e+03  -1.66991e+00  -2.91834e+01  -2.91667e+01
          5166   5.16600e+03  -1.67067e+00  -2.90168e+01  -2.90000e+01
          5167   5.16700e+03  -1.67139e+00  -2.88502e+01  -2.88333e+01
          5168   5.16800e+03  -1.67209e+00  -2.86836e+01  -2.86667e+01
          5169   5.16900e+03  -1.67285e+00  -2.85170e+01  -2.85000e+01
          5170   5.17000e+03  -1.67358e+00  -2.83504e+01  -2.83333e+01
          5171   5.17100e+03  -1.67439e+00  -2.81838e+01  -2.81667e+01
          5172   5.17200e+03  -1.67520e+00  -2.80172e+01  -2.80000e+01
          5173   5.17300e+03  -1.67599e+00  -2.78506e+01  -2.78333e+01
          5174   5.17400e+03  -1.67682e+00  -2.76840e+01  -2.76667e+01
          5175   5.17500e+03  -1.67760e+00  -2.75174e+01  -2.75000e+01
          5176   5.17600e+03  -1.67843e+00  -2.73508e+01  -2.73333e+01
          5177   5.17700e+03  -1.67917e+00  -2.71842e+01  -2.71667e+01
          5178   5.17800e+03  -1.67994e+00  -2.70176e+01  -2.70000e+01
          5179   5.17900e+03  -1.68067e+00  -2.68510e+01  -2.68333e+01
          5180   5.18000e+03  -1.68136e+00  -2.66843e+01  -2.66667e+01
          5181   5.18100e+03  -1.68209e+00  -2.65177e+01  -2.65000e+01
          5182   5.18200e+03  -1.68280e+00  -2.63511e+01  -2.63333e+01
          5183   5.18300e+03  -1.68361e+00  -2.61844e+01  -2.61667e+01
          5184   5.18400e+03  -1.68441e+00  -2.60178e+01  -2.60000e+01
          5185   5.18500e+03  -1.68521e+00  -2.58512e+01  -2.58333e+01
          5186   5.18600e+03  -1.68596e+00  -2.56845e+01  -2.56667e+01
          5187   5.18700e+03  -1.68677e+00  -2.55179e+01  -2.55000e+01
          5188   5.18800e+03  -1.68756e+00  -2.53513e+01  -2.53333e+01
          5189   5.18900e+03  -1.68836e+00  -2.51846e+01  -2.51667e+01
          5190   5.19000e+03  -1.68920e+00  -2.50180e+01  -2.50000e+01
          5191   5.19100e+03  -1.69002e+00  -2.48514e+01  -2.48333e+01
          5192   5.19200e+03  -1.69076e+00  -2.46847e+01  -2.46667e+01
          5193   5.19300e+03  -1.69145e+00  -2.45181e+01  -2.45000e+01
          5194   5.19400e+03  -1.69208e+00  -2.43514e+01  -2.43333e+01
          5195   5.19500e+03  -1.69278e+00  -2.41848e+01  -2.41667e+01
          5196   5.19600e+03  -1.69344e+00  -2.40181e+01  -2.40000e+01
          5197   5.19700e+03  -1.69409e+00  -2.38515e+01  -2.38333e+01
          5198   5.19800e+03  -1.69470e+00  -2.36848e+01  -2.36667e+01
          5199   5.19900e+03  -1.69534e+00  -2.35182e+01  -2.35000e+01
          5200   5.20000e+03  -1.69594e+00  -2.33515e+01  -2.33333e+01
          5201   5.20100e+03  -1.69646e+00  -2.31849e+01  -2.31667e+01
          5202   5.20200e+03  -1.69712e+00  -2.30182e+01  -2.30000e+01
          5203   5.20300e+03  -1.69778e+00  -2.28516e+01  -2.28333e+01
          5204   5.20400e+03  -1.69849e+00  -2.26849e+01  -2.26667e+01
          5205   5.20500e+03  -1.69907e+00  -2.25182e+01  -2.25000e+01
          5206   5.20600e+03  -1.69971e+00  -2.23516e+01  -2.23333e+01
          5207   5.20700e+03  -1.70033e+00  -2.21849e+01  -2.21667e+01
          5208   5.20800e+03  -1.70092e+00  -2.20183e+01  -2.20000e+01
          5209   5.20900e+03  -1.70148e+00  -2.18516e+01  -2.18333e+01
          5210   5.21000e+03  -1.70223e+00  -2.16850e+01  -2.16667e+01
          5211   5.21100e+03  -1.70292e+00  -2.15184e+01  -2.15000e+01
          5212   5.21200e+03  -1.70356e+00  -2.13517e+01  -2.13333e+01
          5213   5.21300e+03  -1.70418e+00  -2.11851e+01  -2.11667e+01
          5214   5.21400e+03  -1.70486e+00  -2.10184e+01  -2.10000e+01
          5215   5.21500e+03  -1.70560e+00  -2.08518e+01  -2.08333e+01
          5216   5.21600e+03  -1.70638e+00  -2.06851e+01  -2.06667e+01
          5217   5.21700e+03  -1.70712e+00  -2.05185e+01  -2.05000e+01
          5218   5.21800e+03  -1.70790e+00  -2.03518e+01  -2.03333e+01
          5219   5.21900e+03  -1.70858e+00  -2.01852e+01  -2.01667e+01
          5220   5.22000e+03  -1.70922e+00  -2.00185e+01  -2.00000e+01
          5221   5.22100e+03  -1.71002e+00  -1.98519e+01  -1.98333e+01
          5222   5.22200e+03  -1.71081e+00  -1.96852e+01  -1.96667e+01
          5223   5.22300e+03  -1.71162e+00  -1.95186e+01  -1.95000e+01
          5224   5.22400e+03  -1.71232e+00  -1.93519e+01  -1.93333e+01
          5225   5.22500e+03  -1.71305e+00  -1.91853e+01  -1.91667e+01
          5226   5.22600e+03  -1.71375e+00  -1.90186e+01  -1.90000e+01
          5227   5.22700e+03  -1.71448e+00  -1.88520e+01  -1.88333e+01
          5228   5.22800e+03  -1.71522e+00  -1.86853e+01  -1.86667e+01
          5229   5.22900e+03  -1.71600e+00  -1.85187e+01  -1.85000e+01
          5230   5.23000e+03  -1.71670e+00  -1.83520e+01  -1.83333e+01
          5231   5.23100e+03  -1.71738e+00  -1.81854e+01  -1.81667e+01
          5232   5.23200e+03  -1.71814e+00  -1.80188e+01  -1.80000e+01
          5233   5.23300e+03  -1.71897e+00  -1.78521e+01  -1.78333e+01
          5234   5.23400e+03  -1.71970e+00  -1.76855e+01  -1.76667e+01
          5235   5.23500e+03  -1.72052e+00  -1.75189e+01  -1.75000e+01
          5236   5.23600e+03  -1.72134e+00  -1.73522e+01  -1.73333e+01
          5237   5.23700e+03  -1.72211e+00  -1.71856e+01  -1.71667e+01
          5238   5.23800e+03  -1.72276e+00  -1.70189e+01  -1.70000e+01
          5239   5.23900e+03  -1.72353e+00  -1.68523e+01  -1.68333e+01
          5240   5.24000e+03  -1.72426e+00  -1.66857e+01  -1.66667e+01
          5241   5.24100e+03  -1.72502e+00  -1.65190e+01  -1.65000e+01
          5242   5.24200e+03  -1.72582e+00  -1.63523e+01  -1.63333e+01
          5243   5.24300e+03  -1.72661e+00  -1.61857e+01  -1.61667e+01
          5244   5.24400e+03  -1.72738e+00  -1.60190e+01  -1.60000e+01
          5245   5.24500e+03  -1.72811e+00  -1.58523e+01  -1.58333e+01
          5246   5.24600e+03  -1.72899e+00  -1.56857e+01  -1.56667e+01
          5247   5.24700e+03  -1.72998e+00  -1.55190e+01  -1.55000e+01
          5248   5.24800e+03  -1.73078e+00  -1.53523e+01  -1.53333e+01
          5249   5.24900e+03  -1.73163e+00  -1.51856e+01  -1.51667e+01
          5250   5.25000e+03  -1.73242e+00  -1.50189e+01  -1.50000e+01
          5251   5.25100e+03  -1.73312e+00  -1.48522e+01  -1.48333e+01
          5252   5.25200e+03  -1.73395e+00  -1.46854e+01  -1.46667e+01
          5253   5.25300e+03  -1.73479e+00  -1.45187e+01  -1.45000e+01
          5254   5.25400e+03  -1.73563e+00  -1.43520e+01  -1.43333e+01
          5255   5.25500e+03  -1.73639e+00  -1.41853e+01  -1.41667e+01
          5256   5.25600e+03  -1.73717e+00  -1.40185e+01  -1.40000e+01
          5257   5.25700e+03  -1.73808e+00  -1.38518e+01  -1.38333e+01
          5258   5.25800e+03  -1.73903e+00  -1.36850e+01  -1.36667e+01
          5259   5.25900e+03  -1.74001e+00  -1.35183e+01  -1.35000e+01
          5260   5.26000e+03  -1.74088e+00  -1.33516e+01  -1.33333e+01
          5261   5.26100e+03  -1.74176e+00  -1.31848e+01  -1.31667e+01
          5262   5.26200e+03  -1.74258e+00  -1.30181e+01  -1.30000e+01
          5263   5.26300e+03  -1.74341e+00  -1.28514e+01  -1.28333e+01
          5264   5.26400e+03  -1.74423e+00  -1.26846e+01  -1.26667e+01
          5265   5.26500e+03  -1.74494e+00  -1.25178e+01  -1.25000e+01
          5266   5.26600e+03  -1.74561e+00  -1.23511e+01  -1.23333e+01
          5267   5.26700e+03  -1.74627e+00  -1.21843e+01  -1.21667e+01
          5268   5.26800e+03  -1.74685e+00  -1.20176e+01  -1.20000e+01
          5269   5.26900e+03  -1.74760e+00  -1.18508e+01  -1.18333e+01
          5270   5.27000e+03  -1.74840e+00  -1.16841e+01  -1.16667e+01
          5271   5.27100e+03  -1.74918e+00  -1.15174e+01  -1.15000e+01
          5272   5.27200e+03  -1.74997e+00  -1.13507e+01  -1.13333e+01
          5273   5.27300e+03  -1.75074e+00  -1.11840e+01  -1.11667e+01
          5274   5.27400e+03  -1.75154e+00  -1.10172e+01  -1.10000e+01
          5275   5.27500e+03  -1.75240e+00  -1.08505e+01  -1.08333e+01
          5276   5.27600e+03  -1.75319e+00  -1.06838e+01  -1.06667e+01
          5277   5.27700e+03  -1.75403e+00  -1.05171e+01  -1.05000e+01
          5278   5.27800e+03  -1.75482e+00  -1.03504e+01  -1.03333e+01
          5279   5.27900e+03  -1.75563e+00  -1.01837e+01  -1.01667e+01
          5280   5.28000e+03  -1.75638e+00  -1.00170e+01  -1.00000e+01
          5281   5.28100e+03  -1.75713e+00  -9.85025e+00  -9.83333e+00
          5282   5.28200e+03  -1.75794e+00  -9.68356e+00  -9.66667e+00
          5283   5.28300e+03  -1.75871e+00  -9.51688e+00  -9.50000e+00
          5284   5.28400e+03  -1.75943e+00  -9.35016e+00  -9.33333e+00
          5285   5.28500e+03  -1.76021e+00  -9.18346e+00  -9.16667e+00
          5286   5.28600e+03  -1.76100e+00  -9.01679e+00  -9.00000e+00
          5287   5.28700e+03  -1.76178e+00  -8.85009e+00  -8.83333e+00
          5288   5.28800e+03  -1.76249e+00  -8.68340e+00  -8.66667e+00
          5289   5.28900e+03  -1.76326e+00  -8.51672e+00  -8.50000e+00
          5290   5.29000e+03  -1.76403e+00  -8.35005e+00  -8.33333e+00
          5291   5.29100e+03  -1.76489e+00  -8.18336e+00  -8.16667e+00
          5292   5.29200e+03  -1.76575e+00  -8.01668e+00  -8.00000e+00
          5293   5.29300e+03  -1.76661e+00  -7.84999e+00  -7.83333e+00
          5294   5.29400e+03  -1.76741e+00  -7.68330e+00  -7.66667e+00
          5295   5.29500e+03  -1.76822e+00  -7.51667e+00  -7.50000e+00
          5296   5.29600e+03  -1.76900e+00  -7.34998e+00  -7.33333e+00
          5297   5.29700e+03  -1.76982e+00  -7.18331e+00  -7.16667e+00
          5298   5.29800e+03  -1.77062e+00  -7.01662e+00  -7.00000e+00
          5299   5.29900e+03  -1.77139e+00  -6.84994e+00  -6.83333e+00
          5300   5.30000e+03  -1.77200e+00  -6.68325e+00  -6.66667e+00
          5301   5.30100e+03  -1.77271e+00  -6.51657e+00  -6.50000e+00
          5302   5.30200e+03  -1.77343e+00  -6.34988e+00  -6.33333e+00
          5303   5.30300e+03  -1.77418e+00  -6.18317e+00  -6.16667e+00
          5304   5.30400e+03  -1.77488e+00  -6.01647e+00  -6.00000e+00
          5305   5.30500e+03  -1.77558e+00  -5.84978e+00  -5.83333e+00
          5306   5.30600e+03  -1.77628e+00  -5.68309e+00  -5.66667e+00
          5307   5.30700e+03  -1.77702e+00  -5.51639e+00  -5.50000e+00
          5308   5.30800e+03  -1.77789e+00  -5.34968e+00  -5.33333e+00
          5309   5.30900e+03  -1.77869e+00  -5.18299e+00  -5.16667e+00
          5310   5.31000e+03  -1.77941e+00  -5.01630e+00  -5.00000e+00
          5311   5.31100e+03  -1.78015e+00  -4.84962e+00  -4.83333e+00
          5312   5.31200e+03  -1.78095e+00  -4.68293e+00  -4.66667e+00
          5313   5.31300e+03  -1.78175e+00  -4.51622e+00  -4.50000e+00
          5314   5.31400e+03  -1.78254e+00  -4.34952e+00  -4.33333e+00
          5315   5.31500e+03  -1.78337e+00  -4.18285e+00  -4.16667e+00
          5316   5.31600e+03  -1.78409e+00  -4.01618e+00  -4.00000e+00
          5317   5.31700e+03  -1.78470e+00  -3.84950e+00  -3.83333e+00
          5318   5.31800e+03  -1.78540e+00  -3.68283e+00  -3.66667e+00
          5319   5.31900e+03  -1.78617e+00  -3.51619e+00  -3.50000e+00
          5320   5.32000e+03  -1.78683e+00  -3.34950e+00  -3.33333e+00
          5321   5.32100e+03  -1.78746e+00  -3.18282e+00  -3.16667e+00
          5322   5.32200e+03  -1.78810e+00  -3.01615e+00  -3.00000e+00
          5323   5.32300e+03  -1.78877e+00  -2.84949e+00  -2.83333e+00
          5324   5.32400e+03  -1.78937e+00  -2.68282e+00  -2.66667e+00
          5325   5.32500e+03  -1.79003e+00  -2.51618e+00  -2.50000e+00
          5326   5.32600e+03  -1.79073e+00  -2.34952e+00  -2.33333e+00
          5327   5.32700e+03  -1.79148e+00  -2.18287e+00  -2.16667e+00
          5328   5.32800e+03  -1.79215e+00  -2.01622e+00  -2.00000e+00
          5329   5.32900e+03  -1.79292e+00  -1.84957e+00  -1.83333e+00
          5330   5.33000e+03  -1.79361e+00  -1.68293e+00  -1.66667e+00
          5331   5.33100e+03  -1.79427e+00  -1.51629e+00  -1.50000e+00
          5332   5.33200e+03  -1.79502e+00  -1.34962e+00  -1.33333e+00
          5333   5.33300e+03  -1.79576e+00  -1.18296e+00  -1.16667e+00
          5334   5.33400e+03  -1.79653e+00  -1.01630e+00  -1.00000e+00
          5335   5.33500e+03  -1.79726e+00  -8.49638e-01  -8.33333e-01
          5336   5.33600e+03  -1.79797e+00  -6.82982e-01  -6.66667e-01
          5337   5.33700e+03  -1.79875e+00  -5.16300e-01  -5.00000e-01
          5338   5.33800e+03  -1.79953e+00  -3.49606e-01  -3.33333e-01
          5339   5.33900e+03  -1.80025e+00  -1.82916e-01  -1.66667e-01
          5340   5.34000e+03  -1.80100e+00  -1.62356e-02   0.00000e+00
          5341   5.34100e+03  -1.80170e+00   1.50445e-01   1.66667e-01
          5342   5.34200e+03  -1.80231e+00   3.17127e-01   3.33333e-01
          5343   5.34300e+03  -1.80301e+00   4.83856e-01   5.00000e-01
          5344   5.34400e+03  -1.80374e+00   6.50544e-01   6.66667e-01
          5345   5.34500e+03  -1.80446e+00   8.17232e-01   8.33333e-01
          5346   5.34600e+03  -1.80508e+00   9.83945e-01   1.00000e+00
          5347   5.34700e+03  -1.80566e+00   1.15063e+00   1.16667e+00
          5348   5.34800e+03  -1.80633e+00   1.31733e+00   1.33333e+00
          5349   5.34900e+03  -1.80693e+00   1.48403e+00   1.50000e+00
          5350   5.35000e+03  -1.80754e+00   1.65075e+00   1.66667e+00
          5351   5.35100e+03  -1.80821e+00   1.81746e+00   1.83333e+00
          5352   5.35200e+03  -1.80875e+00   1.98417e+00   2.00000e+00
          5353   5.35300e+03  -1.80929e+00   2.15088e+00   2.16667e+00
          5354   5.35400e+03  -1.80981e+00   2.31757e+00   2.33333e+00
          5355   5.35500e+03  -1.81034e+00   2.48426e+00   2.50000e+00
          5356   5.35600e+03  -1.81093e+00   2.65096e+00   2.66667e+00
          5357   5.35700e+03  -1.81151e+00   2.81764e+00   2.83333e+00
          5358   5.35800e+03  -1.81215e+00   2.98433e+00   3.00000e+00
          5359   5.35900e+03  -1.81271e+00   3.15103e+00   3.16667e+00
          5360   5.36000e+03  -1.81323e+00   3.31770e+00   3.33333e+00
          5361   5.36100e+03  -1.81386e+00   3.48439e+00   3.50000e+00
          5362   5.36200e+03  -1.81443e+00   3.65107e+00   3.66667e+00
          5363   5.36300e+03  -1.81496e+00   3.81775e+00   3.83333e+00
          5364   5.36400e+03  -1.81557e+00   3.98444e+00   4.00000e+00
          5365   5.36500e+03  -1.81608e+00   4.15111e+00   4.16667e+00
          5366   5.36600e+03  -1.81658e+00   4.31781e+00   4.33333e+00
          5367   5.36700e+03  -1.81710e+00   4.48452e+00   4.50000e+00
          5368   5.36800e+03  -1.81767e+00   4.65120e+00   4.66667e+00
          5369   5.36900e+03  -1.81825e+00   4.81790e+00   4.83333e+00
          5370   5.37000e+03  -1.81877e+00   4.98458e+00   5.00000e+00
          5371   5.37100e+03  -1.81934e+00   5.15124e+00   5.16667e+00
          5372   5.37200e+03  -1.81997e+00   5.31791e+00   5.33333e+00
          5373   5.37300e+03  -1.82055e+00   5.48459e+00   5.50000e+00
          5374   5.37400e+03  -1.82122e+00   5.65126e+00   5.66667e+00
          5375   5.37500e+03  -1.82187e+00   5.81792e+00   5.83333e+00
          5376   5.37600e+03  -1.82246e+00   5.98458e+00   6.00000e+00
          5377   5.37700e+03  -1.82308e+00   6.15124e+00   6.16667e+00
          5378   5.37800e+03  -1.82374e+00   6.31790e+00   6.33333e+00
          5379   5.37900e+03  -1.82435e+00   6.48457e+00   6.50000e+00
          5380   5.38000e+03  -1.82491e+00   6.65124e+00   6.66667e+00
          5381   5.38100e+03  -1.82550e+00   6.81788e+00   6.83333e+00
          5382   5.38200e+03  -1.82606e+00   6.98453e+00   7.00000e+00
          5383   5.38300e+03  -1.82666e+00   7.15121e+00   7.16667e+00
          5384   5.38400e+03  -1.82730e+00   7.31788e+00   7.33333e+00
          5385   5.38500e+03  -1.82793e+00   7.48454e+00   7.50000e+00
          5386   5.38600e+03  -1.82857e+00   7.65123e+00   7.66667e+00
          5387   5.38700e+03  -1.82918e+00   7.81788e+00   7.83333e+00
          5388   5.38800e+03  -1.82982e+00   7.98454e+00   8.00000e+00
          5389   5.38900e+03  -1.83051e+00   8.15121e+00   8.16667e+00
          5390   5.39000e+03  -1.83116e+00   8.31786e+00   8.33333e+00
          5391   5.39100e+03  -1.83181e+00   8.48453e+00   8.50000e+00
          5392   5.39200e+03  -1.83242e+00   8.65121e+00   8.66667e+00
          5393   5.39300e+03  -1.83303e+00   8.81787e+00   8.83333e+00
          5394   5.39400e+03  -1.83358e+00   8.98453e+00   9.00000e+00
          5395   5.39500e+03  -1.83418e+00   9.15121e+00   9.16667e+00
          5396   5.39600e+03  -1.83479e+00   9.31787e+00   9.33333e+00
          5397   5.39700e+03  -1.83538e+00   9.48454e+00   9.50000e+00
          5398   5.39800e+03  -1.83593e+00   9.65123e+00   9.66667e+00
          5399   5.39900e+03  -1.83645e+00   9.81788e+00   9.83333e+00
          5400   5.40000e+03  -1.83703e+00   9.98455e+00   1.00000e+01
          5401   5.40100e+03  -1.83760e+00   1.01512e+01   1.01667e+01
          5402   5.40200e+03  -1.83819e+00   1.03179e+01   1.03333e+01
          5403   5.40300e+03  -1.83884e+00   1.04846e+01   1.05000e+01
          5404   5.40400e+03  -1.83939e+00   1.06512e+01   1.06667e+01
          5405   5.40500e+03  -1.83992e+00   1.08179e+01   1.08333e+01
          5406   5.40600e+03  -1.84051e+00   1.09845e+01   1.10000e+01
          5407   5.40700e+03  -1.84109e+00   1.11512e+01   1.11667e+01
          5408   5.40800e+03  -1.84173e+00   1.13179e+01   1.13333e+01
          5409   5.40900e+03  -1.84235e+00   1.14845e+01   1.15000e+01
          5410   5.41000e+03  -1.84293e+00   1.16512e+01   1.16667e+01
          5411   5.41100e+03  -1.84350e+00   1.18178e+01   1.18333e+01
          5412   5.41200e+03  -1.84405e+00   1.19845e+01   1.20000e+01
          5413   5.41300e+03  -1.84459e+00   1.21511e+01   1.21667e+01
          5414   5.41400e+03  -1.84518e+00   1.23178e+01   1.23333e+01
          5415   5.41500e+03  -1.84580e+00   1.24844e+01   1.25000e+01
          5416   5.41600e+03  -1.84636e+00   1.26511e+01   1.26667e+01
          5417   5.41700e+03  -1.84694e+00   1.28177e+01   1.28333e+01
          5418   5.41800e+03  -1.84756e+00   1.29844e+01   1.30000e+01
          5419   5.41900e+03  -1.84823e+00   1.31510e+01   1.31667e+01
          5420   5.42000e+03  -1.84887e+00   1.33177e+01   1.33333e+01
          5421   5.42100e+03  -1.84947e+00   1.34843e+01   1.35000e+01
          5422   5.42200e+03  -1.85010e+00   1.36510e+01   1.36667e+01
          5423   5.42300e+03  -1.85067e+00   1.38176e+01   1.38333e+01
          5424   5.42400e+03  -1.85117e+00   1.39843e+01   1.40000e+01
          5425   5.42500e+03  -1.85173e+00   1.41510e+01   1.41667e+01
          5426   5.42600e+03  -1.85231e+00   1.43176e+01   1.43333e+01
          5427   5.42700e+03  -1.85281e+00   1.44843e+01   1.45000e+01
          5428   5.42800e+03  -1.85334e+00   1.46510e+01   1.46667e+01
          5429   5.42900e+03  -1.85392e+00   1.48176e+01   1.48333e+01
          5430   5.43000e+03  -1.85465e+00   1.49843e+01   1.50000e+01
          5431   5.43100e+03  -1.85537e+00   1.51510e+01   1.51667e+01
          5432   5.43200e+03  -1.85613e+00   1.53176e+01   1.53333e+01
          5433   5.43300e+03  -1.85692e+00   1.54843e+01   1.55000e+01
          5434   5.43400e+03  -1.85767e+00   1.56510e+01   1.56667e+01
          5435   5.43500e+03  -1.85838e+00   1.58177e+01   1.58333e+01
          5436   5.43600e+03  -1.85907e+00   1.59843e+01   1.60000e+01
          5437   5.43700e+03  -1.85972e+00   1.61510e+01   1.61667e+01
          5438   5.43800e+03  -1.86037e+00   1.63177e+01   1.63333e+01
          5439   5.43900e+03  -1.86094e+00   1.64844e+01   1.65000e+01
          5440   5.44000e+03  -1.86157e+00   1.66511e+01   1.66667e+01
          5441   5.44100e+03  -1.86219e+00   1.68177e+01   1.68333e+01
          5442   5.44200e+03  -1.86272e+00   1.69844e+01   1.70000e+01
          5443   5.44300e+03  -1.86334e+00   1.71511e+01   1.71667e+01
          5444   5.44400e+03  -1.86391e+00   1.73177e+01   1.73333e+01
          5445   5.44500e+03  -1.86454e+00   1.74844e+01   1.75000e+01
          5446   5.44600e+03  -1.86510e+00   1.76511e+01   1.76667e+01
          5447   5.44700e+03  -1.86565e+00   1.78178e+01   1.78333e+01
          5448   5.44800e+03  -1.86618e+00   1.79845e+01   1.80000e+01
          5449   5.44900e+03  -1.86669e+00   1.81511e+01   1.81667e+01
          5450   5.45000e+03  -1.86723e+00   1.83178e+01   1.83333e+01
          5451   5.45100e+03  -1.86788e+00   1.84845e+01   1.85000e+01
          5452   5.45200e+03  -1.86851e+00   1.86512e+01   1.86667e+01
          5453   5.45300e+03  -1.86920e+00   1.88178e+01   1.88333e+01
          5454   5.45400e+03  -1.86989e+00   1.89845e+01   1.90000e+01
          5455   5.45500e+03  -1.87068e+00   1.91512e+01   1.91667e+01
          5456   5.45600e+03  -1.87140e+00   1.93178e+01   1.93333e+01
          5457   5.45700e+03  -1.87215e+00   1.94845e+01   1.95000e+01
          5458   5.45800e+03  -1.87289e+00   1.96512e+01   1.96667e+01
          5459   5.45900e+03  -1.87363e+00   1.98179e+01   1.98333e+01
          5460   5.46000e+03  -1.87437e+00   1.99845e+01   2.00000e+01
          5461   5.46100e+03  -1.87508e+00   2.01512e+01   2.01667e+01
          5462   5.46200e+03  -1.87577e+00   2.03179e+01   2.03333e+01
          5463   5.46300e+03  -1.87647e+00   2.04845e+01   2.05000e+01
          5464   5.46400e+03  -1.87708e+00   2.06512e+01   2.06667e+01
          5465   5.46500e+03  -1.87773e+00   2.08179e+01   2.08333e+01
          5466   5.46600e+03  -1.87840e+00   2.09846e+01   2.10000e+01
          5467   5.46700e+03  -1.87905e+00   2.11512e+01   2.11667e+01
          5468   5.46800e+03  -1.87966e+00   2.13179e+01   2.13333e+01
          5469   5.46900e+03  -1.88031e+00   2.14846e+01   2.15000e+01
          5470   5.47000e+03  -1.88100e+00   2.16512e+01   2.16667e+01
          5471   5.47100e+03  -1.88167e+00   2.18179e+01   2.18333e+01
          5472   5.47200e+03  -1.88236e+00   2.19845e+01   2.20000e+01
          5473   5.47300e+03  -1.88311e+00   2.21512e+01   2.21667e+01
          5474   5.47400e+03  -1.88391e+00   2.23178e+01   2.23333e+01
          5475   5.47500e+03  -1.88463e+00   2.24845e+01   2.25000e+01
          5476   5.47600e+03  -1.88536e+00   2.26511e+01   2.26667e+01
          5477   5.47700e+03  -1.88608e+00   2.28178e+01   2.28333e+01
          5478   5.47800e+03  -1.88677e+00   2.29845e+01   2.30000e+01
          5479   5.47900e+03  -1.88744e+00   2.31512e+01   2.31667e+01
          5480   5.48000e+03  -1.88817e+00   2.33178e+01   2.33333e+01
          5481   5.48100e+03  -1.88881e+00   2.34845e+01   2.35000e+01
          5482   5.48200e+03  -1.88943e+00   2.36512e+01   2.36667e+01
          5483   5.48300e+03  -1.89004e+00   2.38179e+01   2.38333e+01
          5484   5.48400e+03  -1.89068e+00   2.39846e+01   2.40000e+01
          5485   5.48500e+03  -1.89135e+00   2.41513e+01   2.41667e+01
          5486   5.48600e+03  -1.89204e+00   2.43180e+01   2.43333e+01
          5487   5.48700e+03  -1.89272e+00   2.44846e+01   2.45000e+01
          5488   5.48800e+03  -1.89340e+00   2.46513e+01   2.46667e+01
          5489   5.48900e+03  -1.89412e+00   2.48180e+01   2.48333e+01
          5490   5.49000e+03  -1.89488e+00   2.49847e+01   2.50000e+01
          5491   5.49100e+03  -1.89558e+00   2.51513e+01   2.51667e+01
          5492   5.49200e+03  -1.89631e+00   2.53180e+01   2.53333e+01
          5493   5.49300e+03  -1.89707e+00   2.54847e+01   2.55000e+01
          5494   5.49400e+03  -1.89782e+00   2.56513e+01   2.56667e+01
          5495   5.49500e+03  -1.89857e+00   2.58180e+01   2.58333e+01
          5496   5.49600e+03  -1.89928e+00   2.59847e+01   2.60000e+01
          5497   5.49700e+03  -1.89999e+00   2.61514e+01   2.61667e+01
          5498   5.49800e+03  -1.90064e+00   2.63180e+01   2.63333e+01
          5499   5.49900e+03  -1.90129e+00   2.64847e+01   2.65000e+01
          5500   5.50000e+03  -1.90205e+00   2.66514e+01   2.66667e+01
          5501   5.50100e+03  -1.90276e+00   2.68180e+01   2.68333e+01
          5502   5.50200e+03  -1.90343e+00   2.69847e+01   2.70000e+01
          5503   5.50300e+03  -1.90411e+00   2.71513e+01   2.71667e+01
          5504   5.50400e+03  -1.90480e+00   2.73180e+01   2.73333e+01
          5505   5.50500e+03  -1.90549e+00   2.74846e+01   2.75000e+01
          5506   5.50600e+03  -1.90616e+00   2.76513e+01   2.76667e+01
          5507   5.50700e+03  -1.90687e+00   2.78179e+01   2.78333e+01
          5508   5.50800e+03  -1.90759e+00   2.79846e+01   2.80000e+01
          5509   5.50900e+03  -1.90831e+00   2.81512e+01   2.81667e+01
          5510   5.51000e+03  -1.90909e+00   2.83179e+01   2.83333e+01
          5511   5.51100e+03  -1.90984e+00   2.84845e+01   2.85000e+01
          5512   5.51200e+03  -1.91057e+00   2.86512e+01   2.86667e+01
          5513   5.51300e+03  -1.91137e+00   2.88178e+01   2.88333e+01
          5514   5.51400e+03  -1.91220e+00   2.89844e+01   2.90000e+01
          5515   5.51500e+03  -1.91303e+00   2.91511e+01   2.91667e+01
          5516   5.51600e+03  -1.91385e+00   2.93177e+01   2.93333e+01
          5517   5.51700e+03  -1.91467e+00   2.94844e+01   2.95000e+01
          5518   5.51800e+03  -1.91546e+00   2.96510e+01   2.96667e+01
          5519   5.51900e+03  -1.91622e+00   2.98177e+01   2.98333e+01
          5520   5.52000e+03  -1.91702e+00   2.99844e+01   3.00000e+01
          5521   5.52100e+03  -1.91779e+00   3.01510e+01   3.01667e+01
          5522   5.52200e+03  -1.91859e+00   3.03177e+01   3.03333e+01
          5523   5.52300e+03  -1.91941e+00   3.04843e+01   3.05000e+01
          5524   5.52400e+03  -1.92024e+00   3.06510e+01   3.06667e+01
          5525   5.52500e+03  -1.92105e+00   3.08177e+01   3.08333e+01
          5526   5.52600e+03  -1.92184e+00   3.09843e+01   3.10000e+01
          5527   5.52700e+03  -1.92272e+00   3.11510e+01   3.11667e+01
          5528   5.52800e+03  -1.92363e+00   3.13177e+01   3.13333e+01
          5529   5.52900e+03  -1.92456e+00   3.14844e+01   3.15000e+01
          5530   5.53000e+03  -1.92556e+00   3.16511e+01   3.16667e+01
          5531   5.53100e+03  -1.92645e+00   3.18177e+01   3.18333e+01
          5532   5.53200e+03  -1.92732e+00   3.19844e+01   3.20000e+01
          5533   5.53300e+03  -1.92825e+00   3.21510e+01   3.21667e+01
          5534   5.53400e+03  -1.92918e+00   3.23177e+01   3.23333e+01
          5535   5.53500e+03  -1.93019e+00   3.24844e+01   3.25000e+01
          5536   5.53600e+03  -1.93112e+00   3.26510e+01   3.26667e+01
          5537   5.53700e+03  -1.93200e+00   3.28177e+01   3.28333e+01
          5538   5.53800e+03  -1.93294e+00   3.29843e+01   3.30000e+01
          5539   5.53900e+03  -1.93381e+00   3.31509e+01   3.31667e+01
          5540   5.54000e+03  -1.93471e+00   3.33176e+01   3.33333e+01
          5541   5.54100e+03  -1.93564e+00   3.34842e+01   3.35000e+01
          5542   5.54200e+03  -1.93663e+00   3.36509e+01   3.36667e+01
          5543   5.54300e+03  -1.93757e+00   3.38175e+01   3.38333e+01
          5544   5.54400e+03  -1.93850e+00   3.39842e+01   3.40000e+01
          5545   5.54500e+03  -1.93949e+00   3.41508e+01   3.41667e+01
          5546   5.54600e+03  -1.94049e+00   3.43175e+01   3.43333e+01
          5547   5.54700e+03  -1.94142e+00   3.44842e+01   3.45000e+01
          5548   5.54800e+03  -1.94239e+00   3.46509e+01   3.46667e+01
          5549   5.54900e+03  -1.94337e+00   3.48175e+01   3.48333e+01
          5550   5.55000e+03  -1.94438e+00   3.49842e+01   3.50000e+01
          5551   5.55100e+03  -1.94528e+00   3.51509e+01   3.51667e+01
          5552   5.55200e+03  -1.94628e+00   3.53176e+01   3.53333e+01
          5553   5.55300e+03  -1.94731e+00   3.54843e+01   3.55000e+01
          5554   5.55400e+03  -1.94827e+00   3.56510e+01   3.56667e+01
          5555   5.55500e+03  -1.94919e+00   3.58177e+01   3.58333e+01
          5556   5.55600e+03  -1.95016e+00   3.59844e+01   3.60000e+01
          5557   5.55700e+03  -1.95119e+00   3.61510e+01   3.61667e+01
          5558   5.55800e+03  -1.95215e+00   3.63177e+01   3.63333e+01
          5559   5.55900e+03  -1.95305e+00   3.64844e+01   3.65000e+01
          5560   5.56000e+03  -1.95400e+00   3.66511e+01   3.66667e+01
          5561   5.56100e+03  -1.95495e+00   3.68178e+01   3.68333e+01
          5562   5.56200e+03  -1.95583e+00   3.69845e+01   3.70000e+01
          5563   5.56300e+03  -1.95678e+00   3.71512e+01   3.71667e+01
          5564   5.56400e+03  -1.95776e+00   3.73179e+01   3.73333e+01
          5565   5.56500e+03  -1.95876e+00   3.74846e+01   3.75000e+01
          5566   5.56600e+03  -1.95973e+00   3.76513e+01   3.76667e+01
          5567   5.56700e+03  -1.96082e+00   3.78180e+01   3.78333e+01
          5568   5.56800e+03  -1.96188e+00   3.79847e+01   3.80000e+01
          5569   5.56900e+03  -1.96292e+00   3.81514e+01   3.81667e+01
          5570   5.57000e+03  -1.96394e+00   3.83180e+01   3.83333e+01
          5571   5.57100e+03  -1.96499e+00   3.84847e+01   3.85000e+01
          5572   5.57200e+03  -1.96609e+00   3.86514e+01   3.86667e+01
          5573   5.57300e+03  -1.96716e+00   3.88181e+01   3.88333e+01
          5574   5.57400e+03  -1.96822e+00   3.89849e+01   3.90000e+01
          5575   5.57500e+03  -1.96928e+00   3.91516e+01   3.91667e+01
          5576   5.57600e+03  -1.97030e+00   3.93183e+01   3.93333e+01
          5577   5.57700e+03  -1.97139e+00   3.94850e+01   3.95000e+01
          5578   5.57800e+03  -1.97247e+00   3.96517e+01   3.96667e+01
          5579   5.57900e+03  -1.97358e+00   3.98184e+01   3.98333e+01
          5580   5.58000e+03  -1.97468e+00   3.99851e+01   4.00000e+01
          5581   5.58100e+03  -1.97574e+00   4.01518e+01   4.01667e+01
          5582   5.58200e+03  -1.97685e+00   4.03185e+01   4.03333e+01
          5583   5.58300e+03  -1.97793e+00   4.04852e+01   4.05000e+01
          5584   5.58400e+03  -1.97898e+00   4.06520e+01   4.06667e+01
          5585   5.58500e+03  -1.98002e+00   4.08187e+01   4.08333e+01
          5586   5.58600e+03  -1.98109e+00   4.09854e+01   4.10000e+01
          5587   5.58700e+03  -1.98213e+00   4.11521e+01   4.11667e+01
          5588   5.58800e+03  -1.98317e+00   4.13188e+01   4.13333e+01
          5589   5.58900e+03  -1.98425e+00   4.14855e+01   4.15000e+01
          5590   5.59000e+03  -1.98533e+00   4.16522e+01   4.16667e+01
          5591   5.59100e+03  -1.98635e+00   4.18189e+01   4.18333e+01
          5592   5.59200e+03  -1.98742e+00   4.19856e+01   4.20000e+01
          5593   5.59300e+03  -1.98851e+00   4.21523e+01   4.21667e+01
          5594   5.59400e+03  -1.98956e+00   4.23190e+01   4.23333e+01
          5595   5.59500e+03  -1.99058e+00   4.24857e+01   4.25000e+01
          5596   5.59600e+03  -1.99168e+00   4.26524e+01   4.26667e+01
          5597   5.59700e+03  -1.99276e+00   4.28191e+01   4.28333e+01
          5598   5.59800e+03  -1.99383e+00   4.29858e+01   4.30000e+01
          5599   5.59900e+03  -1.99489e+00   4.31524e+01   4.31667e+01
          5600   5.60000e+03  -1.99593e+00   4.33191e+01   4.33333e+01
          5601   5.60100e+03  -1.99697e+00   4.34858e+01   4.35000e+01
          5602   5.60200e+03  -1.99800e+00   4.36525e+01   4.36667e+01
          5603   5.60300e+03  -1.99912e+00   4.38192e+01   4.38333e+01
          5604   5.60400e+03  -2.00020e+00   4.39859e+01   4.40000e+01
          5605   5.60500e+03  -2.00126e+00   4.41526e+01   4.41667e+01
          5606   5.60600e+03  -2.00239e+00   4.43193e+01   4.43333e+01
          5607   5.60700e+03  -2.00351e+00   4.44860e+01   4.45000e+01
          5608   5.60800e+03  -2.00460e+00   4.46527e+01   4.46667e+01
          5609   5.60900e+03  -2.00572e+00   4.48194e+01   4.48333e+01
          5610   5.61000e+03  -2.00680e+00   4.49861e+01   4.50000e+01
          5611   5.61100e+03  -2.00796e+00   4.51528e+01   4.51667e+01
          5612   5.61200e+03  -2.00905e+00   4.53195e+01   4.53333e+01
          5613   5.61300e+03  -2.01008e+00   4.54862e+01   4.55000e+01
          5614   5.61400e+03  -2.01107e+00   4.56529e+01   4.56667e+01
          5615   5.61500e+03  -2.01203e+00   4.58196e+01   4.58333e+01
          5616   5.61600e+03  -2.01292e+00   4.59864e+01   4.60000e+01
          5617   5.61700e+03  -2.01381e+00   4.61531e+01   4.61667e+01
          5618   5.61800e+03  -2.01464e+00   4.63199e+01   4.63333e+01
          5619   5.61900e+03  -2.01552e+00   4.64866e+01   4.65000e+01
          5620   5.62000e+03  -2.01623e+00   4.66534e+01   4.66667e+01
          5621   5.62100e+03  -2.01698e+00   4.68201e+01   4.68333e+01
          5622   5.62200e+03  -2.01776e+00   4.69868e+01   4.70000e+01
          5623   5.62300e+03  -2.01852e+00   4.71535e+01   4.71667e+01
          5624   5.62400e+03  -2.01922e+00   4.73202e+01   4.73333e+01
          5625   5.62500e+03  -2.01995e+00   4.74870e+01   4.75000e+01
          5626   5.62600e+03  -2.02064e+00   4.76537e+01   4.76667e+01
          5627   5.62700e+03  -2.02136e+00   4.78204e+01   4.78333e+01
          5628   5.62800e+03  -2.02207e+00   4.79870e+01   4.80000e+01
          5629   5.62900e+03  -2.02282e+00   4.81537e+01   4.81667e+01
          5630   5.63000e+03  -2.02350e+00   4.83204e+01   4.83333e+01
          5631   5.63100e+03  -2.02419e+00   4.84872e+01   4.85000e+01
          5632   5.63200e+03  -2.02482e+00   4.86538e+01   4.86667e+01
          5633   5.63300e+03  -2.02542e+00   4.88205e+01   4.88333e+01
          5634   5.63400e+03  -2.02598e+00   4.89872e+01   4.90000e+01
          5635   5.63500e+03  -2.02659e+00   4.91539e+01   4.91667e+01
          5636   5.63600e+03  -2.02718e+00   4.93206e+01   4.93333e+01
          5637   5.63700e+03  -2.02763e+00   4.94873e+01   4.95000e+01
          5638   5.63800e+03  -2.02812e+00   4.96540e+01   4.96667e+01
          5639   5.63900e+03  -2.02864e+00   4.98207e+01   4.98333e+01
          5640   5.64000e+03  -2.02915e+00   4.99874e+01   5.00000e+01
          5641   5.64100e+03  -2.02977e+00   5.01541e+01   5.01667e+01
          5642   5.64200e+03  -2.03034e+00   5.03207e+01   5.03333e+01
          5643   5.64300e+03  -2.03097e+00   5.04874e+01   5.05000e+01
          5644   5.64400e+03  -2.03156e+00   5.06540e+01   5.06667e+01
          5645   5.64500e+03  -2.03222e+00   5.08207e+01   5.08333e+01
          5646   5.64600e+03  -2.03295e+00   5.09873e+01   5.10000e+01
          5647   5.64700e+03  -2.03367e+00   5.11540e+01   5.11667e+01
          5648   5.64800e+03  -2.03441e+00   5.13206e+01   5.13333e+01
          5649   5.64900e+03  -2.03518e+00   5.14873e+01   5.15000e+01
          5650   5.65000e+03  -2.03592e+00   5.16539e+01   5.16667e+01
          5651   5.65100e+03  -2.03675e+00   5.18206e+01   5.18333e+01
          5652   5.65200e+03  -2.03754e+00   5.19872e+01   5.20000e+01
          5653   5.65300e+03  -2.03844e+00   5.21538e+01   5.21667e+01
          5654   5.65400e+03  -2.03934e+00   5.23204e+01   5.23333e+01
          5655   5.65500e+03  -2.04022e+00   5.24871e+01   5.25000e+01
          5656   5.65600e+03  -2.04111e+00   5.26537e+01   5.26667e+01
          5657   5.65700e+03  -2.04205e+00   5.28203e+01   5.28333e+01
          5658   5.65800e+03  -2.04302e+00   5.29870e+01   5.30000e+01
          5659   5.65900e+03  -2.04402e+00   5.31536e+01   5.31667e+01
          5660   5.66000e+03  -2.04503e+00   5.33202e+01   5.33333e+01
          5661   5.66100e+03  -2.04611e+00   5.34869e+01   5.35000e+01
          5662   5.66200e+03  -2.04721e+00   5.36535e+01   5.36667e+01
          5663   5.66300e+03  -2.04830e+00   5.38201e+01   5.38333e+01
          5664   5.66400e+03  -2.04943e+00   5.39868e+01   5.40000e+01
          5665   5.66500e+03  -2.05058e+00   5.41534e+01   5.41667e+01
          5666   5.66600e+03  -2.05176e+00   5.43200e+01   5.43333e+01
          5667   5.66700e+03  -2.05290e+00   5.44867e+01   5.45000e+01
          5668   5.66800e+03  -2.05409e+00   5.46533e+01   5.46667e+01
          5669   5.66900e+03  -2.05524e+00   5.48200e+01   5.48333e+01
          5670   5.67000e+03  -2.05644e+00   5.49866e+01   5.50000e+01
          5671   5.67100e+03  -2.05761e+00   5.51533e+01   5.51667e+01
          5672   5.67200e+03  -2.05873e+00   5.53200e+01   5.53333e+01
          5673   5.67300e+03  -2.05989e+00   5.54866e+01   5.55000e+01
          5674   5.67400e+03  -2.06108e+00   5.56533e+01   5.56667e+01
          5675   5.67500e+03  -2.06231e+00   5.58200e+01   5.58333e+01
          5676   5.67600e+03  -2.06355e+00   5.59866e+01   5.60000e+01
          5677   5.67700e+03  -2.06475e+00   5.61533e+01   5.61667e+01
          5678   5.67800e+03  -2.06598e+00   5.63200e+01   5.63333e+01
          5679   5.67900e+03  -2.06714e+00   5.64866e+01   5.65000e+01
          5680   5.68000e+03  -2.06834e+00   5.66532e+01   5.66667e+01
          5681   5.68100e+03  -2.06966e+00   5.68199e+01   5.68333e+01
          5682   5.68200e+03  -2.07095e+00   5.69865e+01   5.70000e+01
          5683   5.68300e+03  -2.07221e+00   5.71532e+01   5.71667e+01
          5684   5.68400e+03  -2.07345e+00   5.73198e+01   5.73333e+01
          5685   5.68500e+03  -2.07472e+00   5.74864e+01   5.75000e+01
          5686   5.68600e+03  -2.07599e+00   5.76531e+01   5.76667e+01
          5687   5.68700e+03  -2.07725e+00   5.78197e+01   5.78333e+01
          5688   5.68800e+03  -2.07858e+00   5.79864e+01   5.80000e+01
          5689   5.68900e+03  -2.07980e+00   5.81530e+01   5.81667e+01
          5690   5.69000e+03  -2.08101e+00   5.83196e+01   5.83333e+01
          5691   5.69100e+03  -2.08225e+00   5.84863e+01   5.85000e+01
          5692   5.69200e+03  -2.08353e+00   5.86529e+01   5.86667e+01
          5693   5.69300e+03  -2.08479e+00   5.88195e+01   5.88333e+01
          5694   5.69400e+03  -2.08604e+00   5.89862e+01   5.90000e+01
          5695   5.69500e+03  -2.08729e+00   5.91528e+01   5.91667e+01
          5696   5.69600e+03  -2.08855e+00   5.93194e+01   5.93333e+01
          5697   5.69700e+03  -2.08975e+00   5.94861e+01   5.95000e+01
          5698   5.69800e+03  -2.09100e+00   5.96527e+01   5.96667e+01
          5699   5.69900e+03  -2.09217e+00   5.98193e+01   5.98333e+01
          5700   5.70000e+03  -2.09336e+00   5.99860e+01   6.00000e+01
          5701   5.70100e+03  -2.09447e+00   6.01526e+01   6.01667e+01
          5702   5.70200e+03  -2.09558e+00   6.03192e+01   6.03333e+01
          5703   5.70300e+03  -2.09661e+00   6.04859e+01   6.05000e+01
          5704   5.70400e+03  -2.09766e+00   6.06525e+01   6.06667e+01
          5705   5.70500e+03  -2.09867e+00   6.08192e+01   6.08333e+01
          5706   5.70600e+03  -2.09967e+00   6.09858e+01   6.10000e+01
          5707   5.70700e+03  -2.10065e+00   6.11525e+01   6.11667e+01
          5708   5.70800e+03  -2.10166e+00   6.13191e+01   6.13333e+01
          5709   5.70900e+03  -2.10262e+00   6.14858e+01   6.15000e+01
          5710   5.71000e+03  -2.10353e+00   6.16525e+01   6.16667e+01
          5711   5.71100e+03  -2.10442e+00   6.18191e+01   6.18333e+01
          5712   5.71200e+03  -2.10534e+00   6.19858e+01   6.20000e+01
          5713   5.71300e+03  -2.10616e+00   6.21525e+01   6.21667e+01
          5714   5.71400e+03  -2.10696e+00   6.23191e+01   6.23333e+01
          5715   5.71500e+03  -2.10776e+00   6.24858e+01   6.25000e+01
          5716   5.71600e+03  -2.10850e+00   6.26525e+01   6.26667e+01
          5717   5.71700e+03  -2.10916e+00   6.28192e+01   6.28333e+01
          5718   5.71800e+03  -2.10984e+00   6.29859e+01   6.30000e+01
          5719   5.71900e+03  -2.11049e+00   6.31526e+01   6.31667e+01
          5720   5.72000e+03  -2.11110e+00   6.33193e+01   6.33333e+01
          5721   5.72100e+03  -2.11168e+00   6.34860e+01   6.35000e+01
          5722   5.72200e+03  -2.11222e+00   6.36527e+01   6.36667e+01
          5723   5.72300e+03  -2.11278e+00   6.38194e+01   6.38333e+01
          5724   5.72400e+03  -2.11330e+00   6.39861e+01   6.40000e+01
          5725   5.72500e+03  -2.11378e+00   6.41529e+01   6.41667e+01
          5726   5.72600e+03  -2.11430e+00   6.43196e+01   6.43333e+01
          5727   5.72700e+03  -2.11474e+00   6.44863e+01   6.45000e+01
          5728   5.72800e+03  -2.11524e+00   6.46530e+01   6.46667e+01
          5729   5.72900e+03  -2.11576e+00   6.48197e+01   6.48333e+01
          5730   5.73000e+03  -2.11624e+00   6.49864e+01   6.50000e+01
          5731   5.73100e+03  -2.11674e+00   6.51531e+01   6.51667e+01
          5732   5.73200e+03  -2.11724e+00   6.53198e+01   6.53333e+01
          5733   5.73300e+03  -2.11774e+00   6.54865e+01   6.55000e+01
          5734   5.73400e+03  -2.11832e+00   6.56533e+01   6.56667e+01
          5735   5.73500e+03  -2.11893e+00   6.58200e+01   6.58333e+01
          5736   5.73600e+03  -2.11956e+00   6.59867e+01   6.60000e+01
          5737   5.73700e+03  -2.12021e+00   6.61534e+01   6.61667e+01
          5738   5.73800e+03  -2.12083e+00   6.63201e+01   6.63333e+01
          5739   5.73900e+03  -2.12148e+00   6.64867e+01   6.65000e+01
          5740   5.74000e+03  -2.12216e+00   6.66534e+01   6.66667e+01
          5741   5.74100e+03  -2.12287e+00   6.68201e+01   6.68333e+01
          5742   5.74200e+03  -2.12362e+00   6.69868e+01   6.70000e+01
          5743   5.74300e+03  -2.12445e+00   6.71535e+01   6.71667e+01
          5744   5.74400e+03  -2.12526e+00   6.73202e+01   6.73333e+01
          5745   5.74500e+03  -2.12609e+00   6.74869e+01   6.75000e+01
          5746   5.74600e+03  -2.12698e+00   6.76535e+01   6.76667e+01
          5747   5.74700e+03  -2.12795e+00   6.78202e+01   6.78333e+01
          5748   5.74800e+03  -2.12891e+00   6.79869e+01   6.80000e+01
          5749   5.74900e+03  -2.12990e+00   6.81535e+01   6.81667e+01
          5750   5.75000e+03  -2.13095e+00   6.83202e+01   6.83333e+01
          5751   5.75100e+03  -2.13208e+00   6.84868e+01   6.85000e+01
          5752   5.75200e+03  -2.13319e+00   6.86535e+01   6.86667e+01
          5753   5.75300e+03  -2.13429e+00   6.88202e+01   6.88333e+01
          5754   5.75400e+03  -2.13545e+00   6.89868e+01   6.90000e+01
          5755   5.75500e+03  -2.13662e+00   6.91534e+01   6.91667e+01
          5756   5.75600e+03  -2.13779e+00   6.93201e+01   6.93333e+01
          5757   5.75700e+03  -2.13905e+00   6.94867e+01   6.95000e+01
          5758   5.75800e+03  -2.14032e+00   6.96533e+01   6.96667e+01
          5759   5.75900e+03  -2.14162e+00   6.98200e+01   6.98333e+01
          5760   5.76000e+03  -2.14291e+00   6.99866e+01   7.00000e+01
          5761   5.76100e+03  -2.14422e+00   7.01533e+01   7.01667e+01
          5762   5.76200e+03  -2.14561e+00   7.03199e+01   7.03333e+01
          5763   5.76300e+03  -2.14702e+00   7.04865e+01   7.05000e+01
          5764   5.76400e+03  -2.14845e+00   7.06531e+01   7.06667e+01
          5765   5.76500e+03  -2.14989e+00   7.08198e+01   7.08333e+01
          5766   5.76600e+03  -2.15137e+00   7.09864e+01   7.10000e+01
          5767   5.76700e+03  -2.15295e+00   7.11530e+01   7.11667e+01
          5768   5.76800e+03  -2.15445e+00   7.13196e+01   7.13333e+01
          5769   5.76900e+03  -2.15594e+00   7.14863e+01   7.15000e+01
          5770   5.77000e+03  -2.15742e+00   7.16529e+01   7.16667e+01
          5771   5.77100e+03  -2.15885e+00   7.18196e+01   7.18333e+01
          5772   5.77200e+03  -2.16035e+00   7.19863e+01   7.20000e+01
          5773   5.77300e+03  -2.16182e+00   7.21529e+01   7.21667e+01
          5774   5.77400e+03  -2.16330e+00   7.23196e+01   7.23333e+01
          5775   5.77500e+03  -2.16471e+00   7.24863e+01   7.25000e+01
          5776   5.77600e+03  -2.16607e+00   7.26530e+01   7.26667e+01
          5777   5.77700e+03  -2.16753e+00   7.28196e+01   7.28333e+01
          5778   5.77800e+03  -2.16895e+00   7.29864e+01   7.30000e+01
          5779   5.77900e+03  -2.17036e+00   7.31530e+01   7.31667e+01
          5780   5.78000e+03  -2.17184e+00   7.33197e+01   7.33333e+01
          5781   5.78100e+03  -2.17319e+00   7.34864e+01   7.35000e+01
          5782   5.78200e+03  -2.17456e+00   7.36530e+01   7.36667e+01
          5783   5.78300e+03  -2.17588e+00   7.38197e+01   7.38333e+01
          5784   5.78400e+03  -2.17722e+00   7.39864e+01   7.40000e+01
          5785   5.78500e+03  -2.17855e+00   7.41530e+01   7.41667e+01
          5786   5.78600e+03  -2.17976e+00   7.43197e+01   7.43333e+01
          5787   5.78700e+03  -2.18100e+00   7.44864e+01   7.45000e+01
          5788   5.78800e+03  -2.18226e+00   7.46530e+01   7.46667e+01
          5789   5.78900e+03  -2.18342e+00   7.48196e+01   7.48333e+01
          5790   5.79000e+03  -2.18463e+00   7.49863e+01   7.50000e+01
          5791   5.79100e+03  -2.18576e+00   7.51529e+01   7.51667e+01
          5792   5.79200e+03  -2.18692e+00   7.53195e+01   7.53333e+01
          5793   5.79300e+03  -2.18809e+00   7.54862e+01   7.55000e+01
          5794   5.79400e+03  -2.18916e+00   7.56528e+01   7.56667e+01
          5795   5.79500e+03  -2.19036e+00   7.58194e+01   7.58333e+01
          5796   5.79600e+03  -2.19151e+00   7.59860e+01   7.60000e+01
          5797   5.79700e+03  -2.19260e+00   7.61526e+01   7.61667e+01
          5798   5.79800e+03  -2.19378e+00   7.63192e+01   7.63333e+01
          5799   5.79900e+03  -2.19492e+00   7.64858e+01   7.65000e+01
          5800   5.80000e+03  -2.19609e+00   7.66524e+01   7.66667e+01
          5801   5.80100e+03  -2.19721e+00   7.68191e+01   7.68333e+01
          5802   5.80200e+03  -2.19833e+00   7.69857e+01   7.70000e+01
          5803   5.80300e+03  -2.19952e+00   7.71523e+01   7.71667e+01
          5804   5.80400e+03  -2.20054e+00   7.73189e+01   7.73333e+01
          5805   5.80500e+03  -2.20160e+00   7.74856e+01   7.75000e+01
          5806   5.80600e+03  -2.20266e+00   7.76522e+01   7.76667e+01
          5807   5.80700e+03  -2.20367e+00   7.78188e+01   7.78333e+01
          5808   5.80800e+03  -2.20467e+00   7.79855e+01   7.80000e+01
          5809   5.80900e+03  -2.20561e+00   7.81521e+01   7.81667e+01
          5810   5.81000e+03  -2.20661e+00   7.83187e+01   7.83333e+01
          5811   5.81100e+03  -2.20752e+00   7.84854e+01   7.85000e+01
          5812   5.81200e+03  -2.20843e+00   7.86520e+01   7.86667e+01
          5813   5.81300e+03  -2.20937e+00   7.88187e+01   7.88333e+01
          5814   5.81400e+03  -2.21026e+00   7.89853e+01   7.90000e+01
          5815   5.81500e+03  -2.21115e+00   7.91520e+01   7.91667e+01
          5816   5.81600e+03  -2.21201e+00   7.93186e+01   7.93333e+01
          5817   5.81700e+03  -2.21285e+00   7.94853e+01   7.95000e+01
          5818   5.81800e+03  -2.21373e+00   7.96520e+01   7.96667e+01
          5819   5.81900e+03  -2.21459e+00   7.98186e+01   7.98333e+01
          5820   5.82000e+03  -2.21546e+00   7.99853e+01   8.00000e+01
          5821   5.82100e+03  -2.21628e+00   8.01519e+01   8.01667e+01
          5822   5.82200e+03  -2.21714e+00   8.03186e+01   8.03333e+01
          5823   5.82300e+03  -2.21797e+00   8.04852e+01   8.05000e+01
          5824   5.82400e+03  -2.21874e+00   8.06519e+01   8.06667e+01
          5825   5.82500e+03  -2.21950e+00   8.08185e+01   8.08333e+01
          5826   5.82600e+03  -2.22026e+00   8.09852e+01   8.10000e+01
          5827   5.82700e+03  -2.22100e+00   8.11518e+01   8.11667e+01
          5828   5.82800e+03  -2.22175e+00   8.13185e+01   8.13333e+01
          5829   5.82900e+03  -2.22246e+00   8.14852e+01   8.15000e+01
          5830   5.83000e+03  -2.22321e+00   8.16518e+01   8.16667e+01
          5831   5.83100e+03  -2.22396e+00   8.18185e+01   8.18333e+01
          5832   5.83200e+03  -2.22470e+00   8.19851e+01   8.20000e+01
          5833   5.83300e+03  -2.22553e+00   8.21518e+01   8.21667e+01
          5834   5.83400e+03  -2.22638e+00   8.23185e+01   8.23333e+01
          5835   5.83500e+03  -2.22719e+00   8.24851e+01   8.25000e+01
          5836   5.83600e+03  -2.22803e+00   8.26517e+01   8.26667e+01
          5837   5.83700e+03  -2.22883e+00   8.28183e+01   8.28333e+01
          5838   5.83800e+03  -2.22967e+00   8.29849e+01   8.30000e+01
          5839   5.83900e+03  -2.23053e+00   8.31515e+01   8.31667e+01
          5840   5.84000e+03  -2.23136e+00   8.33181e+01   8.33333e+01
          5841   5.84100e+03  -2.23224e+00   8.34847e+01   8.35000e+01
          5842   5.84200e+03  -2.23311e+00   8.36513e+01   8.36667e+01
          5843   5.84300e+03  -2.23402e+00   8.38180e+01   8.38333e+01
          5844   5.84400e+03  -2.23497e+00   8.39846e+01   8.40000e+01
          5845   5.84500e+03  -2.23597e+00   8.41513e+01   8.41667e+01
          5846   5.84600e+03  -2.23697e+00   8.43179e+01   8.43333e+01
          5847   5.84700e+03  -2.23798e+00   8.44846e+01   8.45000e+01
          5848   5.84800e+03  -2.23899e+00   8.46513e+01   8.46667e+01
          5849   5.84900e+03  -2.23999e+00   8.48180e+01   8.48333e+01
          5850   5.85000e+03  -2.24098e+00   8.49847e+01   8.50000e+01
          5851   5.85100e+03  -2.24195e+00   8.51514e+01   8.51667e+01
          5852   5.85200e+03  -2.24286e+00   8.53181e+01   8.53333e+01
          5853   5.85300e+03  -2.24374e+00   8.54848e+01   8.55000e+01
          5854   5.85400e+03  -2.24468e+00   8.56515e+01   8.56667e+01
          5855   5.85500e+03  -2.24563e+00   8.58182e+01   8.58333e+01
          5856   5.85600e+03  -2.24660e+00   8.59850e+01   8.60000e+01
          5857   5.85700e+03  -2.24761e+00   8.61517e+01   8.61667e+01
          5858   5.85800e+03  -2.24860e+00   8.63184e+01   8.63333e+01
          5859   5.85900e+03  -2.24965e+00   8.64851e+01   8.65000e+01
          5860   5.86000e+03  -2.25071e+00   8.66519e+01   8.66667e+01
          5861   5.86100e+03  -2.25181e+00   8.68186e+01   8.68333e+01
          5862   5.86200e+03  -2.25297e+00   8.69853e+01   8.70000e+01
          5863   5.86300e+03  -2.25410e+00   8.71520e+01   8.71667e+01
          5864   5.86400e+03  -2.25521e+00   8.73188e+01   8.73333e+01
          5865   5.86500e+03  -2.25633e+00   8.74855e+01   8.75000e+01
          5866   5.86600e+03  -2.25744e+00   8.76522e+01   8.76667e+01
          5867   5.86700e+03  -2.25859e+00   8.78190e+01   8.78333e+01
          5868   5.86800e+03  -2.25973e+00   8.79857e+01   8.80000e+01
          5869   5.86900e+03  -2.26087e+00   8.81525e+01   8.81667e+01
          5870   5.87000e+03  -2.26208e+00   8.83193e+01   8.83333e+01
          5871   5.87100e+03  -2.26325e+00   8.84860e+01   8.85000e+01
          5872   5.87200e+03  -2.26443e+00   8.86527e+01   8.86667e+01
          5873   5.87300e+03  -2.26567e+00   8.88195e+01   8.88333e+01
          5874   5.87400e+03  -2.26695e+00   8.89862e+01   8.90000e+01
          5875   5.87500e+03  -2.26820e+00   8.91530e+01   8.91667e+01
          5876   5.87600e+03  -2.26945e+00   8.93197e+01   8.93333e+01
          5877   5.87700e+03  -2.27074e+00   8.94864e+01   8.95000e+01
          5878   5.87800e+03  -2.27209e+00   8.96531e+01   8.96667e+01
          5879   5.87900e+03  -2.27340e+00   8.98198e+01   8.98333e+01
          5880   5.88000e+03  -2.27477e+00   8.99866e+01   9.00000e+01
          5881   5.88100e+03  -2.27612e+00   9.01533e+01   9.01667e+01
          5882   5.88200e+03  -2.27752e+00   9.03200e+01   9.03333e+01
          5883   5.88300e+03  -2.27891e+00   9.04867e+01   9.05000e+01
          5884   5.88400e+03  -2.28037e+00   9.06534e+01   9.06667e+01
          5885   5.88500e+03  -2.28192e+00   9.08201e+01   9.08333e+01
          5886   5.88600e+03  -2.28349e+00   9.09868e+01   9.10000e+01
          5887   5.88700e+03  -2.28502e+00   9.11535e+01   9.11667e+01
          5888   5.88800e+03  -2.28656e+00   9.13202e+01   9.13333e+01
          5889   5.88900e+03  -2.28818e+00   9.14869e+01   9.15000e+01
          5890   5.89000e+03  -2.28979e+00   9.16536e+01   9.16667e+01
          5891   5.89100e+03  -2.29139e+00   9.18203e+01   9.18333e+01
          5892   5.89200e+03  -2.29299e+00   9.19869e+01   9.20000e+01
          5893   5.89300e+03  -2.29456e+00   9.21536e+01   9.21667e+01
          5894   5.89400e+03  -2.29609e+00   9.23203e+01   9.23333e+01
          5895   5.89500e+03  -2.29759e+00   9.24870e+01   9.25000e+01
          5896   5.89600e+03  -2.29917e+00   9.26537e+01   9.26667e+01
          5897   5.89700e+03  -2.30078e+00   9.28204e+01   9.28333e+01
          5898   5.89800e+03  -2.30236e+00   9.29870e+01   9.30000e+01
          5899   5.89900e+03  -2.30394e+00   9.31537e+01   9.31667e+01
          5900   5.90000e+03  -2.30553e+00   9.33204e+01   9.33333e+01
          5901   5.90100e+03  -2.30718e+00   9.34870e+01   9.35000e+01
          5902   5.90200e+03  -2.30883e+00   9.36536e+01   9.36667e+01
          5903   5.90300e+03  -2.31054e+00   9.38203e+01   9.38333e+01
          5904   5.90400e+03  -2.31226e+00   9.39869e+01   9.40000e+01
          5905   5.90500e+03  -2.31398e+00   9.41536e+01   9.41667e+01
          5906   5.90600e+03  -2.31570e+00   9.43202e+01   9.43333e+01
          5907   5.90700e+03  -2.31742e+00   9.44868e+01   9.45000e+01
          5908   5.90800e+03  -2.31920e+00   9.46535e+01   9.46667e+01
          5909   5.90900e+03  -2.32099e+00   9.48201e+01   9.48333e+01
          5910   5.91000e+03  -2.32275e+00   9.49867e+01   9.50000e+01
          5911   5.91100e+03  -2.32454e+00   9.51534e+01   9.51667e+01
          5912   5.91200e+03  -2.32636e+00   9.53200e+01   9.53333e+01
          5913   5.91300e+03  -2.32819e+00   9.54866e+01   9.55000e+01
          5914   5.91400e+03  -2.33005e+00   9.56533e+01   9.56667e+01
          5915   5.91500e+03  -2.33195e+00   9.58199e+01   9.58333e+01
          5916   5.91600e+03  -2.33386e+00   9.59865e+01   9.60000e+01
          5917   5.91700e+03  -2.33581e+00   9.61532e+01   9.61667e+01
          5918   5.91800e+03  -2.33775e+00   9.63198e+01   9.63333e+01
          5919   5.91900e+03  -2.33978e+00   9.64864e+01   9.65000e+01
          5920   5.92000e+03  -2.34181e+00   9.66531e+01   9.66667e+01
          5921   5.92100e+03  -2.34387e+00   9.68197e+01   9.68333e+01
          5922   5.92200e+03  -2.34591e+00   9.69863e+01   9.70000e+01
          5923   5.92300e+03  -2.34801e+00   9.71530e+01   9.71667e+01
          5924   5.92400e+03  -2.35007e+00   9.73196e+01   9.73333e+01
          5925   5.92500e+03  -2.35218e+00   9.74863e+01   9.75000e+01
          5926   5.92600e+03  -2.35427e+00   9.76529e+01   9.76667e+01
          5927   5.92700e+03  -2.35641e+00   9.78196e+01   9.78333e+01
          5928   5.92800e+03  -2.35856e+00   9.79863e+01   9.80000e+01
          5929   5.92900e+03  -2.36071e+00   9.81529e+01   9.81667e+01
          5930   5.93000e+03  -2.36287e+00   9.83195e+01   9.83333e+01
          5931   5.93100e+03  -2.36508e+00   9.84862e+01   9.85000e+01
          5932   5.93200e+03  -2.36728e+00   9.86528e+01   9.86667e+01
          5933   5.93300e+03  -2.36958e+00   9.88195e+01   9.88333e+01
          5934   5.93400e+03  -2.37189e+00   9.89861e+01   9.90000e+01
          5935   5.93500e+03  -2.37421e+00   9.91528e+01   9.91667e+01
          5936   5.93600e+03  -2.37645e+00   9.93194e+01   9.93333e+01
          5937   5.93700e+03  -2.37871e+00   9.94861e+01   9.95000e+01
          5938   5.93800e+03  -2.38093e+00   9.96527e+01   9.96667e+01
          5939   5.93900e+03  -2.38311e+00   9.98194e+01   9.98333e+01
          5940   5.94000e+03  -2.38526e+00   9.99861e+01   1.00000e+02
          5941   5.94100e+03  -2.38740e+00   1.00153e+02   1.00167e+02
          5942   5.94200e+03  -2.38942e+00   1.00319e+02   1.00333e+02
          5943   5.94300e+03  -2.39136e+00   1.00486e+02   1.00500e+02
          5944   5.94400e+03  -2.39328e+00   1.00653e+02   1.00667e+02
          5945   5.94500e+03  -2.39523e+00   1.00820e+02   1.00833e+02
          5946   5.94600e+03  -2.39712e+00   1.00986e+02   1.01000e+02
          5947   5.94700e+03  -2.39906e+00   1.01153e+02   1.01167e+02
          5948   5.94800e+03  -2.40091e+00   1.01319e+02   1.01333e+02
          5949   5.94900e+03  -2.40273e+00   1.01486e+02   1.01500e+02
          5950   5.95000e+03  -2.40448e+00   1.01653e+02   1.01667e+02
          5951   5.95100e+03  -2.40627e+00   1.01819e+02   1.01833e+02
          5952   5.95200e+03  -2.40800e+00   1.01986e+02   1.02000e+02
          5953   5.95300e+03  -2.40969e+00   1.02153e+02   1.02167e+02
          5954   5.95400e+03  -2.41135e+00   1.02319e+02   1.02333e+02
          5955   5.95500e+03  -2.41292e+00   1.02486e+02   1.02500e+02
          5956   5.95600e+03  -2.41444e+00   1.02653e+02   1.02667e+02
          5957   5.95700e+03  -2.41593e+00   1.02819e+02   1.02833e+02
          5958   5.95800e+03  -2.41742e+00   1.02986e+02   1.03000e+02
          5959   5.95900e+03  -2.41889e+00   1.03153e+02   1.03167e+02
          5960   5.96000e+03  -2.42023e+00   1.03319e+02   1.03333e+02
          5961   5.96100e+03  -2.42152e+00   1.03486e+02   1.03500e+02
          5962   5.96200e+03  -2.42272e+00   1.03653e+02   1.03667e+02
          5963   5.96300e+03  -2.42386e+00   1.03819e+02   1.03833e+02
          5964   5.96400e+03  -2.42488e+00   1.03986e+02   1.04000e+02
          5965   5.96500e+03  -2.42577e+00   1.04153e+02   1.04167e+02
          5966   5.96600e+03  -2.42648e+00   1.04319e+02   1.04333e+02
          5967   5.96700e+03  -2.42698e+00   1.04486e+02   1.04500e+02
          5968   5.96800e+03  -2.42724e+00   1.04653e+02   1.04667e+02
          5969   5.96900e+03  -2.42724e+00   1.04819e+02   1.04833e+02
          5970   5.97000e+03  -2.42693e+00   1.04986e+02   1.05000e+02
          5971   5.97100e+03  -2.42680e+00   1.05153e+02   1.05167e+02
          5972   5.97200e+03  -2.42587e+00   1.05319e+02   1.05333e+02
          5973   5.97300e+03  -2.42442e+00   1.05486e+02   1.05500e+02
          5974   5.97400e+03  -2.42246e+00   1.05653e+02   1.05667e+02
          5975   5.97500e+03  -2.42057e+00   1.05819e+02   1.05833e+02
          5976   5.97600e+03  -2.41734e+00   1.05986e+02   1.06000e+02
          5977   5.97700e+03  -2.41322e+00   1.06153e+02   1.06167e+02
          5978   5.97800e+03  -2.40823e+00   1.06320e+02   1.06333e+02
          5979   5.97900e+03  -2.40228e+00   1.06487e+02   1.06500e+02
          5980   5.98000e+03  -2.39539e+00   1.06654e+02   1.06667e+02
          5981   5.98100e+03  -2.38769e+00   1.06821e+02   1.06833e+02
          5982   5.98200e+03  -2.37929e+00   1.06987e+02   1.07000e+02
          5983   5.98300e+03  -2.36992e+00   1.07154e+02   1.07167e+02
          5984   5.98400e+03  -2.36055e+00   1.07321e+02   1.07333e+02
          5985   5.98500e+03  -2.35146e+00   1.07488e+02   1.07500e+02
          5986   5.98600e+03  -2.34242e+00   1.07655e+02   1.07667e+02
          5987   5.98700e+03  -2.33303e+00   1.07822e+02   1.07833e+02
          5988   5.98800e+03  -2.32428e+00   1.07989e+02   1.08000e+02
          5989   5.98900e+03  -2.31539e+00   1.08156e+02   1.08167e+02
          5990   5.99000e+03  -2.30764e+00   1.08323e+02   1.08333e+02
          5991   5.99100e+03  -2.30064e+00   1.08490e+02   1.08500e+02
          5992   5.99200e+03  -2.29442e+00   1.08657e+02   1.08667e+02
          5993   5.99300e+03  -2.28893e+00   1.08824e+02   1.08833e+02
          5994   5.99400e+03  -2.28429e+00   1.08991e+02   1.09000e+02
          5995   5.99500e+03  -2.28034e+00   1.09157e+02   1.09167e+02
          5996   5.99600e+03  -2.27765e+00   1.09324e+02   1.09333e+02
          5997   5.99700e+03  -2.27489e+00   1.09491e+02   1.09500e+02
          5998   5.99800e+03  -2.27266e+00   1.09658e+02   1.09667e+02
          5999   5.99900e+03  -2.27093e+00   1.09824e+02   1.09833e+02
          6000   6.00000e+03  -2.26962e+00   1.09991e+02   1.10000e+02
          6001   6.00100e+03  -2.26910e+00   1.10158e+02   1.10167e+02
          6002   6.00200e+03  -2.26839e+00   1.10324e+02   1.10333e+02
          6003   6.00300e+03  -2.26794e+00   1.10491e+02   1.10500e+02
          6004   6.00400e+03  -2.26771e+00   1.10658e+02   1.10667e+02
          6005   6.00500e+03  -2.26767e+00   1.10824e+02   1.10833e+02
          6006   6.00600e+03  -2.26777e+00   1.10991e+02   1.11000e+02
          6007   6.00700e+03  -2.26796e+00   1.11158e+02   1.11167e+02
          6008   6.00800e+03  -2.26822e+00   1.11324e+02   1.11333e+02
          6009   6.00900e+03  -2.26857e+00   1.11491e+02   1.11500e+02
          6010   6.01000e+03  -2.26896e+00   1.11658e+02   1.11667e+02
          6011   6.01100e+03  -2.26940e+00   1.11824e+02   1.11833e+02
          6012   6.01200e+03  -2.26985e+00   1.11991e+02   1.12000e+02
          6013   6.01300e+03  -2.27032e+00   1.12158e+02   1.12167e+02
          6014   6.01400e+03  -2.27080e+00   1.12324e+02   1.12333e+02
          6015   6.01500e+03  -2.27133e+00   1.12491e+02   1.12500e+02
          6016   6.01600e+03  -2.27187e+00   1.12657e+02   1.12667e+02
          6017   6.01700e+03  -2.27239e+00   1.12824e+02   1.12833e+02
          6018   6.01800e+03  -2.27293e+00   1.12991e+02   1.13000e+02
          6019   6.01900e+03  -2.27356e+00   1.13157e+02   1.13167e+02
          6020   6.02000e+03  -2.27416e+00   1.13324e+02   1.13333e+02
          6021   6.02100e+03  -2.27477e+00   1.13491e+02   1.13500e+02
          6022   6.02200e+03  -2.27543e+00   1.13657e+02   1.13667e+02
          6023   6.02300e+03  -2.27607e+00   1.13824e+02   1.13833e+02
          6024   6.02400e+03  -2.27667e+00   1.13990e+02   1.14000e+02
          6025   6.02500e+03  -2.27731e+00   1.14157e+02   1.14167e+02
          6026   6.02600e+03  -2.27795e+00   1.14324e+02   1.14333e+02
          6027   6.02700e+03  -2.27858e+00   1.14490e+02   1.14500e+02
          6028   6.02800e+03  -2.27916e+00   1.14657e+02   1.14667e+02
          6029   6.02900e+03  -2.27980e+00   1.14824e+02   1.14833e+02
          6030   6.03000e+03  -2.28049e+00   1.14990e+02   1.15000e+02
          6031   6.03100e+03  -2.28113e+00   1.15157e+02   1.15167e+02
          6032   6.03200e+03  -2.28183e+00   1.15324e+02   1.15333e+02
          6033   6.03300e+03  -2.28250e+00   1.15490e+02   1.15500e+02
          6034   6.03400e+03  -2.28318e+00   1.15657e+02   1.15667e+02
          6035   6.03500e+03  -2.28389e+00   1.15823e+02   1.15833e+02
          6036   6.03600e+03  -2.28459e+00   1.15990e+02   1.16000e+02
          6037   6.03700e+03  -2.28530e+00   1.16157e+02   1.16167e+02
          6038   6.03800e+03  -2.28599e+00   1.16323e+02   1.16333e+02
          6039   6.03900e+03  -2.28664e+00   1.16490e+02   1.16500e+02
          6040   6.04000e+03  -2.28729e+00   1.16657e+02   1.16667e+02
          6041   6.04100e+03  -2.28791e+00   1.16824e+02   1.16833e+02
          6042   6.04200e+03  -2.28857e+00   1.16990e+02   1.17000e+02
          6043   6.04300e+03  -2.28918e+00   1.17157e+02   1.17167e+02
          6044   6.04400e+03  -2.28981e+00   1.17324e+02   1.17333e+02
          6045   6.04500e+03  -2.29040e+00   1.17491e+02   1.17500e+02
          6046   6.04600e+03  -2.29095e+00   1.17657e+02   1.17667e+02
          6047   6.04700e+03  -2.29148e+00   1.17824e+02   1.17833e+02
          6048   6.04800e+03  -2.29203e+00   1.17991e+02   1.18000e+02
          6049   6.04900e+03  -2.29259e+00   1.18158e+02   1.18167e+02
          6050   6.05000e+03  -2.29314e+00   1.18324e+02   1.18333e+02
          6051   6.05100e+03  -2.29366e+00   1.18491e+02   1.18500e+02
          6052   6.05200e+03  -2.29419e+00   1.18658e+02   1.18667e+02
          6053   6.05300e+03  -2.29464e+00   1.18824e+02   1.18833e+02
          6054   6.05400e+03  -2.29515e+00   1.18991e+02   1.19000e+02
          6055   6.05500e+03  -2.29565e+00   1.19158e+02   1.19167e+02
          6056   6.05600e+03  -2.29616e+00   1.19324e+02   1.19333e+02
          6057   6.05700e+03  -2.29665e+00   1.19491e+02   1.19500e+02
          6058   6.05800e+03  -2.29717e+00   1.19658e+02   1.19667e+02
          6059   6.05900e+03  -2.29767e+00   1.19825e+02   1.19833e+02
          6060   6.06000e+03  -2.29818e+00   1.19991e+02   1.20000e+02
          6061   6.06100e+03  -2.29870e+00   1.20158e+02   1.20167e+02
          6062   6.06200e+03  -2.29928e+00   1.20325e+02   1.20333e+02
          6063   6.06300e+03  -2.29984e+00   1.20491e+02   1.20500e+02
          6064   6.06400e+03  -2.30042e+00   1.20658e+02   1.20667e+02
          6065   6.06500e+03  -2.30099e+00   1.20825e+02   1.20833e+02
          6066   6.06600e+03  -2.30156e+00   1.20991e+02   1.21000e+02
          6067   6.06700e+03  -2.30209e+00   1.21158e+02   1.21167e+02
          6068   6.06800e+03  -2.30266e+00   1.21325e+02   1.21333e+02
          6069   6.06900e+03  -2.30327e+00   1.21491e+02   1.21500e+02
          6070   6.07000e+03  -2.30384e+00   1.21658e+02   1.21667e+02
          6071   6.07100e+03  -2.30441e+00   1.21825e+02   1.21833e+02
          6072   6.07200e+03  -2.30497e+00   1.21991e+02   1.22000e+02
          6073   6.07300e+03  -2.30556e+00   1.22158e+02   1.22167e+02
          6074   6.07400e+03  -2.30614e+00   1.22325e+02   1.22333e+02
          6075   6.07500e+03  -2.30672e+00   1.22491e+02   1.22500e+02
          6076   6.07600e+03  -2.30730e+00   1.22658e+02   1.22667e+02
          6077   6.07700e+03  -2.30789e+00   1.22824e+02   1.22833e+02
          6078   6.07800e+03  -2.30847e+00   1.22991e+02   1.23000e+02
          6079   6.07900e+03  -2.30906e+00   1.23158e+02   1.23167e+02
          6080   6.08000e+03  -2.30963e+00   1.23324e+02   1.23333e+02
          6081   6.08100e+03  -2.31022e+00   1.23491e+02   1.23500e+02
          6082   6.08200e+03  -2.31080e+00   1.23658e+02   1.23667e+02
          6083   6.08300e+03  -2.31137e+00   1.23824e+02   1.23833e+02
          6084   6.08400e+03  -2.31197e+00   1.23991e+02   1.24000e+02
          6085   6.08500e+03  -2.31255e+00   1.24158e+02   1.24167e+02
          6086   6.08600e+03  -2.31315e+00   1.24324e+02   1.24333e+02
          6087   6.08700e+03  -2.31371e+00   1.24491e+02   1.24500e+02
          6088   6.08800e+03  -2.31426e+00   1.24658e+02   1.24667e+02
          6089   6.08900e+03  -2.31486e+00   1.24824e+02   1.24833e+02
          6090   6.09000e+03  -2.31544e+00   1.24991e+02   1.25000e+02
          6091   6.09100e+03  -2.31606e+00   1.25158e+02   1.25167e+02
          6092   6.09200e+03  -2.31671e+00   1.25324e+02   1.25333e+02
          6093   6.09300e+03  -2.31736e+00   1.25491e+02   1.25500e+02
          6094   6.09400e+03  -2.31799e+00   1.25658e+02   1.25667e+02
          6095   6.09500e+03  -2.31863e+00   1.25824e+02   1.25833e+02
          6096   6.09600e+03  -2.31934e+00   1.25991e+02   1.26000e+02
          6097   6.09700e+03  -2.32003e+00   1.26157e+02   1.26167e+02
          6098   6.09800e+03  -2.32068e+00   1.26324e+02   1.26333e+02
          6099   6.09900e+03  -2.32135e+00   1.26491e+02   1.26500e+02
          6100   6.10000e+03  -2.32197e+00   1.26658e+02   1.26667e+02
          6101   6.10100e+03  -2.32259e+00   1.26824e+02   1.26833e+02
          6102   6.10200e+03  -2.32318e+00   1.26991e+02   1.27000e+02
          6103   6.10300e+03  -2.32385e+00   1.27158e+02   1.27167e+02
          6104   6.10400e+03  -2.32446e+00   1.27324e+02   1.27333e+02
          6105   6.10500e+03  -2.32502e+00   1.27491e+02   1.27500e+02
          6106   6.10600e+03  -2.32563e+00   1.27658e+02   1.27667e+02
          6107   6.10700e+03  -2.32625e+00   1.27824e+02   1.27833e+02
          6108   6.10800e+03  -2.32686e+00   1.27991e+02   1.28000e+02
          6109   6.10900e+03  -2.32749e+00   1.28158e+02   1.28167e+02
          6110   6.11000e+03  -2.32811e+00   1.28324e+02   1.28333e+02
          6111   6.11100e+03  -2.32875e+00   1.28491e+02   1.28500e+02
          6112   6.11200e+03  -2.32937e+00   1.28657e+02   1.28667e+02
          6113   6.11300e+03  -2.33001e+00   1.28824e+02   1.28833e+02
          6114   6.11400e+03  -2.33061e+00   1.28991e+02   1.29000e+02
          6115   6.11500e+03  -2.33121e+00   1.29157e+02   1.29167e+02
          6116   6.11600e+03  -2.33179e+00   1.29324e+02   1.29333e+02
          6117   6.11700e+03  -2.33240e+00   1.29491e+02   1.29500e+02
          6118   6.11800e+03  -2.33300e+00   1.29657e+02   1.29667e+02
          6119   6.11900e+03  -2.33368e+00   1.29824e+02   1.29833e+02
          6120   6.12000e+03  -2.33433e+00   1.29991e+02   1.30000e+02
          6121   6.12100e+03  -2.33496e+00   1.30157e+02   1.30167e+02
          6122   6.12200e+03  -2.33560e+00   1.30324e+02   1.30333e+02
          6123   6.12300e+03  -2.33629e+00   1.30491e+02   1.30500e+02
          6124   6.12400e+03  -2.33701e+00   1.30657e+02   1.30667e+02
          6125   6.12500e+03  -2.33774e+00   1.30824e+02   1.30833e+02
          6126   6.12600e+03  -2.33844e+00   1.30990e+02   1.31000e+02
          6127   6.12700e+03  -2.33913e+00   1.31157e+02   1.31167e+02
          6128   6.12800e+03  -2.33976e+00   1.31324e+02   1.31333e+02
          6129   6.12900e+03  -2.34040e+00   1.31490e+02   1.31500e+02
          6130   6.13000e+03  -2.34106e+00   1.31657e+02   1.31667e+02
          6131   6.13100e+03  -2.34171e+00   1.31824e+02   1.31833e+02
          6132   6.13200e+03  -2.34235e+00   1.31990e+02   1.32000e+02
          6133   6.13300e+03  -2.34300e+00   1.32157e+02   1.32167e+02
          6134   6.13400e+03  -2.34364e+00   1.32324e+02   1.32333e+02
          6135   6.13500e+03  -2.34430e+00   1.32490e+02   1.32500e+02
          6136   6.13600e+03  -2.34497e+00   1.32657e+02   1.32667e+02
          6137   6.13700e+03  -2.34566e+00   1.32824e+02   1.32833e+02
          6138   6.13800e+03  -2.34636e+00   1.32990e+02   1.33000e+02
          6139   6.13900e+03  -2.34710e+00   1.33157e+02   1.33167e+02
          6140   6.14000e+03  -2.34783e+00   1.33324e+02   1.33333e+02
          6141   6.14100e+03  -2.34858e+00   1.33490e+02   1.33500e+02
          6142   6.14200e+03  -2.34929e+00   1.33657e+02   1.33667e+02
          6143   6.14300e+03  -2.35003e+00   1.33824e+02   1.33833e+02
          6144   6.14400e+03  -2.35072e+00   1.33990e+02   1.34000e+02
          6145   6.14500e+03  -2.35141e+00   1.34157e+02   1.34167e+02
          6146   6.14600e+03  -2.35209e+00   1.34324e+02   1.34333e+02
          6147   6.14700e+03  -2.35277e+00   1.34490e+02   1.34500e+02
          6148   6.14800e+03  -2.35341e+00   1.34657e+02   1.34667e+02
          6149   6.14900e+03  -2.35409e+00   1.34824e+02   1.34833e+02
          6150   6.15000e+03  -2.35474e+00   1.34990e+02   1.35000e+02
          6151   6.15100e+03  -2.35535e+00   1.35157e+02   1.35167e+02
          6152   6.15200e+03  -2.35598e+00   1.35324e+02   1.35333e+02
          6153   6.15300e+03  -2.35663e+00   1.35490e+02   1.35500e+02
          6154   6.15400e+03  -2.35728e+00   1.35657e+02   1.35667e+02
          6155   6.15500e+03  -2.35796e+00   1.35824e+02   1.35833e+02
          6156   6.15600e+03  -2.35863e+00   1.35991e+02   1.36000e+02
          6157   6.15700e+03  -2.35926e+00   1.36157e+02   1.36167e+02
          6158   6.15800e+03  -2.35986e+00   1.36324e+02   1.36333e+02
          6159   6.15900e+03  -2.36050e+00   1.36491e+02   1.36500e+02
          6160   6.16000e+03  -2.36118e+00   1.36657e+02   1.36667e+02
          6161   6.16100e+03  -2.36184e+00   1.36824e+02   1.36833e+02
          6162   6.16200e+03  -2.36248e+00   1.36991e+02   1.37000e+02
          6163   6.16300e+03  -2.36312e+00   1.37157e+02   1.37167e+02
          6164   6.16400e+03  -2.36375e+00   1.37324e+02   1.37333e+02
          6165   6.16500e+03  -2.36438e+00   1.37491e+02   1.37500e+02
          6166   6.16600e+03  -2.36501e+00   1.37657e+02   1.37667e+02
          6167   6.16700e+03  -2.36567e+00   1.37824e+02   1.37833e+02
          6168   6.16800e+03  -2.36628e+00   1.37991e+02   1.38000e+02
          6169   6.16900e+03  -2.36690e+00   1.38157e+02   1.38167e+02
          6170   6.17000e+03  -2.36750e+00   1.38324e+02   1.38333e+02
          6171   6.17100e+03  -2.36813e+00   1.38491e+02   1.38500e+02
          6172   6.17200e+03  -2.36871e+00   1.38658e+02   1.38667e+02
          6173   6.17300e+03  -2.36924e+00   1.38824e+02   1.38833e+02
          6174   6.17400e+03  -2.36980e+00   1.38991e+02   1.39000e+02
          6175   6.17500e+03  -2.37041e+00   1.39158e+02   1.39167e+02
          6176   6.17600e+03  -2.37100e+00   1.39324e+02   1.39333e+02
          6177   6.17700e+03  -2.37160e+00   1.39491e+02   1.39500e+02
          6178   6.17800e+03  -2.37220e+00   1.39658e+02   1.39667e+02
          6179   6.17900e+03  -2.37277e+00   1.39825e+02   1.39833e+02
          6180   6.18000e+03  -2.37334e+00   1.39991e+02   1.40000e+02
          6181   6.18100e+03  -2.37393e+00   1.40158e+02   1.40167e+02
          6182   6.18200e+03  -2.37451e+00   1.40325e+02   1.40333e+02
          6183   6.18300e+03  -2.37504e+00   1.40492e+02   1.40500e+02
          6184   6.18400e+03  -2.37552e+00   1.40658e+02   1.40667e+02
          6185   6.18500e+03  -2.37594e+00   1.40825e+02   1.40833e+02
          6186   6.18600e+03  -2.37635e+00   1.40992e+02   1.41000e+02
          6187   6.18700e+03  -2.37671e+00   1.41159e+02   1.41167e+02
          6188   6.18800e+03  -2.37709e+00   1.41326e+02   1.41333e+02
          6189   6.18900e+03  -2.37743e+00   1.41493e+02   1.41500e+02
          6190   6.19000e+03  -2.37778e+00   1.41659e+02   1.41667e+02
          6191   6.19100e+03  -2.37814e+00   1.41826e+02   1.41833e+02
          6192   6.19200e+03  -2.37853e+00   1.41993e+02   1.42000e+02
          6193   6.19300e+03  -2.37899e+00   1.42160e+02   1.42167e+02
          6194   6.19400e+03  -2.37949e+00   1.42326e+02   1.42333e+02
          6195   6.19500e+03  -2.38000e+00   1.42493e+02   1.42500e+02
          6196   6.19600e+03  -2.38055e+00   1.42660e+02   1.42667e+02
          6197   6.19700e+03  -2.38114e+00   1.42826e+02   1.42833e+02
          6198   6.19800e+03  -2.38174e+00   1.42993e+02   1.43000e+02
          6199   6.19900e+03  -2.38237e+00   1.43160e+02   1.43167e+02
          6200   6.20000e+03  -2.38300e+00   1.43326e+02   1.43333e+02
          6201   6.20100e+03  -2.38367e+00   1.43493e+02   1.43500e+02
          6202   6.20200e+03  -2.38430e+00   1.43660e+02   1.43667e+02
          6203   6.20300e+03  -2.38497e+00   1.43827e+02   1.43833e+02
          6204   6.20400e+03  -2.38566e+00   1.43993e+02   1.44000e+02
          6205   6.20500e+03  -2.38640e+00   1.44160e+02   1.44167e+02
          6206   6.20600e+03  -2.38711e+00   1.44327e+02   1.44333e+02
          6207   6.20700e+03  -2.38786e+00   1.44493e+02   1.44500e+02
          6208   6.20800e+03  -2.38863e+00   1.44660e+02   1.44667e+02
          6209   6.20900e+03  -2.38942e+00   1.44826e+02   1.44833e+02
          6210   6.21000e+03  -2.39016e+00   1.44993e+02   1.45000e+02
          6211   6.21100e+03  -2.39089e+00   1.45160e+02   1.45167e+02
          6212   6.21200e+03  -2.39162e+00   1.45326e+02   1.45333e+02
          6213   6.21300e+03  -2.39236e+00   1.45493e+02   1.45500e+02
          6214   6.21400e+03  -2.39305e+00   1.45660e+02   1.45667e+02
          6215   6.21500e+03  -2.39371e+00   1.45827e+02   1.45833e+02
          6216   6.21600e+03  -2.39440e+00   1.45993e+02   1.46000e+02
          6217   6.21700e+03  -2.39509e+00   1.46160e+02   1.46167e+02
          6218   6.21800e+03  -2.39575e+00   1.46327e+02   1.46333e+02
          6219   6.21900e+03  -2.39641e+00   1.46493e+02   1.46500e+02
          6220   6.22000e+03  -2.39713e+00   1.46660e+02   1.46667e+02
          6221   6.22100e+03  -2.39780e+00   1.46827e+02   1.46833e+02
          6222   6.22200e+03  -2.39847e+00   1.46993e+02   1.47000e+02
          6223   6.22300e+03  -2.39913e+00   1.47160e+02   1.47167e+02
          6224   6.22400e+03  -2.39981e+00   1.47327e+02   1.47333e+02
          6225   6.22500e+03  -2.40046e+00   1.47493e+02   1.47500e+02
          6226   6.22600e+03  -2.40112e+00   1.47660e+02   1.47667e+02
          6227   6.22700e+03  -2.40176e+00   1.47827e+02   1.47833e+02
          6228   6.22800e+03  -2.40238e+00   1.47994e+02   1.48000e+02
          6229   6.22900e+03  -2.40295e+00   1.48160e+02   1.48167e+02
          6230   6.23000e+03  -2.40352e+00   1.48327e+02   1.48333e+02
          6231   6.23100e+03  -2.40411e+00   1.48494e+02   1.48500e+02
          6232   6.23200e+03  -2.40474e+00   1.48660e+02   1.48667e+02
          6233   6.23300e+03  -2.40532e+00   1.48827e+02   1.48833e+02
          6234   6.23400e+03  -2.40587e+00   1.48994e+02   1.49000e+02
          6235   6.23500e+03  -2.40643e+00   1.49161e+02   1.49167e+02
          6236   6.23600e+03  -2.40697e+00   1.49327e+02   1.49333e+02
          6237   6.23700e+03  -2.40753e+00   1.49494e+02   1.49500e+02
          6238   6.23800e+03  -2.40812e+00   1.49661e+02   1.49667e+02
          6239   6.23900e+03  -2.40870e+00   1.49828e+02   1.49833e+02
          6240   6.24000e+03  -2.40926e+00   1.49994e+02   1.50000e+02
          6241   6.24100e+03  -2.40976e+00   1.50161e+02   1.50167e+02
          6242   6.24200e+03  -2.41031e+00   1.50328e+02   1.50333e+02
          6243   6.24300e+03  -2.41088e+00   1.50495e+02   1.50500e+02
          6244   6.24400e+03  -2.41143e+00   1.50661e+02   1.50667e+02
          6245   6.24500e+03  -2.41199e+00   1.50828e+02   1.50833e+02
          6246   6.24600e+03  -2.41259e+00   1.50995e+02   1.51000e+02
          6247   6.24700e+03  -2.41317e+00   1.51162e+02   1.51167e+02
          6248   6.24800e+03  -2.41379e+00   1.51328e+02   1.51333e+02
          6249   6.24900e+03  -2.41440e+00   1.51495e+02   1.51500e+02
          6250   6.25000e+03  -2.41500e+00   1.51662e+02   1.51667e+02
          6251   6.25100e+03  -2.41562e+00   1.51828e+02   1.51833e+02
          6252   6.25200e+03  -2.41621e+00   1.51995e+02   1.52000e+02
          6253   6.25300e+03  -2.41681e+00   1.52162e+02   1.52167e+02
          6254   6.25400e+03  -2.41738e+00   1.52328e+02   1.52333e+02
          6255   6.25500e+03  -2.41792e+00   1.52495e+02   1.52500e+02
          6256   6.25600e+03  -2.41847e+00   1.52662e+02   1.52667e+02
          6257   6.25700e+03  -2.41901e+00   1.52829e+02   1.52833e+02
          6258   6.25800e+03  -2.41957e+00   1.52995e+02   1.53000e+02
          6259   6.25900e+03  -2.42018e+00   1.53162e+02   1.53167e+02
          6260   6.26000e+03  -2.42075e+00   1.53329e+02   1.53333e+02
          6261   6.26100e+03  -2.42133e+00   1.53495e+02   1.53500e+02
          6262   6.26200e+03  -2.42197e+00   1.53662e+02   1.53667e+02
          6263   6.26300e+03  -2.42265e+00   1.53829e+02   1.53833e+02
          6264   6.26400e+03  -2.42333e+00   1.53995e+02   1.54000e+02
          6265   6.26500e+03  -2.42401e+00   1.54162e+02   1.54167e+02
          6266   6.26600e+03  -2.42466e+00   1.54329e+02   1.54333e+02
          6267   6.26700e+03  -2.42534e+00   1.54495e+02   1.54500e+02
          6268   6.26800e+03  -2.42601e+00   1.54662e+02   1.54667e+02
          6269   6.26900e+03  -2.42673e+00   1.54829e+02   1.54833e+02
          6270   6.27000e+03  -2.42746e+00   1.54996e+02   1.55000e+02
          6271   6.27100e+03  -2.42812e+00   1.55162e+02   1.55167e+02
          6272   6.27200e+03  -2.42881e+00   1.55329e+02   1.55333e+02
          6273   6.27300e+03  -2.42952e+00   1.55496e+02   1.55500e+02
          6274   6.27400e+03  -2.43019e+00   1.55662e+02   1.55667e+02
          6275   6.27500e+03  -2.43093e+00   1.55829e+02   1.55833e+02
          6276   6.27600e+03  -2.43162e+00   1.55996e+02   1.56000e+02
          6277   6.27700e+03  -2.43233e+00   1.56162e+02   1.56167e+02
          6278   6.27800e+03  -2.43303e+00   1.56329e+02   1.56333e+02
          6279   6.27900e+03  -2.43372e+00   1.56496e+02   1.56500e+02
          6280   6.28000e+03  -2.43444e+00   1.56662e+02   1.56667e+02
          6281   6.28100e+03  -2.43513e+00   1.56829e+02   1.56833e+02
          6282   6.28200e+03  -2.43582e+00   1.56996e+02   1.57000e+02
          6283   6.28300e+03  -2.43650e+00   1.57162e+02   1.57167e+02
          6284   6.28400e+03  -2.43719e+00   1.57329e+02   1.57333e+02
          6285   6.28500e+03  -2.43781e+00   1.57496e+02   1.57500e+02
          6286   6.28600e+03  -2.43848e+00   1.57662e+02   1.57667e+02
          6287   6.28700e+03  -2.43910e+00   1.57829e+02   1.57833e+02
          6288   6.28800e+03  -2.43975e+00   1.57996e+02   1.58000e+02
          6289   6.28900e+03  -2.44037e+00   1.58162e+02   1.58167e+02
          6290   6.29000e+03  -2.44103e+00   1.58329e+02   1.58333e+02
          6291   6.29100e+03  -2.44165e+00   1.58496e+02   1.58500e+02
          6292   6.29200e+03  -2.44234e+00   1.58663e+02   1.58667e+02
          6293   6.29300e+03  -2.44299e+00   1.58829e+02   1.58833e+02
          6294   6.29400e+03  -2.44370e+00   1.58996e+02   1.59000e+02
          6295   6.29500e+03  -2.44436e+00   1.59163e+02   1.59167e+02
          6296   6.29600e+03  -2.44506e+00   1.59329e+02   1.59333e+02
          6297   6.29700e+03  -2.44574e+00   1.59496e+02   1.59500e+02
          6298   6.29800e+03  -2.44644e+00   1.59663e+02   1.59667e+02
          6299   6.29900e+03  -2.44714e+00   1.59829e+02   1.59833e+02
          6300   6.30000e+03  -2.44781e+00   1.59996e+02   1.60000e+02
          6301   6.30100e+03  -2.44845e+00   1.60163e+02   1.60167e+02
          6302   6.30200e+03  -2.44910e+00   1.60329e+02   1.60333e+02
          6303   6.30300e+03  -2.44972e+00   1.60496e+02   1.60500e+02
          6304   6.30400e+03  -2.45036e+00   1.60663e+02   1.60667e+02
          6305   6.30500e+03  -2.45096e+00   1.60829e+02   1.60833e+02
          6306   6.30600e+03  -2.45157e+00   1.60996e+02   1.61000e+02
          6307   6.30700e+03  -2.45213e+00   1.61163e+02   1.61167e+02
          6308   6.30800e+03  -2.45270e+00   1.61329e+02   1.61333e+02
          6309   6.30900e+03  -2.45334e+00   1.61496e+02   1.61500e+02
          6310   6.31000e+03  -2.45396e+00   1.61663e+02   1.61667e+02
          6311   6.31100e+03  -2.45461e+00   1.61830e+02   1.61833e+02
          6312   6.31200e+03  -2.45530e+00   1.61996e+02   1.62000e+02
          6313   6.31300e+03  -2.45596e+00   1.62163e+02   1.62167e+02
          6314   6.31400e+03  -2.45662e+00   1.62330e+02   1.62333e+02
          6315   6.31500e+03  -2.45731e+00   1.62496e+02   1.62500e+02
          6316   6.31600e+03  -2.45803e+00   1.62663e+02   1.62667e+02
          6317   6.31700e+03  -2.45872e+00   1.62830e+02   1.62833e+02
          6318   6.31800e+03  -2.45937e+00   1.62997e+02   1.63000e+02
          6319   6.31900e+03  -2.46004e+00   1.63163e+02   1.63167e+02
          6320   6.32000e+03  -2.46071e+00   1.63330e+02   1.63333e+02
          6321   6.32100e+03  -2.46136e+00   1.63497e+02   1.63500e+02
          6322   6.32200e+03  -2.46204e+00   1.63663e+02   1.63667e+02
          6323   6.32300e+03  -2.46277e+00   1.63830e+02   1.63833e+02
          6324   6.32400e+03  -2.46345e+00   1.63997e+02   1.64000e+02
          6325   6.32500e+03  -2.46414e+00   1.64163e+02   1.64167e+02
          6326   6.32600e+03  -2.46482e+00   1.64330e+02   1.64333e+02
          6327   6.32700e+03  -2.46553e+00   1.64497e+02   1.64500e+02
          6328   6.32800e+03  -2.46616e+00   1.64663e+02   1.64667e+02
          6329   6.32900e+03  -2.46677e+00   1.64830e+02   1.64833e+02
          6330   6.33000e+03  -2.46733e+00   1.64997e+02   1.65000e+02
          6331   6.33100e+03  -2.46789e+00   1.65164e+02   1.65167e+02
          6332   6.33200e+03  -2.46841e+00   1.65330e+02   1.65333e+02
          6333   6.33300e+03  -2.46892e+00   1.65497e+02   1.65500e+02
          6334   6.33400e+03  -2.46939e+00   1.65664e+02   1.65667e+02
          6335   6.33500e+03  -2.46987e+00   1.65830e+02   1.65833e+02
          6336   6.33600e+03  -2.47033e+00   1.65997e+02   1.66000e+02
          6337   6.33700e+03  -2.47088e+00   1.66164e+02   1.66167e+02
          6338   6.33800e+03  -2.47145e+00   1.66330e+02   1.66333e+02
          6339   6.33900e+03  -2.47204e+00   1.66497e+02   1.66500e+02
          6340   6.34000e+03  -2.47255e+00   1.66664e+02   1.66667e+02
          6341   6.34100e+03  -2.47309e+00   1.66830e+02   1.66833e+02
          6342   6.34200e+03  -2.47368e+00   1.66997e+02   1.67000e+02
          6343   6.34300e+03  -2.47430e+00   1.67164e+02   1.67167e+02
          6344   6.34400e+03  -2.47494e+00   1.67330e+02   1.67333e+02
          6345   6.34500e+03  -2.47559e+00   1.67497e+02   1.67500e+02
          6346   6.34600e+03  -2.47622e+00   1.67664e+02   1.67667e+02
          6347   6.34700e+03  -2.47683e+00   1.67830e+02   1.67833e+02
          6348   6.34800e+03  -2.47745e+00   1.67997e+02   1.68000e+02
          6349   6.34900e+03  -2.47814e+00   1.68164e+02   1.68167e+02
          6350   6.35000e+03  -2.47884e+00   1.68330e+02   1.68333e+02
          6351   6.35100e+03  -2.47949e+00   1.68497e+02   1.68500e+02
          6352   6.35200e+03  -2.48015e+00   1.68664e+02   1.68667e+02
          6353   6.35300e+03  -2.48078e+00   1.68830e+02   1.68833e+02
          6354   6.35400e+03  -2.48140e+00   1.68997e+02   1.69000e+02
          6355   6.35500e+03  -2.48202e+00   1.69163e+02   1.69167e+02
          6356   6.35600e+03  -2.48262e+00   1.69330e+02   1.69333e+02
          6357   6.35700e+03  -2.48325e+00   1.69497e+02   1.69500e+02
          6358   6.35800e+03  -2.48388e+00   1.69663e+02   1.69667e+02
          6359   6.35900e+03  -2.48448e+00   1.69830e+02   1.69833e+02
          6360   6.36000e+03  -2.48510e+00   1.69997e+02   1.70000e+02
          6361   6.36100e+03  -2.48565e+00   1.70163e+02   1.70167e+02
          6362   6.36200e+03  -2.48619e+00   1.70330e+02   1.70333e+02
          6363   6.36300e+03  -2.48668e+00   1.70497e+02   1.70500e+02
          6364   6.36400e+03  -2.48708e+00   1.70664e+02   1.70667e+02
          6365   6.36500e+03  -2.48741e+00   1.70831e+02   1.70833e+02
          6366   6.36600e+03  -2.48760e+00   1.70998e+02   1.71000e+02
          6367   6.36700e+03  -2.48770e+00   1.71165e+02   1.71167e+02
          6368   6.36800e+03  -2.48775e+00   1.71332e+02   1.71333e+02
          6369   6.36900e+03  -2.48775e+00   1.71499e+02   1.71500e+02
          6370   6.37000e+03  -2.48776e+00   1.71666e+02   1.71667e+02
          6371   6.37100e+03  -2.48781e+00   1.71833e+02   1.71833e+02
          6372   6.37200e+03  -2.48790e+00   1.71999e+02   1.72000e+02
          6373   6.37300e+03  -2.48804e+00   1.72166e+02   1.72167e+02
          6374   6.37400e+03  -2.48830e+00   1.72333e+02   1.72333e+02
          6375   6.37500e+03  -2.48868e+00   1.72499e+02   1.72500e+02
          6376   6.37600e+03  -2.48913e+00   1.72666e+02   1.72667e+02
          6377   6.37700e+03  -2.48967e+00   1.72832e+02   1.72833e+02
          6378   6.37800e+03  -2.49029e+00   1.72999e+02   1.73000e+02
          6379   6.37900e+03  -2.49094e+00   1.73165e+02   1.73167e+02
          6380   6.38000e+03  -2.49163e+00   1.73332e+02   1.73333e+02
          6381   6.38100e+03  -2.49236e+00   1.73499e+02   1.73500e+02
          6382   6.38200e+03  -2.49315e+00   1.73665e+02   1.73667e+02
          6383   6.38300e+03  -2.49396e+00   1.73832e+02   1.73833e+02
          6384   6.38400e+03  -2.49474e+00   1.73998e+02   1.74000e+02
          6385   6.38500e+03  -2.49561e+00   1.74165e+02   1.74167e+02
          6386   6.38600e+03  -2.49647e+00   1.74331e+02   1.74333e+02
          6387   6.38700e+03  -2.49732e+00   1.74498e+02   1.74500e+02
          6388   6.38800e+03  -2.49816e+00   1.74665e+02   1.74667e+02
          6389   6.38900e+03  -2.49903e+00   1.74831e+02   1.74833e+02
          6390   6.39000e+03  -2.49986e+00   1.74998e+02   1.75000e+02
          6391   6.39100e+03  -2.50068e+00   1.75164e+02   1.75167e+02
          6392   6.39200e+03  -2.50147e+00   1.75331e+02   1.75333e+02
          6393   6.39300e+03  -2.50229e+00   1.75497e+02   1.75500e+02
          6394   6.39400e+03  -2.50306e+00   1.75664e+02   1.75667e+02
          6395   6.39500e+03  -2.50382e+00   1.75831e+02   1.75833e+02
          6396   6.39600e+03  -2.50457e+00   1.75997e+02   1.76000e+02
          6397   6.39700e+03  -2.50534e+00   1.76164e+02   1.76167e+02
          6398   6.39800e+03  -2.50607e+00   1.76331e+02   1.76333e+02
          6399   6.39900e+03  -2.50682e+00   1.76497e+02   1.76500e+02
          6400   6.40000e+03  -2.50757e+00   1.76664e+02   1.76667e+02
          6401   6.40100e+03  -2.50830e+00   1.76830e+02   1.76833e+02
          6402   6.40200e+03  -2.50902e+00   1.76997e+02   1.77000e+02
          6403   6.40300e+03  -2.50974e+00   1.77164e+02   1.77167e+02
          6404   6.40400e+03  -2.51040e+00   1.77330e+02   1.77333e+02
          6405   6.40500e+03  -2.51106e+00   1.77497e+02   1.77500e+02
          6406   6.40600e+03  -2.51172e+00   1.77664e+02   1.77667e+02
          6407   6.40700e+03  -2.51236e+00   1.77830e+02   1.77833e+02
          6408   6.40800e+03  -2.51301e+00   1.77997e+02   1.78000e+02
          6409   6.40900e+03  -2.51361e+00   1.78164e+02   1.78167e+02
          6410   6.41000e+03  -2.51418e+00   1.78330e+02   1.78333e+02
          6411   6.41100e+03  -2.51479e+00   1.78497e+02   1.78500e+02
          6412   6.41200e+03  -2.51540e+00   1.78663e+02   1.78667e+02
          6413   6.41300e+03  -2.51605e+00   1.78830e+02   1.78833e+02
          6414   6.41400e+03  -2.51672e+00   1.78997e+02   1.79000e+02
          6415   6.41500e+03  -2.51738e+00   1.79163e+02   1.79167e+02
          6416   6.41600e+03  -2.51804e+00   1.79330e+02   1.79333e+02
          6417   6.41700e+03  -2.51870e+00   1.79497e+02   1.79500e+02
          6418   6.41800e+03  -2.51941e+00   1.79663e+02   1.79667e+02
          6419   6.41900e+03  -2.52014e+00   1.79830e+02   1.79833e+02
          6420   6.42000e+03  -2.52085e+00   1.79997e+02   1.80000e+02
          6421   6.42100e+03  -2.52157e+00   1.80163e+02   1.80167e+02
          6422   6.42200e+03  -2.52229e+00   1.80330e+02   1.80333e+02
          6423   6.42300e+03  -2.52300e+00   1.80497e+02   1.80500e+02
          6424   6.42400e+03  -2.52372e+00   1.80663e+02   1.80667e+02
          6425   6.42500e+03  -2.52446e+00   1.80830e+02   1.80833e+02
          6426   6.42600e+03  -2.52522e+00   1.80997e+02   1.81000e+02
          6427   6.42700e+03  -2.52598e+00   1.81163e+02   1.81167e+02
          6428   6.42800e+03  -2.52674e+00   1.81330e+02   1.81333e+02
          6429   6.42900e+03  -2.52747e+00   1.81497e+02   1.81500e+02
          6430   6.43000e+03  -2.52823e+00   1.81663e+02   1.81667e+02
          6431   6.43100e+03  -2.52893e+00   1.81830e+02   1.81833e+02
          6432   6.43200e+03  -2.52963e+00   1.81997e+02   1.82000e+02
          6433   6.43300e+03  -2.53036e+00   1.82163e+02   1.82167e+02
          6434   6.43400e+03  -2.53106e+00   1.82330e+02   1.82333e+02
          6435   6.43500e+03  -2.53173e+00   1.82497e+02   1.82500e+02
          6436   6.43600e+03  -2.53238e+00   1.82664e+02   1.82667e+02
          6437   6.43700e+03  -2.53303e+00   1.82830e+02   1.82833e+02
          6438   6.43800e+03  -2.53368e+00   1.82997e+02   1.83000e+02
          6439   6.43900e+03  -2.53425e+00   1.83164e+02   1.83167e+02
          6440   6.44000e+03  -2.53485e+00   1.83330e+02   1.83333e+02
          6441   6.44100e+03  -2.53546e+00   1.83497e+02   1.83500e+02
          6442   6.44200e+03  -2.53607e+00   1.83664e+02   1.83667e+02
          6443   6.44300e+03  -2.53660e+00   1.83830e+02   1.83833e+02
          6444   6.44400e+03  -2.53712e+00   1.83997e+02   1.84000e+02
          6445   6.44500e+03  -2.53763e+00   1.84164e+02   1.84167e+02
          6446   6.44600e+03  -2.53815e+00   1.84331e+02   1.84333e+02
          6447   6.44700e+03  -2.53867e+00   1.84497e+02   1.84500e+02
          6448   6.44800e+03  -2.53922e+00   1.84664e+02   1.84667e+02
          6449   6.44900e+03  -2.53977e+00   1.84831e+02   1.84833e+02
          6450   6.45000e+03  -2.54030e+00   1.84997e+02   1.85000e+02
          6451   6.45100e+03  -2.54080e+00   1.85164e+02   1.85167e+02
          6452   6.45200e+03  -2.54135e+00   1.85331e+02   1.85333e+02
          6453   6.45300e+03  -2.54191e+00   1.85497e+02   1.85500e+02
          6454   6.45400e+03  -2.54249e+00   1.85664e+02   1.85667e+02
          6455   6.45500e+03  -2.54305e+00   1.85831e+02   1.85833e+02
          6456   6.45600e+03  -2.54363e+00   1.85997e+02   1.86000e+02
          6457   6.45700e+03  -2.54420e+00   1.86164e+02   1.86167e+02
          6458   6.45800e+03  -2.54478e+00   1.86331e+02   1.86333e+02
          6459   6.45900e+03  -2.54539e+00   1.86497e+02   1.86500e+02
          6460   6.46000e+03  -2.54601e+00   1.86664e+02   1.86667e+02
          6461   6.46100e+03  -2.54663e+00   1.86831e+02   1.86833e+02
          6462   6.46200e+03  -2.54723e+00   1.86997e+02   1.87000e+02
          6463   6.46300e+03  -2.54782e+00   1.87164e+02   1.87167e+02
          6464   6.46400e+03  -2.54843e+00   1.87330e+02   1.87333e+02
          6465   6.46500e+03  -2.54905e+00   1.87497e+02   1.87500e+02
          6466   6.46600e+03  -2.54968e+00   1.87664e+02   1.87667e+02
          6467   6.46700e+03  -2.55031e+00   1.87830e+02   1.87833e+02
          6468   6.46800e+03  -2.55091e+00   1.87997e+02   1.88000e+02
          6469   6.46900e+03  -2.55154e+00   1.88164e+02   1.88167e+02
          6470   6.47000e+03  -2.55215e+00   1.88330e+02   1.88333e+02
          6471   6.47100e+03  -2.55281e+00   1.88497e+02   1.88500e+02
          6472   6.47200e+03  -2.55346e+00   1.88664e+02   1.88667e+02
          6473   6.47300e+03  -2.55412e+00   1.88830e+02   1.88833e+02
          6474   6.47400e+03  -2.55475e+00   1.88997e+02   1.89000e+02
          6475   6.47500e+03  -2.55536e+00   1.89163e+02   1.89167e+02
          6476   6.47600e+03  -2.55597e+00   1.89330e+02   1.89333e+02
          6477   6.47700e+03  -2.55660e+00   1.89497e+02   1.89500e+02
          6478   6.47800e+03  -2.55722e+00   1.89663e+02   1.89667e+02
          6479   6.47900e+03  -2.55786e+00   1.89830e+02   1.89833e+02
          6480   6.48000e+03  -2.55847e+00   1.89997e+02   1.90000e+02
          6481   6.48100e+03  -2.55911e+00   1.90163e+02   1.90167e+02
          6482   6.48200e+03  -2.55977e+00   1.90330e+02   1.90333e+02
          6483   6.48300e+03  -2.56044e+00   1.90496e+02   1.90500e+02
          6484   6.48400e+03  -2.56112e+00   1.90663e+02   1.90667e+02
          6485   6.48500e+03  -2.56186e+00   1.90830e+02   1.90833e+02
          6486   6.48600e+03  -2.56259e+00   1.90996e+02   1.91000e+02
          6487   6.48700e+03  -2.56332e+00   1.91163e+02   1.91167e+02
          6488   6.48800e+03  -2.56405e+00   1.91330e+02   1.91333e+02
          6489   6.48900e+03  -2.56479e+00   1.91496e+02   1.91500e+02
          6490   6.49000e+03  -2.56553e+00   1.91663e+02   1.91667e+02
          6491   6.49100e+03  -2.56625e+00   1.91830e+02   1.91833e+02
          6492   6.49200e+03  -2.56700e+00   1.91996e+02   1.92000e+02
          6493   6.49300e+03  -2.56773e+00   1.92163e+02   1.92167e+02
          6494   6.49400e+03  -2.56837e+00   1.92330e+02   1.92333e+02
          6495   6.49500e+03  -2.56905e+00   1.92496e+02   1.92500e+02
          6496   6.49600e+03  -2.56970e+00   1.92663e+02   1.92667e+02
          6497   6.49700e+03  -2.57041e+00   1.92829e+02   1.92833e+02
          6498   6.49800e+03  -2.57115e+00   1.92996e+02   1.93000e+02
          6499   6.49900e+03  -2.57182e+00   1.93163e+02   1.93167e+02
          6500   6.50000e+03  -2.57253e+00   1.93329e+02   1.93333e+02
          6501   6.50100e+03  -2.57326e+00   1.93496e+02   1.93500e+02
          6502   6.50200e+03  -2.57398e+00   1.93663e+02   1.93667e+02
          6503   6.50300e+03  -2.57479e+00   1.93829e+02   1.93833e+02
          6504   6.50400e+03  -2.57555e+00   1.93996e+02   1.94000e+02
          6505   6.50500e+03  -2.57631e+00   1.94163e+02   1.94167e+02
          6506   6.50600e+03  -2.57707e+00   1.94329e+02   1.94333e+02
          6507   6.50700e+03  -2.57780e+00   1.94496e+02   1.94500e+02
          6508   6.50800e+03  -2.57855e+00   1.94662e+02   1.94667e+02
          6509   6.50900e+03  -2.57930e+00   1.94829e+02   1.94833e+02
          6510   6.51000e+03  -2.58000e+00   1.94996e+02   1.95000e+02
          6511   6.51100e+03  -2.58073e+00   1.95162e+02   1.95167e+02
          6512   6.51200e+03  -2.58144e+00   1.95329e+02   1.95333e+02
          6513   6.51300e+03  -2.58216e+00   1.95495e+02   1.95500e+02
          6514   6.51400e+03  -2.58288e+00   1.95662e+02   1.95667e+02
          6515   6.51500e+03  -2.58359e+00   1.95829e+02   1.95833e+02
          6516   6.51600e+03  -2.58430e+00   1.95995e+02   1.96000e+02
          6517   6.51700e+03  -2.58508e+00   1.96162e+02   1.96167e+02
          6518   6.51800e+03  -2.58579e+00   1.96328e+02   1.96333e+02
          6519   6.51900e+03  -2.58652e+00   1.96495e+02   1.96500e+02
          6520   6.52000e+03  -2.58722e+00   1.96662e+02   1.96667e+02
          6521   6.52100e+03  -2.58791e+00   1.96828e+02   1.96833e+02
          6522   6.52200e+03  -2.58860e+00   1.96995e+02   1.97000e+02
          6523   6.52300e+03  -2.58932e+00   1.97161e+02   1.97167e+02
          6524   6.52400e+03  -2.59001e+00   1.97328e+02   1.97333e+02
          6525   6.52500e+03  -2.59070e+00   1.97495e+02   1.97500e+02
          6526   6.52600e+03  -2.59140e+00   1.97661e+02   1.97667e+02
          6527   6.52700e+03  -2.59214e+00   1.97828e+02   1.97833e+02
          6528   6.52800e+03  -2.59286e+00   1.97994e+02   1.98000e+02
          6529   6.52900e+03  -2.59359e+00   1.98161e+02   1.98167e+02
          6530   6.53000e+03  -2.59431e+00   1.98327e+02   1.98333e+02
          6531   6.53100e+03  -2.59504e+00   1.98494e+02   1.98500e+02
          6532   6.53200e+03  -2.59575e+00   1.98661e+02   1.98667e+02
          6533   6.53300e+03  -2.59645e+00   1.98827e+02   1.98833e+02
          6534   6.53400e+03  -2.59715e+00   1.98994e+02   1.99000e+02
          6535   6.53500e+03  -2.59780e+00   1.99161e+02   1.99167e+02
          6536   6.53600e+03  -2.59842e+00   1.99327e+02   1.99333e+02
          6537   6.53700e+03  -2.59905e+00   1.99494e+02   1.99500e+02
          6538   6.53800e+03  -2.59965e+00   1.99660e+02   1.99667e+02
          6539   6.53900e+03  -2.60026e+00   1.99827e+02   1.99833e+02
          6540   6.54000e+03  -2.60083e+00   1.99994e+02   2.00000e+02
          6541   6.54100e+03  -2.60139e+00   2.00160e+02   2.00167e+02
          6542   6.54200e+03  -2.60198e+00   2.00327e+02   2.00333e+02
          6543   6.54300e+03  -2.60254e+00   2.00494e+02   2.00500e+02
          6544   6.54400e+03  -2.60308e+00   2.00660e+02   2.00667e+02
          6545   6.54500e+03  -2.60362e+00   2.00827e+02   2.00833e+02
          6546   6.54600e+03  -2.60418e+00   2.00993e+02   2.01000e+02
          6547   6.54700e+03  -2.60481e+00   2.01160e+02   2.01167e+02
          6548   6.54800e+03  -2.60543e+00   2.01327e+02   2.01333e+02
          6549   6.54900e+03  -2.60606e+00   2.01493e+02   2.01500e+02
          6550   6.55000e+03  -2.60669e+00   2.01660e+02   2.01667e+02
          6551   6.55100e+03  -2.60733e+00   2.01826e+02   2.01833e+02
          6552   6.55200e+03  -2.60795e+00   2.01993e+02   2.02000e+02
          6553   6.55300e+03  -2.60864e+00   2.02160e+02   2.02167e+02
          6554   6.55400e+03  -2.60932e+00   2.02326e+02   2.02333e+02
          6555   6.55500e+03  -2.61000e+00   2.02493e+02   2.02500e+02
          6556   6.55600e+03  -2.61070e+00   2.02659e+02   2.02667e+02
          6557   6.55700e+03  -2.61136e+00   2.02826e+02   2.02833e+02
          6558   6.55800e+03  -2.61205e+00   2.02993e+02   2.03000e+02
          6559   6.55900e+03  -2.61282e+00   2.03159e+02   2.03167e+02
          6560   6.56000e+03  -2.61355e+00   2.03326e+02   2.03333e+02
          6561   6.56100e+03  -2.61430e+00   2.03492e+02   2.03500e+02
          6562   6.56200e+03  -2.61505e+00   2.03659e+02   2.03667e+02
          6563   6.56300e+03  -2.61579e+00   2.03826e+02   2.03833e+02
          6564   6.56400e+03  -2.61657e+00   2.03992e+02   2.04000e+02
          6565   6.56500e+03  -2.61729e+00   2.04159e+02   2.04167e+02
          6566   6.56600e+03  -2.61807e+00   2.04326e+02   2.04333e+02
          6567   6.56700e+03  -2.61883e+00   2.04492e+02   2.04500e+02
          6568   6.56800e+03  -2.61953e+00   2.04659e+02   2.04667e+02
          6569   6.56900e+03  -2.62026e+00   2.04825e+02   2.04833e+02
          6570   6.57000e+03  -2.62098e+00   2.04992e+02   2.05000e+02
          6571   6.57100e+03  -2.62167e+00   2.05159e+02   2.05167e+02
          6572   6.57200e+03  -2.62234e+00   2.05325e+02   2.05333e+02
          6573   6.57300e+03  -2.62300e+00   2.05492e+02   2.05500e+02
          6574   6.57400e+03  -2.62364e+00   2.05659e+02   2.05667e+02
          6575   6.57500e+03  -2.62425e+00   2.05825e+02   2.05833e+02
          6576   6.57600e+03  -2.62490e+00   2.05992e+02   2.06000e+02
          6577   6.57700e+03  -2.62549e+00   2.06159e+02   2.06167e+02
          6578   6.57800e+03  -2.62607e+00   2.06325e+02   2.06333e+02
          6579   6.57900e+03  -2.62664e+00   2.06492e+02   2.06500e+02
          6580   6.58000e+03  -2.62719e+00   2.06658e+02   2.06667e+02
          6581   6.58100e+03  -2.62778e+00   2.06825e+02   2.06833e+02
          6582   6.58200e+03  -2.62833e+00   2.06992e+02   2.07000e+02
          6583   6.58300e+03  -2.62888e+00   2.07158e+02   2.07167e+02
          6584   6.58400e+03  -2.62949e+00   2.07325e+02   2.07333e+02
          6585   6.58500e+03  -2.63004e+00   2.07492e+02   2.07500e+02
          6586   6.58600e+03  -2.63063e+00   2.07658e+02   2.07667e+02
          6587   6.58700e+03  -2.63119e+00   2.07825e+02   2.07833e+02
          6588   6.58800e+03  -2.63178e+00   2.07992e+02   2.08000e+02
          6589   6.58900e+03  -2.63238e+00   2.08158e+02   2.08167e+02
          6590   6.59000e+03  -2.63298e+00   2.08325e+02   2.08333e+02
          6591   6.59100e+03  -2.63355e+00   2.08491e+02   2.08500e+02
          6592   6.59200e+03  -2.63404e+00   2.08658e+02   2.08667e+02
          6593   6.59300e+03  -2.63434e+00   2.08825e+02   2.08833e+02
          6594   6.59400e+03  -2.63451e+00   2.08992e+02   2.09000e+02
          6595   6.59500e+03  -2.63489e+00   2.09160e+02   2.09167e+02
          6596   6.59600e+03  -2.63453e+00   2.09329e+02   2.09333e+02
          6597   6.59700e+03  -2.63431e+00   2.09499e+02   2.09500e+02
          6598   6.59800e+03  -2.63278e+00   2.09669e+02   2.09667e+02
          6599   6.59900e+03  -2.63123e+00   2.09838e+02   2.09833e+02
          6600   6.60000e+03  -2.62737e+00   2.10007e+02   2.10000e+02
          6601   6.60100e+03  -2.62309e+00   2.10175e+02   2.10167e+02
          6602   6.60200e+03  -2.61923e+00   2.10343e+02   2.10333e+02
          6603   6.60300e+03  -2.61535e+00   2.10510e+02   2.10500e+02
          6604   6.60400e+03  -2.61111e+00   2.10677e+02   2.10667e+02
          6605   6.60500e+03  -2.60781e+00   2.10844e+02   2.10833e+02
          6606   6.60600e+03  -2.60540e+00   2.11010e+02   2.11000e+02
          6607   6.60700e+03  -2.60379e+00   2.11176e+02   2.11167e+02
          6608   6.60800e+03  -2.60301e+00   2.11342e+02   2.11333e+02
          6609   6.60900e+03  -2.60300e+00   2.11508e+02   2.11500e+02
          6610   6.61000e+03  -2.60422e+00   2.11674e+02   2.11667e+02
          6611   6.61100e+03  -2.60531e+00   2.11839e+02   2.11833e+02
          6612   6.61200e+03  -2.60725e+00   2.12005e+02   2.12000e+02
          6613   6.61300e+03  -2.60895e+00   2.12171e+02   2.12167e+02
          6614   6.61400e+03  -2.61092e+00   2.12336e+02   2.12333e+02
          6615   6.61500e+03  -2.61308e+00   2.12502e+02   2.12500e+02
          6616   6.61600e+03  -2.61529e+00   2.12668e+02   2.12667e+02
          6617   6.61700e+03  -2.61757e+00   2.12834e+02   2.12833e+02
          6618   6.61800e+03  -2.61987e+00   2.12999e+02   2.13000e+02
          6619   6.61900e+03  -2.62213e+00   2.13165e+02   2.13167e+02
          6620   6.62000e+03  -2.62439e+00   2.13331e+02   2.13333e+02
          6621   6.62100e+03  -2.62653e+00   2.13497e+02   2.13500e+02
          6622   6.62200e+03  -2.62862e+00   2.13663e+02   2.13667e+02
          6623   6.62300e+03  -2.63064e+00   2.13829e+02   2.13833e+02
          6624   6.62400e+03  -2.63258e+00   2.13995e+02   2.14000e+02
          6625   6.62500e+03  -2.63449e+00   2.14162e+02   2.14167e+02
          6626   6.62600e+03  -2.63628e+00   2.14328e+02   2.14333e+02
          6627   6.62700e+03  -2.63799e+00   2.14494e+02   2.14500e+02
          6628   6.62800e+03  -2.63963e+00   2.14660e+02   2.14667e+02
          6629   6.62900e+03  -2.64118e+00   2.14827e+02   2.14833e+02
          6630   6.63000e+03  -2.64267e+00   2.14993e+02   2.15000e+02
          6631   6.63100e+03  -2.64411e+00   2.15159e+02   2.15167e+02
          6632   6.63200e+03  -2.64545e+00   2.15326e+02   2.15333e+02
          6633   6.63300e+03  -2.64669e+00   2.15492e+02   2.15500e+02
          6634   6.63400e+03  -2.64793e+00   2.15658e+02   2.15667e+02
          6635   6.63500e+03  -2.64913e+00   2.15825e+02   2.15833e+02
          6636   6.63600e+03  -2.65023e+00   2.15991e+02   2.16000e+02
          6637   6.63700e+03  -2.65131e+00   2.16158e+02   2.16167e+02
          6638   6.63800e+03  -2.65232e+00   2.16324e+02   2.16333e+02
          6639   6.63900e+03  -2.65332e+00   2.16491e+02   2.16500e+02
          6640   6.64000e+03  -2.65428e+00   2.16657e+02   2.16667e+02
          6641   6.64100e+03  -2.65520e+00   2.16824e+02   2.16833e+02
          6642   6.64200e+03  -2.65611e+00   2.16991e+02   2.17000e+02
          6643   6.64300e+03  -2.65695e+00   2.17157e+02   2.17167e+02
          6644   6.64400e+03  -2.65777e+00   2.17324e+02   2.17333e+02
          6645   6.64500e+03  -2.65862e+00   2.17490e+02   2.17500e+02
          6646   6.64600e+03  -2.65945e+00   2.17657e+02   2.17667e+02
          6647   6.64700e+03  -2.66026e+00   2.17823e+02   2.17833e+02
          6648   6.64800e+03  -2.66104e+00   2.17990e+02   2.18000e+02
          6649   6.64900e+03  -2.66180e+00   2.18157e+02   2.18167e+02
          6650   6.65000e+03  -2.66256e+00   2.18323e+02   2.18333e+02
          6651   6.65100e+03  -2.66328e+00   2.18490e+02   2.18500e+02
          6652   6.65200e+03  -2.66397e+00   2.18657e+02   2.18667e+02
          6653   6.65300e+03  -2.66465e+00   2.18823e+02   2.18833e+02
          6654   6.65400e+03  -2.66534e+00   2.18990e+02   2.19000e+02
          6655   6.65500e+03  -2.66605e+00   2.19156e+02   2.19167e+02
          6656   6.65600e+03  -2.66674e+00   2.19323e+02   2.19333e+02
          6657   6.65700e+03  -2.66740e+00   2.19490e+02   2.19500e+02
          6658   6.65800e+03  -2.66806e+00   2.19656e+02   2.19667e+02
          6659   6.65900e+03  -2.66876e+00   2.19823e+02   2.19833e+02
          6660   6.66000e+03  -2.66947e+00   2.19990e+02   2.20000e+02
          6661   6.66100e+03  -2.67020e+00   2.20156e+02   2.20167e+02
          6662   6.66200e+03  -2.67094e+00   2.20323e+02   2.20333e+02
          6663   6.66300e+03  -2.67161e+00   2.20489e+02   2.20500e+02
          6664   6.66400e+03  -2.67226e+00   2.20656e+02   2.20667e+02
          6665   6.66500e+03  -2.67292e+00   2.20823e+02   2.20833e+02
          6666   6.66600e+03  -2.67359e+00   2.20989e+02   2.21000e+02
          6667   6.66700e+03  -2.67425e+00   2.21156e+02   2.21167e+02
          6668   6.66800e+03  -2.67485e+00   2.21323e+02   2.21333e+02
          6669   6.66900e+03  -2.67546e+00   2.21489e+02   2.21500e+02
          6670   6.67000e+03  -2.67610e+00   2.21656e+02   2.21667e+02
          6671   6.67100e+03  -2.67670e+00   2.21823e+02   2.21833e+02
          6672   6.67200e+03  -2.67734e+00   2.21989e+02   2.22000e+02
          6673   6.67300e+03  -2.67796e+00   2.22156e+02   2.22167e+02
          6674   6.67400e+03  -2.67857e+00   2.22323e+02   2.22333e+02
          6675   6.67500e+03  -2.67919e+00   2.22489e+02   2.22500e+02
          6676   6.67600e+03  -2.67981e+00   2.22656e+02   2.22667e+02
          6677   6.67700e+03  -2.68046e+00   2.22822e+02   2.22833e+02
          6678   6.67800e+03  -2.68108e+00   2.22989e+02   2.23000e+02
          6679   6.67900e+03  -2.68167e+00   2.23156e+02   2.23167e+02
          6680   6.68000e+03  -2.68231e+00   2.23323e+02   2.23333e+02
          6681   6.68100e+03  -2.68291e+00   2.23489e+02   2.23500e+02
          6682   6.68200e+03  -2.68354e+00   2.23656e+02   2.23667e+02
          6683   6.68300e+03  -2.68419e+00   2.23823e+02   2.23833e+02
          6684   6.68400e+03  -2.68482e+00   2.23989e+02   2.24000e+02
          6685   6.68500e+03  -2.68545e+00   2.24156e+02   2.24167e+02
          6686   6.68600e+03  -2.68606e+00   2.24323e+02   2.24333e+02
          6687   6.68700e+03  -2.68671e+00   2.24489e+02   2.24500e+02
          6688   6.68800e+03  -2.68732e+00   2.24656e+02   2.24667e+02
          6689   6.68900e+03  -2.68792e+00   2.24823e+02   2.24833e+02
          6690   6.69000e+03  -2.68854e+00   2.24989e+02   2.25000e+02
          6691   6.69100e+03  -2.68912e+00   2.25156e+02   2.25167e+02
          6692   6.69200e+03  -2.68972e+00   2.25323e+02   2.25333e+02
          6693   6.69300e+03  -2.69029e+00   2.25490e+02   2.25500e+02
          6694   6.69400e+03  -2.69088e+00   2.25656e+02   2.25667e+02
          6695   6.69500e+03  -2.69149e+00   2.25823e+02   2.25833e+02
          6696   6.69600e+03  -2.69206e+00   2.25990e+02   2.26000e+02
          6697   6.69700e+03  -2.69263e+00   2.26156e+02   2.26167e+02
          6698   6.69800e+03  -2.69320e+00   2.26323e+02   2.26333e+02
          6699   6.69900e+03  -2.69377e+00   2.26490e+02   2.26500e+02
          6700   6.70000e+03  -2.69435e+00   2.26656e+02   2.26667e+02
          6701   6.70100e+03  -2.69492e+00   2.26823e+02   2.26833e+02
          6702   6.70200e+03  -2.69550e+00   2.26990e+02   2.27000e+02
          6703   6.70300e+03  -2.69603e+00   2.27156e+02   2.27167e+02
          6704   6.70400e+03  -2.69657e+00   2.27323e+02   2.27333e+02
          6705   6.70500e+03  -2.69713e+00   2.27490e+02   2.27500e+02
          6706   6.70600e+03  -2.69767e+00   2.27656e+02   2.27667e+02
          6707   6.70700e+03  -2.69822e+00   2.27823e+02   2.27833e+02
          6708   6.70800e+03  -2.69877e+00   2.27990e+02   2.28000e+02
          6709   6.70900e+03  -2.69934e+00   2.28156e+02   2.28167e+02
          6710   6.71000e+03  -2.69992e+00   2.28323e+02   2.28333e+02
          6711   6.71100e+03  -2.70051e+00   2.28489e+02   2.28500e+02
          6712   6.71200e+03  -2.70107e+00   2.28656e+02   2.28667e+02
          6713   6.71300e+03  -2.70160e+00   2.28823e+02   2.28833e+02
          6714   6.71400e+03  -2.70204e+00   2.28989e+02   2.29000e+02
          6715   6.71500e+03  -2.70235e+00   2.29157e+02   2.29167e+02
          6716   6.71600e+03  -2.70250e+00   2.29324e+02   2.29333e+02
          6717   6.71700e+03  -2.70235e+00   2.29493e+02   2.29500e+02
          6718   6.71800e+03  -2.70240e+00   2.29661e+02   2.29667e+02
          6719   6.71900e+03  -2.70161e+00   2.29829e+02   2.29833e+02
          6720   6.72000e+03  -2.70046e+00   2.29998e+02   2.30000e+02
          6721   6.72100e+03  -2.69857e+00   2.30165e+02   2.30167e+02
          6722   6.72200e+03  -2.69700e+00   2.30333e+02   2.30333e+02
          6723   6.72300e+03  -2.69534e+00   2.30500e+02   2.30500e+02
          6724   6.72400e+03  -2.69373e+00   2.30667e+02   2.30667e+02
          6725   6.72500e+03  -2.69175e+00   2.30834e+02   2.30833e+02
          6726   6.72600e+03  -2.69046e+00   2.31000e+02   2.31000e+02
          6727   6.72700e+03  -2.68954e+00   2.31166e+02   2.31167e+02
          6728   6.72800e+03  -2.68910e+00   2.31333e+02   2.31333e+02
          6729   6.72900e+03  -2.68901e+00   2.31499e+02   2.31500e+02
          6730   6.73000e+03  -2.68981e+00   2.31665e+02   2.31667e+02
          6731   6.73100e+03  -2.69043e+00   2.31831e+02   2.31833e+02
          6732   6.73200e+03  -2.69133e+00   2.31997e+02   2.32000e+02
          6733   6.73300e+03  -2.69244e+00   2.32163e+02   2.32167e+02
          6734   6.73400e+03  -2.69369e+00   2.32329e+02   2.32333e+02
          6735   6.73500e+03  -2.69509e+00   2.32496e+02   2.32500e+02
          6736   6.73600e+03  -2.69657e+00   2.32662e+02   2.32667e+02
          6737   6.73700e+03  -2.69811e+00   2.32828e+02   2.32833e+02
          6738   6.73800e+03  -2.69970e+00   2.32994e+02   2.33000e+02
          6739   6.73900e+03  -2.70127e+00   2.33160e+02   2.33167e+02
          6740   6.74000e+03  -2.70286e+00   2.33326e+02   2.33333e+02
          6741   6.74100e+03  -2.70438e+00   2.33493e+02   2.33500e+02
          6742   6.74200e+03  -2.70589e+00   2.33659e+02   2.33667e+02
          6743   6.74300e+03  -2.70739e+00   2.33825e+02   2.33833e+02
          6744   6.74400e+03  -2.70885e+00   2.33992e+02   2.34000e+02
          6745   6.74500e+03  -2.71027e+00   2.34158e+02   2.34167e+02
          6746   6.74600e+03  -2.71170e+00   2.34324e+02   2.34333e+02
          6747   6.74700e+03  -2.71305e+00   2.34491e+02   2.34500e+02
          6748   6.74800e+03  -2.71437e+00   2.34657e+02   2.34667e+02
          6749   6.74900e+03  -2.71563e+00   2.34824e+02   2.34833e+02
          6750   6.75000e+03  -2.71689e+00   2.34990e+02   2.35000e+02
          6751   6.75100e+03  -2.71810e+00   2.35157e+02   2.35167e+02
          6752   6.75200e+03  -2.71927e+00   2.35323e+02   2.35333e+02
          6753   6.75300e+03  -2.72042e+00   2.35490e+02   2.35500e+02
          6754   6.75400e+03  -2.72154e+00   2.35656e+02   2.35667e+02
          6755   6.75500e+03  -2.72254e+00   2.35823e+02   2.35833e+02
          6756   6.75600e+03  -2.72355e+00   2.35989e+02   2.36000e+02
          6757   6.75700e+03  -2.72453e+00   2.36156e+02   2.36167e+02
          6758   6.75800e+03  -2.72549e+00   2.36322e+02   2.36333e+02
          6759   6.75900e+03  -2.72642e+00   2.36489e+02   2.36500e+02
          6760   6.76000e+03  -2.72732e+00   2.36656e+02   2.36667e+02
          6761   6.76100e+03  -2.72819e+00   2.36822e+02   2.36833e+02
          6762   6.76200e+03  -2.72903e+00   2.36989e+02   2.37000e+02
          6763   6.76300e+03  -2.72988e+00   2.37155e+02   2.37167e+02
          6764   6.76400e+03  -2.73072e+00   2.37322e+02   2.37333e+02
          6765   6.76500e+03  -2.73152e+00   2.37489e+02   2.37500e+02
          6766   6.76600e+03  -2.73229e+00   2.37655e+02   2.37667e+02
          6767   6.76700e+03  -2.73306e+00   2.37822e+02   2.37833e+02
          6768   6.76800e+03  -2.73378e+00   2.37989e+02   2.38000e+02
          6769   6.76900e+03  -2.73451e+00   2.38155e+02   2.38167e+02
          6770   6.77000e+03  -2.73521e+00   2.38322e+02   2.38333e+02
          6771   6.77100e+03  -2.73590e+00   2.38489e+02   2.38500e+02
          6772   6.77200e+03  -2.73654e+00   2.38655e+02   2.38667e+02
          6773   6.77300e+03  -2.73719e+00   2.38822e+02   2.38833e+02
          6774   6.77400e+03  -2.73786e+00   2.38989e+02   2.39000e+02
          6775   6.77500e+03  -2.73849e+00   2.39155e+02   2.39167e+02
          6776   6.77600e+03  -2.73913e+00   2.39322e+02   2.39333e+02
          6777   6.77700e+03  -2.73980e+00   2.39489e+02   2.39500e+02
          6778   6.77800e+03  -2.74045e+00   2.39655e+02   2.39667e+02
          6779   6.77900e+03  -2.74112e+00   2.39822e+02   2.39833e+02
          6780   6.78000e+03  -2.74177e+00   2.39989e+02   2.40000e+02
          6781   6.78100e+03  -2.74240e+00   2.40155e+02   2.40167e+02
          6782   6.78200e+03  -2.74306e+00   2.40322e+02   2.40333e+02
          6783   6.78300e+03  -2.74370e+00   2.40489e+02   2.40500e+02
          6784   6.78400e+03  -2.74434e+00   2.40655e+02   2.40667e+02
          6785   6.78500e+03  -2.74496e+00   2.40822e+02   2.40833e+02
          6786   6.78600e+03  -2.74558e+00   2.40989e+02   2.41000e+02
          6787   6.78700e+03  -2.74622e+00   2.41156e+02   2.41167e+02
          6788   6.78800e+03  -2.74686e+00   2.41322e+02   2.41333e+02
          6789   6.78900e+03  -2.74753e+00   2.41489e+02   2.41500e+02
          6790   6.79000e+03  -2.74823e+00   2.41656e+02   2.41667e+02
          6791   6.79100e+03  -2.74891e+00   2.41823e+02   2.41833e+02
          6792   6.79200e+03  -2.74956e+00   2.41989e+02   2.42000e+02
          6793   6.79300e+03  -2.75025e+00   2.42156e+02   2.42167e+02
          6794   6.79400e+03  -2.75096e+00   2.42323e+02   2.42333e+02
          6795   6.79500e+03  -2.75166e+00   2.42490e+02   2.42500e+02
          6796   6.79600e+03  -2.75233e+00   2.42656e+02   2.42667e+02
          6797   6.79700e+03  -2.75300e+00   2.42823e+02   2.42833e+02
          6798   6.79800e+03  -2.75365e+00   2.42990e+02   2.43000e+02
          6799   6.79900e+03  -2.75432e+00   2.43157e+02   2.43167e+02
          6800   6.80000e+03  -2.75501e+00   2.43323e+02   2.43333e+02
          6801   6.80100e+03  -2.75574e+00   2.43490e+02   2.43500e+02
          6802   6.80200e+03  -2.75646e+00   2.43657e+02   2.43667e+02
          6803   6.80300e+03  -2.75714e+00   2.43824e+02   2.43833e+02
          6804   6.80400e+03  -2.75786e+00   2.43990e+02   2.44000e+02
          6805   6.80500e+03  -2.75857e+00   2.44157e+02   2.44167e+02
          6806   6.80600e+03  -2.75931e+00   2.44324e+02   2.44333e+02
          6807   6.80700e+03  -2.76000e+00   2.44491e+02   2.44500e+02
          6808   6.80800e+03  -2.76068e+00   2.44657e+02   2.44667e+02
          6809   6.80900e+03  -2.76134e+00   2.44824e+02   2.44833e+02
          6810   6.81000e+03  -2.76196e+00   2.44991e+02   2.45000e+02
          6811   6.81100e+03  -2.76257e+00   2.45158e+02   2.45167e+02
          6812   6.81200e+03  -2.76320e+00   2.45324e+02   2.45333e+02
          6813   6.81300e+03  -2.76378e+00   2.45491e+02   2.45500e+02
          6814   6.81400e+03  -2.76438e+00   2.45658e+02   2.45667e+02
          6815   6.81500e+03  -2.76493e+00   2.45824e+02   2.45833e+02
          6816   6.81600e+03  -2.76551e+00   2.45991e+02   2.46000e+02
          6817   6.81700e+03  -2.76606e+00   2.46158e+02   2.46167e+02
          6818   6.81800e+03  -2.76656e+00   2.46325e+02   2.46333e+02
          6819   6.81900e+03  -2.76711e+00   2.46491e+02   2.46500e+02
          6820   6.82000e+03  -2.76763e+00   2.46658e+02   2.46667e+02
          6821   6.82100e+03  -2.76811e+00   2.46825e+02   2.46833e+02
          6822   6.82200e+03  -2.76859e+00   2.46991e+02   2.47000e+02
          6823   6.82300e+03  -2.76907e+00   2.47158e+02   2.47167e+02
          6824   6.82400e+03  -2.76955e+00   2.47325e+02   2.47333e+02
          6825   6.82500e+03  -2.77004e+00   2.47491e+02   2.47500e+02
          6826   6.82600e+03  -2.77050e+00   2.47658e+02   2.47667e+02
          6827   6.82700e+03  -2.77100e+00   2.47825e+02   2.47833e+02
          6828   6.82800e+03  -2.77145e+00   2.47991e+02   2.48000e+02
          6829   6.82900e+03  -2.77190e+00   2.48158e+02   2.48167e+02
          6830   6.83000e+03  -2.77233e+00   2.48325e+02   2.48333e+02
          6831   6.83100e+03  -2.77280e+00   2.48491e+02   2.48500e+02
          6832   6.83200e+03  -2.77321e+00   2.48658e+02   2.48667e+02
          6833   6.83300e+03  -2.77359e+00   2.48825e+02   2.48833e+02
          6834   6.83400e+03  -2.77377e+00   2.48991e+02   2.49000e+02
          6835   6.83500e+03  -2.73759e+00   2.49153e+02   2.49167e+02
          6836   6.83600e+03  -2.65444e+00   2.49297e+02   2.49333e+02
          6837   6.83700e+03  -2.54525e+00   2.49408e+02   2.49500e+02
          6838   6.83800e+03  -2.35611e+00   2.49478e+02   2.49667e+02
          6839   6.83900e+03  -2.05563e+00   2.49507e+02   2.49833e+02
          6840   6.84000e+03  -1.65450e+00   2.49497e+02   2.50000e+02
          6841   6.84100e+03  -1.18946e+00   2.49454e+02   2.49833e+02
          6842   6.84200e+03  -7.00647e-01   2.49382e+02   2.49667e+02
          6843   6.84300e+03  -2.22064e-01   2.49288e+02   2.49500e+02
          6844   6.84400e+03   2.23309e-01   2.49174e+02   2.49333e+02
          6845   6.84500e+03   6.22415e-01   2.49046e+02   2.49167e+02
          6846   6.84600e+03   9.69774e-01   2.48907e+02   2.49000e+02
          6847   6.84700e+03   1.26511e+00   2.48758e+02   2.48833e+02
          6848   6.84800e+03   1.51211e+00   2.48603e+02   2.48667e+02
          6849   6.84900e+03   1.71496e+00   2.48444e+02   2.48500e+02
          6850   6.85000e+03   1.88008e+00   2.48280e+02   2.48333e+02
          6851   6.85100e+03   2.01193e+00   2.48114e+02   2.48167e+02
          6852   6.85200e+03   2.11664e+00   2.47947e+02   2.48000e+02
          6853   6.85300e+03   2.19809e+00   2.47778e+02   2.47833e+02
          6854   6.85400e+03   2.26074e+00   2.47609e+02   2.47667e+02
          6855   6.85500e+03   2.30759e+00   2.47439e+02   2.47500e+02
          6856   6.85600e+03   2.34212e+00   2.47270e+02   2.47333e+02
          6857   6.85700e+03   2.36635e+00   2.47100e+02   2.47167e+02
          6858   6.85800e+03   2.38266e+00   2.46931e+02   2.47000e+02
          6859   6.85900e+03   2.39262e+00   2.46763e+02   2.46833e+02
          6860   6.86000e+03   2.39662e+00   2.46595e+02   2.46667e+02
          6861   6.86100e+03   2.39850e+00   2.46427e+02   2.46500e+02
          6862   6.86200e+03   2.39771e+00   2.46260e+02   2.46333e+02
          6863   6.86300e+03   2.39496e+00   2.46093e+02   2.46167e+02
          6864   6.86400e+03   2.39010e+00   2.45927e+02   2.46000e+02
          6865   6.86500e+03   2.38477e+00   2.45761e+02   2.45833e+02
          6866   6.86600e+03   2.37943e+00   2.45595e+02   2.45667e+02
          6867   6.86700e+03   2.37447e+00   2.45430e+02   2.45500e+02
          6868   6.86800e+03   2.36937e+00   2.45265e+02   2.45333e+02
          6869   6.86900e+03   2.36432e+00   2.45101e+02   2.45167e+02
          6870   6.87000e+03   2.35904e+00   2.44936e+02   2.45000e+02
          6871   6.87100e+03   2.35454e+00   2.44772e+02   2.44833e+02
          6872   6.87200e+03   2.35039e+00   2.44608e+02   2.44667e+02
          6873   6.87300e+03   2.34667e+00   2.44444e+02   2.44500e+02
          6874   6.87400e+03   2.34338e+00   2.44280e+02   2.44333e+02
          6875   6.87500e+03   2.34051e+00   2.44117e+02   2.44167e+02
          6876   6.87600e+03   2.33802e+00   2.43953e+02   2.44000e+02
          6877   6.87700e+03   2.33595e+00   2.43789e+02   2.43833e+02
          6878   6.87800e+03   2.33423e+00   2.43626e+02   2.43667e+02
          6879   6.87900e+03   2.33334e+00   2.43462e+02   2.43500e+02
          6880   6.88000e+03   2.33227e+00   2.43299e+02   2.43333e+02
          6881   6.88100e+03   2.33155e+00   2.43135e+02   2.43167e+02
          6882   6.88200e+03   2.33117e+00   2.42972e+02   2.43000e+02
          6883   6.88300e+03   2.33104e+00   2.42808e+02   2.42833e+02
          6884   6.88400e+03   2.33117e+00   2.42644e+02   2.42667e+02
          6885   6.88500e+03   2.33148e+00   2.42481e+02   2.42500e+02
          6886   6.88600e+03   2.33197e+00   2.42317e+02   2.42333e+02
          6887   6.88700e+03   2.33262e+00   2.42153e+02   2.42167e+02
          6888   6.88800e+03   2.33338e+00   2.41989e+02   2.42000e+02
          6889   6.88900e+03   2.33428e+00   2.41825e+02   2.41833e+02
          6890   6.89000e+03   2.33522e+00   2.41661e+02   2.41667e+02
          6891   6.89100e+03   2.33619e+00   2.41497e+02   2.41500e+02
          6892   6.89200e+03   2.33723e+00   2.41333e+02   2.41333e+02
          6893   6.89300e+03   2.33830e+00   2.41169e+02   2.41167e+02
          6894   6.89400e+03   2.33943e+00   2.41004e+02   2.41000e+02
          6895   6.89500e+03   2.34055e+00   2.40840e+02   2.40833e+02
          6896   6.89600e+03   2.34173e+00   2.40675e+02   2.40667e+02
          6897   6.89700e+03   2.34292e+00   2.40511e+02   2.40500e+02
          6898   6.89800e+03   2.34409e+00   2.40346e+02   2.40333e+02
          6899   6.89900e+03   2.34526e+00   2.40181e+02   2.40167e+02
          6900   6.90000e+03   2.34642e+00   2.40016e+02   2.40000e+02
          6901   6.90100e+03   2.34759e+00   2.39851e+02   2.39833e+02
          6902   6.90200e+03   2.34872e+00   2.39686e+02   2.39667e+02
          6903   6.90300e+03   2.34985e+00   2.39521e+02   2.39500e+02
          6904   6.90400e+03   2.35100e+00   2.39356e+02   2.39333e+02
          6905   6.90500e+03   2.35208e+00   2.39191e+02   2.39167e+02
          6906   6.90600e+03   2.35316e+00   2.39025e+02   2.39000e+02
          6907   6.90700e+03   2.35423e+00   2.38860e+02   2.38833e+02
          6908   6.90800e+03   2.35529e+00   2.38694e+02   2.38667e+02
          6909   6.90900e+03   2.35632e+00   2.38528e+02   2.38500e+02
          6910   6.91000e+03   2.35729e+00   2.38363e+02   2.38333e+02
          6911   6.91100e+03   2.35825e+00   2.38197e+02   2.38167e+02
          6912   6.91200e+03   2.35917e+00   2.38031e+02   2.38000e+02
          6913   6.91300e+03   2.36004e+00   2.37865e+02   2.37833e+02
          6914   6.91400e+03   2.36087e+00   2.37699e+02   2.37667e+02
          6915   6.91500e+03   2.36164e+00   2.37533e+02   2.37500e+02
          6916   6.91600e+03   2.36241e+00   2.37367e+02   2.37333e+02
          6917   6.91700e+03   2.36314e+00   2.37201e+02   2.37167e+02
          6918   6.91800e+03   2.36383e+00   2.37035e+02   2.37000e+02
          6919   6.91900e+03   2.36450e+00   2.36868e+02   2.36833e+02
          6920   6.92000e+03   2.36513e+00   2.36702e+02   2.36667e+02
          6921   6.92100e+03   2.36573e+00   2.36536e+02   2.36500e+02
          6922   6.92200e+03   2.36630e+00   2.36369e+02   2.36333e+02
          6923   6.92300e+03   2.36685e+00   2.36203e+02   2.36167e+02
          6924   6.92400e+03   2.36742e+00   2.36036e+02   2.36000e+02
          6925   6.92500e+03   2.36791e+00   2.35870e+02   2.35833e+02
          6926   6.92600e+03   2.36838e+00   2.35703e+02   2.35667e+02
          6927   6.92700e+03   2.36882e+00   2.35537e+02   2.35500e+02
          6928   6.92800e+03   2.36926e+00   2.35370e+02   2.35333e+02
          6929   6.92900e+03   2.36963e+00   2.35203e+02   2.35167e+02
          6930   6.93000e+03   2.37001e+00   2.35037e+02   2.35000e+02
          6931   6.93100e+03   2.37035e+00   2.34870e+02   2.34833e+02
          6932   6.93200e+03   2.37067e+00   2.34703e+02   2.34667e+02
          6933   6.93300e+03   2.37096e+00   2.34536e+02   2.34500e+02
          6934   6.93400e+03   2.37133e+00   2.34369e+02   2.34333e+02
          6935   6.93500e+03   2.37190e+00   2.34203e+02   2.34167e+02
          6936   6.93600e+03   2.37252e+00   2.34036e+02   2.34000e+02
          6937   6.93700e+03   2.37302e+00   2.33869e+02   2.33833e+02
          6938   6.93800e+03   2.37333e+00   2.33702e+02   2.33667e+02
          6939   6.93900e+03   2.37433e+00   2.33535e+02   2.33500e+02
          6940   6.94000e+03   2.37548e+00   2.33368e+02   2.33333e+02
          6941   6.94100e+03   2.37450e+00   2.33201e+02   2.33167e+02
          6942   6.94200e+03   2.37334e+00   2.33035e+02   2.33000e+02
          6943   6.94300e+03   2.37229e+00   2.32868e+02   2.32833e+02
          6944   6.94400e+03   2.37149e+00   2.32701e+02   2.32667e+02
          6945   6.94500e+03   2.37066e+00   2.32534e+02   2.32500e+02
          6946   6.94600e+03   2.36992e+00   2.32367e+02   2.32333e+02
          6947   6.94700e+03   2.36936e+00   2.32200e+02   2.32167e+02
          6948   6.94800e+03   2.36900e+00   2.32033e+02   2.32000e+02
          6949   6.94900e+03   2.36880e+00   2.31866e+02   2.31833e+02
          6950   6.95000e+03   2.36878e+00   2.31699e+02   2.31667e+02
          6951   6.95100e+03   2.36885e+00   2.31532e+02   2.31500e+02
          6952   6.95200e+03   2.36904e+00   2.31365e+02   2.31333e+02
          6953   6.95300e+03   2.36925e+00   2.31198e+02   2.31167e+02
          6954   6.95400e+03   2.36945e+00   2.31031e+02   2.31000e+02
          6955   6.95500e+03   2.36961e+00   2.30863e+02   2.30833e+02
          6956   6.95600e+03   2.36976e+00   2.30696e+02   2.30667e+02
          6957   6.95700e+03   2.36987e+00   2.30529e+02   2.30500e+02
          6958   6.95800e+03   2.36995e+00   2.30362e+02   2.30333e+02
          6959   6.95900e+03   2.36999e+00   2.30195e+02   2.30167e+02
          6960   6.96000e+03   2.36997e+00   2.30027e+02   2.30000e+02
          6961   6.96100e+03   2.36985e+00   2.29860e+02   2.29833e+02
          6962   6.96200e+03   2.36972e+00   2.29693e+02   2.29667e+02
          6963   6.96300e+03   2.36952e+00   2.29526e+02   2.29500e+02
          6964   6.96400e+03   2.36926e+00   2.29358e+02   2.29333e+02
          6965   6.96500e+03   2.36897e+00   2.29191e+02   2.29167e+02
          6966   6.96600e+03   2.36864e+00   2.29024e+02   2.29000e+02
          6967   6.96700e+03   2.36829e+00   2.28857e+02   2.28833e+02
          6968   6.96800e+03   2.36789e+00   2.28689e+02   2.28667e+02
          6969   6.96900e+03   2.36754e+00   2.28522e+02   2.28500e+02
          6970   6.97000e+03   2.36719e+00   2.28355e+02   2.28333e+02
          6971   6.97100e+03   2.36682e+00   2.28188e+02   2.28167e+02
          6972   6.97200e+03   2.36648e+00   2.28020e+02   2.28000e+02
          6973   6.97300e+03   2.36616e+00   2.27853e+02   2.27833e+02
          6974   6.97400e+03   2.36581e+00   2.27686e+02   2.27667e+02
          6975   6.97500e+03   2.36551e+00   2.27519e+02   2.27500e+02
          6976   6.97600e+03   2.36525e+00   2.27352e+02   2.27333e+02
          6977   6.97700e+03   2.36499e+00   2.27184e+02   2.27167e+02
          6978   6.97800e+03   2.36468e+00   2.27017e+02   2.27000e+02
          6979   6.97900e+03   2.36440e+00   2.26850e+02   2.26833e+02
          6980   6.98000e+03   2.36415e+00   2.26683e+02   2.26667e+02
          6981   6.98100e+03   2.36383e+00   2.26516e+02   2.26500e+02
          6982   6.98200e+03   2.36352e+00   2.26348e+02   2.26333e+02
          6983   6.98300e+03   2.36326e+00   2.26181e+02   2.26167e+02
          6984   6.98400e+03   2.36298e+00   2.26014e+02   2.26000e+02
          6985   6.98500e+03   2.36263e+00   2.25847e+02   2.25833e+02
          6986   6.98600e+03   2.36231e+00   2.25680e+02   2.25667e+02
          6987   6.98700e+03   2.36201e+00   2.25513e+02   2.25500e+02
          6988   6.98800e+03   2.36167e+00   2.25345e+02   2.25333e+02
          6989   6.98900e+03   2.36133e+00   2.25178e+02   2.25167e+02
          6990   6.99000e+03   2.36103e+00   2.25011e+02   2.25000e+02
          6991   6.99100e+03   2.36075e+00   2.24844e+02   2.24833e+02
          6992   6.99200e+03   2.36040e+00   2.24677e+02   2.24667e+02
          6993   6.99300e+03   2.36008e+00   2.24510e+02   2.24500e+02
          6994   6.99400e+03   2.35982e+00   2.24342e+02   2.24333e+02
          6995   6.99500e+03   2.35951e+00   2.24175e+02   2.24167e+02
          6996   6.99600e+03   2.35922e+00   2.24008e+02   2.24000e+02
          6997   6.99700e+03   2.35896e+00   2.23841e+02   2.23833e+02
          6998   6.99800e+03   2.35863e+00   2.23674e+02   2.23667e+02
          6999   6.99900e+03   2.35830e+00   2.23507e+02   2.23500e+02
          7000   7.00000e+03   2.35792e+00   2.23339e+02   2.23333e+02
          7001   7.00100e+03   2.35755e+00   2.23172e+02   2.23167e+02
          7002   7.00200e+03   2.35715e+00   2.23005e+02   2.23000e+02
          7003   7.00300e+03   2.35668e+00   2.22838e+02   2.22833e+02
          7004   7.00400e+03   2.35625e+00   2.22671e+02   2.22667e+02
          7005   7.00500e+03   2.35578e+00   2.22504e+02   2.22500e+02
          7006   7.00600e+03   2.35529e+00   2.22337e+02   2.22333e+02
          7007   7.00700e+03   2.35486e+00   2.22169e+02   2.22167e+02
          7008   7.00800e+03   2.35443e+00   2.22002e+02   2.22000e+02
          7009   7.00900e+03   2.35399e+00   2.21835e+02   2.21833e+02
          7010   7.01000e+03   2.35357e+00   2.21668e+02   2.21667e+02
          7011   7.01100e+03   2.35313e+00   2.21501e+02   2.21500e+02
          7012   7.01200e+03   2.35275e+00   2.21334e+02   2.21333e+02
          7013   7.01300e+03   2.35229e+00   2.21167e+02   2.21167e+02
          7014   7.01400e+03   2.35183e+00   2.21000e+02   2.21000e+02
          7015   7.01500e+03   2.35137e+00   2.20833e+02   2.20833e+02
          7016   7.01600e+03   2.35089e+00   2.20666e+02   2.20667e+02
          7017   7.01700e+03   2.35039e+00   2.20499e+02   2.20500e+02
          7018   7.01800e+03   2.34988e+00   2.20332e+02   2.20333e+02
          7019   7.01900e+03   2.34935e+00   2.20165e+02   2.20167e+02
          7020   7.02000e+03   2.34880e+00   2.19998e+02   2.20000e+02
          7021   7.02100e+03   2.34823e+00   2.19831e+02   2.19833e+02
          7022   7.02200e+03   2.34773e+00   2.19664e+02   2.19667e+02
          7023   7.02300e+03   2.34722e+00   2.19497e+02   2.19500e+02
          7024   7.02400e+03   2.34671e+00   2.19330e+02   2.19333e+02
          7025   7.02500e+03   2.34619e+00   2.19163e+02   2.19167e+02
          7026   7.02600e+03   2.34571e+00   2.18996e+02   2.19000e+02
          7027   7.02700e+03   2.34523e+00   2.18829e+02   2.18833e+02
          7028   7.02800e+03   2.34475e+00   2.18662e+02   2.18667e+02
          7029   7.02900e+03   2.34428e+00   2.18495e+02   2.18500e+02
          7030   7.03000e+03   2.34382e+00   2.18328e+02   2.18333e+02
          7031   7.03100e+03   2.34331e+00   2.18161e+02   2.18167e+02
          7032   7.03200e+03   2.34282e+00   2.17994e+02   2.18000e+02
          7033   7.03300e+03   2.34236e+00   2.17827e+02   2.17833e+02
          7034   7.03400e+03   2.34191e+00   2.17661e+02   2.17667e+02
          7035   7.03500e+03   2.34148e+00   2.17494e+02   2.17500e+02
          7036   7.03600e+03   2.34109e+00   2.17327e+02   2.17333e+02
          7037   7.03700e+03   2.34071e+00   2.17160e+02   2.17167e+02
          7038   7.03800e+03   2.34035e+00   2.16993e+02   2.17000e+02
          7039   7.03900e+03   2.34001e+00   2.16826e+02   2.16833e+02
          7040   7.04000e+03   2.33969e+00   2.16659e+02   2.16667e+02
          7041   7.04100e+03   2.33939e+00   2.16492e+02   2.16500e+02
          7042   7.04200e+03   2.33911e+00   2.16326e+02   2.16333e+02
          7043   7.04300e+03   2.33881e+00   2.16159e+02   2.16167e+02
          7044   7.04400e+03   2.33852e+00   2.15992e+02   2.16000e+02
          7045   7.04500e+03   2.33820e+00   2.15825e+02   2.15833e+02
          7046   7.04600e+03   2.33792e+00   2.15658e+02   2.15667e+02
          7047   7.04700e+03   2.33760e+00   2.15491e+02   2.15500e+02
          7048   7.04800e+03   2.33727e+00   2.15324e+02   2.15333e+02
          7049   7.04900e+03   2.33693e+00   2.15158e+02   2.15167e+02
          7050   7.05000e+03   2.33655e+00   2.14991e+02   2.15000e+02
          7051   7.05100e+03   2.33615e+00   2.14824e+02   2.14833e+02
          7052   7.05200e+03   2.33574e+00   2.14657e+02   2.14667e+02
          7053   7.05300e+03   2.33534e+00   2.14490e+02   2.14500e+02
          7054   7.05400e+03   2.33491e+00   2.14323e+02   2.14333e+02
          7055   7.05500e+03   2.33445e+00   2.14156e+02   2.14167e+02
          7056   7.05600e+03   2.33403e+00   2.13990e+02   2.14000e+02
          7057   7.05700e+03   2.33359e+00   2.13823e+02   2.13833e+02
          7058   7.05800e+03   2.33314e+00   2.13656e+02   2.13667e+02
          7059   7.05900e+03   2.33272e+00   2.13489e+02   2.13500e+02
          7060   7.06000e+03   2.33225e+00   2.13322e+02   2.13333e+02
          7061   7.06100e+03   2.33178e+00   2.13155e+02   2.13167e+02
          7062   7.06200e+03   2.33129e+00   2.12989e+02   2.13000e+02
          7063   7.06300e+03   2.33081e+00   2.12822e+02   2.12833e+02
          7064   7.06400e+03   2.33033e+00   2.12655e+02   2.12667e+02
          7065   7.06500e+03   2.32984e+00   2.12488e+02   2.12500e+02
          7066   7.06600e+03   2.32934e+00   2.12322e+02   2.12333e+02
          7067   7.06700e+03   2.32885e+00   2.12155e+02   2.12167e+02
          7068   7.06800e+03   2.32832e+00   2.11988e+02   2.12000e+02
          7069   7.06900e+03   2.32781e+00   2.11821e+02   2.11833e+02
          7070   7.07000e+03   2.32734e+00   2.11654e+02   2.11667e+02
          7071   7.07100e+03   2.32687e+00   2.11488e+02   2.11500e+02
          7072   7.07200e+03   2.32641e+00   2.11321e+02   2.11333e+02
          7073   7.07300e+03   2.32591e+00   2.11154e+02   2.11167e+02
          7074   7.07400e+03   2.32537e+00   2.10987e+02   2.11000e+02
          7075   7.07500e+03   2.32485e+00   2.10821e+02   2.10833e+02
          7076   7.07600e+03   2.32436e+00   2.10654e+02   2.10667e+02
          7077   7.07700e+03   2.32388e+00   2.10487e+02   2.10500e+02
          7078   7.07800e+03   2.32340e+00   2.10321e+02   2.10333e+02
          7079   7.07900e+03   2.32287e+00   2.10154e+02   2.10167e+02
          7080   7.08000e+03   2.32233e+00   2.09987e+02   2.10000e+02
          7081   7.08100e+03   2.32179e+00   2.09820e+02   2.09833e+02
          7082   7.08200e+03   2.32127e+00   2.09654e+02   2.09667e+02
          7083   7.08300e+03   2.32075e+00   2.09487e+02   2.09500e+02
          7084   7.08400e+03   2.32022e+00   2.09320e+02   2.09333e+02
          7085   7.08500e+03   2.31963e+00   2.09154e+02   2.09167e+02
          7086   7.08600e+03   2.31909e+00   2.08987e+02   2.09000e+02
          7087   7.08700e+03   2.31856e+00   2.08820e+02   2.08833e+02
          7088   7.08800e+03   2.31806e+00   2.08654e+02   2.08667e+02
          7089   7.08900e+03   2.31760e+00   2.08487e+02   2.08500e+02
          7090   7.09000e+03   2.31714e+00   2.08320e+02   2.08333e+02
          7091   7.09100e+03   2.31671e+00   2.08154e+02   2.08167e+02
          7092   7.09200e+03   2.31636e+00   2.07987e+02   2.08000e+02
          7093   7.09300e+03   2.31602e+00   2.07821e+02   2.07833e+02
          7094   7.09400e+03   2.31572e+00   2.07654e+02   2.07667e+02
          7095   7.09500e+03   2.31542e+00   2.07487e+02   2.07500e+02
          7096   7.09600e+03   2.31515e+00   2.07321e+02   2.07333e+02
          7097   7.09700e+03   2.31486e+00   2.07154e+02   2.07167e+02
          7098   7.09800e+03   2.31461e+00   2.06988e+02   2.07000e+02
          7099   7.09900e+03   2.31438e+00   2.06821e+02   2.06833e+02
          7100   7.10000e+03   2.31410e+00   2.06654e+02   2.06667e+02
          7101   7.10100e+03   2.31379e+00   2.06488e+02   2.06500e+02
          7102   7.10200e+03   2.31350e+00   2.06321e+02   2.06333e+02
          7103   7.10300e+03   2.31319e+00   2.06154e+02   2.06167e+02
          7104   7.10400e+03   2.31288e+00   2.05987e+02   2.06000e+02
          7105   7.10500e+03   2.31252e+00   2.05821e+02   2.05833e+02
          7106   7.10600e+03   2.31209e+00   2.05654e+02   2.05667e+02
          7107   7.10700e+03   2.31164e+00   2.05487e+02   2.05500e+02
          7108   7.10800e+03   2.31112e+00   2.05320e+02   2.05333e+02
          7109   7.10900e+03   2.31063e+00   2.05154e+02   2.05167e+02
          7110   7.11000e+03   2.31011e+00   2.04987e+02   2.05000e+02
          7111   7.11100e+03   2.30958e+00   2.04820e+02   2.04833e+02
          7112   7.11200e+03   2.30902e+00   2.04654e+02   2.04667e+02
          7113   7.11300e+03   2.30847e+00   2.04487e+02   2.04500e+02
          7114   7.11400e+03   2.30794e+00   2.04320e+02   2.04333e+02
          7115   7.11500e+03   2.30744e+00   2.04154e+02   2.04167e+02
          7116   7.11600e+03   2.30689e+00   2.03987e+02   2.04000e+02
          7117   7.11700e+03   2.30637e+00   2.03820e+02   2.03833e+02
          7118   7.11800e+03   2.30585e+00   2.03653e+02   2.03667e+02
          7119   7.11900e+03   2.30535e+00   2.03487e+02   2.03500e+02
          7120   7.12000e+03   2.30483e+00   2.03320e+02   2.03333e+02
          7121   7.12100e+03   2.30434e+00   2.03153e+02   2.03167e+02
          7122   7.12200e+03   2.30382e+00   2.02987e+02   2.03000e+02
          7123   7.12300e+03   2.30331e+00   2.02820e+02   2.02833e+02
          7124   7.12400e+03   2.30282e+00   2.02653e+02   2.02667e+02
          7125   7.12500e+03   2.30233e+00   2.02487e+02   2.02500e+02
          7126   7.12600e+03   2.30186e+00   2.02320e+02   2.02333e+02
          7127   7.12700e+03   2.30138e+00   2.02153e+02   2.02167e+02
          7128   7.12800e+03   2.30091e+00   2.01987e+02   2.02000e+02
          7129   7.12900e+03   2.30045e+00   2.01820e+02   2.01833e+02
          7130   7.13000e+03   2.29997e+00   2.01653e+02   2.01667e+02
          7131   7.13100e+03   2.29951e+00   2.01487e+02   2.01500e+02
          7132   7.13200e+03   2.29903e+00   2.01320e+02   2.01333e+02
          7133   7.13300e+03   2.29856e+00   2.01153e+02   2.01167e+02
          7134   7.13400e+03   2.29812e+00   2.00987e+02   2.01000e+02
          7135   7.13500e+03   2.29767e+00   2.00820e+02   2.00833e+02
          7136   7.13600e+03   2.29724e+00   2.00653e+02   2.00667e+02
          7137   7.13700e+03   2.29681e+00   2.00487e+02   2.00500e+02
          7138   7.13800e+03   2.29639e+00   2.00320e+02   2.00333e+02
          7139   7.13900e+03   2.29595e+00   2.00153e+02   2.00167e+02
          7140   7.14000e+03   2.29557e+00   1.99987e+02   2.00000e+02
          7141   7.14100e+03   2.29518e+00   1.99820e+02   1.99833e+02
          7142   7.14200e+03   2.29478e+00   1.99654e+02   1.99667e+02
          7143   7.14300e+03   2.29437e+00   1.99487e+02   1.99500e+02
          7144   7.14400e+03   2.29397e+00   1.99320e+02   1.99333e+02
          7145   7.14500e+03   2.29359e+00   1.99154e+02   1.99167e+02
          7146   7.14600e+03   2.29321e+00   1.98987e+02   1.99000e+02
          7147   7.14700e+03   2.29281e+00   1.98820e+02   1.98833e+02
          7148   7.14800e+03   2.29246e+00   1.98654e+02   1.98667e+02
          7149   7.14900e+03   2.29210e+00   1.98487e+02   1.98500e+02
          7150   7.15000e+03   2.29173e+00   1.98320e+02   1.98333e+02
          7151   7.15100e+03   2.29139e+00   1.98154e+02   1.98167e+02
          7152   7.15200e+03   2.29107e+00   1.97987e+02   1.98000e+02
          7153   7.15300e+03   2.29073e+00   1.97821e+02   1.97833e+02
          7154   7.15400e+03   2.29036e+00   1.97654e+02   1.97667e+02
          7155   7.15500e+03   2.28999e+00   1.97487e+02   1.97500e+02
          7156   7.15600e+03   2.28964e+00   1.97321e+02   1.97333e+02
          7157   7.15700e+03   2.28928e+00   1.97154e+02   1.97167e+02
          7158   7.15800e+03   2.28891e+00   1.96987e+02   1.97000e+02
          7159   7.15900e+03   2.28860e+00   1.96821e+02   1.96833e+02
          7160   7.16000e+03   2.28826e+00   1.96654e+02   1.96667e+02
          7161   7.16100e+03   2.28790e+00   1.96487e+02   1.96500e+02
          7162   7.16200e+03   2.28759e+00   1.96321e+02   1.96333e+02
          7163   7.16300e+03   2.28731e+00   1.96154e+02   1.96167e+02
          7164   7.16400e+03   2.28702e+00   1.95987e+02   1.96000e+02
          7165   7.16500e+03   2.28671e+00   1.95821e+02   1.95833e+02
          7166   7.16600e+03   2.28638e+00   1.95654e+02   1.95667e+02
          7167   7.16700e+03   2.28602e+00   1.95487e+02   1.95500e+02
          7168   7.16800e+03   2.28567e+00   1.95321e+02   1.95333e+02
          7169   7.16900e+03   2.28529e+00   1.95154e+02   1.95167e+02
          7170   7.17000e+03   2.28493e+00   1.94987e+02   1.95000e+02
          7171   7.17100e+03   2.28454e+00   1.94821e+02   1.94833e+02
          7172   7.17200e+03   2.28411e+00   1.94654e+02   1.94667e+02
          7173   7.17300e+03   2.28369e+00   1.94487e+02   1.94500e+02
          7174   7.17400e+03   2.28328e+00   1.94320e+02   1.94333e+02
          7175   7.17500e+03   2.28286e+00   1.94154e+02   1.94167e+02
          7176   7.17600e+03   2.28245e+00   1.93987e+02   1.94000e+02
          7177   7.17700e+03   2.28194e+00   1.93821e+02   1.93833e+02
          7178   7.17800e+03   2.28148e+00   1.93654e+02   1.93667e+02
          7179   7.17900e+03   2.28100e+00   1.93487e+02   1.93500e+02
          7180   7.18000e+03   2.28049e+00   1.93321e+02   1.93333e+02
          7181   7.18100e+03   2.27999e+00   1.93154e+02   1.93167e+02
          7182   7.18200e+03   2.27950e+00   1.92987e+02   1.93000e+02
          7183   7.18300e+03   2.27896e+00   1.92821e+02   1.92833e+02
          7184   7.18400e+03   2.27848e+00   1.92654e+02   1.92667e+02
          7185   7.18500e+03   2.27799e+00   1.92487e+02   1.92500e+02
          7186   7.18600e+03   2.27754e+00   1.92321e+02   1.92333e+02
          7187   7.18700e+03   2.27704e+00   1.92154e+02   1.92167e+02
          7188   7.18800e+03   2.27653e+00   1.91987e+02   1.92000e+02
          7189   7.18900e+03   2.27607e+00   1.91821e+02   1.91833e+02
          7190   7.19000e+03   2.27558e+00   1.91654e+02   1.91667e+02
          7191   7.19100e+03   2.27504e+00   1.91488e+02   1.91500e+02
          7192   7.19200e+03   2.27456e+00   1.91321e+02   1.91333e+02
          7193   7.19300e+03   2.27400e+00   1.91154e+02   1.91167e+02
          7194   7.19400e+03   2.27347e+00   1.90988e+02   1.91000e+02
          7195   7.19500e+03   2.27289e+00   1.90821e+02   1.90833e+02
          7196   7.19600e+03   2.27235e+00   1.90655e+02   1.90667e+02
          7197   7.19700e+03   2.27190e+00   1.90488e+02   1.90500e+02
          7198   7.19800e+03   2.27137e+00   1.90321e+02   1.90333e+02
          7199   7.19900e+03   2.27088e+00   1.90155e+02   1.90167e+02
          7200   7.20000e+03   2.27042e+00   1.89988e+02   1.90000e+02
          7201   7.20100e+03   2.26996e+00   1.89821e+02   1.89833e+02
          7202   7.20200e+03   2.26954e+00   1.89655e+02   1.89667e+02
          7203   7.20300e+03   2.26910e+00   1.89488e+02   1.89500e+02
          7204   7.20400e+03   2.26870e+00   1.89322e+02   1.89333e+02
          7205   7.20500e+03   2.26830e+00   1.89155e+02   1.89167e+02
          7206   7.20600e+03   2.26787e+00   1.88988e+02   1.89000e+02
          7207   7.20700e+03   2.26749e+00   1.88822e+02   1.88833e+02
          7208   7.20800e+03   2.26709e+00   1.88655e+02   1.88667e+02
          7209   7.20900e+03   2.26670e+00   1.88488e+02   1.88500e+02
          7210   7.21000e+03   2.26630e+00   1.88322e+02   1.88333e+02
          7211   7.21100e+03   2.26590e+00   1.88155e+02   1.88167e+02
          7212   7.21200e+03   2.26551e+00   1.87988e+02   1.88000e+02
          7213   7.21300e+03   2.26515e+00   1.87822e+02   1.87833e+02
          7214   7.21400e+03   2.26475e+00   1.87655e+02   1.87667e+02
          7215   7.21500e+03   2.26436e+00   1.87489e+02   1.87500e+02
          7216   7.21600e+03   2.26394e+00   1.87322e+02   1.87333e+02
          7217   7.21700e+03   2.26356e+00   1.87155e+02   1.87167e+02
          7218   7.21800e+03   2.26318e+00   1.86989e+02   1.87000e+02
          7219   7.21900e+03   2.26278e+00   1.86822e+02   1.86833e+02
          7220   7.22000e+03   2.26236e+00   1.86655e+02   1.86667e+02
          7221   7.22100e+03   2.26193e+00   1.86489e+02   1.86500e+02
          7222   7.22200e+03   2.26145e+00   1.86322e+02   1.86333e+02
          7223   7.22300e+03   2.26100e+00   1.86155e+02   1.86167e+02
          7224   7.22400e+03   2.26054e+00   1.85989e+02   1.86000e+02
          7225   7.22500e+03   2.26009e+00   1.85822e+02   1.85833e+02
          7226   7.22600e+03   2.25962e+00   1.85656e+02   1.85667e+02
          7227   7.22700e+03   2.25914e+00   1.85489e+02   1.85500e+02
          7228   7.22800e+03   2.25866e+00   1.85322e+02   1.85333e+02
          7229   7.22900e+03   2.25820e+00   1.85156e+02   1.85167e+02
          7230   7.23000e+03   2.25772e+00   1.84989e+02   1.85000e+02
          7231   7.23100e+03   2.25725e+00   1.84822e+02   1.84833e+02
          7232   7.23200e+03   2.25680e+00   1.84656e+02   1.84667e+02
          7233   7.23300e+03   2.25632e+00   1.84489e+02   1.84500e+02
          7234   7.23400e+03   2.25582e+00   1.84322e+02   1.84333e+02
          7235   7.23500e+03   2.25533e+00   1.84156e+02   1.84167e+02
          7236   7.23600e+03   2.25486e+00   1.83989e+02   1.84000e+02
          7237   7.23700e+03   2.25444e+00   1.83823e+02   1.83833e+02
          7238   7.23800e+03   2.25402e+00   1.83656e+02   1.83667e+02
          7239   7.23900e+03   2.25359e+00   1.83489e+02   1.83500e+02
          7240   7.24000e+03   2.25314e+00   1.83323e+02   1.83333e+02
          7241   7.24100e+03   2.25269e+00   1.83156e+02   1.83167e+02
          7242   7.24200e+03   2.25227e+00   1.82989e+02   1.83000e+02
          7243   7.24300e+03   2.25184e+00   1.82823e+02   1.82833e+02
          7244   7.24400e+03   2.25139e+00   1.82656e+02   1.82667e+02
          7245   7.24500e+03   2.25094e+00   1.82490e+02   1.82500e+02
          7246   7.24600e+03   2.25044e+00   1.82323e+02   1.82333e+02
          7247   7.24700e+03   2.24996e+00   1.82156e+02   1.82167e+02
          7248   7.24800e+03   2.24952e+00   1.81990e+02   1.82000e+02
          7249   7.24900e+03   2.24912e+00   1.81823e+02   1.81833e+02
          7250   7.25000e+03   2.24871e+00   1.81656e+02   1.81667e+02
          7251   7.25100e+03   2.24830e+00   1.81490e+02   1.81500e+02
          7252   7.25200e+03   2.24792e+00   1.81323e+02   1.81333e+02
          7253   7.25300e+03   2.24755e+00   1.81156e+02   1.81167e+02
          7254   7.25400e+03   2.24717e+00   1.80990e+02   1.81000e+02
          7255   7.25500e+03   2.24685e+00   1.80823e+02   1.80833e+02
          7256   7.25600e+03   2.24651e+00   1.80657e+02   1.80667e+02
          7257   7.25700e+03   2.24615e+00   1.80490e+02   1.80500e+02
          7258   7.25800e+03   2.24581e+00   1.80323e+02   1.80333e+02
          7259   7.25900e+03   2.24544e+00   1.80157e+02   1.80167e+02
          7260   7.26000e+03   2.24510e+00   1.79990e+02   1.80000e+02
          7261   7.26100e+03   2.24476e+00   1.79823e+02   1.79833e+02
          7262   7.26200e+03   2.24441e+00   1.79657e+02   1.79667e+02
          7263   7.26300e+03   2.24409e+00   1.79490e+02   1.79500e+02
          7264   7.26400e+03   2.24371e+00   1.79323e+02   1.79333e+02
          7265   7.26500e+03   2.24333e+00   1.79157e+02   1.79167e+02
          7266   7.26600e+03   2.24297e+00   1.78990e+02   1.79000e+02
          7267   7.26700e+03   2.24259e+00   1.78823e+02   1.78833e+02
          7268   7.26800e+03   2.24220e+00   1.78657e+02   1.78667e+02
          7269   7.26900e+03   2.24177e+00   1.78490e+02   1.78500e+02
          7270   7.27000e+03   2.24134e+00   1.78323e+02   1.78333e+02
          7271   7.27100e+03   2.24094e+00   1.78157e+02   1.78167e+02
          7272   7.27200e+03   2.24049e+00   1.77990e+02   1.78000e+02
          7273   7.27300e+03   2.24005e+00   1.77823e+02   1.77833e+02
          7274   7.27400e+03   2.23965e+00   1.77657e+02   1.77667e+02
          7275   7.27500e+03   2.23922e+00   1.77490e+02   1.77500e+02
          7276   7.27600e+03   2.23878e+00   1.77324e+02   1.77333e+02
          7277   7.27700e+03   2.23838e+00   1.77157e+02   1.77167e+02
          7278   7.27800e+03   2.23798e+00   1.76990e+02   1.77000e+02
          7279   7.27900e+03   2.23755e+00   1.76824e+02   1.76833e+02
          7280   7.28000e+03   2.23710e+00   1.76657e+02   1.76667e+02
          7281   7.28100e+03   2.23669e+00   1.76490e+02   1.76500e+02
          7282   7.28200e+03   2.23625e+00   1.76324e+02   1.76333e+02
          7283   7.28300e+03   2.23581e+00   1.76157e+02   1.76167e+02
          7284   7.28400e+03   2.23536e+00   1.75990e+02   1.76000e+02
          7285   7.28500e+03   2.23490e+00   1.75824e+02   1.75833e+02
          7286   7.28600e+03   2.23443e+00   1.75657e+02   1.75667e+02
          7287   7.28700e+03   2.23400e+00   1.75491e+02   1.75500e+02
          7288   7.28800e+03   2.23358e+00   1.75324e+02   1.75333e+02
          7289   7.28900e+03   2.23316e+00   1.75157e+02   1.75167e+02
          7290   7.29000e+03   2.23273e+00   1.74991e+02   1.75000e+02
          7291   7.29100e+03   2.23231e+00   1.74824e+02   1.74833e+02
          7292   7.29200e+03   2.23187e+00   1.74658e+02   1.74667e+02
          7293   7.29300e+03   2.23148e+00   1.74491e+02   1.74500e+02
          7294   7.29400e+03   2.23108e+00   1.74324e+02   1.74333e+02
          7295   7.29500e+03   2.23068e+00   1.74158e+02   1.74167e+02
          7296   7.29600e+03   2.23029e+00   1.73991e+02   1.74000e+02
          7297   7.29700e+03   2.22987e+00   1.73824e+02   1.73833e+02
          7298   7.29800e+03   2.22946e+00   1.73658e+02   1.73667e+02
          7299   7.29900e+03   2.22901e+00   1.73491e+02   1.73500e+02
          7300   7.30000e+03   2.22859e+00   1.73324e+02   1.73333e+02
          7301   7.30100e+03   2.22821e+00   1.73158e+02   1.73167e+02
          7302   7.30200e+03   2.22777e+00   1.72991e+02   1.73000e+02
          7303   7.30300e+03   2.22732e+00   1.72825e+02   1.72833e+02
          7304   7.30400e+03   2.22687e+00   1.72658e+02   1.72667e+02
          7305   7.30500e+03   2.22647e+00   1.72491e+02   1.72500e+02
          7306   7.30600e+03   2.22603e+00   1.72325e+02   1.72333e+02
          7307   7.30700e+03   2.22560e+00   1.72158e+02   1.72167e+02
          7308   7.30800e+03   2.22516e+00   1.71991e+02   1.72000e+02
          7309   7.30900e+03   2.22474e+00   1.71825e+02   1.71833e+02
          7310   7.31000e+03   2.22430e+00   1.71658e+02   1.71667e+02
          7311   7.31100e+03   2.22389e+00   1.71491e+02   1.71500e+02
          7312   7.31200e+03   2.22351e+00   1.71325e+02   1.71333e+02
          7313   7.31300e+03   2.22313e+00   1.71158e+02   1.71167e+02
          7314   7.31400e+03   2.22266e+00   1.70991e+02   1.71000e+02
          7315   7.31500e+03   2.22226e+00   1.70825e+02   1.70833e+02
          7316   7.31600e+03   2.22185e+00   1.70658e+02   1.70667e+02
          7317   7.31700e+03   2.22149e+00   1.70491e+02   1.70500e+02
          7318   7.31800e+03   2.22110e+00   1.70325e+02   1.70333e+02
          7319   7.31900e+03   2.22068e+00   1.70158e+02   1.70167e+02
          7320   7.32000e+03   2.22025e+00   1.69991e+02   1.70000e+02
          7321   7.32100e+03   2.21981e+00   1.69825e+02   1.69833e+02
          7322   7.32200e+03   2.21941e+00   1.69658e+02   1.69667e+02
          7323   7.32300e+03   2.21900e+00   1.69491e+02   1.69500e+02
          7324   7.32400e+03   2.21856e+00   1.69324e+02   1.69333e+02
          7325   7.32500e+03   2.21810e+00   1.69158e+02   1.69167e+02
          7326   7.32600e+03   2.21764e+00   1.68991e+02   1.69000e+02
          7327   7.32700e+03   2.21716e+00   1.68824e+02   1.68833e+02
          7328   7.32800e+03   2.21670e+00   1.68658e+02   1.68667e+02
          7329   7.32900e+03   2.21623e+00   1.68491e+02   1.68500e+02
          7330   7.33000e+03   2.21574e+00   1.68324e+02   1.68333e+02
          7331   7.33100e+03   2.21523e+00   1.68158e+02   1.68167e+02
          7332   7.33200e+03   2.21474e+00   1.67991e+02   1.68000e+02
          7333   7.33300e+03   2.21427e+00   1.67824e+02   1.67833e+02
          7334   7.33400e+03   2.21384e+00   1.67658e+02   1.67667e+02
          7335   7.33500e+03   2.21334e+00   1.67491e+02   1.67500e+02
          7336   7.33600e+03   2.21288e+00   1.67324e+02   1.67333e+02
          7337   7.33700e+03   2.21241e+00   1.67158e+02   1.67167e+02
          7338   7.33800e+03   2.21193e+00   1.66991e+02   1.67000e+02
          7339   7.33900e+03   2.21146e+00   1.66825e+02   1.66833e+02
          7340   7.34000e+03   2.21101e+00   1.66658e+02   1.66667e+02
          7341   7.34100e+03   2.21053e+00   1.66491e+02   1.66500e+02
          7342   7.34200e+03   2.21007e+00   1.66325e+02   1.66333e+02
          7343   7.34300e+03   2.20959e+00   1.66158e+02   1.66167e+02
          7344   7.34400e+03   2.20919e+00   1.65991e+02   1.66000e+02
          7345   7.34500e+03   2.20876e+00   1.65825e+02   1.65833e+02
          7346   7.34600e+03   2.20832e+00   1.65658e+02   1.65667e+02
          7347   7.34700e+03   2.20791e+00   1.65491e+02   1.65500e+02
          7348   7.34800e+03   2.20750e+00   1.65325e+02   1.65333e+02
          7349   7.34900e+03   2.20711e+00   1.65158e+02   1.65167e+02
          7350   7.35000e+03   2.20670e+00   1.64992e+02   1.65000e+02
          7351   7.35100e+03   2.20628e+00   1.64825e+02   1.64833e+02
          7352   7.35200e+03   2.20588e+00   1.64658e+02   1.64667e+02
          7353   7.35300e+03   2.20544e+00   1.64492e+02   1.64500e+02
          7354   7.35400e+03   2.20502e+00   1.64325e+02   1.64333e+02
          7355   7.35500e+03   2.20464e+00   1.64158e+02   1.64167e+02
          7356   7.35600e+03   2.20426e+00   1.63992e+02   1.64000e+02
          7357   7.35700e+03   2.20385e+00   1.63825e+02   1.63833e+02
          7358   7.35800e+03   2.20345e+00   1.63658e+02   1.63667e+02
          7359   7.35900e+03   2.20305e+00   1.63492e+02   1.63500e+02
          7360   7.36000e+03   2.20264e+00   1.63325e+02   1.63333e+02
          7361   7.36100e+03   2.20221e+00   1.63159e+02   1.63167e+02
          7362   7.36200e+03   2.20181e+00   1.62992e+02   1.63000e+02
          7363   7.36300e+03   2.20137e+00   1.62825e+02   1.62833e+02
          7364   7.36400e+03   2.20091e+00   1.62659e+02   1.62667e+02
          7365   7.36500e+03   2.20045e+00   1.62492e+02   1.62500e+02
          7366   7.36600e+03   2.20004e+00   1.62325e+02   1.62333e+02
          7367   7.36700e+03   2.19958e+00   1.62159e+02   1.62167e+02
          7368   7.36800e+03   2.19913e+00   1.61992e+02   1.62000e+02
          7369   7.36900e+03   2.19867e+00   1.61825e+02   1.61833e+02
          7370   7.37000e+03   2.19826e+00   1.61658e+02   1.61667e+02
          7371   7.37100e+03   2.19777e+00   1.61492e+02   1.61500e+02
          7372   7.37200e+03   2.19731e+00   1.61325e+02   1.61333e+02
          7373   7.37300e+03   2.19682e+00   1.61158e+02   1.61167e+02
          7374   7.37400e+03   2.19634e+00   1.60992e+02   1.61000e+02
          7375   7.37500e+03   2.19583e+00   1.60825e+02   1.60833e+02
          7376   7.37600e+03   2.19532e+00   1.60658e+02   1.60667e+02
          7377   7.37700e+03   2.19479e+00   1.60492e+02   1.60500e+02
          7378   7.37800e+03   2.19424e+00   1.60325e+02   1.60333e+02
          7379   7.37900e+03   2.19362e+00   1.60158e+02   1.60167e+02
          7380   7.38000e+03   2.19296e+00   1.59991e+02   1.60000e+02
          7381   7.38100e+03   2.19228e+00   1.59824e+02   1.59833e+02
          7382   7.38200e+03   2.19155e+00   1.59657e+02   1.59667e+02
          7383   7.38300e+03   2.19076e+00   1.59490e+02   1.59500e+02
          7384   7.38400e+03   2.19001e+00   1.59323e+02   1.59333e+02
          7385   7.38500e+03   2.18921e+00   1.59157e+02   1.59167e+02
          7386   7.38600e+03   2.18845e+00   1.58990e+02   1.59000e+02
          7387   7.38700e+03   2.18772e+00   1.58823e+02   1.58833e+02
          7388   7.38800e+03   2.18698e+00   1.58657e+02   1.58667e+02
          7389   7.38900e+03   2.18640e+00   1.58490e+02   1.58500e+02
          7390   7.39000e+03   2.18583e+00   1.58324e+02   1.58333e+02
          7391   7.39100e+03   2.18532e+00   1.58157e+02   1.58167e+02
          7392   7.39200e+03   2.18484e+00   1.57991e+02   1.58000e+02
          7393   7.39300e+03   2.18442e+00   1.57824e+02   1.57833e+02
          7394   7.39400e+03   2.18407e+00   1.57657e+02   1.57667e+02
          7395   7.39500e+03   2.18375e+00   1.57491e+02   1.57500e+02
          7396   7.39600e+03   2.18343e+00   1.57324e+02   1.57333e+02
          7397   7.39700e+03   2.18321e+00   1.57158e+02   1.57167e+02
          7398   7.39800e+03   2.18292e+00   1.56991e+02   1.57000e+02
          7399   7.39900e+03   2.18263e+00   1.56825e+02   1.56833e+02
          7400   7.40000e+03   2.18235e+00   1.56658e+02   1.56667e+02
          7401   7.40100e+03   2.18214e+00   1.56492e+02   1.56500e+02
          7402   7.40200e+03   2.18192e+00   1.56325e+02   1.56333e+02
          7403   7.40300e+03   2.18168e+00   1.56159e+02   1.56167e+02
          7404   7.40400e+03   2.18145e+00   1.55992e+02   1.56000e+02
          7405   7.40500e+03   2.18121e+00   1.55826e+02   1.55833e+02
          7406   7.40600e+03   2.18096e+00   1.55659e+02   1.55667e+02
          7407   7.40700e+03   2.18073e+00   1.55493e+02   1.55500e+02
          7408   7.40800e+03   2.18051e+00   1.55326e+02   1.55333e+02
          7409   7.40900e+03   2.18030e+00   1.55159e+02   1.55167e+02
          7410   7.41000e+03   2.18002e+00   1.54993e+02   1.55000e+02
          7411   7.41100e+03   2.17974e+00   1.54826e+02   1.54833e+02
          7412   7.41200e+03   2.17944e+00   1.54660e+02   1.54667e+02
          7413   7.41300e+03   2.17913e+00   1.54493e+02   1.54500e+02
          7414   7.41400e+03   2.17884e+00   1.54326e+02   1.54333e+02
          7415   7.41500e+03   2.17849e+00   1.54160e+02   1.54167e+02
          7416   7.41600e+03   2.17815e+00   1.53993e+02   1.54000e+02
          7417   7.41700e+03   2.17779e+00   1.53827e+02   1.53833e+02
          7418   7.41800e+03   2.17741e+00   1.53660e+02   1.53667e+02
          7419   7.41900e+03   2.17702e+00   1.53493e+02   1.53500e+02
          7420   7.42000e+03   2.17660e+00   1.53327e+02   1.53333e+02
          7421   7.42100e+03   2.17620e+00   1.53160e+02   1.53167e+02
          7422   7.42200e+03   2.17577e+00   1.52993e+02   1.53000e+02
          7423   7.42300e+03   2.17535e+00   1.52827e+02   1.52833e+02
          7424   7.42400e+03   2.17493e+00   1.52660e+02   1.52667e+02
          7425   7.42500e+03   2.17449e+00   1.52493e+02   1.52500e+02
          7426   7.42600e+03   2.17405e+00   1.52327e+02   1.52333e+02
          7427   7.42700e+03   2.17364e+00   1.52160e+02   1.52167e+02
          7428   7.42800e+03   2.17326e+00   1.51993e+02   1.52000e+02
          7429   7.42900e+03   2.17292e+00   1.51827e+02   1.51833e+02
          7430   7.43000e+03   2.17251e+00   1.51660e+02   1.51667e+02
          7431   7.43100e+03   2.17206e+00   1.51493e+02   1.51500e+02
          7432   7.43200e+03   2.17163e+00   1.51327e+02   1.51333e+02
          7433   7.43300e+03   2.17121e+00   1.51160e+02   1.51167e+02
          7434   7.43400e+03   2.17076e+00   1.50993e+02   1.51000e+02
          7435   7.43500e+03   2.17034e+00   1.50827e+02   1.50833e+02
          7436   7.43600e+03   2.16987e+00   1.50660e+02   1.50667e+02
          7437   7.43700e+03   2.16942e+00   1.50493e+02   1.50500e+02
          7438   7.43800e+03   2.16894e+00   1.50327e+02   1.50333e+02
          7439   7.43900e+03   2.16847e+00   1.50160e+02   1.50167e+02
          7440   7.44000e+03   2.16803e+00   1.49993e+02   1.50000e+02
          7441   7.44100e+03   2.16756e+00   1.49827e+02   1.49833e+02
          7442   7.44200e+03   2.16707e+00   1.49660e+02   1.49667e+02
          7443   7.44300e+03   2.16664e+00   1.49493e+02   1.49500e+02
          7444   7.44400e+03   2.16616e+00   1.49327e+02   1.49333e+02
          7445   7.44500e+03   2.16569e+00   1.49160e+02   1.49167e+02
          7446   7.44600e+03   2.16517e+00   1.48993e+02   1.49000e+02
          7447   7.44700e+03   2.16463e+00   1.48827e+02   1.48833e+02
          7448   7.44800e+03   2.16416e+00   1.48660e+02   1.48667e+02
          7449   7.44900e+03   2.16366e+00   1.48493e+02   1.48500e+02
          7450   7.45000e+03   2.16316e+00   1.48327e+02   1.48333e+02
          7451   7.45100e+03   2.16265e+00   1.48160e+02   1.48167e+02
          7452   7.45200e+03   2.16213e+00   1.47993e+02   1.48000e+02
          7453   7.45300e+03   2.16165e+00   1.47827e+02   1.47833e+02
          7454   7.45400e+03   2.16118e+00   1.47660e+02   1.47667e+02
          7455   7.45500e+03   2.16072e+00   1.47493e+02   1.47500e+02
          7456   7.45600e+03   2.16031e+00   1.47327e+02   1.47333e+02
          7457   7.45700e+03   2.15984e+00   1.47160e+02   1.47167e+02
          7458   7.45800e+03   2.15940e+00   1.46993e+02   1.47000e+02
          7459   7.45900e+03   2.15897e+00   1.46826e+02   1.46833e+02
          7460   7.46000e+03   2.15857e+00   1.46660e+02   1.46667e+02
          7461   7.46100e+03   2.15816e+00   1.46493e+02   1.46500e+02
          7462   7.46200e+03   2.15773e+00   1.46326e+02   1.46333e+02
          7463   7.46300e+03   2.15730e+00   1.46160e+02   1.46167e+02
          7464   7.46400e+03   2.15691e+00   1.45993e+02   1.46000e+02
          7465   7.46500e+03   2.15648e+00   1.45826e+02   1.45833e+02
          7466   7.46600e+03   2.15606e+00   1.45660e+02   1.45667e+02
          7467   7.46700e+03   2.15562e+00   1.45493e+02   1.45500e+02
          7468   7.46800e+03   2.15515e+00   1.45326e+02   1.45333e+02
          7469   7.46900e+03   2.15464e+00   1.45159e+02   1.45167e+02
          7470   7.47000e+03   2.15407e+00   1.44993e+02   1.45000e+02
          7471   7.47100e+03   2.15340e+00   1.44826e+02   1.44833e+02
          7472   7.47200e+03   2.15251e+00   1.44659e+02   1.44667e+02
          7473   7.47300e+03   2.15176e+00   1.44491e+02   1.44500e+02
          7474   7.47400e+03   2.15031e+00   1.44322e+02   1.44333e+02
          7475   7.47500e+03   2.14909e+00   1.44151e+02   1.44167e+02
          7476   7.47600e+03   2.14658e+00   1.43980e+02   1.44000e+02
          7477   7.47700e+03   2.14387e+00   1.43809e+02   1.43833e+02
          7478   7.47800e+03   2.13915e+00   1.43639e+02   1.43667e+02
          7479   7.47900e+03   2.13299e+00   1.43470e+02   1.43500e+02
          7480   7.48000e+03   2.12522e+00   1.43301e+02   1.43333e+02
          7481   7.48100e+03   2.11889e+00   1.43134e+02   1.43167e+02
          7482   7.48200e+03   2.11181e+00   1.42967e+02   1.43000e+02
          7483   7.48300e+03   2.10516e+00   1.42800e+02   1.42833e+02
          7484   7.48400e+03   2.10060e+00   1.42634e+02   1.42667e+02
          7485   7.48500e+03   2.09750e+00   1.42468e+02   1.42500e+02
          7486   7.48600e+03   2.09636e+00   1.42303e+02   1.42333e+02
          7487   7.48700e+03   2.09555e+00   1.42138e+02   1.42167e+02
          7488   7.48800e+03   2.09551e+00   1.41972e+02   1.42000e+02
          7489   7.48900e+03   2.09668e+00   1.41807e+02   1.41833e+02
          7490   7.49000e+03   2.09777e+00   1.41642e+02   1.41667e+02
          7491   7.49100e+03   2.09965e+00   1.41477e+02   1.41500e+02
          7492   7.49200e+03   2.10128e+00   1.41312e+02   1.41333e+02
          7493   7.49300e+03   2.10315e+00   1.41146e+02   1.41167e+02
          7494   7.49400e+03   2.10512e+00   1.40981e+02   1.41000e+02
          7495   7.49500e+03   2.10720e+00   1.40816e+02   1.40833e+02
          7496   7.49600e+03   2.10930e+00   1.40650e+02   1.40667e+02
          7497   7.49700e+03   2.11135e+00   1.40485e+02   1.40500e+02
          7498   7.49800e+03   2.11328e+00   1.40319e+02   1.40333e+02
          7499   7.49900e+03   2.11515e+00   1.40153e+02   1.40167e+02
          7500   7.50000e+03   2.11688e+00   1.39988e+02   1.40000e+02
          7501   7.50100e+03   2.11853e+00   1.39822e+02   1.39833e+02
          7502   7.50200e+03   2.12007e+00   1.39656e+02   1.39667e+02
          7503   7.50300e+03   2.12147e+00   1.39490e+02   1.39500e+02
          7504   7.50400e+03   2.12277e+00   1.39324e+02   1.39333e+02
          7505   7.50500e+03   2.12392e+00   1.39158e+02   1.39167e+02
          7506   7.50600e+03   2.12494e+00   1.38992e+02   1.39000e+02
          7507   7.50700e+03   2.12592e+00   1.38826e+02   1.38833e+02
          7508   7.50800e+03   2.12676e+00   1.38660e+02   1.38667e+02
          7509   7.50900e+03   2.12754e+00   1.38494e+02   1.38500e+02
          7510   7.51000e+03   2.12823e+00   1.38327e+02   1.38333e+02
          7511   7.51100e+03   2.12881e+00   1.38161e+02   1.38167e+02
          7512   7.51200e+03   2.12932e+00   1.37995e+02   1.38000e+02
          7513   7.51300e+03   2.12973e+00   1.37828e+02   1.37833e+02
          7514   7.51400e+03   2.13008e+00   1.37662e+02   1.37667e+02
          7515   7.51500e+03   2.13038e+00   1.37496e+02   1.37500e+02
          7516   7.51600e+03   2.13059e+00   1.37329e+02   1.37333e+02
          7517   7.51700e+03   2.13077e+00   1.37163e+02   1.37167e+02
          7518   7.51800e+03   2.13087e+00   1.36996e+02   1.37000e+02
          7519   7.51900e+03   2.13093e+00   1.36830e+02   1.36833e+02
          7520   7.52000e+03   2.13093e+00   1.36663e+02   1.36667e+02
          7521   7.52100e+03   2.13090e+00   1.36496e+02   1.36500e+02
          7522   7.52200e+03   2.13081e+00   1.36330e+02   1.36333e+02
          7523   7.52300e+03   2.13070e+00   1.36163e+02   1.36167e+02
          7524   7.52400e+03   2.13054e+00   1.35997e+02   1.36000e+02
          7525   7.52500e+03   2.13035e+00   1.35830e+02   1.35833e+02
          7526   7.52600e+03   2.13015e+00   1.35663e+02   1.35667e+02
          7527   7.52700e+03   2.12989e+00   1.35497e+02   1.35500e+02
          7528   7.52800e+03   2.12959e+00   1.35330e+02   1.35333e+02
          7529   7.52900e+03   2.12928e+00   1.35163e+02   1.35167e+02
          7530   7.53000e+03   2.12896e+00   1.34997e+02   1.35000e+02
          7531   7.53100e+03   2.12862e+00   1.34830e+02   1.34833e+02
          7532   7.53200e+03   2.12827e+00   1.34663e+02   1.34667e+02
          7533   7.53300e+03   2.12791e+00   1.34497e+02   1.34500e+02
          7534   7.53400e+03   2.12756e+00   1.34330e+02   1.34333e+02
          7535   7.53500e+03   2.12717e+00   1.34163e+02   1.34167e+02
          7536   7.53600e+03   2.12681e+00   1.33997e+02   1.34000e+02
          7537   7.53700e+03   2.12648e+00   1.33830e+02   1.33833e+02
          7538   7.53800e+03   2.12615e+00   1.33663e+02   1.33667e+02
          7539   7.53900e+03   2.12620e+00   1.33496e+02   1.33500e+02
          7540   7.54000e+03   2.12597e+00   1.33330e+02   1.33333e+02
          7541   7.54100e+03   2.12583e+00   1.33163e+02   1.33167e+02
          7542   7.54200e+03   2.12600e+00   1.32996e+02   1.33000e+02
          7543   7.54300e+03   2.12799e+00   1.32830e+02   1.32833e+02
          7544   7.54400e+03   2.13540e+00   1.32663e+02   1.32667e+02
          7545   7.54500e+03   2.13684e+00   1.32496e+02   1.32500e+02
          7546   7.54600e+03   2.13697e+00   1.32329e+02   1.32333e+02
          7547   7.54700e+03   2.13550e+00   1.32162e+02   1.32167e+02
          7548   7.54800e+03   2.13386e+00   1.31995e+02   1.32000e+02
          7549   7.54900e+03   2.13217e+00   1.31828e+02   1.31833e+02
          7550   7.55000e+03   2.13065e+00   1.31661e+02   1.31667e+02
          7551   7.55100e+03   2.12895e+00   1.31494e+02   1.31500e+02
          7552   7.55200e+03   2.12729e+00   1.31327e+02   1.31333e+02
          7553   7.55300e+03   2.12565e+00   1.31160e+02   1.31167e+02
          7554   7.55400e+03   2.12404e+00   1.30993e+02   1.31000e+02
          7555   7.55500e+03   2.12252e+00   1.30826e+02   1.30833e+02
          7556   7.55600e+03   2.12105e+00   1.30659e+02   1.30667e+02
          7557   7.55700e+03   2.11971e+00   1.30492e+02   1.30500e+02
          7558   7.55800e+03   2.11839e+00   1.30325e+02   1.30333e+02
          7559   7.55900e+03   2.11712e+00   1.30159e+02   1.30167e+02
          7560   7.56000e+03   2.11596e+00   1.29992e+02   1.30000e+02
          7561   7.56100e+03   2.11486e+00   1.29825e+02   1.29833e+02
          7562   7.56200e+03   2.11381e+00   1.29658e+02   1.29667e+02
          7563   7.56300e+03   2.11285e+00   1.29492e+02   1.29500e+02
          7564   7.56400e+03   2.11194e+00   1.29325e+02   1.29333e+02
          7565   7.56500e+03   2.11113e+00   1.29158e+02   1.29167e+02
          7566   7.56600e+03   2.11032e+00   1.28992e+02   1.29000e+02
          7567   7.56700e+03   2.10956e+00   1.28825e+02   1.28833e+02
          7568   7.56800e+03   2.10893e+00   1.28659e+02   1.28667e+02
          7569   7.56900e+03   2.10829e+00   1.28492e+02   1.28500e+02
          7570   7.57000e+03   2.10775e+00   1.28325e+02   1.28333e+02
          7571   7.57100e+03   2.10729e+00   1.28159e+02   1.28167e+02
          7572   7.57200e+03   2.10686e+00   1.27992e+02   1.28000e+02
          7573   7.57300e+03   2.10643e+00   1.27826e+02   1.27833e+02
          7574   7.57400e+03   2.10601e+00   1.27659e+02   1.27667e+02
          7575   7.57500e+03   2.10565e+00   1.27492e+02   1.27500e+02
          7576   7.57600e+03   2.10537e+00   1.27326e+02   1.27333e+02
          7577   7.57700e+03   2.10503e+00   1.27159e+02   1.27167e+02
          7578   7.57800e+03   2.10468e+00   1.26993e+02   1.27000e+02
          7579   7.57900e+03   2.10428e+00   1.26826e+02   1.26833e+02
          7580   7.58000e+03   2.10390e+00   1.26659e+02   1.26667e+02
          7581   7.58100e+03   2.10347e+00   1.26493e+02   1.26500e+02
          7582   7.58200e+03   2.10299e+00   1.26326e+02   1.26333e+02
          7583   7.58300e+03   2.10244e+00   1.26159e+02   1.26167e+02
          7584   7.58400e+03   2.10176e+00   1.25991e+02   1.26000e+02
          7585   7.58500e+03   2.10097e+00   1.25824e+02   1.25833e+02
          7586   7.58600e+03   2.10009e+00   1.25657e+02   1.25667e+02
          7587   7.58700e+03   2.09913e+00   1.25490e+02   1.25500e+02
          7588   7.58800e+03   2.09817e+00   1.25323e+02   1.25333e+02
          7589   7.58900e+03   2.09713e+00   1.25157e+02   1.25167e+02
          7590   7.59000e+03   2.09610e+00   1.24990e+02   1.25000e+02
          7591   7.59100e+03   2.09513e+00   1.24823e+02   1.24833e+02
          7592   7.59200e+03   2.09422e+00   1.24657e+02   1.24667e+02
          7593   7.59300e+03   2.09341e+00   1.24490e+02   1.24500e+02
          7594   7.59400e+03   2.09270e+00   1.24324e+02   1.24333e+02
          7595   7.59500e+03   2.09209e+00   1.24157e+02   1.24167e+02
          7596   7.59600e+03   2.09163e+00   1.23991e+02   1.24000e+02
          7597   7.59700e+03   2.09123e+00   1.23824e+02   1.23833e+02
          7598   7.59800e+03   2.09088e+00   1.23658e+02   1.23667e+02
          7599   7.59900e+03   2.09059e+00   1.23491e+02   1.23500e+02
          7600   7.60000e+03   2.09032e+00   1.23325e+02   1.23333e+02
          7601   7.60100e+03   2.09006e+00   1.23158e+02   1.23167e+02
          7602   7.60200e+03   2.08980e+00   1.22992e+02   1.23000e+02
          7603   7.60300e+03   2.08953e+00   1.22825e+02   1.22833e+02
          7604   7.60400e+03   2.08931e+00   1.22659e+02   1.22667e+02
          7605   7.60500e+03   2.08906e+00   1.22492e+02   1.22500e+02
          7606   7.60600e+03   2.08874e+00   1.22326e+02   1.22333e+02
          7607   7.60700e+03   2.08849e+00   1.22159e+02   1.22167e+02
          7608   7.60800e+03   2.08819e+00   1.21993e+02   1.22000e+02
          7609   7.60900e+03   2.08791e+00   1.21826e+02   1.21833e+02
          7610   7.61000e+03   2.08767e+00   1.21660e+02   1.21667e+02
          7611   7.61100e+03   2.08742e+00   1.21493e+02   1.21500e+02
          7612   7.61200e+03   2.08718e+00   1.21326e+02   1.21333e+02
          7613   7.61300e+03   2.08693e+00   1.21160e+02   1.21167e+02
          7614   7.61400e+03   2.08667e+00   1.20993e+02   1.21000e+02
          7615   7.61500e+03   2.08643e+00   1.20827e+02   1.20833e+02
          7616   7.61600e+03   2.08614e+00   1.20660e+02   1.20667e+02
          7617   7.61700e+03   2.08590e+00   1.20493e+02   1.20500e+02
          7618   7.61800e+03   2.08561e+00   1.20327e+02   1.20333e+02
          7619   7.61900e+03   2.08533e+00   1.20160e+02   1.20167e+02
          7620   7.62000e+03   2.08504e+00   1.19994e+02   1.20000e+02
          7621   7.62100e+03   2.08471e+00   1.19827e+02   1.19833e+02
          7622   7.62200e+03   2.08438e+00   1.19660e+02   1.19667e+02
          7623   7.62300e+03   2.08410e+00   1.19494e+02   1.19500e+02
          7624   7.62400e+03   2.08373e+00   1.19327e+02   1.19333e+02
          7625   7.62500e+03   2.08339e+00   1.19160e+02   1.19167e+02
          7626   7.62600e+03   2.08304e+00   1.18994e+02   1.19000e+02
          7627   7.62700e+03   2.08271e+00   1.18827e+02   1.18833e+02
          7628   7.62800e+03   2.08233e+00   1.18660e+02   1.18667e+02
          7629   7.62900e+03   2.08192e+00   1.18494e+02   1.18500e+02
          7630   7.63000e+03   2.08160e+00   1.18327e+02   1.18333e+02
          7631   7.63100e+03   2.08122e+00   1.18160e+02   1.18167e+02
          7632   7.63200e+03   2.08082e+00   1.17994e+02   1.18000e+02
          7633   7.63300e+03   2.08044e+00   1.17827e+02   1.17833e+02
          7634   7.63400e+03   2.08002e+00   1.17660e+02   1.17667e+02
          7635   7.63500e+03   2.07959e+00   1.17494e+02   1.17500e+02
          7636   7.63600e+03   2.07915e+00   1.17327e+02   1.17333e+02
          7637   7.63700e+03   2.07868e+00   1.17160e+02   1.17167e+02
          7638   7.63800e+03   2.07821e+00   1.16994e+02   1.17000e+02
          7639   7.63900e+03   2.07770e+00   1.16827e+02   1.16833e+02
          7640   7.64000e+03   2.07726e+00   1.16660e+02   1.16667e+02
          7641   7.64100e+03   2.07675e+00   1.16493e+02   1.16500e+02
          7642   7.64200e+03   2.07627e+00   1.16327e+02   1.16333e+02
          7643   7.64300e+03   2.07581e+00   1.16160e+02   1.16167e+02
          7644   7.64400e+03   2.07533e+00   1.15993e+02   1.16000e+02
          7645   7.64500e+03   2.07485e+00   1.15827e+02   1.15833e+02
          7646   7.64600e+03   2.07436e+00   1.15660e+02   1.15667e+02
          7647   7.64700e+03   2.07389e+00   1.15493e+02   1.15500e+02
          7648   7.64800e+03   2.07339e+00   1.15327e+02   1.15333e+02
          7649   7.64900e+03   2.07288e+00   1.15160e+02   1.15167e+02
          7650   7.65000e+03   2.07245e+00   1.14993e+02   1.15000e+02
          7651   7.65100e+03   2.07204e+00   1.14827e+02   1.14833e+02
          7652   7.65200e+03   2.07160e+00   1.14660e+02   1.14667e+02
          7653   7.65300e+03   2.07119e+00   1.14493e+02   1.14500e+02
          7654   7.65400e+03   2.07078e+00   1.14327e+02   1.14333e+02
          7655   7.65500e+03   2.07044e+00   1.14160e+02   1.14167e+02
          7656   7.65600e+03   2.07010e+00   1.13993e+02   1.14000e+02
          7657   7.65700e+03   2.06979e+00   1.13827e+02   1.13833e+02
          7658   7.65800e+03   2.06945e+00   1.13660e+02   1.13667e+02
          7659   7.65900e+03   2.06909e+00   1.13493e+02   1.13500e+02
          7660   7.66000e+03   2.06870e+00   1.13327e+02   1.13333e+02
          7661   7.66100e+03   2.06838e+00   1.13160e+02   1.13167e+02
          7662   7.66200e+03   2.06805e+00   1.12993e+02   1.13000e+02
          7663   7.66300e+03   2.06773e+00   1.12827e+02   1.12833e+02
          7664   7.66400e+03   2.06736e+00   1.12660e+02   1.12667e+02
          7665   7.66500e+03   2.06699e+00   1.12493e+02   1.12500e+02
          7666   7.66600e+03   2.06657e+00   1.12327e+02   1.12333e+02
          7667   7.66700e+03   2.06618e+00   1.12160e+02   1.12167e+02
          7668   7.66800e+03   2.06581e+00   1.11993e+02   1.12000e+02
          7669   7.66900e+03   2.06549e+00   1.11827e+02   1.11833e+02
          7670   7.67000e+03   2.06509e+00   1.11660e+02   1.11667e+02
          7671   7.67100e+03   2.06468e+00   1.11493e+02   1.11500e+02
          7672   7.67200e+03   2.06427e+00   1.11327e+02   1.11333e+02
          7673   7.67300e+03   2.06387e+00   1.11160e+02   1.11167e+02
          7674   7.67400e+03   2.06352e+00   1.10993e+02   1.11000e+02
          7675   7.67500e+03   2.06317e+00   1.10827e+02   1.10833e+02
          7676   7.67600e+03   2.06279e+00   1.10660e+02   1.10667e+02
          7677   7.67700e+03   2.06234e+00   1.10493e+02   1.10500e+02
          7678   7.67800e+03   2.06188e+00   1.10327e+02   1.10333e+02
          7679   7.67900e+03   2.06145e+00   1.10160e+02   1.10167e+02
          7680   7.68000e+03   2.06104e+00   1.09993e+02   1.10000e+02
          7681   7.68100e+03   2.06061e+00   1.09827e+02   1.09833e+02
          7682   7.68200e+03   2.06013e+00   1.09660e+02   1.09667e+02
          7683   7.68300e+03   2.05960e+00   1.09493e+02   1.09500e+02
          7684   7.68400e+03   2.05909e+00   1.09327e+02   1.09333e+02
          7685   7.68500e+03   2.05861e+00   1.09160e+02   1.09167e+02
          7686   7.68600e+03   2.05811e+00   1.08993e+02   1.09000e+02
          7687   7.68700e+03   2.05761e+00   1.08827e+02   1.08833e+02
          7688   7.68800e+03   2.05712e+00   1.08660e+02   1.08667e+02
          7689   7.68900e+03   2.05660e+00   1.08493e+02   1.08500e+02
          7690   7.69000e+03   2.05616e+00   1.08327e+02   1.08333e+02
          7691   7.69100e+03   2.05570e+00   1.08160e+02   1.08167e+02
          7692   7.69200e+03   2.05525e+00   1.07993e+02   1.08000e+02
          7693   7.69300e+03   2.05480e+00   1.07827e+02   1.07833e+02
          7694   7.69400e+03   2.05434e+00   1.07660e+02   1.07667e+02
          7695   7.69500e+03   2.05391e+00   1.07493e+02   1.07500e+02
          7696   7.69600e+03   2.05348e+00   1.07327e+02   1.07333e+02
          7697   7.69700e+03   2.05302e+00   1.07160e+02   1.07167e+02
          7698   7.69800e+03   2.05259e+00   1.06993e+02   1.07000e+02
          7699   7.69900e+03   2.05216e+00   1.06827e+02   1.06833e+02
          7700   7.70000e+03   2.05170e+00   1.06660e+02   1.06667e+02
          7701   7.70100e+03   2.05124e+00   1.06493e+02   1.06500e+02
          7702   7.70200e+03   2.05089e+00   1.06327e+02   1.06333e+02
          7703   7.70300e+03   2.05050e+00   1.06160e+02   1.06167e+02
          7704   7.70400e+03   2.05012e+00   1.05993e+02   1.06000e+02
          7705   7.70500e+03   2.04978e+00   1.05827e+02   1.05833e+02
          7706   7.70600e+03   2.04952e+00   1.05660e+02   1.05667e+02
          7707   7.70700e+03   2.04927e+00   1.05493e+02   1.05500e+02
          7708   7.70800e+03   2.04913e+00   1.05327e+02   1.05333e+02
          7709   7.70900e+03   2.04920e+00   1.05160e+02   1.05167e+02
          7710   7.71000e+03   2.04949e+00   1.04993e+02   1.05000e+02
          7711   7.71100e+03   2.04998e+00   1.04827e+02   1.04833e+02
          7712   7.71200e+03   2.05030e+00   1.04660e+02   1.04667e+02
          7713   7.71300e+03   2.05157e+00   1.04493e+02   1.04500e+02
          7714   7.71400e+03   2.05269e+00   1.04327e+02   1.04333e+02
          7715   7.71500e+03   2.05514e+00   1.04160e+02   1.04167e+02
          7716   7.71600e+03   2.05847e+00   1.03993e+02   1.04000e+02
          7717   7.71700e+03   2.06209e+00   1.03827e+02   1.03833e+02
          7718   7.71800e+03   2.06764e+00   1.03660e+02   1.03667e+02
          7719   7.71900e+03   2.07454e+00   1.03494e+02   1.03500e+02
          7720   7.72000e+03   2.08304e+00   1.03327e+02   1.03333e+02
          7721   7.72100e+03   2.09301e+00   1.03161e+02   1.03167e+02
          7722   7.72200e+03   2.10455e+00   1.02995e+02   1.03000e+02
          7723   7.72300e+03   2.11754e+00   1.02828e+02   1.02833e+02
          7724   7.72400e+03   2.13197e+00   1.02662e+02   1.02667e+02
          7725   7.72500e+03   2.14795e+00   1.02496e+02   1.02500e+02
          7726   7.72600e+03   2.16449e+00   1.02330e+02   1.02333e+02
          7727   7.72700e+03   2.18074e+00   1.02163e+02   1.02167e+02
          7728   7.72800e+03   2.19686e+00   1.01997e+02   1.02000e+02
          7729   7.72900e+03   2.21341e+00   1.01831e+02   1.01833e+02
          7730   7.73000e+03   2.22913e+00   1.01665e+02   1.01667e+02
          7731   7.73100e+03   2.24465e+00   1.01499e+02   1.01500e+02
          7732   7.73200e+03   2.25823e+00   1.01332e+02   1.01333e+02
          7733   7.73300e+03   2.27001e+00   1.01166e+02   1.01167e+02
          7734   7.73400e+03   2.27959e+00   1.01000e+02   1.01000e+02
          7735   7.73500e+03   2.28669e+00   1.00833e+02   1.00833e+02
          7736   7.73600e+03   2.29160e+00   1.00667e+02   1.00667e+02
          7737   7.73700e+03   2.29439e+00   1.00500e+02   1.00500e+02
          7738   7.73800e+03   2.29503e+00   1.00333e+02   1.00333e+02
          7739   7.73900e+03   2.29374e+00   1.00167e+02   1.00167e+02
          7740   7.74000e+03   2.29020e+00   1.00000e+02   1.00000e+02
          7741   7.74100e+03   2.28636e+00   9.98332e+01   9.98333e+01
          7742   7.74200e+03   2.28170e+00   9.96664e+01   9.96667e+01
          7743   7.74300e+03   2.27580e+00   9.94996e+01   9.95000e+01
          7744   7.74400e+03   2.26963e+00   9.93328e+01   9.93333e+01
          7745   7.74500e+03   2.26377e+00   9.91660e+01   9.91667e+01
          7746   7.74600e+03   2.25764e+00   9.89992e+01   9.90000e+01
          7747   7.74700e+03   2.25141e+00   9.88323e+01   9.88333e+01
          7748   7.74800e+03   2.24521e+00   9.86655e+01   9.86667e+01
          7749   7.74900e+03   2.23905e+00   9.84987e+01   9.85000e+01
          7750   7.75000e+03   2.23308e+00   9.83318e+01   9.83333e+01
          7751   7.75100e+03   2.22732e+00   9.81650e+01   9.81667e+01
          7752   7.75200e+03   2.22174e+00   9.79982e+01   9.80000e+01
          7753   7.75300e+03   2.21644e+00   9.78314e+01   9.78333e+01
          7754   7.75400e+03   2.21137e+00   9.76646e+01   9.76667e+01
          7755   7.75500e+03   2.20657e+00   9.74978e+01   9.75000e+01
          7756   7.75600e+03   2.20197e+00   9.73311e+01   9.73333e+01
          7757   7.75700e+03   2.19758e+00   9.71643e+01   9.71667e+01
          7758   7.75800e+03   2.19344e+00   9.69975e+01   9.70000e+01
          7759   7.75900e+03   2.18943e+00   9.68308e+01   9.68333e+01
          7760   7.76000e+03   2.18558e+00   9.66640e+01   9.66667e+01
          7761   7.76100e+03   2.18197e+00   9.64973e+01   9.65000e+01
          7762   7.76200e+03   2.17845e+00   9.63305e+01   9.63333e+01
          7763   7.76300e+03   2.17506e+00   9.61638e+01   9.61667e+01
          7764   7.76400e+03   2.17184e+00   9.59970e+01   9.60000e+01
          7765   7.76500e+03   2.16877e+00   9.58303e+01   9.58333e+01
          7766   7.76600e+03   2.16579e+00   9.56635e+01   9.56667e+01
          7767   7.76700e+03   2.16290e+00   9.54968e+01   9.55000e+01
          7768   7.76800e+03   2.16016e+00   9.53301e+01   9.53333e+01
          7769   7.76900e+03   2.15753e+00   9.51633e+01   9.51667e+01
          7770   7.77000e+03   2.15491e+00   9.49966e+01   9.50000e+01
          7771   7.77100e+03   2.15241e+00   9.48298e+01   9.48333e+01
          7772   7.77200e+03   2.15004e+00   9.46631e+01   9.46667e+01
          7773   7.77300e+03   2.14766e+00   9.44964e+01   9.45000e+01
          7774   7.77400e+03   2.14536e+00   9.43297e+01   9.43333e+01
          7775   7.77500e+03   2.14314e+00   9.41629e+01   9.41667e+01
          7776   7.77600e+03   2.14095e+00   9.39962e+01   9.40000e+01
          7777   7.77700e+03   2.13881e+00   9.38295e+01   9.38333e+01
          7778   7.77800e+03   2.13669e+00   9.36628e+01   9.36667e+01
          7779   7.77900e+03   2.13467e+00   9.34961e+01   9.35000e+01
          7780   7.78000e+03   2.13263e+00   9.33294e+01   9.33333e+01
          7781   7.78100e+03   2.13058e+00   9.31627e+01   9.31667e+01
          7782   7.78200e+03   2.12867e+00   9.29960e+01   9.30000e+01
          7783   7.78300e+03   2.12680e+00   9.28293e+01   9.28333e+01
          7784   7.78400e+03   2.12498e+00   9.26626e+01   9.26667e+01
          7785   7.78500e+03   2.12318e+00   9.24958e+01   9.25000e+01
          7786   7.78600e+03   2.12139e+00   9.23292e+01   9.23333e+01
          7787   7.78700e+03   2.11965e+00   9.21624e+01   9.21667e+01
          7788   7.78800e+03   2.11794e+00   9.19957e+01   9.20000e+01
          7789   7.78900e+03   2.11632e+00   9.18290e+01   9.18333e+01
          7790   7.79000e+03   2.11474e+00   9.16623e+01   9.16667e+01
          7791   7.79100e+03   2.11311e+00   9.14956e+01   9.15000e+01
          7792   7.79200e+03   2.11148e+00   9.13289e+01   9.13333e+01
          7793   7.79300e+03   2.10991e+00   9.11622e+01   9.11667e+01
          7794   7.79400e+03   2.10837e+00   9.09955e+01   9.10000e+01
          7795   7.79500e+03   2.10687e+00   9.08288e+01   9.08333e+01
          7796   7.79600e+03   2.10535e+00   9.06620e+01   9.06667e+01
          7797   7.79700e+03   2.10385e+00   9.04953e+01   9.05000e+01
          7798   7.79800e+03   2.10237e+00   9.03286e+01   9.03333e+01
          7799   7.79900e+03   2.10088e+00   9.01618e+01   9.01667e+01
          7800   7.80000e+03   2.09940e+00   8.99951e+01   9.00000e+01
          7801   7.80100e+03   2.09795e+00   8.98284e+01   8.98333e+01
          7802   7.80200e+03   2.09646e+00   8.96617e+01   8.96667e+01
          7803   7.80300e+03   2.09500e+00   8.94950e+01   8.95000e+01
          7804   7.80400e+03   2.09357e+00   8.93283e+01   8.93333e+01
          7805   7.80500e+03   2.09216e+00   8.91616e+01   8.91667e+01
          7806   7.80600e+03   2.09069e+00   8.89949e+01   8.90000e+01
          7807   7.80700e+03   2.08924e+00   8.88282e+01   8.88333e+01
          7808   7.80800e+03   2.08783e+00   8.86615e+01   8.86667e+01
          7809   7.80900e+03   2.08645e+00   8.84948e+01   8.85000e+01
          7810   7.81000e+03   2.08505e+00   8.83281e+01   8.83333e+01
          7811   7.81100e+03   2.08369e+00   8.81614e+01   8.81667e+01
          7812   7.81200e+03   2.08235e+00   8.79947e+01   8.80000e+01
          7813   7.81300e+03   2.08097e+00   8.78280e+01   8.78333e+01
          7814   7.81400e+03   2.07960e+00   8.76613e+01   8.76667e+01
          7815   7.81500e+03   2.07834e+00   8.74946e+01   8.75000e+01
          7816   7.81600e+03   2.07706e+00   8.73279e+01   8.73333e+01
          7817   7.81700e+03   2.07578e+00   8.71613e+01   8.71667e+01
          7818   7.81800e+03   2.07455e+00   8.69946e+01   8.70000e+01
          7819   7.81900e+03   2.07333e+00   8.68279e+01   8.68333e+01
          7820   7.82000e+03   2.07206e+00   8.66612e+01   8.66667e+01
          7821   7.82100e+03   2.07081e+00   8.64945e+01   8.65000e+01
          7822   7.82200e+03   2.06958e+00   8.63279e+01   8.63333e+01
          7823   7.82300e+03   2.06842e+00   8.61611e+01   8.61667e+01
          7824   7.82400e+03   2.06724e+00   8.59944e+01   8.60000e+01
          7825   7.82500e+03   2.06606e+00   8.58277e+01   8.58333e+01
          7826   7.82600e+03   2.06487e+00   8.56610e+01   8.56667e+01
          7827   7.82700e+03   2.06368e+00   8.54943e+01   8.55000e+01
          7828   7.82800e+03   2.06252e+00   8.53276e+01   8.53333e+01
          7829   7.82900e+03   2.06129e+00   8.51609e+01   8.51667e+01
          7830   7.83000e+03   2.06008e+00   8.49942e+01   8.50000e+01
          7831   7.83100e+03   2.05892e+00   8.48275e+01   8.48333e+01
          7832   7.83200e+03   2.05771e+00   8.46608e+01   8.46667e+01
          7833   7.83300e+03   2.05648e+00   8.44941e+01   8.45000e+01
          7834   7.83400e+03   2.05529e+00   8.43274e+01   8.43333e+01
          7835   7.83500e+03   2.05412e+00   8.41607e+01   8.41667e+01
          7836   7.83600e+03   2.05290e+00   8.39940e+01   8.40000e+01
          7837   7.83700e+03   2.05167e+00   8.38273e+01   8.38333e+01
          7838   7.83800e+03   2.05057e+00   8.36606e+01   8.36667e+01
          7839   7.83900e+03   2.04949e+00   8.34939e+01   8.35000e+01
          7840   7.84000e+03   2.04836e+00   8.33272e+01   8.33333e+01
          7841   7.84100e+03   2.04723e+00   8.31605e+01   8.31667e+01
          7842   7.84200e+03   2.04611e+00   8.29939e+01   8.30000e+01
          7843   7.84300e+03   2.04501e+00   8.28272e+01   8.28333e+01
          7844   7.84400e+03   2.04390e+00   8.26605e+01   8.26667e+01
          7845   7.84500e+03   2.04283e+00   8.24938e+01   8.25000e+01
          7846   7.84600e+03   2.04172e+00   8.23271e+01   8.23333e+01
          7847   7.84700e+03   2.04058e+00   8.21604e+01   8.21667e+01
          7848   7.84800e+03   2.03938e+00   8.19937e+01   8.20000e+01
          7849   7.84900e+03   2.03822e+00   8.18270e+01   8.18333e+01
          7850   7.85000e+03   2.03708e+00   8.16603e+01   8.16667e+01
          7851   7.85100e+03   2.03597e+00   8.14935e+01   8.15000e+01
          7852   7.85200e+03   2.03481e+00   8.13268e+01   8.13333e+01
          7853   7.85300e+03   2.03365e+00   8.11601e+01   8.11667e+01
          7854   7.85400e+03   2.03245e+00   8.09934e+01   8.10000e+01
          7855   7.85500e+03   2.03134e+00   8.08266e+01   8.08333e+01
          7856   7.85600e+03   2.03022e+00   8.06599e+01   8.06667e+01
          7857   7.85700e+03   2.02911e+00   8.04932e+01   8.05000e+01
          7858   7.85800e+03   2.02797e+00   8.03265e+01   8.03333e+01
          7859   7.85900e+03   2.02683e+00   8.01599e+01   8.01667e+01
          7860   7.86000e+03   2.02569e+00   7.99932e+01   8.00000e+01
          7861   7.86100e+03   2.02464e+00   7.98265e+01   7.98333e+01
          7862   7.86200e+03   2.02369e+00   7.96599e+01   7.96667e+01
          7863   7.86300e+03   2.02275e+00   7.94932e+01   7.95000e+01
          7864   7.86400e+03   2.02179e+00   7.93266e+01   7.93333e+01
          7865   7.86500e+03   2.02080e+00   7.91600e+01   7.91667e+01
          7866   7.86600e+03   2.01983e+00   7.89933e+01   7.90000e+01
          7867   7.86700e+03   2.01889e+00   7.88267e+01   7.88333e+01
          7868   7.86800e+03   2.01796e+00   7.86600e+01   7.86667e+01
          7869   7.86900e+03   2.01697e+00   7.84933e+01   7.85000e+01
          7870   7.87000e+03   2.01593e+00   7.83266e+01   7.83333e+01
          7871   7.87100e+03   2.01480e+00   7.81599e+01   7.81667e+01
          7872   7.87200e+03   2.01367e+00   7.79932e+01   7.80000e+01
          7873   7.87300e+03   2.01259e+00   7.78265e+01   7.78333e+01
          7874   7.87400e+03   2.01158e+00   7.76598e+01   7.76667e+01
          7875   7.87500e+03   2.01058e+00   7.74931e+01   7.75000e+01
          7876   7.87600e+03   2.00957e+00   7.73264e+01   7.73333e+01
          7877   7.87700e+03   2.00856e+00   7.71598e+01   7.71667e+01
          7878   7.87800e+03   2.00763e+00   7.69931e+01   7.70000e+01
          7879   7.87900e+03   2.00668e+00   7.68264e+01   7.68333e+01
          7880   7.88000e+03   2.00576e+00   7.66598e+01   7.66667e+01
          7881   7.88100e+03   2.00487e+00   7.64931e+01   7.65000e+01
          7882   7.88200e+03   2.00395e+00   7.63265e+01   7.63333e+01
          7883   7.88300e+03   2.00304e+00   7.61599e+01   7.61667e+01
          7884   7.88400e+03   2.00215e+00   7.59933e+01   7.60000e+01
          7885   7.88500e+03   2.00133e+00   7.58266e+01   7.58333e+01
          7886   7.88600e+03   2.00049e+00   7.56600e+01   7.56667e+01
          7887   7.88700e+03   1.99968e+00   7.54934e+01   7.55000e+01
          7888   7.88800e+03   1.99884e+00   7.53268e+01   7.53333e+01
          7889   7.88900e+03   1.99809e+00   7.51601e+01   7.51667e+01
          7890   7.89000e+03   1.99732e+00   7.49935e+01   7.50000e+01
          7891   7.89100e+03   1.99652e+00   7.48269e+01   7.48333e+01
          7892   7.89200e+03   1.99572e+00   7.46603e+01   7.46667e+01
          7893   7.89300e+03   1.99493e+00   7.44937e+01   7.45000e+01
          7894   7.89400e+03   1.99414e+00   7.43270e+01   7.43333e+01
          7895   7.89500e+03   1.99338e+00   7.41604e+01   7.41667e+01
          7896   7.89600e+03   1.99257e+00   7.39938e+01   7.40000e+01
          7897   7.89700e+03   1.99181e+00   7.38272e+01   7.38333e+01
          7898   7.89800e+03   1.99103e+00   7.36606e+01   7.36667e+01
          7899   7.89900e+03   1.99027e+00   7.34939e+01   7.35000e+01
          7900   7.90000e+03   1.98951e+00   7.33273e+01   7.33333e+01
          7901   7.90100e+03   1.98879e+00   7.31607e+01   7.31667e+01
          7902   7.90200e+03   1.98800e+00   7.29941e+01   7.30000e+01
          7903   7.90300e+03   1.98716e+00   7.28274e+01   7.28333e+01
          7904   7.90400e+03   1.98638e+00   7.26608e+01   7.26667e+01
          7905   7.90500e+03   1.98561e+00   7.24942e+01   7.25000e+01
          7906   7.90600e+03   1.98480e+00   7.23276e+01   7.23333e+01
          7907   7.90700e+03   1.98394e+00   7.21610e+01   7.21667e+01
          7908   7.90800e+03   1.98311e+00   7.19943e+01   7.20000e+01
          7909   7.90900e+03   1.98230e+00   7.18277e+01   7.18333e+01
          7910   7.91000e+03   1.98148e+00   7.16611e+01   7.16667e+01
          7911   7.91100e+03   1.98069e+00   7.14944e+01   7.15000e+01
          7912   7.91200e+03   1.97995e+00   7.13278e+01   7.13333e+01
          7913   7.91300e+03   1.97916e+00   7.11612e+01   7.11667e+01
          7914   7.91400e+03   1.97843e+00   7.09945e+01   7.10000e+01
          7915   7.91500e+03   1.97772e+00   7.08279e+01   7.08333e+01
          7916   7.91600e+03   1.97701e+00   7.06612e+01   7.06667e+01
          7917   7.91700e+03   1.97631e+00   7.04946e+01   7.05000e+01
          7918   7.91800e+03   1.97558e+00   7.03279e+01   7.03333e+01
          7919   7.91900e+03   1.97485e+00   7.01613e+01   7.01667e+01
          7920   7.92000e+03   1.97415e+00   6.99946e+01   7.00000e+01
          7921   7.92100e+03   1.97348e+00   6.98280e+01   6.98333e+01
          7922   7.92200e+03   1.97278e+00   6.96613e+01   6.96667e+01
          7923   7.92300e+03   1.97201e+00   6.94947e+01   6.95000e+01
          7924   7.92400e+03   1.97128e+00   6.93280e+01   6.93333e+01
          7925   7.92500e+03   1.97055e+00   6.91613e+01   6.91667e+01
          7926   7.92600e+03   1.96980e+00   6.89947e+01   6.90000e+01
          7927   7.92700e+03   1.96906e+00   6.88280e+01   6.88333e+01
          7928   7.92800e+03   1.96834e+00   6.86613e+01   6.86667e+01
          7929   7.92900e+03   1.96764e+00   6.84946e+01   6.85000e+01
          7930   7.93000e+03   1.96687e+00   6.83279e+01   6.83333e+01
          7931   7.93100e+03   1.96617e+00   6.81612e+01   6.81667e+01
          7932   7.93200e+03   1.96549e+00   6.79946e+01   6.80000e+01
          7933   7.93300e+03   1.96480e+00   6.78279e+01   6.78333e+01
          7934   7.93400e+03   1.96412e+00   6.76612e+01   6.76667e+01
          7935   7.93500e+03   1.96345e+00   6.74946e+01   6.75000e+01
          7936   7.93600e+03   1.96278e+00   6.73279e+01   6.73333e+01
          7937   7.93700e+03   1.96211e+00   6.71612e+01   6.71667e+01
          7938   7.93800e+03   1.96139e+00   6.69946e+01   6.70000e+01
          7939   7.93900e+03   1.96067e+00   6.68279e+01   6.68333e+01
          7940   7.94000e+03   1.95991e+00   6.66612e+01   6.66667e+01
          7941   7.94100e+03   1.95917e+00   6.64946e+01   6.65000e+01
          7942   7.94200e+03   1.95839e+00   6.63279e+01   6.63333e+01
          7943   7.94300e+03   1.95757e+00   6.61613e+01   6.61667e+01
          7944   7.94400e+03   1.95675e+00   6.59946e+01   6.60000e+01
          7945   7.94500e+03   1.95595e+00   6.58280e+01   6.58333e+01
          7946   7.94600e+03   1.95514e+00   6.56613e+01   6.56667e+01
          7947   7.94700e+03   1.95434e+00   6.54946e+01   6.55000e+01
          7948   7.94800e+03   1.95357e+00   6.53280e+01   6.53333e+01
          7949   7.94900e+03   1.95286e+00   6.51614e+01   6.51667e+01
          7950   7.95000e+03   1.95214e+00   6.49947e+01   6.50000e+01
          7951   7.95100e+03   1.95143e+00   6.48281e+01   6.48333e+01
          7952   7.95200e+03   1.95071e+00   6.46614e+01   6.46667e+01
          7953   7.95300e+03   1.95000e+00   6.44948e+01   6.45000e+01
          7954   7.95400e+03   1.94927e+00   6.43282e+01   6.43333e+01
          7955   7.95500e+03   1.94857e+00   6.41615e+01   6.41667e+01
          7956   7.95600e+03   1.94785e+00   6.39949e+01   6.40000e+01
          7957   7.95700e+03   1.94711e+00   6.38283e+01   6.38333e+01
          7958   7.95800e+03   1.94635e+00   6.36616e+01   6.36667e+01
          7959   7.95900e+03   1.94552e+00   6.34949e+01   6.35000e+01
          7960   7.96000e+03   1.94485e+00   6.33283e+01   6.33333e+01
          7961   7.96100e+03   1.94417e+00   6.31616e+01   6.31667e+01
          7962   7.96200e+03   1.94353e+00   6.29949e+01   6.30000e+01
          7963   7.96300e+03   1.94280e+00   6.28283e+01   6.28333e+01
          7964   7.96400e+03   1.94211e+00   6.26616e+01   6.26667e+01
          7965   7.96500e+03   1.94145e+00   6.24949e+01   6.25000e+01
          7966   7.96600e+03   1.94078e+00   6.23283e+01   6.23333e+01
          7967   7.96700e+03   1.94012e+00   6.21616e+01   6.21667e+01
          7968   7.96800e+03   1.93945e+00   6.19950e+01   6.20000e+01
          7969   7.96900e+03   1.93871e+00   6.18283e+01   6.18333e+01
          7970   7.97000e+03   1.93796e+00   6.16616e+01   6.16667e+01
          7971   7.97100e+03   1.93718e+00   6.14950e+01   6.15000e+01
          7972   7.97200e+03   1.93646e+00   6.13283e+01   6.13333e+01
          7973   7.97300e+03   1.93565e+00   6.11617e+01   6.11667e+01
          7974   7.97400e+03   1.93492e+00   6.09950e+01   6.10000e+01
          7975   7.97500e+03   1.93414e+00   6.08283e+01   6.08333e+01
          7976   7.97600e+03   1.93336e+00   6.06617e+01   6.06667e+01
          7977   7.97700e+03   1.93262e+00   6.04950e+01   6.05000e+01
          7978   7.97800e+03   1.93186e+00   6.03283e+01   6.03333e+01
          7979   7.97900e+03   1.93117e+00   6.01616e+01   6.01667e+01
          7980   7.98000e+03   1.93051e+00   5.99950e+01   6.00000e+01
          7981   7.98100e+03   1.92986e+00   5.98283e+01   5.98333e+01
          7982   7.98200e+03   1.92924e+00   5.96616e+01   5.96667e+01
          7983   7.98300e+03   1.92861e+00   5.94950e+01   5.95000e+01
          7984   7.98400e+03   1.92798e+00   5.93283e+01   5.93333e+01
          7985   7.98500e+03   1.92733e+00   5.91617e+01   5.91667e+01
          7986   7.98600e+03   1.92668e+00   5.89950e+01   5.90000e+01
          7987   7.98700e+03   1.92600e+00   5.88284e+01   5.88333e+01
          7988   7.98800e+03   1.92525e+00   5.86617e+01   5.86667e+01
          7989   7.98900e+03   1.92449e+00   5.84950e+01   5.85000e+01
          7990   7.99000e+03   1.92378e+00   5.83284e+01   5.83333e+01
          7991   7.99100e+03   1.92300e+00   5.81617e+01   5.81667e+01
          7992   7.99200e+03   1.92218e+00   5.79950e+01   5.80000e+01
          7993   7.99300e+03   1.92140e+00   5.78284e+01   5.78333e+01
          7994   7.99400e+03   1.92072e+00   5.76617e+01   5.76667e+01
          7995   7.99500e+03   1.92007e+00   5.74950e+01   5.75000e+01
          7996   7.99600e+03   1.91937e+00   5.73284e+01   5.73333e+01
          7997   7.99700e+03   1.91874e+00   5.71617e+01   5.71667e+01
          7998   7.99800e+03   1.91809e+00   5.69950e+01   5.70000e+01
          7999   7.99900e+03   1.91741e+00   5.68284e+01   5.68333e+01
          8000   8.00000e+03   1.91682e+00   5.66617e+01   5.66667e+01
          8001   8.00100e+03   1.91616e+00   5.64950e+01   5.65000e+01
          8002   8.00200e+03   1.91550e+00   5.63284e+01   5.63333e+01
          8003   8.00300e+03   1.91474e+00   5.61617e+01   5.61667e+01
          8004   8.00400e+03   1.91392e+00   5.59951e+01   5.60000e+01
          8005   8.00500e+03   1.91318e+00   5.58284e+01   5.58333e+01
          8006   8.00600e+03   1.91241e+00   5.56617e+01   5.56667e+01
          8007   8.00700e+03   1.91168e+00   5.54950e+01   5.55000e+01
          8008   8.00800e+03   1.91098e+00   5.53283e+01   5.53333e+01
          8009   8.00900e+03   1.91025e+00   5.51616e+01   5.51667e+01
          8010   8.01000e+03   1.90958e+00   5.49950e+01   5.50000e+01
          8011   8.01100e+03   1.90890e+00   5.48283e+01   5.48333e+01
          8012   8.01200e+03   1.90831e+00   5.46616e+01   5.46667e+01
          8013   8.01300e+03   1.90777e+00   5.44950e+01   5.45000e+01
          8014   8.01400e+03   1.90718e+00   5.43283e+01   5.43333e+01
          8015   8.01500e+03   1.90658e+00   5.41616e+01   5.41667e+01
          8016   8.01600e+03   1.90597e+00   5.39950e+01   5.40000e+01
          8017   8.01700e+03   1.90531e+00   5.38284e+01   5.38333e+01
          8018   8.01800e+03   1.90464e+00   5.36617e+01   5.36667e+01
          8019   8.01900e+03   1.90395e+00   5.34950e+01   5.35000e+01
          8020   8.02000e+03   1.90332e+00   5.33283e+01   5.33333e+01
          8021   8.02100e+03   1.90261e+00   5.31617e+01   5.31667e+01
          8022   8.02200e+03   1.90192e+00   5.29950e+01   5.30000e+01
          8023   8.02300e+03   1.90127e+00   5.28283e+01   5.28333e+01
          8024   8.02400e+03   1.90064e+00   5.26617e+01   5.26667e+01
          8025   8.02500e+03   1.90000e+00   5.24950e+01   5.25000e+01
          8026   8.02600e+03   1.89943e+00   5.23284e+01   5.23333e+01
          8027   8.02700e+03   1.89883e+00   5.21617e+01   5.21667e+01
          8028   8.02800e+03   1.89827e+00   5.19951e+01   5.20000e+01
          8029   8.02900e+03   1.89768e+00   5.18284e+01   5.18333e+01
          8030   8.03000e+03   1.89710e+00   5.16618e+01   5.16667e+01
          8031   8.03100e+03   1.89648e+00   5.14951e+01   5.15000e+01
          8032   8.03200e+03   1.89589e+00   5.13285e+01   5.13333e+01
          8033   8.03300e+03   1.89526e+00   5.11619e+01   5.11667e+01
          8034   8.03400e+03   1.89467e+00   5.09952e+01   5.10000e+01
          8035   8.03500e+03   1.89400e+00   5.08285e+01   5.08333e+01
          8036   8.03600e+03   1.89336e+00   5.06618e+01   5.06667e+01
          8037   8.03700e+03   1.89274e+00   5.04952e+01   5.05000e+01
          8038   8.03800e+03   1.89212e+00   5.03285e+01   5.03333e+01
          8039   8.03900e+03   1.89153e+00   5.01618e+01   5.01667e+01
          8040   8.04000e+03   1.89100e+00   4.99951e+01   5.00000e+01
          8041   8.04100e+03   1.89045e+00   4.98284e+01   4.98333e+01
          8042   8.04200e+03   1.88988e+00   4.96617e+01   4.96667e+01
          8043   8.04300e+03   1.88932e+00   4.94950e+01   4.95000e+01
          8044   8.04400e+03   1.88872e+00   4.93284e+01   4.93333e+01
          8045   8.04500e+03   1.88809e+00   4.91617e+01   4.91667e+01
          8046   8.04600e+03   1.88753e+00   4.89950e+01   4.90000e+01
          8047   8.04700e+03   1.88693e+00   4.88283e+01   4.88333e+01
          8048   8.04800e+03   1.88630e+00   4.86616e+01   4.86667e+01
          8049   8.04900e+03   1.88559e+00   4.84949e+01   4.85000e+01
          8050   8.05000e+03   1.88492e+00   4.83282e+01   4.83333e+01
          8051   8.05100e+03   1.88430e+00   4.81615e+01   4.81667e+01
          8052   8.05200e+03   1.88368e+00   4.79948e+01   4.80000e+01
          8053   8.05300e+03   1.88305e+00   4.78281e+01   4.78333e+01
          8054   8.05400e+03   1.88250e+00   4.76614e+01   4.76667e+01
          8055   8.05500e+03   1.88187e+00   4.74948e+01   4.75000e+01
          8056   8.05600e+03   1.88127e+00   4.73281e+01   4.73333e+01
          8057   8.05700e+03   1.88068e+00   4.71614e+01   4.71667e+01
          8058   8.05800e+03   1.88011e+00   4.69947e+01   4.70000e+01
          8059   8.05900e+03   1.87948e+00   4.68280e+01   4.68333e+01
          8060   8.06000e+03   1.87885e+00   4.66613e+01   4.66667e+01
          8061   8.06100e+03   1.87818e+00   4.64947e+01   4.65000e+01
          8062   8.06200e+03   1.87757e+00   4.63280e+01   4.63333e+01
          8063   8.06300e+03   1.87689e+00   4.61613e+01   4.61667e+01
          8064   8.06400e+03   1.87616e+00   4.59946e+01   4.60000e+01
          8065   8.06500e+03   1.87543e+00   4.58279e+01   4.58333e+01
          8066   8.06600e+03   1.87471e+00   4.56613e+01   4.56667e+01
          8067   8.06700e+03   1.87398e+00   4.54946e+01   4.55000e+01
          8068   8.06800e+03   1.87334e+00   4.53279e+01   4.53333e+01
          8069   8.06900e+03   1.87266e+00   4.51612e+01   4.51667e+01
          8070   8.07000e+03   1.87204e+00   4.49945e+01   4.50000e+01
          8071   8.07100e+03   1.87140e+00   4.48278e+01   4.48333e+01
          8072   8.07200e+03   1.87083e+00   4.46612e+01   4.46667e+01
          8073   8.07300e+03   1.87036e+00   4.44945e+01   4.45000e+01
          8074   8.07400e+03   1.86987e+00   4.43278e+01   4.43333e+01
          8075   8.07500e+03   1.86939e+00   4.41612e+01   4.41667e+01
          8076   8.07600e+03   1.86891e+00   4.39945e+01   4.40000e+01
          8077   8.07700e+03   1.86840e+00   4.38279e+01   4.38333e+01
          8078   8.07800e+03   1.86795e+00   4.36612e+01   4.36667e+01
          8079   8.07900e+03   1.86746e+00   4.34945e+01   4.35000e+01
          8080   8.08000e+03   1.86701e+00   4.33279e+01   4.33333e+01
          8081   8.08100e+03   1.86647e+00   4.31612e+01   4.31667e+01
          8082   8.08200e+03   1.86600e+00   4.29945e+01   4.30000e+01
          8083   8.08300e+03   1.86553e+00   4.28279e+01   4.28333e+01
          8084   8.08400e+03   1.86498e+00   4.26612e+01   4.26667e+01
          8085   8.08500e+03   1.86448e+00   4.24945e+01   4.25000e+01
          8086   8.08600e+03   1.86402e+00   4.23278e+01   4.23333e+01
          8087   8.08700e+03   1.86354e+00   4.21611e+01   4.21667e+01
          8088   8.08800e+03   1.86307e+00   4.19944e+01   4.20000e+01
          8089   8.08900e+03   1.86254e+00   4.18278e+01   4.18333e+01
          8090   8.09000e+03   1.86208e+00   4.16611e+01   4.16667e+01
          8091   8.09100e+03   1.86148e+00   4.14944e+01   4.15000e+01
          8092   8.09200e+03   1.86091e+00   4.13278e+01   4.13333e+01
          8093   8.09300e+03   1.86040e+00   4.11611e+01   4.11667e+01
          8094   8.09400e+03   1.85988e+00   4.09944e+01   4.10000e+01
          8095   8.09500e+03   1.85931e+00   4.08277e+01   4.08333e+01
          8096   8.09600e+03   1.85875e+00   4.06611e+01   4.06667e+01
          8097   8.09700e+03   1.85818e+00   4.04944e+01   4.05000e+01
          8098   8.09800e+03   1.85766e+00   4.03277e+01   4.03333e+01
          8099   8.09900e+03   1.85714e+00   4.01611e+01   4.01667e+01
          8100   8.10000e+03   1.85664e+00   3.99944e+01   4.00000e+01
          8101   8.10100e+03   1.85615e+00   3.98277e+01   3.98333e+01
          8102   8.10200e+03   1.85572e+00   3.96611e+01   3.96667e+01
          8103   8.10300e+03   1.85525e+00   3.94944e+01   3.95000e+01
          8104   8.10400e+03   1.85477e+00   3.93278e+01   3.93333e+01
          8105   8.10500e+03   1.85428e+00   3.91611e+01   3.91667e+01
          8106   8.10600e+03   1.85379e+00   3.89945e+01   3.90000e+01
          8107   8.10700e+03   1.85336e+00   3.88278e+01   3.88333e+01
          8108   8.10800e+03   1.85284e+00   3.86612e+01   3.86667e+01
          8109   8.10900e+03   1.85236e+00   3.84945e+01   3.85000e+01
          8110   8.11000e+03   1.85190e+00   3.83279e+01   3.83333e+01
          8111   8.11100e+03   1.85138e+00   3.81612e+01   3.81667e+01
          8112   8.11200e+03   1.85092e+00   3.79946e+01   3.80000e+01
          8113   8.11300e+03   1.85049e+00   3.78279e+01   3.78333e+01
          8114   8.11400e+03   1.85008e+00   3.76612e+01   3.76667e+01
          8115   8.11500e+03   1.84970e+00   3.74946e+01   3.75000e+01
          8116   8.11600e+03   1.84930e+00   3.73279e+01   3.73333e+01
          8117   8.11700e+03   1.84899e+00   3.71613e+01   3.71667e+01
          8118   8.11800e+03   1.84865e+00   3.69946e+01   3.70000e+01
          8119   8.11900e+03   1.84829e+00   3.68279e+01   3.68333e+01
          8120   8.12000e+03   1.84794e+00   3.66613e+01   3.66667e+01
          8121   8.12100e+03   1.84751e+00   3.64946e+01   3.65000e+01
          8122   8.12200e+03   1.84703e+00   3.63279e+01   3.63333e+01
          8123   8.12300e+03   1.84652e+00   3.61613e+01   3.61667e+01
          8124   8.12400e+03   1.84602e+00   3.59946e+01   3.60000e+01
          8125   8.12500e+03   1.84555e+00   3.58279e+01   3.58333e+01
          8126   8.12600e+03   1.84501e+00   3.56613e+01   3.56667e+01
          8127   8.12700e+03   1.84451e+00   3.54946e+01   3.55000e+01
          8128   8.12800e+03   1.84405e+00   3.53279e+01   3.53333e+01
          8129   8.12900e+03   1.84357e+00   3.51613e+01   3.51667e+01
          8130   8.13000e+03   1.84325e+00   3.49946e+01   3.50000e+01
          8131   8.13100e+03   1.84294e+00   3.48280e+01   3.48333e+01
          8132   8.13200e+03   1.84255e+00   3.46613e+01   3.46667e+01
          8133   8.13300e+03   1.84215e+00   3.44947e+01   3.45000e+01
          8134   8.13400e+03   1.84170e+00   3.43280e+01   3.43333e+01
          8135   8.13500e+03   1.84129e+00   3.41614e+01   3.41667e+01
          8136   8.13600e+03   1.84088e+00   3.39947e+01   3.40000e+01
          8137   8.13700e+03   1.84041e+00   3.38281e+01   3.38333e+01
          8138   8.13800e+03   1.83994e+00   3.36614e+01   3.36667e+01
          8139   8.13900e+03   1.83933e+00   3.34948e+01   3.35000e+01
          8140   8.14000e+03   1.83873e+00   3.33282e+01   3.33333e+01
          8141   8.14100e+03   1.83819e+00   3.31615e+01   3.31667e+01
          8142   8.14200e+03   1.83767e+00   3.29949e+01   3.30000e+01
          8143   8.14300e+03   1.83716e+00   3.28282e+01   3.28333e+01
          8144   8.14400e+03   1.83665e+00   3.26616e+01   3.26667e+01
          8145   8.14500e+03   1.83611e+00   3.24949e+01   3.25000e+01
          8146   8.14600e+03   1.83561e+00   3.23283e+01   3.23333e+01
          8147   8.14700e+03   1.83515e+00   3.21617e+01   3.21667e+01
          8148   8.14800e+03   1.83471e+00   3.19950e+01   3.20000e+01
          8149   8.14900e+03   1.83423e+00   3.18284e+01   3.18333e+01
          8150   8.15000e+03   1.83382e+00   3.16618e+01   3.16667e+01
          8151   8.15100e+03   1.83333e+00   3.14952e+01   3.15000e+01
          8152   8.15200e+03   1.83284e+00   3.13286e+01   3.13333e+01
          8153   8.15300e+03   1.83233e+00   3.11619e+01   3.11667e+01
          8154   8.15400e+03   1.83185e+00   3.09953e+01   3.10000e+01
          8155   8.15500e+03   1.83124e+00   3.08286e+01   3.08333e+01
          8156   8.15600e+03   1.83063e+00   3.06620e+01   3.06667e+01
          8157   8.15700e+03   1.83006e+00   3.04954e+01   3.05000e+01
          8158   8.15800e+03   1.82960e+00   3.03287e+01   3.03333e+01
          8159   8.15900e+03   1.82909e+00   3.01621e+01   3.01667e+01
          8160   8.16000e+03   1.82860e+00   2.99954e+01   3.00000e+01
          8161   8.16100e+03   1.82809e+00   2.98288e+01   2.98333e+01
          8162   8.16200e+03   1.82762e+00   2.96622e+01   2.96667e+01
          8163   8.16300e+03   1.82709e+00   2.94956e+01   2.95000e+01
          8164   8.16400e+03   1.82666e+00   2.93289e+01   2.93333e+01
          8165   8.16500e+03   1.82619e+00   2.91623e+01   2.91667e+01
          8166   8.16600e+03   1.82566e+00   2.89957e+01   2.90000e+01
          8167   8.16700e+03   1.82514e+00   2.88290e+01   2.88333e+01
          8168   8.16800e+03   1.82451e+00   2.86624e+01   2.86667e+01
          8169   8.16900e+03   1.82388e+00   2.84958e+01   2.85000e+01
          8170   8.17000e+03   1.82330e+00   2.83291e+01   2.83333e+01
          8171   8.17100e+03   1.82265e+00   2.81625e+01   2.81667e+01
          8172   8.17200e+03   1.82204e+00   2.79958e+01   2.80000e+01
          8173   8.17300e+03   1.82144e+00   2.78292e+01   2.78333e+01
          8174   8.17400e+03   1.82089e+00   2.76625e+01   2.76667e+01
          8175   8.17500e+03   1.82037e+00   2.74959e+01   2.75000e+01
          8176   8.17600e+03   1.81973e+00   2.73293e+01   2.73333e+01
          8177   8.17700e+03   1.81915e+00   2.71627e+01   2.71667e+01
          8178   8.17800e+03   1.81862e+00   2.69961e+01   2.70000e+01
          8179   8.17900e+03   1.81800e+00   2.68294e+01   2.68333e+01
          8180   8.18000e+03   1.81743e+00   2.66628e+01   2.66667e+01
          8181   8.18100e+03   1.81683e+00   2.64962e+01   2.65000e+01
          8182   8.18200e+03   1.81617e+00   2.63296e+01   2.63333e+01
          8183   8.18300e+03   1.81550e+00   2.61629e+01   2.61667e+01
          8184   8.18400e+03   1.81482e+00   2.59963e+01   2.60000e+01
          8185   8.18500e+03   1.81419e+00   2.58297e+01   2.58333e+01
          8186   8.18600e+03   1.81355e+00   2.56630e+01   2.56667e+01
          8187   8.18700e+03   1.81295e+00   2.54964e+01   2.55000e+01
          8188   8.18800e+03   1.81243e+00   2.53298e+01   2.53333e+01
          8189   8.18900e+03   1.81198e+00   2.51631e+01   2.51667e+01
          8190   8.19000e+03   1.81160e+00   2.49965e+01   2.50000e+01
LUB435_DSC, 10.12.2025 18:10:59
