         Index             t     Heat Flow            Ts            Tr
           [#]           [s]          [mW]          [°C]          [°C]
             0   0.00000e+00   1.16984e-01  -7.98246e+01  -8.00000e+01
             1   1.00000e+00   1.10277e-01  -7.98347e+01  -8.00000e+01
             2   2.00000e+00   1.04438e-01  -7.98441e+01  -8.00000e+01
             3   3.00000e+00   9.91933e-02  -7.98527e+01  -8.00000e+01
             4   4.00000e+00   9.39353e-02  -7.98607e+01  -8.00000e+01
             5   5.00000e+00   8.90834e-02  -7.98682e+01  -8.00000e+01
             6   6.00000e+00   8.48351e-02  -7.98751e+01  -8.00000e+01
             7   7.00000e+00   8.09198e-02  -7.98816e+01  -8.00000e+01
             8   8.00000e+00   7.72805e-02  -7.98876e+01  -8.00000e+01
             9   9.00000e+00   7.37932e-02  -7.98932e+01  -8.00000e+01
            10   1.00000e+01   7.12958e-02  -7.98984e+01  -8.00000e+01
            11   1.10000e+01   6.85619e-02  -7.99034e+01  -8.00000e+01
            12   1.20000e+01   6.60484e-02  -7.99081e+01  -8.00000e+01
            13   1.30000e+01   6.37032e-02  -7.99124e+01  -8.00000e+01
            14   1.40000e+01   6.15208e-02  -7.99165e+01  -8.00000e+01
            15   1.50000e+01   5.95155e-02  -7.99204e+01  -8.00000e+01
            16   1.60000e+01   5.75611e-02  -7.99240e+01  -8.00000e+01
            17   1.70000e+01   5.59551e-02  -7.99275e+01  -8.00000e+01
            18   1.80000e+01   5.43035e-02  -7.99308e+01  -8.00000e+01
            19   1.90000e+01   5.26862e-02  -7.99340e+01  -8.00000e+01
            20   2.00000e+01   5.12848e-02  -7.99369e+01  -8.00000e+01
            21   2.10000e+01   4.99580e-02  -7.99397e+01  -8.00000e+01
            22   2.20000e+01   4.87676e-02  -7.99424e+01  -8.00000e+01
            23   2.30000e+01   4.76460e-02  -7.99450e+01  -8.00000e+01
            24   2.40000e+01   4.66023e-02  -7.99474e+01  -8.00000e+01
            25   2.50000e+01   4.56219e-02  -7.99497e+01  -8.00000e+01
            26   2.60000e+01   4.47024e-02  -7.99520e+01  -8.00000e+01
            27   2.70000e+01   4.36289e-02  -7.99541e+01  -8.00000e+01
            28   2.80000e+01   4.28309e-02  -7.99561e+01  -8.00000e+01
            29   2.90000e+01   4.21512e-02  -7.99581e+01  -8.00000e+01
            30   3.00000e+01   4.15017e-02  -7.99599e+01  -8.00000e+01
            31   3.10000e+01   4.07676e-02  -7.99617e+01  -8.00000e+01
            32   3.20000e+01   3.99860e-02  -7.99633e+01  -8.00000e+01
            33   3.30000e+01   3.94301e-02  -7.99649e+01  -8.00000e+01
            34   3.40000e+01   3.88435e-02  -7.99665e+01  -8.00000e+01
            35   3.50000e+01   3.80872e-02  -7.99680e+01  -8.00000e+01
            36   3.60000e+01   3.75963e-02  -7.99694e+01  -8.00000e+01
            37   3.70000e+01   3.71648e-02  -7.99708e+01  -8.00000e+01
            38   3.80000e+01   3.65095e-02  -7.99721e+01  -8.00000e+01
            39   3.90000e+01   3.58191e-02  -7.99734e+01  -8.00000e+01
            40   4.00000e+01   3.53627e-02  -7.99745e+01  -8.00000e+01
            41   4.10000e+01   3.49425e-02  -7.99756e+01  -8.00000e+01
            42   4.20000e+01   3.44348e-02  -7.99768e+01  -8.00000e+01
            43   4.30000e+01   3.39606e-02  -7.99778e+01  -8.00000e+01
            44   4.40000e+01   3.36338e-02  -7.99788e+01  -8.00000e+01
            45   4.50000e+01   3.31814e-02  -7.99798e+01  -8.00000e+01
            46   4.60000e+01   3.27511e-02  -7.99807e+01  -8.00000e+01
            47   4.70000e+01   3.24870e-02  -7.99816e+01  -8.00000e+01
            48   4.80000e+01   3.21908e-02  -7.99824e+01  -8.00000e+01
            49   4.90000e+01   3.18629e-02  -7.99832e+01  -8.00000e+01
            50   5.00000e+01   3.15780e-02  -7.99840e+01  -8.00000e+01
            51   5.10000e+01   3.12125e-02  -7.99847e+01  -8.00000e+01
            52   5.20000e+01   3.08330e-02  -7.99854e+01  -8.00000e+01
            53   5.30000e+01   3.05547e-02  -7.99861e+01  -8.00000e+01
            54   5.40000e+01   3.03625e-02  -7.99867e+01  -8.00000e+01
            55   5.50000e+01   2.99697e-02  -7.99874e+01  -8.00000e+01
            56   5.60000e+01   2.96040e-02  -7.99880e+01  -8.00000e+01
            57   5.70000e+01   2.92380e-02  -7.99885e+01  -8.00000e+01
            58   5.80000e+01   2.88672e-02  -7.99890e+01  -8.00000e+01
            59   5.90000e+01   2.84582e-02  -7.99896e+01  -8.00000e+01
            60   6.00000e+01   2.82832e-02  -7.99901e+01  -8.00000e+01
            61   6.10000e+01   2.81666e-02  -7.99905e+01  -8.00000e+01
            62   6.20000e+01   2.79342e-02  -7.99910e+01  -8.00000e+01
            63   6.30000e+01   2.77490e-02  -7.99914e+01  -8.00000e+01
            64   6.40000e+01   2.76225e-02  -7.99918e+01  -8.00000e+01
            65   6.50000e+01   2.74652e-02  -7.99922e+01  -8.00000e+01
            66   6.60000e+01   2.74976e-02  -7.99926e+01  -8.00000e+01
            67   6.70000e+01   2.73511e-02  -7.99929e+01  -8.00000e+01
            68   6.80000e+01   2.72169e-02  -7.99932e+01  -8.00000e+01
            69   6.90000e+01   2.69845e-02  -7.99936e+01  -8.00000e+01
            70   7.00000e+01   2.68586e-02  -7.99938e+01  -8.00000e+01
            71   7.10000e+01   2.66688e-02  -7.99942e+01  -8.00000e+01
            72   7.20000e+01   2.64606e-02  -7.99945e+01  -8.00000e+01
            73   7.30000e+01   2.63107e-02  -7.99947e+01  -8.00000e+01
            74   7.40000e+01   2.61835e-02  -7.99949e+01  -8.00000e+01
            75   7.50000e+01   2.58508e-02  -7.99952e+01  -8.00000e+01
            76   7.60000e+01   2.57597e-02  -7.99954e+01  -8.00000e+01
            77   7.70000e+01   2.57877e-02  -7.99956e+01  -8.00000e+01
            78   7.80000e+01   2.57450e-02  -7.99958e+01  -8.00000e+01
            79   7.90000e+01   2.55854e-02  -7.99960e+01  -8.00000e+01
            80   8.00000e+01   2.55652e-02  -7.99961e+01  -8.00000e+01
            81   8.10000e+01   2.54396e-02  -7.99963e+01  -8.00000e+01
            82   8.20000e+01   2.54030e-02  -7.99965e+01  -8.00000e+01
            83   8.30000e+01   2.54009e-02  -7.99966e+01  -8.00000e+01
            84   8.40000e+01   2.53022e-02  -7.99968e+01  -8.00000e+01
            85   8.50000e+01   2.50965e-02  -7.99969e+01  -8.00000e+01
            86   8.60000e+01   2.49077e-02  -7.99970e+01  -8.00000e+01
            87   8.70000e+01   2.47497e-02  -7.99971e+01  -8.00000e+01
            88   8.80000e+01   2.46116e-02  -7.99973e+01  -8.00000e+01
            89   8.90000e+01   2.45019e-02  -7.99974e+01  -8.00000e+01
            90   9.00000e+01   2.44942e-02  -7.99975e+01  -8.00000e+01
            91   9.10000e+01   2.43076e-02  -7.99975e+01  -8.00000e+01
            92   9.20000e+01   2.40624e-02  -7.99976e+01  -8.00000e+01
            93   9.30000e+01   2.41036e-02  -7.99977e+01  -8.00000e+01
            94   9.40000e+01   2.41216e-02  -7.99978e+01  -8.00000e+01
            95   9.50000e+01   2.40571e-02  -7.99978e+01  -8.00000e+01
            96   9.60000e+01   2.40482e-02  -7.99979e+01  -8.00000e+01
            97   9.70000e+01   2.41710e-02  -7.99979e+01  -8.00000e+01
            98   9.80000e+01   2.40257e-02  -7.99980e+01  -8.00000e+01
            99   9.90000e+01   2.39225e-02  -7.99980e+01  -8.00000e+01
           100   1.00000e+02   2.39576e-02  -7.99980e+01  -8.00000e+01
           101   1.01000e+02   2.38669e-02  -7.99980e+01  -8.00000e+01
           102   1.02000e+02   2.36310e-02  -7.99981e+01  -8.00000e+01
           103   1.03000e+02   2.35392e-02  -7.99981e+01  -8.00000e+01
           104   1.04000e+02   2.35766e-02  -7.99981e+01  -8.00000e+01
           105   1.05000e+02   2.33988e-02  -7.99982e+01  -8.00000e+01
           106   1.06000e+02   2.32650e-02  -7.99982e+01  -8.00000e+01
           107   1.07000e+02   2.32633e-02  -7.99982e+01  -8.00000e+01
           108   1.08000e+02   2.33262e-02  -7.99982e+01  -8.00000e+01
           109   1.09000e+02   2.32824e-02  -7.99983e+01  -8.00000e+01
           110   1.10000e+02   2.33017e-02  -7.99982e+01  -8.00000e+01
           111   1.11000e+02   2.34073e-02  -7.99983e+01  -8.00000e+01
           112   1.12000e+02   2.35741e-02  -7.99982e+01  -8.00000e+01
           113   1.13000e+02   2.35407e-02  -7.99982e+01  -8.00000e+01
           114   1.14000e+02   2.36295e-02  -7.99982e+01  -8.00000e+01
           115   1.15000e+02   2.36186e-02  -7.99982e+01  -8.00000e+01
           116   1.16000e+02   2.35830e-02  -7.99982e+01  -8.00000e+01
           117   1.17000e+02   2.35504e-02  -7.99982e+01  -8.00000e+01
           118   1.18000e+02   2.35510e-02  -7.99982e+01  -8.00000e+01
           119   1.19000e+02   2.35811e-02  -7.99981e+01  -8.00000e+01
           120   1.20000e+02   2.35420e-02  -7.99982e+01  -8.00000e+01
           121   1.21000e+02   2.33114e-02  -7.99981e+01  -8.00000e+01
           122   1.22000e+02   2.31234e-02  -7.99981e+01  -8.00000e+01
           123   1.23000e+02   2.30205e-02  -7.99981e+01  -8.00000e+01
           124   1.24000e+02   2.29550e-02  -7.99981e+01  -8.00000e+01
           125   1.25000e+02   2.28930e-02  -7.99981e+01  -8.00000e+01
           126   1.26000e+02   2.28433e-02  -7.99980e+01  -8.00000e+01
           127   1.27000e+02   2.27891e-02  -7.99980e+01  -8.00000e+01
           128   1.28000e+02   2.27621e-02  -7.99979e+01  -8.00000e+01
           129   1.29000e+02   2.26412e-02  -7.99979e+01  -8.00000e+01
           130   1.30000e+02   2.26685e-02  -7.99979e+01  -8.00000e+01
           131   1.31000e+02   2.26970e-02  -7.99978e+01  -8.00000e+01
           132   1.32000e+02   2.25946e-02  -7.99978e+01  -8.00000e+01
           133   1.33000e+02   2.24771e-02  -7.99978e+01  -8.00000e+01
           134   1.34000e+02   2.25266e-02  -7.99978e+01  -8.00000e+01
           135   1.35000e+02   2.23768e-02  -7.99978e+01  -8.00000e+01
           136   1.36000e+02   2.23010e-02  -7.99977e+01  -8.00000e+01
           137   1.37000e+02   2.23040e-02  -7.99977e+01  -8.00000e+01
           138   1.38000e+02   2.24567e-02  -7.99976e+01  -8.00000e+01
           139   1.39000e+02   2.23222e-02  -7.99976e+01  -8.00000e+01
           140   1.40000e+02   2.23258e-02  -7.99976e+01  -8.00000e+01
           141   1.41000e+02   2.23684e-02  -7.99975e+01  -8.00000e+01
           142   1.42000e+02   2.24799e-02  -7.99975e+01  -8.00000e+01
           143   1.43000e+02   2.24371e-02  -7.99975e+01  -8.00000e+01
           144   1.44000e+02   2.24735e-02  -7.99974e+01  -8.00000e+01
           145   1.45000e+02   2.25175e-02  -7.99974e+01  -8.00000e+01
           146   1.46000e+02   2.24202e-02  -7.99973e+01  -8.00000e+01
           147   1.47000e+02   2.22751e-02  -7.99973e+01  -8.00000e+01
           148   1.48000e+02   2.23749e-02  -7.99973e+01  -8.00000e+01
           149   1.49000e+02   2.22967e-02  -7.99972e+01  -8.00000e+01
           150   1.50000e+02   2.23036e-02  -7.99973e+01  -8.00000e+01
           151   1.51000e+02   2.21554e-02  -7.99972e+01  -8.00000e+01
           152   1.52000e+02   2.21250e-02  -7.99972e+01  -8.00000e+01
           153   1.53000e+02   2.21204e-02  -7.99972e+01  -8.00000e+01
           154   1.54000e+02   2.20228e-02  -7.99971e+01  -8.00000e+01
           155   1.55000e+02   2.21004e-02  -7.99971e+01  -8.00000e+01
           156   1.56000e+02   2.21190e-02  -7.99970e+01  -8.00000e+01
           157   1.57000e+02   2.20464e-02  -7.99970e+01  -8.00000e+01
           158   1.58000e+02   2.21416e-02  -7.99970e+01  -8.00000e+01
           159   1.59000e+02   2.22311e-02  -7.99969e+01  -8.00000e+01
           160   1.60000e+02   2.21995e-02  -7.99969e+01  -8.00000e+01
           161   1.61000e+02   2.20948e-02  -7.99969e+01  -8.00000e+01
           162   1.62000e+02   2.20296e-02  -7.99968e+01  -8.00000e+01
           163   1.63000e+02   2.20674e-02  -7.99967e+01  -8.00000e+01
           164   1.64000e+02   2.19288e-02  -7.99968e+01  -8.00000e+01
           165   1.65000e+02   2.19029e-02  -7.99967e+01  -8.00000e+01
           166   1.66000e+02   2.18739e-02  -7.99967e+01  -8.00000e+01
           167   1.67000e+02   2.17721e-02  -7.99966e+01  -8.00000e+01
           168   1.68000e+02   2.16343e-02  -7.99966e+01  -8.00000e+01
           169   1.69000e+02   2.17495e-02  -7.99966e+01  -8.00000e+01
           170   1.70000e+02   2.18325e-02  -7.99966e+01  -8.00000e+01
           171   1.71000e+02   2.18365e-02  -7.99965e+01  -8.00000e+01
           172   1.72000e+02   2.16919e-02  -7.99965e+01  -8.00000e+01
           173   1.73000e+02   2.17382e-02  -7.99965e+01  -8.00000e+01
           174   1.74000e+02   2.16922e-02  -7.99965e+01  -8.00000e+01
           175   1.75000e+02   2.17173e-02  -7.99964e+01  -8.00000e+01
           176   1.76000e+02   2.17858e-02  -7.99964e+01  -8.00000e+01
           177   1.77000e+02   2.17956e-02  -7.99964e+01  -8.00000e+01
           178   1.78000e+02   2.17176e-02  -7.99964e+01  -8.00000e+01
           179   1.79000e+02   2.16866e-02  -7.99963e+01  -8.00000e+01
           180   1.80000e+02   2.17542e-02  -7.99963e+01  -8.00000e+01
           181   1.81000e+02   2.18013e-02  -7.99963e+01  -8.00000e+01
           182   1.82000e+02   2.17432e-02  -7.99963e+01  -8.00000e+01
           183   1.83000e+02   2.17464e-02  -7.99962e+01  -8.00000e+01
           184   1.84000e+02   2.17711e-02  -7.99962e+01  -8.00000e+01
           185   1.85000e+02   2.15827e-02  -7.99962e+01  -8.00000e+01
           186   1.86000e+02   2.15560e-02  -7.99962e+01  -8.00000e+01
           187   1.87000e+02   2.15883e-02  -7.99961e+01  -8.00000e+01
           188   1.88000e+02   2.16710e-02  -7.99961e+01  -8.00000e+01
           189   1.89000e+02   2.15545e-02  -7.99961e+01  -8.00000e+01
           190   1.90000e+02   2.16039e-02  -7.99961e+01  -8.00000e+01
           191   1.91000e+02   2.16830e-02  -7.99960e+01  -8.00000e+01
           192   1.92000e+02   2.18147e-02  -7.99960e+01  -8.00000e+01
           193   1.93000e+02   2.18565e-02  -7.99960e+01  -8.00000e+01
           194   1.94000e+02   2.19440e-02  -7.99960e+01  -8.00000e+01
           195   1.95000e+02   2.19194e-02  -7.99959e+01  -8.00000e+01
           196   1.96000e+02   2.18755e-02  -7.99959e+01  -8.00000e+01
           197   1.97000e+02   2.16995e-02  -7.99959e+01  -8.00000e+01
           198   1.98000e+02   2.17820e-02  -7.99959e+01  -8.00000e+01
           199   1.99000e+02   2.17378e-02  -7.99959e+01  -8.00000e+01
           200   2.00000e+02   2.16546e-02  -7.99958e+01  -8.00000e+01
           201   2.01000e+02   2.15330e-02  -7.99959e+01  -8.00000e+01
           202   2.02000e+02   2.13170e-02  -7.99958e+01  -8.00000e+01
           203   2.03000e+02   2.12144e-02  -7.99958e+01  -8.00000e+01
           204   2.04000e+02   2.12726e-02  -7.99958e+01  -8.00000e+01
           205   2.05000e+02   2.11791e-02  -7.99958e+01  -8.00000e+01
           206   2.06000e+02   2.11983e-02  -7.99958e+01  -8.00000e+01
           207   2.07000e+02   2.11043e-02  -7.99958e+01  -8.00000e+01
           208   2.08000e+02   2.10282e-02  -7.99957e+01  -8.00000e+01
           209   2.09000e+02   2.10066e-02  -7.99958e+01  -8.00000e+01
           210   2.10000e+02   2.09259e-02  -7.99958e+01  -8.00000e+01
           211   2.11000e+02   2.10126e-02  -7.99957e+01  -8.00000e+01
           212   2.12000e+02   2.11689e-02  -7.99957e+01  -8.00000e+01
           213   2.13000e+02   2.12090e-02  -7.99957e+01  -8.00000e+01
           214   2.14000e+02   2.12153e-02  -7.99957e+01  -8.00000e+01
           215   2.15000e+02   2.11628e-02  -7.99957e+01  -8.00000e+01
           216   2.16000e+02   2.12793e-02  -7.99956e+01  -8.00000e+01
           217   2.17000e+02   2.13388e-02  -7.99956e+01  -8.00000e+01
           218   2.18000e+02   2.14488e-02  -7.99957e+01  -8.00000e+01
           219   2.19000e+02   2.15339e-02  -7.99957e+01  -8.00000e+01
           220   2.20000e+02   2.16051e-02  -7.99956e+01  -8.00000e+01
           221   2.21000e+02   2.15495e-02  -7.99956e+01  -8.00000e+01
           222   2.22000e+02   2.13770e-02  -7.99956e+01  -8.00000e+01
           223   2.23000e+02   2.13425e-02  -7.99956e+01  -8.00000e+01
           224   2.24000e+02   2.15210e-02  -7.99956e+01  -8.00000e+01
           225   2.25000e+02   2.14449e-02  -7.99956e+01  -8.00000e+01
           226   2.26000e+02   2.14004e-02  -7.99956e+01  -8.00000e+01
           227   2.27000e+02   2.13093e-02  -7.99956e+01  -8.00000e+01
           228   2.28000e+02   2.13367e-02  -7.99955e+01  -8.00000e+01
           229   2.29000e+02   2.13766e-02  -7.99956e+01  -8.00000e+01
           230   2.30000e+02   2.14144e-02  -7.99956e+01  -8.00000e+01
           231   2.31000e+02   2.13780e-02  -7.99956e+01  -8.00000e+01
           232   2.32000e+02   2.14546e-02  -7.99955e+01  -8.00000e+01
           233   2.33000e+02   2.13528e-02  -7.99955e+01  -8.00000e+01
           234   2.34000e+02   2.12221e-02  -7.99955e+01  -8.00000e+01
           235   2.35000e+02   2.11382e-02  -7.99956e+01  -8.00000e+01
           236   2.36000e+02   2.09654e-02  -7.99955e+01  -8.00000e+01
           237   2.37000e+02   2.08501e-02  -7.99955e+01  -8.00000e+01
           238   2.38000e+02   2.07214e-02  -7.99956e+01  -8.00000e+01
           239   2.39000e+02   2.06611e-02  -7.99956e+01  -8.00000e+01
           240   2.40000e+02   2.07982e-02  -7.99956e+01  -8.00000e+01
           241   2.41000e+02   2.07385e-02  -7.99956e+01  -8.00000e+01
           242   2.42000e+02   2.06688e-02  -7.99956e+01  -8.00000e+01
           243   2.43000e+02   2.06342e-02  -7.99955e+01  -8.00000e+01
           244   2.44000e+02   2.06534e-02  -7.99955e+01  -8.00000e+01
           245   2.45000e+02   2.08585e-02  -7.99956e+01  -8.00000e+01
           246   2.46000e+02   2.08642e-02  -7.99956e+01  -8.00000e+01
           247   2.47000e+02   2.08715e-02  -7.99956e+01  -8.00000e+01
           248   2.48000e+02   2.09116e-02  -7.99956e+01  -8.00000e+01
           249   2.49000e+02   2.08322e-02  -7.99955e+01  -8.00000e+01
           250   2.50000e+02   2.08208e-02  -7.99956e+01  -8.00000e+01
           251   2.51000e+02   2.08160e-02  -7.99956e+01  -8.00000e+01
           252   2.52000e+02   2.08759e-02  -7.99955e+01  -8.00000e+01
           253   2.53000e+02   2.09607e-02  -7.99956e+01  -8.00000e+01
           254   2.54000e+02   2.09025e-02  -7.99956e+01  -8.00000e+01
           255   2.55000e+02   2.10009e-02  -7.99956e+01  -8.00000e+01
           256   2.56000e+02   2.11346e-02  -7.99956e+01  -8.00000e+01
           257   2.57000e+02   2.09313e-02  -7.99956e+01  -8.00000e+01
           258   2.58000e+02   2.09050e-02  -7.99956e+01  -8.00000e+01
           259   2.59000e+02   2.08913e-02  -7.99956e+01  -8.00000e+01
           260   2.60000e+02   2.09412e-02  -7.99956e+01  -8.00000e+01
           261   2.61000e+02   2.09619e-02  -7.99957e+01  -8.00000e+01
           262   2.62000e+02   2.08018e-02  -7.99956e+01  -8.00000e+01
           263   2.63000e+02   2.07113e-02  -7.99956e+01  -8.00000e+01
           264   2.64000e+02   2.06823e-02  -7.99956e+01  -8.00000e+01
           265   2.65000e+02   2.05238e-02  -7.99956e+01  -8.00000e+01
           266   2.66000e+02   2.07029e-02  -7.99957e+01  -8.00000e+01
           267   2.67000e+02   2.07223e-02  -7.99957e+01  -8.00000e+01
           268   2.68000e+02   2.08393e-02  -7.99956e+01  -8.00000e+01
           269   2.69000e+02   2.08245e-02  -7.99957e+01  -8.00000e+01
           270   2.70000e+02   2.08396e-02  -7.99957e+01  -8.00000e+01
           271   2.71000e+02   2.09462e-02  -7.99957e+01  -8.00000e+01
           272   2.72000e+02   2.10271e-02  -7.99956e+01  -8.00000e+01
           273   2.73000e+02   2.09858e-02  -7.99957e+01  -8.00000e+01
           274   2.74000e+02   2.10676e-02  -7.99957e+01  -8.00000e+01
           275   2.75000e+02   2.09671e-02  -7.99957e+01  -8.00000e+01
           276   2.76000e+02   2.09581e-02  -7.99957e+01  -8.00000e+01
           277   2.77000e+02   2.08451e-02  -7.99957e+01  -8.00000e+01
           278   2.78000e+02   2.09197e-02  -7.99957e+01  -8.00000e+01
           279   2.79000e+02   2.09627e-02  -7.99957e+01  -8.00000e+01
           280   2.80000e+02   2.09705e-02  -7.99957e+01  -8.00000e+01
           281   2.81000e+02   2.09912e-02  -7.99957e+01  -8.00000e+01
           282   2.82000e+02   2.09852e-02  -7.99957e+01  -8.00000e+01
           283   2.83000e+02   2.08906e-02  -7.99957e+01  -8.00000e+01
           284   2.84000e+02   2.09327e-02  -7.99958e+01  -8.00000e+01
           285   2.85000e+02   2.09697e-02  -7.99958e+01  -8.00000e+01
           286   2.86000e+02   2.09222e-02  -7.99958e+01  -8.00000e+01
           287   2.87000e+02   2.08274e-02  -7.99958e+01  -8.00000e+01
           288   2.88000e+02   2.07464e-02  -7.99958e+01  -8.00000e+01
           289   2.89000e+02   2.06603e-02  -7.99958e+01  -8.00000e+01
           290   2.90000e+02   2.06376e-02  -7.99958e+01  -8.00000e+01
           291   2.91000e+02   2.06207e-02  -7.99958e+01  -8.00000e+01
           292   2.92000e+02   2.05860e-02  -7.99958e+01  -8.00000e+01
           293   2.93000e+02   2.04771e-02  -7.99959e+01  -8.00000e+01
           294   2.94000e+02   2.04849e-02  -7.99958e+01  -8.00000e+01
           295   2.95000e+02   2.06549e-02  -7.99959e+01  -8.00000e+01
           296   2.96000e+02   2.01880e-02  -7.99959e+01  -8.00000e+01
           297   2.97000e+02  -3.35628e-02  -7.99965e+01  -8.00000e+01
           298   2.98000e+02  -2.03859e-01  -7.99873e+01  -8.00000e+01
           299   2.99000e+02  -2.32489e-01  -7.99390e+01  -8.00000e+01
           300   3.00000e+02  -1.81207e-01  -7.98474e+01  -8.00000e+01
           301   3.01000e+02  -1.88884e-01  -7.97234e+01  -7.98333e+01
           302   3.02000e+02  -2.82718e-01  -7.95778e+01  -7.96667e+01
           303   3.03000e+02  -4.20536e-01  -7.94173e+01  -7.95000e+01
           304   3.04000e+02  -5.65805e-01  -7.92469e+01  -7.93333e+01
           305   3.05000e+02  -6.94207e-01  -7.90699e+01  -7.91667e+01
           306   3.06000e+02  -7.97520e-01  -7.88889e+01  -7.90000e+01
           307   3.07000e+02  -8.76593e-01  -7.87056e+01  -7.88333e+01
           308   3.08000e+02  -9.32379e-01  -7.85214e+01  -7.86667e+01
           309   3.09000e+02  -9.71888e-01  -7.83375e+01  -7.85000e+01
           310   3.10000e+02  -9.96537e-01  -7.81544e+01  -7.83333e+01
           311   3.11000e+02  -1.01320e+00  -7.79727e+01  -7.81667e+01
           312   3.12000e+02  -1.02019e+00  -7.77926e+01  -7.80000e+01
           313   3.13000e+02  -1.02142e+00  -7.76142e+01  -7.78333e+01
           314   3.14000e+02  -1.02089e+00  -7.74378e+01  -7.76667e+01
           315   3.15000e+02  -1.01786e+00  -7.72630e+01  -7.75000e+01
           316   3.16000e+02  -1.01227e+00  -7.70899e+01  -7.73333e+01
           317   3.17000e+02  -1.00588e+00  -7.69182e+01  -7.71667e+01
           318   3.18000e+02  -1.00042e+00  -7.67481e+01  -7.70000e+01
           319   3.19000e+02  -9.94720e-01  -7.65793e+01  -7.68333e+01
           320   3.20000e+02  -9.89276e-01  -7.64116e+01  -7.66667e+01
           321   3.21000e+02  -9.84403e-01  -7.62450e+01  -7.65000e+01
           322   3.22000e+02  -9.80000e-01  -7.60792e+01  -7.63333e+01
           323   3.23000e+02  -9.75422e-01  -7.59142e+01  -7.61667e+01
           324   3.24000e+02  -9.71982e-01  -7.57499e+01  -7.60000e+01
           325   3.25000e+02  -9.69710e-01  -7.55862e+01  -7.58333e+01
           326   3.26000e+02  -9.66894e-01  -7.54230e+01  -7.56667e+01
           327   3.27000e+02  -9.65559e-01  -7.52601e+01  -7.55000e+01
           328   3.28000e+02  -9.65133e-01  -7.50977e+01  -7.53333e+01
           329   3.29000e+02  -9.64521e-01  -7.49355e+01  -7.51667e+01
           330   3.30000e+02  -9.64454e-01  -7.47735e+01  -7.50000e+01
           331   3.31000e+02  -9.65075e-01  -7.46117e+01  -7.48333e+01
           332   3.32000e+02  -9.65534e-01  -7.44499e+01  -7.46667e+01
           333   3.33000e+02  -9.66270e-01  -7.42884e+01  -7.45000e+01
           334   3.34000e+02  -9.67115e-01  -7.41268e+01  -7.43333e+01
           335   3.35000e+02  -9.68091e-01  -7.39653e+01  -7.41667e+01
           336   3.36000e+02  -9.69360e-01  -7.38037e+01  -7.40000e+01
           337   3.37000e+02  -9.70924e-01  -7.36422e+01  -7.38333e+01
           338   3.38000e+02  -9.72421e-01  -7.34806e+01  -7.36667e+01
           339   3.39000e+02  -9.74021e-01  -7.33190e+01  -7.35000e+01
           340   3.40000e+02  -9.75813e-01  -7.31573e+01  -7.33333e+01
           341   3.41000e+02  -9.77738e-01  -7.29956e+01  -7.31667e+01
           342   3.42000e+02  -9.79763e-01  -7.28337e+01  -7.30000e+01
           343   3.43000e+02  -9.81859e-01  -7.26718e+01  -7.28333e+01
           344   3.44000e+02  -9.84179e-01  -7.25098e+01  -7.26667e+01
           345   3.45000e+02  -9.86256e-01  -7.23477e+01  -7.25000e+01
           346   3.46000e+02  -9.88352e-01  -7.21855e+01  -7.23333e+01
           347   3.47000e+02  -9.90603e-01  -7.20232e+01  -7.21667e+01
           348   3.48000e+02  -9.92922e-01  -7.18608e+01  -7.20000e+01
           349   3.49000e+02  -9.95147e-01  -7.16982e+01  -7.18333e+01
           350   3.50000e+02  -9.97539e-01  -7.15356e+01  -7.16667e+01
           351   3.51000e+02  -9.99886e-01  -7.13729e+01  -7.15000e+01
           352   3.52000e+02  -1.00215e+00  -7.12101e+01  -7.13333e+01
           353   3.53000e+02  -1.00437e+00  -7.10471e+01  -7.11667e+01
           354   3.54000e+02  -1.00670e+00  -7.08842e+01  -7.10000e+01
           355   3.55000e+02  -1.00888e+00  -7.07210e+01  -7.08333e+01
           356   3.56000e+02  -1.01097e+00  -7.05578e+01  -7.06667e+01
           357   3.57000e+02  -1.01315e+00  -7.03945e+01  -7.05000e+01
           358   3.58000e+02  -1.01535e+00  -7.02311e+01  -7.03333e+01
           359   3.59000e+02  -1.01729e+00  -7.00676e+01  -7.01667e+01
           360   3.60000e+02  -1.01933e+00  -6.99040e+01  -7.00000e+01
           361   3.61000e+02  -1.02127e+00  -6.97403e+01  -6.98333e+01
           362   3.62000e+02  -1.02317e+00  -6.95765e+01  -6.96667e+01
           363   3.63000e+02  -1.02523e+00  -6.94126e+01  -6.95000e+01
           364   3.64000e+02  -1.02741e+00  -6.92487e+01  -6.93333e+01
           365   3.65000e+02  -1.02949e+00  -6.90846e+01  -6.91667e+01
           366   3.66000e+02  -1.03154e+00  -6.89205e+01  -6.90000e+01
           367   3.67000e+02  -1.03351e+00  -6.87563e+01  -6.88333e+01
           368   3.68000e+02  -1.03544e+00  -6.85921e+01  -6.86667e+01
           369   3.69000e+02  -1.03722e+00  -6.84277e+01  -6.85000e+01
           370   3.70000e+02  -1.03920e+00  -6.82633e+01  -6.83333e+01
           371   3.71000e+02  -1.04124e+00  -6.80987e+01  -6.81667e+01
           372   3.72000e+02  -1.04317e+00  -6.79341e+01  -6.80000e+01
           373   3.73000e+02  -1.04489e+00  -6.77695e+01  -6.78333e+01
           374   3.74000e+02  -1.04669e+00  -6.76049e+01  -6.76667e+01
           375   3.75000e+02  -1.04843e+00  -6.74401e+01  -6.75000e+01
           376   3.76000e+02  -1.05026e+00  -6.72753e+01  -6.73333e+01
           377   3.77000e+02  -1.05225e+00  -6.71104e+01  -6.71667e+01
           378   3.78000e+02  -1.05413e+00  -6.69455e+01  -6.70000e+01
           379   3.79000e+02  -1.05595e+00  -6.67806e+01  -6.68333e+01
           380   3.80000e+02  -1.05776e+00  -6.66155e+01  -6.66667e+01
           381   3.81000e+02  -1.05949e+00  -6.64505e+01  -6.65000e+01
           382   3.82000e+02  -1.06136e+00  -6.62853e+01  -6.63333e+01
           383   3.83000e+02  -1.06330e+00  -6.61202e+01  -6.61667e+01
           384   3.84000e+02  -1.06520e+00  -6.59550e+01  -6.60000e+01
           385   3.85000e+02  -1.06699e+00  -6.57897e+01  -6.58333e+01
           386   3.86000e+02  -1.06874e+00  -6.56244e+01  -6.56667e+01
           387   3.87000e+02  -1.07067e+00  -6.54590e+01  -6.55000e+01
           388   3.88000e+02  -1.07249e+00  -6.52936e+01  -6.53333e+01
           389   3.89000e+02  -1.07427e+00  -6.51281e+01  -6.51667e+01
           390   3.90000e+02  -1.07621e+00  -6.49627e+01  -6.50000e+01
           391   3.91000e+02  -1.07797e+00  -6.47972e+01  -6.48333e+01
           392   3.92000e+02  -1.07978e+00  -6.46316e+01  -6.46667e+01
           393   3.93000e+02  -1.08160e+00  -6.44660e+01  -6.45000e+01
           394   3.94000e+02  -1.08348e+00  -6.43004e+01  -6.43333e+01
           395   3.95000e+02  -1.08523e+00  -6.41347e+01  -6.41667e+01
           396   3.96000e+02  -1.08691e+00  -6.39691e+01  -6.40000e+01
           397   3.97000e+02  -1.08874e+00  -6.38033e+01  -6.38333e+01
           398   3.98000e+02  -1.09059e+00  -6.36376e+01  -6.36667e+01
           399   3.99000e+02  -1.09238e+00  -6.34717e+01  -6.35000e+01
           400   4.00000e+02  -1.09429e+00  -6.33059e+01  -6.33333e+01
           401   4.01000e+02  -1.09606e+00  -6.31401e+01  -6.31667e+01
           402   4.02000e+02  -1.09781e+00  -6.29742e+01  -6.30000e+01
           403   4.03000e+02  -1.09962e+00  -6.28084e+01  -6.28333e+01
           404   4.04000e+02  -1.10155e+00  -6.26425e+01  -6.26667e+01
           405   4.05000e+02  -1.10338e+00  -6.24765e+01  -6.25000e+01
           406   4.06000e+02  -1.10514e+00  -6.23106e+01  -6.23333e+01
           407   4.07000e+02  -1.10697e+00  -6.21446e+01  -6.21667e+01
           408   4.08000e+02  -1.10871e+00  -6.19786e+01  -6.20000e+01
           409   4.09000e+02  -1.11046e+00  -6.18126e+01  -6.18333e+01
           410   4.10000e+02  -1.11220e+00  -6.16465e+01  -6.16667e+01
           411   4.11000e+02  -1.11398e+00  -6.14805e+01  -6.15000e+01
           412   4.12000e+02  -1.11577e+00  -6.13144e+01  -6.13333e+01
           413   4.13000e+02  -1.11753e+00  -6.11483e+01  -6.11667e+01
           414   4.14000e+02  -1.11946e+00  -6.09822e+01  -6.10000e+01
           415   4.15000e+02  -1.12131e+00  -6.08161e+01  -6.08333e+01
           416   4.16000e+02  -1.12314e+00  -6.06500e+01  -6.06667e+01
           417   4.17000e+02  -1.12505e+00  -6.04838e+01  -6.05000e+01
           418   4.18000e+02  -1.12700e+00  -6.03177e+01  -6.03333e+01
           419   4.19000e+02  -1.12901e+00  -6.01515e+01  -6.01667e+01
           420   4.20000e+02  -1.13102e+00  -5.99853e+01  -6.00000e+01
           421   4.21000e+02  -1.13302e+00  -5.98191e+01  -5.98333e+01
           422   4.22000e+02  -1.13505e+00  -5.96529e+01  -5.96667e+01
           423   4.23000e+02  -1.13719e+00  -5.94866e+01  -5.95000e+01
           424   4.24000e+02  -1.13939e+00  -5.93204e+01  -5.93333e+01
           425   4.25000e+02  -1.14151e+00  -5.91541e+01  -5.91667e+01
           426   4.26000e+02  -1.14369e+00  -5.89878e+01  -5.90000e+01
           427   4.27000e+02  -1.14576e+00  -5.88216e+01  -5.88333e+01
           428   4.28000e+02  -1.14782e+00  -5.86553e+01  -5.86667e+01
           429   4.29000e+02  -1.14999e+00  -5.84890e+01  -5.85000e+01
           430   4.30000e+02  -1.15209e+00  -5.83227e+01  -5.83333e+01
           431   4.31000e+02  -1.15422e+00  -5.81563e+01  -5.81667e+01
           432   4.32000e+02  -1.15638e+00  -5.79900e+01  -5.80000e+01
           433   4.33000e+02  -1.15852e+00  -5.78237e+01  -5.78333e+01
           434   4.34000e+02  -1.16061e+00  -5.76573e+01  -5.76667e+01
           435   4.35000e+02  -1.16277e+00  -5.74909e+01  -5.75000e+01
           436   4.36000e+02  -1.16507e+00  -5.73246e+01  -5.73333e+01
           437   4.37000e+02  -1.16743e+00  -5.71582e+01  -5.71667e+01
           438   4.38000e+02  -1.16970e+00  -5.69919e+01  -5.70000e+01
           439   4.39000e+02  -1.17216e+00  -5.68255e+01  -5.68333e+01
           440   4.40000e+02  -1.17460e+00  -5.66591e+01  -5.66667e+01
           441   4.41000e+02  -1.17690e+00  -5.64928e+01  -5.65000e+01
           442   4.42000e+02  -1.17926e+00  -5.63264e+01  -5.63333e+01
           443   4.43000e+02  -1.18185e+00  -5.61600e+01  -5.61667e+01
           444   4.44000e+02  -1.18443e+00  -5.59936e+01  -5.60000e+01
           445   4.45000e+02  -1.18694e+00  -5.58272e+01  -5.58333e+01
           446   4.46000e+02  -1.18948e+00  -5.56608e+01  -5.56667e+01
           447   4.47000e+02  -1.19213e+00  -5.54944e+01  -5.55000e+01
           448   4.48000e+02  -1.19486e+00  -5.53280e+01  -5.53333e+01
           449   4.49000e+02  -1.19762e+00  -5.51615e+01  -5.51667e+01
           450   4.50000e+02  -1.20053e+00  -5.49951e+01  -5.50000e+01
           451   4.51000e+02  -1.20350e+00  -5.48287e+01  -5.48333e+01
           452   4.52000e+02  -1.20654e+00  -5.46623e+01  -5.46667e+01
           453   4.53000e+02  -1.20954e+00  -5.44958e+01  -5.45000e+01
           454   4.54000e+02  -1.21258e+00  -5.43294e+01  -5.43333e+01
           455   4.55000e+02  -1.21576e+00  -5.41629e+01  -5.41667e+01
           456   4.56000e+02  -1.21892e+00  -5.39965e+01  -5.40000e+01
           457   4.57000e+02  -1.22223e+00  -5.38300e+01  -5.38333e+01
           458   4.58000e+02  -1.22569e+00  -5.36635e+01  -5.36667e+01
           459   4.59000e+02  -1.22908e+00  -5.34971e+01  -5.35000e+01
           460   4.60000e+02  -1.23259e+00  -5.33306e+01  -5.33333e+01
           461   4.61000e+02  -1.23611e+00  -5.31642e+01  -5.31667e+01
           462   4.62000e+02  -1.23979e+00  -5.29978e+01  -5.30000e+01
           463   4.63000e+02  -1.24373e+00  -5.28313e+01  -5.28333e+01
           464   4.64000e+02  -1.24769e+00  -5.26649e+01  -5.26667e+01
           465   4.65000e+02  -1.25177e+00  -5.24985e+01  -5.25000e+01
           466   4.66000e+02  -1.25581e+00  -5.23320e+01  -5.23333e+01
           467   4.67000e+02  -1.25988e+00  -5.21656e+01  -5.21667e+01
           468   4.68000e+02  -1.26428e+00  -5.19992e+01  -5.20000e+01
           469   4.69000e+02  -1.26878e+00  -5.18328e+01  -5.18333e+01
           470   4.70000e+02  -1.27344e+00  -5.16664e+01  -5.16667e+01
           471   4.71000e+02  -1.27822e+00  -5.14999e+01  -5.15000e+01
           472   4.72000e+02  -1.28302e+00  -5.13336e+01  -5.13333e+01
           473   4.73000e+02  -1.28798e+00  -5.11672e+01  -5.11667e+01
           474   4.74000e+02  -1.29309e+00  -5.10008e+01  -5.10000e+01
           475   4.75000e+02  -1.29827e+00  -5.08344e+01  -5.08333e+01
           476   4.76000e+02  -1.30362e+00  -5.06679e+01  -5.06667e+01
           477   4.77000e+02  -1.30905e+00  -5.05015e+01  -5.05000e+01
           478   4.78000e+02  -1.31460e+00  -5.03351e+01  -5.03333e+01
           479   4.79000e+02  -1.32020e+00  -5.01687e+01  -5.01667e+01
           480   4.80000e+02  -1.32590e+00  -5.00023e+01  -5.00000e+01
           481   4.81000e+02  -1.33192e+00  -4.98359e+01  -4.98333e+01
           482   4.82000e+02  -1.33804e+00  -4.96695e+01  -4.96667e+01
           483   4.83000e+02  -1.34430e+00  -4.95031e+01  -4.95000e+01
           484   4.84000e+02  -1.35073e+00  -4.93367e+01  -4.93333e+01
           485   4.85000e+02  -1.35728e+00  -4.91704e+01  -4.91667e+01
           486   4.86000e+02  -1.36389e+00  -4.90040e+01  -4.90000e+01
           487   4.87000e+02  -1.37069e+00  -4.88376e+01  -4.88333e+01
           488   4.88000e+02  -1.37755e+00  -4.86712e+01  -4.86667e+01
           489   4.89000e+02  -1.38459e+00  -4.85048e+01  -4.85000e+01
           490   4.90000e+02  -1.39156e+00  -4.83384e+01  -4.83333e+01
           491   4.91000e+02  -1.39858e+00  -4.81720e+01  -4.81667e+01
           492   4.92000e+02  -1.40570e+00  -4.80056e+01  -4.80000e+01
           493   4.93000e+02  -1.41284e+00  -4.78393e+01  -4.78333e+01
           494   4.94000e+02  -1.42001e+00  -4.76729e+01  -4.76667e+01
           495   4.95000e+02  -1.42704e+00  -4.75065e+01  -4.75000e+01
           496   4.96000e+02  -1.43425e+00  -4.73402e+01  -4.73333e+01
           497   4.97000e+02  -1.44141e+00  -4.71738e+01  -4.71667e+01
           498   4.98000e+02  -1.44844e+00  -4.70074e+01  -4.70000e+01
           499   4.99000e+02  -1.45542e+00  -4.68410e+01  -4.68333e+01
           500   5.00000e+02  -1.46223e+00  -4.66746e+01  -4.66667e+01
           501   5.01000e+02  -1.46880e+00  -4.65082e+01  -4.65000e+01
           502   5.02000e+02  -1.47560e+00  -4.63418e+01  -4.63333e+01
           503   5.03000e+02  -1.48153e+00  -4.61754e+01  -4.61667e+01
           504   5.04000e+02  -1.48763e+00  -4.60090e+01  -4.60000e+01
           505   5.05000e+02  -1.49329e+00  -4.58426e+01  -4.58333e+01
           506   5.06000e+02  -1.49880e+00  -4.56761e+01  -4.56667e+01
           507   5.07000e+02  -1.50393e+00  -4.55097e+01  -4.55000e+01
           508   5.08000e+02  -1.50916e+00  -4.53432e+01  -4.53333e+01
           509   5.09000e+02  -1.51329e+00  -4.51768e+01  -4.51667e+01
           510   5.10000e+02  -1.51797e+00  -4.50103e+01  -4.50000e+01
           511   5.11000e+02  -1.52161e+00  -4.48437e+01  -4.48333e+01
           512   5.12000e+02  -1.52527e+00  -4.46772e+01  -4.46667e+01
           513   5.13000e+02  -1.52858e+00  -4.45107e+01  -4.45000e+01
           514   5.14000e+02  -1.53191e+00  -4.43441e+01  -4.43333e+01
           515   5.15000e+02  -1.53424e+00  -4.41777e+01  -4.41667e+01
           516   5.16000e+02  -1.53677e+00  -4.40110e+01  -4.40000e+01
           517   5.17000e+02  -1.53907e+00  -4.38444e+01  -4.38333e+01
           518   5.18000e+02  -1.54100e+00  -4.36778e+01  -4.36667e+01
           519   5.19000e+02  -1.54275e+00  -4.35112e+01  -4.35000e+01
           520   5.20000e+02  -1.54413e+00  -4.33446e+01  -4.33333e+01
           521   5.21000e+02  -1.54547e+00  -4.31780e+01  -4.31667e+01
           522   5.22000e+02  -1.54668e+00  -4.30114e+01  -4.30000e+01
           523   5.23000e+02  -1.54772e+00  -4.28448e+01  -4.28333e+01
           524   5.24000e+02  -1.54868e+00  -4.26782e+01  -4.26667e+01
           525   5.25000e+02  -1.54947e+00  -4.25115e+01  -4.25000e+01
           526   5.26000e+02  -1.55014e+00  -4.23449e+01  -4.23333e+01
           527   5.27000e+02  -1.55076e+00  -4.21783e+01  -4.21667e+01
           528   5.28000e+02  -1.55143e+00  -4.20117e+01  -4.20000e+01
           529   5.29000e+02  -1.55205e+00  -4.18451e+01  -4.18333e+01
           530   5.30000e+02  -1.55255e+00  -4.16784e+01  -4.16667e+01
           531   5.31000e+02  -1.55320e+00  -4.15118e+01  -4.15000e+01
           532   5.32000e+02  -1.55386e+00  -4.13452e+01  -4.13333e+01
           533   5.33000e+02  -1.55445e+00  -4.11786e+01  -4.11667e+01
           534   5.34000e+02  -1.55505e+00  -4.10120e+01  -4.10000e+01
           535   5.35000e+02  -1.55569e+00  -4.08454e+01  -4.08333e+01
           536   5.36000e+02  -1.55641e+00  -4.06788e+01  -4.06667e+01
           537   5.37000e+02  -1.55706e+00  -4.05122e+01  -4.05000e+01
           538   5.38000e+02  -1.55771e+00  -4.03456e+01  -4.03333e+01
           539   5.39000e+02  -1.55858e+00  -4.01790e+01  -4.01667e+01
           540   5.40000e+02  -1.55934e+00  -4.00124e+01  -4.00000e+01
           541   5.41000e+02  -1.56008e+00  -3.98457e+01  -3.98333e+01
           542   5.42000e+02  -1.56076e+00  -3.96791e+01  -3.96667e+01
           543   5.43000e+02  -1.56157e+00  -3.95125e+01  -3.95000e+01
           544   5.44000e+02  -1.56243e+00  -3.93459e+01  -3.93333e+01
           545   5.45000e+02  -1.56331e+00  -3.91793e+01  -3.91667e+01
           546   5.46000e+02  -1.56432e+00  -3.90127e+01  -3.90000e+01
           547   5.47000e+02  -1.56528e+00  -3.88461e+01  -3.88333e+01
           548   5.48000e+02  -1.56611e+00  -3.86795e+01  -3.86667e+01
           549   5.49000e+02  -1.56706e+00  -3.85128e+01  -3.85000e+01
           550   5.50000e+02  -1.56802e+00  -3.83463e+01  -3.83333e+01
           551   5.51000e+02  -1.56900e+00  -3.81796e+01  -3.81667e+01
           552   5.52000e+02  -1.56990e+00  -3.80130e+01  -3.80000e+01
           553   5.53000e+02  -1.57082e+00  -3.78464e+01  -3.78333e+01
           554   5.54000e+02  -1.57188e+00  -3.76798e+01  -3.76667e+01
           555   5.55000e+02  -1.57274e+00  -3.75132e+01  -3.75000e+01
           556   5.56000e+02  -1.57371e+00  -3.73466e+01  -3.73333e+01
           557   5.57000e+02  -1.57479e+00  -3.71800e+01  -3.71667e+01
           558   5.58000e+02  -1.57579e+00  -3.70134e+01  -3.70000e+01
           559   5.59000e+02  -1.57684e+00  -3.68468e+01  -3.68333e+01
           560   5.60000e+02  -1.57791e+00  -3.66802e+01  -3.66667e+01
           561   5.61000e+02  -1.57908e+00  -3.65136e+01  -3.65000e+01
           562   5.62000e+02  -1.58023e+00  -3.63471e+01  -3.63333e+01
           563   5.63000e+02  -1.58128e+00  -3.61805e+01  -3.61667e+01
           564   5.64000e+02  -1.58240e+00  -3.60139e+01  -3.60000e+01
           565   5.65000e+02  -1.58347e+00  -3.58473e+01  -3.58333e+01
           566   5.66000e+02  -1.58458e+00  -3.56807e+01  -3.56667e+01
           567   5.67000e+02  -1.58563e+00  -3.55141e+01  -3.55000e+01
           568   5.68000e+02  -1.58671e+00  -3.53475e+01  -3.53333e+01
           569   5.69000e+02  -1.58792e+00  -3.51809e+01  -3.51667e+01
           570   5.70000e+02  -1.58906e+00  -3.50143e+01  -3.50000e+01
           571   5.71000e+02  -1.59016e+00  -3.48478e+01  -3.48333e+01
           572   5.72000e+02  -1.59144e+00  -3.46812e+01  -3.46667e+01
           573   5.73000e+02  -1.59275e+00  -3.45147e+01  -3.45000e+01
           574   5.74000e+02  -1.59421e+00  -3.43481e+01  -3.43333e+01
           575   5.75000e+02  -1.59568e+00  -3.41815e+01  -3.41667e+01
           576   5.76000e+02  -1.59717e+00  -3.40150e+01  -3.40000e+01
           577   5.77000e+02  -1.59872e+00  -3.38485e+01  -3.38333e+01
           578   5.78000e+02  -1.60027e+00  -3.36820e+01  -3.36667e+01
           579   5.79000e+02  -1.60193e+00  -3.35154e+01  -3.35000e+01
           580   5.80000e+02  -1.60366e+00  -3.33489e+01  -3.33333e+01
           581   5.81000e+02  -1.60529e+00  -3.31824e+01  -3.31667e+01
           582   5.82000e+02  -1.60703e+00  -3.30158e+01  -3.30000e+01
           583   5.83000e+02  -1.60871e+00  -3.28493e+01  -3.28333e+01
           584   5.84000e+02  -1.61030e+00  -3.26828e+01  -3.26667e+01
           585   5.85000e+02  -1.61187e+00  -3.25162e+01  -3.25000e+01
           586   5.86000e+02  -1.61344e+00  -3.23497e+01  -3.23333e+01
           587   5.87000e+02  -1.61496e+00  -3.21831e+01  -3.21667e+01
           588   5.88000e+02  -1.61646e+00  -3.20166e+01  -3.20000e+01
           589   5.89000e+02  -1.61799e+00  -3.18500e+01  -3.18333e+01
           590   5.90000e+02  -1.61946e+00  -3.16834e+01  -3.16667e+01
           591   5.91000e+02  -1.62080e+00  -3.15169e+01  -3.15000e+01
           592   5.92000e+02  -1.62209e+00  -3.13503e+01  -3.13333e+01
           593   5.93000e+02  -1.62339e+00  -3.11837e+01  -3.11667e+01
           594   5.94000e+02  -1.62485e+00  -3.10171e+01  -3.10000e+01
           595   5.95000e+02  -1.62623e+00  -3.08505e+01  -3.08333e+01
           596   5.96000e+02  -1.62763e+00  -3.06840e+01  -3.06667e+01
           597   5.97000e+02  -1.62896e+00  -3.05174e+01  -3.05000e+01
           598   5.98000e+02  -1.63018e+00  -3.03508e+01  -3.03333e+01
           599   5.99000e+02  -1.63142e+00  -3.01843e+01  -3.01667e+01
           600   6.00000e+02  -1.63271e+00  -3.00177e+01  -3.00000e+01
           601   6.01000e+02  -1.63394e+00  -2.98511e+01  -2.98333e+01
           602   6.02000e+02  -1.63516e+00  -2.96845e+01  -2.96667e+01
           603   6.03000e+02  -1.63633e+00  -2.95179e+01  -2.95000e+01
           604   6.04000e+02  -1.63745e+00  -2.93513e+01  -2.93333e+01
           605   6.05000e+02  -1.63856e+00  -2.91847e+01  -2.91667e+01
           606   6.06000e+02  -1.63970e+00  -2.90181e+01  -2.90000e+01
           607   6.07000e+02  -1.64088e+00  -2.88516e+01  -2.88333e+01
           608   6.08000e+02  -1.64204e+00  -2.86849e+01  -2.86667e+01
           609   6.09000e+02  -1.64320e+00  -2.85184e+01  -2.85000e+01
           610   6.10000e+02  -1.64440e+00  -2.83518e+01  -2.83333e+01
           611   6.11000e+02  -1.64566e+00  -2.81852e+01  -2.81667e+01
           612   6.12000e+02  -1.64680e+00  -2.80186e+01  -2.80000e+01
           613   6.13000e+02  -1.64801e+00  -2.78519e+01  -2.78333e+01
           614   6.14000e+02  -1.64917e+00  -2.76853e+01  -2.76667e+01
           615   6.15000e+02  -1.65027e+00  -2.75187e+01  -2.75000e+01
           616   6.16000e+02  -1.65140e+00  -2.73521e+01  -2.73333e+01
           617   6.17000e+02  -1.65253e+00  -2.71854e+01  -2.71667e+01
           618   6.18000e+02  -1.65359e+00  -2.70188e+01  -2.70000e+01
           619   6.19000e+02  -1.65455e+00  -2.68521e+01  -2.68333e+01
           620   6.20000e+02  -1.65550e+00  -2.66855e+01  -2.66667e+01
           621   6.21000e+02  -1.65651e+00  -2.65189e+01  -2.65000e+01
           622   6.22000e+02  -1.65755e+00  -2.63522e+01  -2.63333e+01
           623   6.23000e+02  -1.65859e+00  -2.61855e+01  -2.61667e+01
           624   6.24000e+02  -1.65964e+00  -2.60189e+01  -2.60000e+01
           625   6.25000e+02  -1.66071e+00  -2.58523e+01  -2.58333e+01
           626   6.26000e+02  -1.66166e+00  -2.56856e+01  -2.56667e+01
           627   6.27000e+02  -1.66271e+00  -2.55190e+01  -2.55000e+01
           628   6.28000e+02  -1.66387e+00  -2.53523e+01  -2.53333e+01
           629   6.29000e+02  -1.66490e+00  -2.51857e+01  -2.51667e+01
           630   6.30000e+02  -1.66597e+00  -2.50190e+01  -2.50000e+01
           631   6.31000e+02  -1.66700e+00  -2.48524e+01  -2.48333e+01
           632   6.32000e+02  -1.66796e+00  -2.46858e+01  -2.46667e+01
           633   6.33000e+02  -1.66890e+00  -2.45191e+01  -2.45000e+01
           634   6.34000e+02  -1.66982e+00  -2.43525e+01  -2.43333e+01
           635   6.35000e+02  -1.67081e+00  -2.41858e+01  -2.41667e+01
           636   6.36000e+02  -1.67174e+00  -2.40192e+01  -2.40000e+01
           637   6.37000e+02  -1.67260e+00  -2.38525e+01  -2.38333e+01
           638   6.38000e+02  -1.67355e+00  -2.36859e+01  -2.36667e+01
           639   6.39000e+02  -1.67436e+00  -2.35193e+01  -2.35000e+01
           640   6.40000e+02  -1.67509e+00  -2.33526e+01  -2.33333e+01
           641   6.41000e+02  -1.67586e+00  -2.31860e+01  -2.31667e+01
           642   6.42000e+02  -1.67664e+00  -2.30194e+01  -2.30000e+01
           643   6.43000e+02  -1.67737e+00  -2.28527e+01  -2.28333e+01
           644   6.44000e+02  -1.67812e+00  -2.26861e+01  -2.26667e+01
           645   6.45000e+02  -1.67881e+00  -2.25195e+01  -2.25000e+01
           646   6.46000e+02  -1.67948e+00  -2.23528e+01  -2.23333e+01
           647   6.47000e+02  -1.68011e+00  -2.21862e+01  -2.21667e+01
           648   6.48000e+02  -1.68075e+00  -2.20196e+01  -2.20000e+01
           649   6.49000e+02  -1.68141e+00  -2.18530e+01  -2.18333e+01
           650   6.50000e+02  -1.68206e+00  -2.16863e+01  -2.16667e+01
           651   6.51000e+02  -1.68269e+00  -2.15197e+01  -2.15000e+01
           652   6.52000e+02  -1.68329e+00  -2.13530e+01  -2.13333e+01
           653   6.53000e+02  -1.68385e+00  -2.11864e+01  -2.11667e+01
           654   6.54000e+02  -1.68440e+00  -2.10198e+01  -2.10000e+01
           655   6.55000e+02  -1.68492e+00  -2.08531e+01  -2.08333e+01
           656   6.56000e+02  -1.68548e+00  -2.06865e+01  -2.06667e+01
           657   6.57000e+02  -1.68602e+00  -2.05198e+01  -2.05000e+01
           658   6.58000e+02  -1.68651e+00  -2.03531e+01  -2.03333e+01
           659   6.59000e+02  -1.68693e+00  -2.01865e+01  -2.01667e+01
           660   6.60000e+02  -1.68731e+00  -2.00198e+01  -2.00000e+01
           661   6.61000e+02  -1.68772e+00  -1.98531e+01  -1.98333e+01
           662   6.62000e+02  -1.68810e+00  -1.96865e+01  -1.96667e+01
           663   6.63000e+02  -1.68851e+00  -1.95198e+01  -1.95000e+01
           664   6.64000e+02  -1.68890e+00  -1.93531e+01  -1.93333e+01
           665   6.65000e+02  -1.68920e+00  -1.91865e+01  -1.91667e+01
           666   6.66000e+02  -1.68948e+00  -1.90198e+01  -1.90000e+01
           667   6.67000e+02  -1.68976e+00  -1.88531e+01  -1.88333e+01
           668   6.68000e+02  -1.69013e+00  -1.86864e+01  -1.86667e+01
           669   6.69000e+02  -1.69047e+00  -1.85197e+01  -1.85000e+01
           670   6.70000e+02  -1.69060e+00  -1.83530e+01  -1.83333e+01
           671   6.71000e+02  -1.69080e+00  -1.81863e+01  -1.81667e+01
           672   6.72000e+02  -1.69096e+00  -1.80197e+01  -1.80000e+01
           673   6.73000e+02  -1.69119e+00  -1.78530e+01  -1.78333e+01
           674   6.74000e+02  -1.69137e+00  -1.76863e+01  -1.76667e+01
           675   6.75000e+02  -1.69162e+00  -1.75197e+01  -1.75000e+01
           676   6.76000e+02  -1.69172e+00  -1.73530e+01  -1.73333e+01
           677   6.77000e+02  -1.69187e+00  -1.71863e+01  -1.71667e+01
           678   6.78000e+02  -1.69197e+00  -1.70197e+01  -1.70000e+01
           679   6.79000e+02  -1.69222e+00  -1.68530e+01  -1.68333e+01
           680   6.80000e+02  -1.69242e+00  -1.66863e+01  -1.66667e+01
           681   6.81000e+02  -1.69269e+00  -1.65197e+01  -1.65000e+01
           682   6.82000e+02  -1.69284e+00  -1.63530e+01  -1.63333e+01
           683   6.83000e+02  -1.69302e+00  -1.61863e+01  -1.61667e+01
           684   6.84000e+02  -1.69318e+00  -1.60197e+01  -1.60000e+01
           685   6.85000e+02  -1.69343e+00  -1.58531e+01  -1.58333e+01
           686   6.86000e+02  -1.69362e+00  -1.56864e+01  -1.56667e+01
           687   6.87000e+02  -1.69391e+00  -1.55197e+01  -1.55000e+01
           688   6.88000e+02  -1.69418e+00  -1.53530e+01  -1.53333e+01
           689   6.89000e+02  -1.69443e+00  -1.51863e+01  -1.51667e+01
           690   6.90000e+02  -1.69462e+00  -1.50197e+01  -1.50000e+01
           691   6.91000e+02  -1.69489e+00  -1.48530e+01  -1.48333e+01
           692   6.92000e+02  -1.69515e+00  -1.46863e+01  -1.46667e+01
           693   6.93000e+02  -1.69544e+00  -1.45196e+01  -1.45000e+01
           694   6.94000e+02  -1.69582e+00  -1.43529e+01  -1.43333e+01
           695   6.95000e+02  -1.69614e+00  -1.41862e+01  -1.41667e+01
           696   6.96000e+02  -1.69651e+00  -1.40195e+01  -1.40000e+01
           697   6.97000e+02  -1.69696e+00  -1.38528e+01  -1.38333e+01
           698   6.98000e+02  -1.69739e+00  -1.36861e+01  -1.36667e+01
           699   6.99000e+02  -1.69787e+00  -1.35194e+01  -1.35000e+01
           700   7.00000e+02  -1.69844e+00  -1.33527e+01  -1.33333e+01
           701   7.01000e+02  -1.69910e+00  -1.31860e+01  -1.31667e+01
           702   7.02000e+02  -1.69987e+00  -1.30193e+01  -1.30000e+01
           703   7.03000e+02  -1.70060e+00  -1.28525e+01  -1.28333e+01
           704   7.04000e+02  -1.70139e+00  -1.26858e+01  -1.26667e+01
           705   7.05000e+02  -1.70212e+00  -1.25191e+01  -1.25000e+01
           706   7.06000e+02  -1.70284e+00  -1.23524e+01  -1.23333e+01
           707   7.07000e+02  -1.70362e+00  -1.21856e+01  -1.21667e+01
           708   7.08000e+02  -1.70446e+00  -1.20189e+01  -1.20000e+01
           709   7.09000e+02  -1.70517e+00  -1.18521e+01  -1.18333e+01
           710   7.10000e+02  -1.70588e+00  -1.16853e+01  -1.16667e+01
           711   7.11000e+02  -1.70650e+00  -1.15186e+01  -1.15000e+01
           712   7.12000e+02  -1.70717e+00  -1.13519e+01  -1.13333e+01
           713   7.13000e+02  -1.70790e+00  -1.11851e+01  -1.11667e+01
           714   7.14000e+02  -1.70868e+00  -1.10183e+01  -1.10000e+01
           715   7.15000e+02  -1.70950e+00  -1.08516e+01  -1.08333e+01
           716   7.16000e+02  -1.71042e+00  -1.06849e+01  -1.06667e+01
           717   7.17000e+02  -1.71134e+00  -1.05182e+01  -1.05000e+01
           718   7.18000e+02  -1.71230e+00  -1.03514e+01  -1.03333e+01
           719   7.19000e+02  -1.71330e+00  -1.01847e+01  -1.01667e+01
           720   7.20000e+02  -1.71430e+00  -1.00180e+01  -1.00000e+01
           721   7.21000e+02  -1.71531e+00  -9.85132e+00  -9.83333e+00
           722   7.22000e+02  -1.71639e+00  -9.68459e+00  -9.66667e+00
           723   7.23000e+02  -1.71743e+00  -9.51789e+00  -9.50000e+00
           724   7.24000e+02  -1.71850e+00  -9.35117e+00  -9.33333e+00
           725   7.25000e+02  -1.71951e+00  -9.18447e+00  -9.16667e+00
           726   7.26000e+02  -1.72043e+00  -9.01781e+00  -9.00000e+00
           727   7.27000e+02  -1.72146e+00  -8.85112e+00  -8.83333e+00
           728   7.28000e+02  -1.72245e+00  -8.68444e+00  -8.66667e+00
           729   7.29000e+02  -1.72349e+00  -8.51775e+00  -8.50000e+00
           730   7.30000e+02  -1.72450e+00  -8.35105e+00  -8.33333e+00
           731   7.31000e+02  -1.72549e+00  -8.18439e+00  -8.16667e+00
           732   7.32000e+02  -1.72645e+00  -8.01770e+00  -8.00000e+00
           733   7.33000e+02  -1.72741e+00  -7.85103e+00  -7.83333e+00
           734   7.34000e+02  -1.72840e+00  -7.68434e+00  -7.66667e+00
           735   7.35000e+02  -1.72941e+00  -7.51766e+00  -7.50000e+00
           736   7.36000e+02  -1.73038e+00  -7.35096e+00  -7.33333e+00
           737   7.37000e+02  -1.73136e+00  -7.18429e+00  -7.16667e+00
           738   7.38000e+02  -1.73235e+00  -7.01761e+00  -7.00000e+00
           739   7.39000e+02  -1.73343e+00  -6.85091e+00  -6.83333e+00
           740   7.40000e+02  -1.73444e+00  -6.68423e+00  -6.66667e+00
           741   7.41000e+02  -1.73552e+00  -6.51754e+00  -6.50000e+00
           742   7.42000e+02  -1.73653e+00  -6.35086e+00  -6.33333e+00
           743   7.43000e+02  -1.73752e+00  -6.18420e+00  -6.16667e+00
           744   7.44000e+02  -1.73856e+00  -6.01752e+00  -6.00000e+00
           745   7.45000e+02  -1.73957e+00  -5.85083e+00  -5.83333e+00
           746   7.46000e+02  -1.74053e+00  -5.68412e+00  -5.66667e+00
           747   7.47000e+02  -1.74154e+00  -5.51743e+00  -5.50000e+00
           748   7.48000e+02  -1.74248e+00  -5.35074e+00  -5.33333e+00
           749   7.49000e+02  -1.74339e+00  -5.18405e+00  -5.16667e+00
           750   7.50000e+02  -1.74432e+00  -5.01736e+00  -5.00000e+00
           751   7.51000e+02  -1.74523e+00  -4.85071e+00  -4.83333e+00
           752   7.52000e+02  -1.74615e+00  -4.68402e+00  -4.66667e+00
           753   7.53000e+02  -1.74708e+00  -4.51732e+00  -4.50000e+00
           754   7.54000e+02  -1.74803e+00  -4.35065e+00  -4.33333e+00
           755   7.55000e+02  -1.74905e+00  -4.18397e+00  -4.16667e+00
           756   7.56000e+02  -1.74993e+00  -4.01730e+00  -4.00000e+00
           757   7.57000e+02  -1.75086e+00  -3.85063e+00  -3.83333e+00
           758   7.58000e+02  -1.75178e+00  -3.68396e+00  -3.66667e+00
           759   7.59000e+02  -1.75272e+00  -3.51730e+00  -3.50000e+00
           760   7.60000e+02  -1.75371e+00  -3.35061e+00  -3.33333e+00
           761   7.61000e+02  -1.75467e+00  -3.18396e+00  -3.16667e+00
           762   7.62000e+02  -1.75556e+00  -3.01729e+00  -3.00000e+00
           763   7.63000e+02  -1.75648e+00  -2.85064e+00  -2.83333e+00
           764   7.64000e+02  -1.75734e+00  -2.68398e+00  -2.66667e+00
           765   7.65000e+02  -1.75826e+00  -2.51731e+00  -2.50000e+00
           766   7.66000e+02  -1.75915e+00  -2.35064e+00  -2.33333e+00
           767   7.67000e+02  -1.76008e+00  -2.18398e+00  -2.16667e+00
           768   7.68000e+02  -1.76103e+00  -2.01732e+00  -2.00000e+00
           769   7.69000e+02  -1.76200e+00  -1.85066e+00  -1.83333e+00
           770   7.70000e+02  -1.76291e+00  -1.68399e+00  -1.66667e+00
           771   7.71000e+02  -1.76381e+00  -1.51731e+00  -1.50000e+00
           772   7.72000e+02  -1.76480e+00  -1.35066e+00  -1.33333e+00
           773   7.73000e+02  -1.76580e+00  -1.18398e+00  -1.16667e+00
           774   7.74000e+02  -1.76678e+00  -1.01728e+00  -1.00000e+00
           775   7.75000e+02  -1.76783e+00  -8.50577e-01  -8.33333e-01
           776   7.76000e+02  -1.76893e+00  -6.83925e-01  -6.66667e-01
           777   7.77000e+02  -1.77000e+00  -5.17226e-01  -5.00000e-01
           778   7.78000e+02  -1.77101e+00  -3.50524e-01  -3.33333e-01
           779   7.79000e+02  -1.77212e+00  -1.83839e-01  -1.66667e-01
           780   7.80000e+02  -1.77333e+00  -1.71490e-02   0.00000e+00
           781   7.81000e+02  -1.77450e+00   1.49541e-01   1.66667e-01
           782   7.82000e+02  -1.77567e+00   3.16267e-01   3.33333e-01
           783   7.83000e+02  -1.77695e+00   4.82977e-01   5.00000e-01
           784   7.84000e+02  -1.77822e+00   6.49687e-01   6.66667e-01
           785   7.85000e+02  -1.77962e+00   8.16375e-01   8.33333e-01
           786   7.86000e+02  -1.78098e+00   9.83103e-01   1.00000e+00
           787   7.87000e+02  -1.78250e+00   1.14980e+00   1.16667e+00
           788   7.88000e+02  -1.78410e+00   1.31650e+00   1.33333e+00
           789   7.89000e+02  -1.78579e+00   1.48318e+00   1.50000e+00
           790   7.90000e+02  -1.78759e+00   1.64989e+00   1.66667e+00
           791   7.91000e+02  -1.78954e+00   1.81656e+00   1.83333e+00
           792   7.92000e+02  -1.79158e+00   1.98324e+00   2.00000e+00
           793   7.93000e+02  -1.79371e+00   2.14991e+00   2.16667e+00
           794   7.94000e+02  -1.79586e+00   2.31655e+00   2.33333e+00
           795   7.95000e+02  -1.79821e+00   2.48322e+00   2.50000e+00
           796   7.96000e+02  -1.80069e+00   2.64987e+00   2.66667e+00
           797   7.97000e+02  -1.80323e+00   2.81652e+00   2.83333e+00
           798   7.98000e+02  -1.80586e+00   2.98317e+00   3.00000e+00
           799   7.99000e+02  -1.80851e+00   3.14981e+00   3.16667e+00
           800   8.00000e+02  -1.81118e+00   3.31643e+00   3.33333e+00
           801   8.01000e+02  -1.81382e+00   3.48309e+00   3.50000e+00
           802   8.02000e+02  -1.81639e+00   3.64971e+00   3.66667e+00
           803   8.03000e+02  -1.81890e+00   3.81634e+00   3.83333e+00
           804   8.04000e+02  -1.82123e+00   3.98298e+00   4.00000e+00
           805   8.05000e+02  -1.82344e+00   4.14963e+00   4.16667e+00
           806   8.06000e+02  -1.82551e+00   4.31629e+00   4.33333e+00
           807   8.07000e+02  -1.82730e+00   4.48293e+00   4.50000e+00
           808   8.08000e+02  -1.82887e+00   4.64960e+00   4.66667e+00
           809   8.09000e+02  -1.83025e+00   4.81623e+00   4.83333e+00
           810   8.10000e+02  -1.83148e+00   4.98290e+00   5.00000e+00
           811   8.11000e+02  -1.83244e+00   5.14958e+00   5.16667e+00
           812   8.12000e+02  -1.83317e+00   5.31625e+00   5.33333e+00
           813   8.13000e+02  -1.83377e+00   5.48293e+00   5.50000e+00
           814   8.14000e+02  -1.83411e+00   5.64961e+00   5.66667e+00
           815   8.15000e+02  -1.83428e+00   5.81631e+00   5.83333e+00
           816   8.16000e+02  -1.83431e+00   5.98300e+00   6.00000e+00
           817   8.17000e+02  -1.83420e+00   6.14970e+00   6.16667e+00
           818   8.18000e+02  -1.83393e+00   6.31639e+00   6.33333e+00
           819   8.19000e+02  -1.83353e+00   6.48308e+00   6.50000e+00
           820   8.20000e+02  -1.83311e+00   6.64980e+00   6.66667e+00
           821   8.21000e+02  -1.83274e+00   6.81651e+00   6.83333e+00
           822   8.22000e+02  -1.83225e+00   6.98321e+00   7.00000e+00
           823   8.23000e+02  -1.83171e+00   7.14993e+00   7.16667e+00
           824   8.24000e+02  -1.83111e+00   7.31664e+00   7.33333e+00
           825   8.25000e+02  -1.83058e+00   7.48333e+00   7.50000e+00
           826   8.26000e+02  -1.83002e+00   7.65006e+00   7.66667e+00
           827   8.27000e+02  -1.82939e+00   7.81679e+00   7.83333e+00
           828   8.28000e+02  -1.82878e+00   7.98352e+00   8.00000e+00
           829   8.29000e+02  -1.82805e+00   8.15023e+00   8.16667e+00
           830   8.30000e+02  -1.82721e+00   8.31698e+00   8.33333e+00
           831   8.31000e+02  -1.82639e+00   8.48374e+00   8.50000e+00
           832   8.32000e+02  -1.82558e+00   8.65046e+00   8.66667e+00
           833   8.33000e+02  -1.82479e+00   8.81721e+00   8.83333e+00
           834   8.34000e+02  -1.82392e+00   8.98392e+00   9.00000e+00
           835   8.35000e+02  -1.82304e+00   9.15064e+00   9.16667e+00
           836   8.36000e+02  -1.82216e+00   9.31736e+00   9.33333e+00
           837   8.37000e+02  -1.82120e+00   9.48408e+00   9.50000e+00
           838   8.38000e+02  -1.82034e+00   9.65080e+00   9.66667e+00
           839   8.39000e+02  -1.81956e+00   9.81753e+00   9.83333e+00
           840   8.40000e+02  -1.81884e+00   9.98426e+00   1.00000e+01
           841   8.41000e+02  -1.81816e+00   1.01510e+01   1.01667e+01
           842   8.42000e+02  -1.81748e+00   1.03177e+01   1.03333e+01
           843   8.43000e+02  -1.81693e+00   1.04844e+01   1.05000e+01
           844   8.44000e+02  -1.81644e+00   1.06511e+01   1.06667e+01
           845   8.45000e+02  -1.81612e+00   1.08178e+01   1.08333e+01
           846   8.46000e+02  -1.81591e+00   1.09845e+01   1.10000e+01
           847   8.47000e+02  -1.81581e+00   1.11512e+01   1.11667e+01
           848   8.48000e+02  -1.81579e+00   1.13178e+01   1.13333e+01
           849   8.49000e+02  -1.81577e+00   1.14845e+01   1.15000e+01
           850   8.50000e+02  -1.81585e+00   1.16512e+01   1.16667e+01
           851   8.51000e+02  -1.81606e+00   1.18178e+01   1.18333e+01
           852   8.52000e+02  -1.81631e+00   1.19845e+01   1.20000e+01
           853   8.53000e+02  -1.81657e+00   1.21512e+01   1.21667e+01
           854   8.54000e+02  -1.81692e+00   1.23178e+01   1.23333e+01
           855   8.55000e+02  -1.81728e+00   1.24845e+01   1.25000e+01
           856   8.56000e+02  -1.81772e+00   1.26511e+01   1.26667e+01
           857   8.57000e+02  -1.81810e+00   1.28178e+01   1.28333e+01
           858   8.58000e+02  -1.81862e+00   1.29845e+01   1.30000e+01
           859   8.59000e+02  -1.81915e+00   1.31512e+01   1.31667e+01
           860   8.60000e+02  -1.81967e+00   1.33178e+01   1.33333e+01
           861   8.61000e+02  -1.82025e+00   1.34845e+01   1.35000e+01
           862   8.62000e+02  -1.82088e+00   1.36512e+01   1.36667e+01
           863   8.63000e+02  -1.82141e+00   1.38178e+01   1.38333e+01
           864   8.64000e+02  -1.82206e+00   1.39845e+01   1.40000e+01
           865   8.65000e+02  -1.82270e+00   1.41512e+01   1.41667e+01
           866   8.66000e+02  -1.82344e+00   1.43179e+01   1.43333e+01
           867   8.67000e+02  -1.82406e+00   1.44846e+01   1.45000e+01
           868   8.68000e+02  -1.82473e+00   1.46512e+01   1.46667e+01
           869   8.69000e+02  -1.82540e+00   1.48179e+01   1.48333e+01
           870   8.70000e+02  -1.82600e+00   1.49846e+01   1.50000e+01
           871   8.71000e+02  -1.82665e+00   1.51513e+01   1.51667e+01
           872   8.72000e+02  -1.82735e+00   1.53179e+01   1.53333e+01
           873   8.73000e+02  -1.82806e+00   1.54846e+01   1.55000e+01
           874   8.74000e+02  -1.82874e+00   1.56513e+01   1.56667e+01
           875   8.75000e+02  -1.82939e+00   1.58180e+01   1.58333e+01
           876   8.76000e+02  -1.83007e+00   1.59847e+01   1.60000e+01
           877   8.77000e+02  -1.83068e+00   1.61513e+01   1.61667e+01
           878   8.78000e+02  -1.83129e+00   1.63180e+01   1.63333e+01
           879   8.79000e+02  -1.83193e+00   1.64847e+01   1.65000e+01
           880   8.80000e+02  -1.83256e+00   1.66514e+01   1.66667e+01
           881   8.81000e+02  -1.83319e+00   1.68181e+01   1.68333e+01
           882   8.82000e+02  -1.83375e+00   1.69848e+01   1.70000e+01
           883   8.83000e+02  -1.83435e+00   1.71515e+01   1.71667e+01
           884   8.84000e+02  -1.83496e+00   1.73181e+01   1.73333e+01
           885   8.85000e+02  -1.83557e+00   1.74848e+01   1.75000e+01
           886   8.86000e+02  -1.83621e+00   1.76515e+01   1.76667e+01
           887   8.87000e+02  -1.83690e+00   1.78182e+01   1.78333e+01
           888   8.88000e+02  -1.83760e+00   1.79848e+01   1.80000e+01
           889   8.89000e+02  -1.83825e+00   1.81515e+01   1.81667e+01
           890   8.90000e+02  -1.83892e+00   1.83182e+01   1.83333e+01
           891   8.91000e+02  -1.83960e+00   1.84849e+01   1.85000e+01
           892   8.92000e+02  -1.84025e+00   1.86516e+01   1.86667e+01
           893   8.93000e+02  -1.84089e+00   1.88183e+01   1.88333e+01
           894   8.94000e+02  -1.84158e+00   1.89849e+01   1.90000e+01
           895   8.95000e+02  -1.84227e+00   1.91516e+01   1.91667e+01
           896   8.96000e+02  -1.84290e+00   1.93183e+01   1.93333e+01
           897   8.97000e+02  -1.84353e+00   1.94850e+01   1.95000e+01
           898   8.98000e+02  -1.84418e+00   1.96517e+01   1.96667e+01
           899   8.99000e+02  -1.84486e+00   1.98184e+01   1.98333e+01
           900   9.00000e+02  -1.84552e+00   1.99851e+01   2.00000e+01
           901   9.01000e+02  -1.84620e+00   2.01517e+01   2.01667e+01
           902   9.02000e+02  -1.84686e+00   2.03185e+01   2.03333e+01
           903   9.03000e+02  -1.84752e+00   2.04851e+01   2.05000e+01
           904   9.04000e+02  -1.84817e+00   2.06519e+01   2.06667e+01
           905   9.05000e+02  -1.84879e+00   2.08185e+01   2.08333e+01
           906   9.06000e+02  -1.84942e+00   2.09852e+01   2.10000e+01
           907   9.07000e+02  -1.85006e+00   2.11519e+01   2.11667e+01
           908   9.08000e+02  -1.85068e+00   2.13186e+01   2.13333e+01
           909   9.09000e+02  -1.85141e+00   2.14854e+01   2.15000e+01
           910   9.10000e+02  -1.85208e+00   2.16521e+01   2.16667e+01
           911   9.11000e+02  -1.85268e+00   2.18188e+01   2.18333e+01
           912   9.12000e+02  -1.85328e+00   2.19855e+01   2.20000e+01
           913   9.13000e+02  -1.85395e+00   2.21521e+01   2.21667e+01
           914   9.14000e+02  -1.85467e+00   2.23188e+01   2.23333e+01
           915   9.15000e+02  -1.85531e+00   2.24856e+01   2.25000e+01
           916   9.16000e+02  -1.85598e+00   2.26522e+01   2.26667e+01
           917   9.17000e+02  -1.85669e+00   2.28189e+01   2.28333e+01
           918   9.18000e+02  -1.85728e+00   2.29856e+01   2.30000e+01
           919   9.19000e+02  -1.85778e+00   2.31523e+01   2.31667e+01
           920   9.20000e+02  -1.85842e+00   2.33190e+01   2.33333e+01
           921   9.21000e+02  -1.85905e+00   2.34857e+01   2.35000e+01
           922   9.22000e+02  -1.85958e+00   2.36524e+01   2.36667e+01
           923   9.23000e+02  -1.86011e+00   2.38191e+01   2.38333e+01
           924   9.24000e+02  -1.86062e+00   2.39857e+01   2.40000e+01
           925   9.25000e+02  -1.86117e+00   2.41524e+01   2.41667e+01
           926   9.26000e+02  -1.86162e+00   2.43191e+01   2.43333e+01
           927   9.27000e+02  -1.86208e+00   2.44858e+01   2.45000e+01
           928   9.28000e+02  -1.86269e+00   2.46525e+01   2.46667e+01
           929   9.29000e+02  -1.86323e+00   2.48191e+01   2.48333e+01
           930   9.30000e+02  -1.86377e+00   2.49858e+01   2.50000e+01
           931   9.31000e+02  -1.86432e+00   2.51524e+01   2.51667e+01
           932   9.32000e+02  -1.86494e+00   2.53191e+01   2.53333e+01
           933   9.33000e+02  -1.86563e+00   2.54857e+01   2.55000e+01
           934   9.34000e+02  -1.86619e+00   2.56524e+01   2.56667e+01
           935   9.35000e+02  -1.86681e+00   2.58190e+01   2.58333e+01
           936   9.36000e+02  -1.86746e+00   2.59857e+01   2.60000e+01
           937   9.37000e+02  -1.86813e+00   2.61523e+01   2.61667e+01
           938   9.38000e+02  -1.86875e+00   2.63190e+01   2.63333e+01
           939   9.39000e+02  -1.86937e+00   2.64856e+01   2.65000e+01
           940   9.40000e+02  -1.86998e+00   2.66522e+01   2.66667e+01
           941   9.41000e+02  -1.87061e+00   2.68188e+01   2.68333e+01
           942   9.42000e+02  -1.87125e+00   2.69854e+01   2.70000e+01
           943   9.43000e+02  -1.87196e+00   2.71521e+01   2.71667e+01
           944   9.44000e+02  -1.87264e+00   2.73187e+01   2.73333e+01
           945   9.45000e+02  -1.87336e+00   2.74853e+01   2.75000e+01
           946   9.46000e+02  -1.87402e+00   2.76519e+01   2.76667e+01
           947   9.47000e+02  -1.87475e+00   2.78186e+01   2.78333e+01
           948   9.48000e+02  -1.87547e+00   2.79852e+01   2.80000e+01
           949   9.49000e+02  -1.87624e+00   2.81518e+01   2.81667e+01
           950   9.50000e+02  -1.87692e+00   2.83185e+01   2.83333e+01
           951   9.51000e+02  -1.87765e+00   2.84851e+01   2.85000e+01
           952   9.52000e+02  -1.87836e+00   2.86518e+01   2.86667e+01
           953   9.53000e+02  -1.87905e+00   2.88184e+01   2.88333e+01
           954   9.54000e+02  -1.87972e+00   2.89851e+01   2.90000e+01
           955   9.55000e+02  -1.88041e+00   2.91518e+01   2.91667e+01
           956   9.56000e+02  -1.88112e+00   2.93184e+01   2.93333e+01
           957   9.57000e+02  -1.88186e+00   2.94851e+01   2.95000e+01
           958   9.58000e+02  -1.88260e+00   2.96518e+01   2.96667e+01
           959   9.59000e+02  -1.88337e+00   2.98185e+01   2.98333e+01
           960   9.60000e+02  -1.88412e+00   2.99851e+01   3.00000e+01
           961   9.61000e+02  -1.88487e+00   3.01518e+01   3.01667e+01
           962   9.62000e+02  -1.88567e+00   3.03185e+01   3.03333e+01
           963   9.63000e+02  -1.88647e+00   3.04851e+01   3.05000e+01
           964   9.64000e+02  -1.88728e+00   3.06518e+01   3.06667e+01
           965   9.65000e+02  -1.88806e+00   3.08185e+01   3.08333e+01
           966   9.66000e+02  -1.88882e+00   3.09852e+01   3.10000e+01
           967   9.67000e+02  -1.88960e+00   3.11519e+01   3.11667e+01
           968   9.68000e+02  -1.89033e+00   3.13186e+01   3.13333e+01
           969   9.69000e+02  -1.89103e+00   3.14853e+01   3.15000e+01
           970   9.70000e+02  -1.89174e+00   3.16519e+01   3.16667e+01
           971   9.71000e+02  -1.89247e+00   3.18186e+01   3.18333e+01
           972   9.72000e+02  -1.89314e+00   3.19854e+01   3.20000e+01
           973   9.73000e+02  -1.89381e+00   3.21521e+01   3.21667e+01
           974   9.74000e+02  -1.89446e+00   3.23188e+01   3.23333e+01
           975   9.75000e+02  -1.89512e+00   3.24855e+01   3.25000e+01
           976   9.76000e+02  -1.89577e+00   3.26522e+01   3.26667e+01
           977   9.77000e+02  -1.89642e+00   3.28189e+01   3.28333e+01
           978   9.78000e+02  -1.89704e+00   3.29856e+01   3.30000e+01
           979   9.79000e+02  -1.89771e+00   3.31523e+01   3.31667e+01
           980   9.80000e+02  -1.89840e+00   3.33190e+01   3.33333e+01
           981   9.81000e+02  -1.89910e+00   3.34857e+01   3.35000e+01
           982   9.82000e+02  -1.89980e+00   3.36524e+01   3.36667e+01
           983   9.83000e+02  -1.90054e+00   3.38191e+01   3.38333e+01
           984   9.84000e+02  -1.90126e+00   3.39858e+01   3.40000e+01
           985   9.85000e+02  -1.90194e+00   3.41525e+01   3.41667e+01
           986   9.86000e+02  -1.90267e+00   3.43192e+01   3.43333e+01
           987   9.87000e+02  -1.90338e+00   3.44859e+01   3.45000e+01
           988   9.88000e+02  -1.90413e+00   3.46526e+01   3.46667e+01
           989   9.89000e+02  -1.90486e+00   3.48193e+01   3.48333e+01
           990   9.90000e+02  -1.90558e+00   3.49860e+01   3.50000e+01
           991   9.91000e+02  -1.90633e+00   3.51527e+01   3.51667e+01
           992   9.92000e+02  -1.90703e+00   3.53194e+01   3.53333e+01
           993   9.93000e+02  -1.90771e+00   3.54861e+01   3.55000e+01
           994   9.94000e+02  -1.90842e+00   3.56528e+01   3.56667e+01
           995   9.95000e+02  -1.90909e+00   3.58195e+01   3.58333e+01
           996   9.96000e+02  -1.90979e+00   3.59862e+01   3.60000e+01
           997   9.97000e+02  -1.91044e+00   3.61529e+01   3.61667e+01
           998   9.98000e+02  -1.91108e+00   3.63195e+01   3.63333e+01
           999   9.99000e+02  -1.91178e+00   3.64863e+01   3.65000e+01
          1000   1.00000e+03  -1.91241e+00   3.66530e+01   3.66667e+01
          1001   1.00100e+03  -1.91305e+00   3.68197e+01   3.68333e+01
          1002   1.00200e+03  -1.91376e+00   3.69864e+01   3.70000e+01
          1003   1.00300e+03  -1.91443e+00   3.71531e+01   3.71667e+01
          1004   1.00400e+03  -1.91515e+00   3.73198e+01   3.73333e+01
          1005   1.00500e+03  -1.91587e+00   3.74865e+01   3.75000e+01
          1006   1.00600e+03  -1.91658e+00   3.76532e+01   3.76667e+01
          1007   1.00700e+03  -1.91727e+00   3.78199e+01   3.78333e+01
          1008   1.00800e+03  -1.91784e+00   3.79866e+01   3.80000e+01
          1009   1.00900e+03  -1.91850e+00   3.81534e+01   3.81667e+01
          1010   1.01000e+03  -1.91916e+00   3.83201e+01   3.83333e+01
          1011   1.01100e+03  -1.91983e+00   3.84868e+01   3.85000e+01
          1012   1.01200e+03  -1.92048e+00   3.86535e+01   3.86667e+01
          1013   1.01300e+03  -1.92109e+00   3.88202e+01   3.88333e+01
          1014   1.01400e+03  -1.92171e+00   3.89870e+01   3.90000e+01
          1015   1.01500e+03  -1.92230e+00   3.91537e+01   3.91667e+01
          1016   1.01600e+03  -1.92292e+00   3.93204e+01   3.93333e+01
          1017   1.01700e+03  -1.92362e+00   3.94871e+01   3.95000e+01
          1018   1.01800e+03  -1.92426e+00   3.96538e+01   3.96667e+01
          1019   1.01900e+03  -1.92495e+00   3.98206e+01   3.98333e+01
          1020   1.02000e+03  -1.92556e+00   3.99873e+01   4.00000e+01
          1021   1.02100e+03  -1.92613e+00   4.01540e+01   4.01667e+01
          1022   1.02200e+03  -1.92673e+00   4.03207e+01   4.03333e+01
          1023   1.02300e+03  -1.92731e+00   4.04874e+01   4.05000e+01
          1024   1.02400e+03  -1.92791e+00   4.06540e+01   4.06667e+01
          1025   1.02500e+03  -1.92847e+00   4.08208e+01   4.08333e+01
          1026   1.02600e+03  -1.92903e+00   4.09874e+01   4.10000e+01
          1027   1.02700e+03  -1.92961e+00   4.11541e+01   4.11667e+01
          1028   1.02800e+03  -1.93017e+00   4.13208e+01   4.13333e+01
          1029   1.02900e+03  -1.93070e+00   4.14875e+01   4.15000e+01
          1030   1.03000e+03  -1.93134e+00   4.16542e+01   4.16667e+01
          1031   1.03100e+03  -1.93197e+00   4.18208e+01   4.18333e+01
          1032   1.03200e+03  -1.93265e+00   4.19875e+01   4.20000e+01
          1033   1.03300e+03  -1.93332e+00   4.21542e+01   4.21667e+01
          1034   1.03400e+03  -1.93404e+00   4.23208e+01   4.23333e+01
          1035   1.03500e+03  -1.93473e+00   4.24875e+01   4.25000e+01
          1036   1.03600e+03  -1.93540e+00   4.26541e+01   4.26667e+01
          1037   1.03700e+03  -1.93603e+00   4.28208e+01   4.28333e+01
          1038   1.03800e+03  -1.93669e+00   4.29874e+01   4.30000e+01
          1039   1.03900e+03  -1.93732e+00   4.31541e+01   4.31667e+01
          1040   1.04000e+03  -1.93796e+00   4.33207e+01   4.33333e+01
          1041   1.04100e+03  -1.93866e+00   4.34874e+01   4.35000e+01
          1042   1.04200e+03  -1.93936e+00   4.36540e+01   4.36667e+01
          1043   1.04300e+03  -1.94001e+00   4.38207e+01   4.38333e+01
          1044   1.04400e+03  -1.94066e+00   4.39873e+01   4.40000e+01
          1045   1.04500e+03  -1.94140e+00   4.41540e+01   4.41667e+01
          1046   1.04600e+03  -1.94216e+00   4.43206e+01   4.43333e+01
          1047   1.04700e+03  -1.94295e+00   4.44873e+01   4.45000e+01
          1048   1.04800e+03  -1.94377e+00   4.46539e+01   4.46667e+01
          1049   1.04900e+03  -1.94454e+00   4.48206e+01   4.48333e+01
          1050   1.05000e+03  -1.94522e+00   4.49873e+01   4.50000e+01
          1051   1.05100e+03  -1.94593e+00   4.51539e+01   4.51667e+01
          1052   1.05200e+03  -1.94665e+00   4.53206e+01   4.53333e+01
          1053   1.05300e+03  -1.94733e+00   4.54873e+01   4.55000e+01
          1054   1.05400e+03  -1.94800e+00   4.56540e+01   4.56667e+01
          1055   1.05500e+03  -1.94867e+00   4.58206e+01   4.58333e+01
          1056   1.05600e+03  -1.94932e+00   4.59873e+01   4.60000e+01
          1057   1.05700e+03  -1.94999e+00   4.61540e+01   4.61667e+01
          1058   1.05800e+03  -1.95067e+00   4.63206e+01   4.63333e+01
          1059   1.05900e+03  -1.95133e+00   4.64873e+01   4.65000e+01
          1060   1.06000e+03  -1.95195e+00   4.66540e+01   4.66667e+01
          1061   1.06100e+03  -1.95267e+00   4.68206e+01   4.68333e+01
          1062   1.06200e+03  -1.95342e+00   4.69873e+01   4.70000e+01
          1063   1.06300e+03  -1.95409e+00   4.71539e+01   4.71667e+01
          1064   1.06400e+03  -1.95471e+00   4.73206e+01   4.73333e+01
          1065   1.06500e+03  -1.95534e+00   4.74872e+01   4.75000e+01
          1066   1.06600e+03  -1.95597e+00   4.76539e+01   4.76667e+01
          1067   1.06700e+03  -1.95660e+00   4.78206e+01   4.78333e+01
          1068   1.06800e+03  -1.95719e+00   4.79873e+01   4.80000e+01
          1069   1.06900e+03  -1.95781e+00   4.81539e+01   4.81667e+01
          1070   1.07000e+03  -1.95831e+00   4.83206e+01   4.83333e+01
          1071   1.07100e+03  -1.95888e+00   4.84873e+01   4.85000e+01
          1072   1.07200e+03  -1.95948e+00   4.86539e+01   4.86667e+01
          1073   1.07300e+03  -1.96011e+00   4.88206e+01   4.88333e+01
          1074   1.07400e+03  -1.96072e+00   4.89872e+01   4.90000e+01
          1075   1.07500e+03  -1.96134e+00   4.91539e+01   4.91667e+01
          1076   1.07600e+03  -1.96194e+00   4.93205e+01   4.93333e+01
          1077   1.07700e+03  -1.96259e+00   4.94872e+01   4.95000e+01
          1078   1.07800e+03  -1.96324e+00   4.96538e+01   4.96667e+01
          1079   1.07900e+03  -1.96393e+00   4.98205e+01   4.98333e+01
          1080   1.08000e+03  -1.96454e+00   4.99871e+01   5.00000e+01
          1081   1.08100e+03  -1.96516e+00   5.01538e+01   5.01667e+01
          1082   1.08200e+03  -1.96576e+00   5.03204e+01   5.03333e+01
          1083   1.08300e+03  -1.96641e+00   5.04870e+01   5.05000e+01
          1084   1.08400e+03  -1.96704e+00   5.06537e+01   5.06667e+01
          1085   1.08500e+03  -1.96759e+00   5.08203e+01   5.08333e+01
          1086   1.08600e+03  -1.96824e+00   5.09870e+01   5.10000e+01
          1087   1.08700e+03  -1.96884e+00   5.11536e+01   5.11667e+01
          1088   1.08800e+03  -1.96944e+00   5.13203e+01   5.13333e+01
          1089   1.08900e+03  -1.97010e+00   5.14870e+01   5.15000e+01
          1090   1.09000e+03  -1.97071e+00   5.16536e+01   5.16667e+01
          1091   1.09100e+03  -1.97134e+00   5.18203e+01   5.18333e+01
          1092   1.09200e+03  -1.97194e+00   5.19870e+01   5.20000e+01
          1093   1.09300e+03  -1.97257e+00   5.21536e+01   5.21667e+01
          1094   1.09400e+03  -1.97326e+00   5.23203e+01   5.23333e+01
          1095   1.09500e+03  -1.97387e+00   5.24870e+01   5.25000e+01
          1096   1.09600e+03  -1.97446e+00   5.26536e+01   5.26667e+01
          1097   1.09700e+03  -1.97506e+00   5.28203e+01   5.28333e+01
          1098   1.09800e+03  -1.97564e+00   5.29869e+01   5.30000e+01
          1099   1.09900e+03  -1.97620e+00   5.31536e+01   5.31667e+01
          1100   1.10000e+03  -1.97679e+00   5.33203e+01   5.33333e+01
          1101   1.10100e+03  -1.97735e+00   5.34870e+01   5.35000e+01
          1102   1.10200e+03  -1.97793e+00   5.36536e+01   5.36667e+01
          1103   1.10300e+03  -1.97849e+00   5.38203e+01   5.38333e+01
          1104   1.10400e+03  -1.97900e+00   5.39870e+01   5.40000e+01
          1105   1.10500e+03  -1.97961e+00   5.41537e+01   5.41667e+01
          1106   1.10600e+03  -1.98016e+00   5.43204e+01   5.43333e+01
          1107   1.10700e+03  -1.98069e+00   5.44871e+01   5.45000e+01
          1108   1.10800e+03  -1.98130e+00   5.46538e+01   5.46667e+01
          1109   1.10900e+03  -1.98185e+00   5.48205e+01   5.48333e+01
          1110   1.11000e+03  -1.98241e+00   5.49872e+01   5.50000e+01
          1111   1.11100e+03  -1.98297e+00   5.51539e+01   5.51667e+01
          1112   1.11200e+03  -1.98352e+00   5.53206e+01   5.53333e+01
          1113   1.11300e+03  -1.98414e+00   5.54873e+01   5.55000e+01
          1114   1.11400e+03  -1.98467e+00   5.56540e+01   5.56667e+01
          1115   1.11500e+03  -1.98523e+00   5.58207e+01   5.58333e+01
          1116   1.11600e+03  -1.98583e+00   5.59874e+01   5.60000e+01
          1117   1.11700e+03  -1.98637e+00   5.61541e+01   5.61667e+01
          1118   1.11800e+03  -1.98690e+00   5.63208e+01   5.63333e+01
          1119   1.11900e+03  -1.98739e+00   5.64875e+01   5.65000e+01
          1120   1.12000e+03  -1.98795e+00   5.66541e+01   5.66667e+01
          1121   1.12100e+03  -1.98852e+00   5.68208e+01   5.68333e+01
          1122   1.12200e+03  -1.98903e+00   5.69875e+01   5.70000e+01
          1123   1.12300e+03  -1.98955e+00   5.71542e+01   5.71667e+01
          1124   1.12400e+03  -1.99006e+00   5.73209e+01   5.73333e+01
          1125   1.12500e+03  -1.99053e+00   5.74876e+01   5.75000e+01
          1126   1.12600e+03  -1.99101e+00   5.76542e+01   5.76667e+01
          1127   1.12700e+03  -1.99152e+00   5.78209e+01   5.78333e+01
          1128   1.12800e+03  -1.99206e+00   5.79876e+01   5.80000e+01
          1129   1.12900e+03  -1.99249e+00   5.81542e+01   5.81667e+01
          1130   1.13000e+03  -1.99291e+00   5.83209e+01   5.83333e+01
          1131   1.13100e+03  -1.99337e+00   5.84875e+01   5.85000e+01
          1132   1.13200e+03  -1.99384e+00   5.86541e+01   5.86667e+01
          1133   1.13300e+03  -1.99436e+00   5.88208e+01   5.88333e+01
          1134   1.13400e+03  -1.99487e+00   5.89874e+01   5.90000e+01
          1135   1.13500e+03  -1.99539e+00   5.91540e+01   5.91667e+01
          1136   1.13600e+03  -1.99590e+00   5.93206e+01   5.93333e+01
          1137   1.13700e+03  -1.99640e+00   5.94872e+01   5.95000e+01
          1138   1.13800e+03  -1.99691e+00   5.96538e+01   5.96667e+01
          1139   1.13900e+03  -1.99745e+00   5.98204e+01   5.98333e+01
          1140   1.14000e+03  -1.99802e+00   5.99870e+01   6.00000e+01
          1141   1.14100e+03  -1.99858e+00   6.01536e+01   6.01667e+01
          1142   1.14200e+03  -1.99907e+00   6.03201e+01   6.03333e+01
          1143   1.14300e+03  -1.99958e+00   6.04867e+01   6.05000e+01
          1144   1.14400e+03  -2.00008e+00   6.06533e+01   6.06667e+01
          1145   1.14500e+03  -2.00063e+00   6.08199e+01   6.08333e+01
          1146   1.14600e+03  -2.00114e+00   6.09865e+01   6.10000e+01
          1147   1.14700e+03  -2.00162e+00   6.11531e+01   6.11667e+01
          1148   1.14800e+03  -2.00211e+00   6.13197e+01   6.13333e+01
          1149   1.14900e+03  -2.00254e+00   6.14863e+01   6.15000e+01
          1150   1.15000e+03  -2.00302e+00   6.16529e+01   6.16667e+01
          1151   1.15100e+03  -2.00349e+00   6.18195e+01   6.18333e+01
          1152   1.15200e+03  -2.00392e+00   6.19861e+01   6.20000e+01
          1153   1.15300e+03  -2.00439e+00   6.21528e+01   6.21667e+01
          1154   1.15400e+03  -2.00485e+00   6.23194e+01   6.23333e+01
          1155   1.15500e+03  -2.00535e+00   6.24860e+01   6.25000e+01
          1156   1.15600e+03  -2.00585e+00   6.26527e+01   6.26667e+01
          1157   1.15700e+03  -2.00633e+00   6.28193e+01   6.28333e+01
          1158   1.15800e+03  -2.00684e+00   6.29860e+01   6.30000e+01
          1159   1.15900e+03  -2.00733e+00   6.31527e+01   6.31667e+01
          1160   1.16000e+03  -2.00782e+00   6.33194e+01   6.33333e+01
          1161   1.16100e+03  -2.00836e+00   6.34861e+01   6.35000e+01
          1162   1.16200e+03  -2.00883e+00   6.36528e+01   6.36667e+01
          1163   1.16300e+03  -2.00926e+00   6.38195e+01   6.38333e+01
          1164   1.16400e+03  -2.00965e+00   6.39862e+01   6.40000e+01
          1165   1.16500e+03  -2.01014e+00   6.41529e+01   6.41667e+01
          1166   1.16600e+03  -2.01063e+00   6.43197e+01   6.43333e+01
          1167   1.16700e+03  -2.01106e+00   6.44864e+01   6.45000e+01
          1168   1.16800e+03  -2.01153e+00   6.46532e+01   6.46667e+01
          1169   1.16900e+03  -2.01203e+00   6.48199e+01   6.48333e+01
          1170   1.17000e+03  -2.01251e+00   6.49867e+01   6.50000e+01
          1171   1.17100e+03  -2.01299e+00   6.51535e+01   6.51667e+01
          1172   1.17200e+03  -2.01347e+00   6.53202e+01   6.53333e+01
          1173   1.17300e+03  -2.01400e+00   6.54870e+01   6.55000e+01
          1174   1.17400e+03  -2.01437e+00   6.56538e+01   6.56667e+01
          1175   1.17500e+03  -2.01476e+00   6.58206e+01   6.58333e+01
          1176   1.17600e+03  -2.01522e+00   6.59874e+01   6.60000e+01
          1177   1.17700e+03  -2.01560e+00   6.61542e+01   6.61667e+01
          1178   1.17800e+03  -2.01596e+00   6.63211e+01   6.63333e+01
          1179   1.17900e+03  -2.01630e+00   6.64879e+01   6.65000e+01
          1180   1.18000e+03  -2.01672e+00   6.66547e+01   6.66667e+01
          1181   1.18100e+03  -2.01712e+00   6.68215e+01   6.68333e+01
          1182   1.18200e+03  -2.01749e+00   6.69884e+01   6.70000e+01
          1183   1.18300e+03  -2.01797e+00   6.71552e+01   6.71667e+01
          1184   1.18400e+03  -2.01840e+00   6.73220e+01   6.73333e+01
          1185   1.18500e+03  -2.01878e+00   6.74888e+01   6.75000e+01
          1186   1.18600e+03  -2.01920e+00   6.76556e+01   6.76667e+01
          1187   1.18700e+03  -2.01959e+00   6.78224e+01   6.78333e+01
          1188   1.18800e+03  -2.01995e+00   6.79892e+01   6.80000e+01
          1189   1.18900e+03  -2.02031e+00   6.81560e+01   6.81667e+01
          1190   1.19000e+03  -2.02071e+00   6.83228e+01   6.83333e+01
          1191   1.19100e+03  -2.02109e+00   6.84897e+01   6.85000e+01
          1192   1.19200e+03  -2.02146e+00   6.86564e+01   6.86667e+01
          1193   1.19300e+03  -2.02182e+00   6.88232e+01   6.88333e+01
          1194   1.19400e+03  -2.02220e+00   6.89900e+01   6.90000e+01
          1195   1.19500e+03  -2.02259e+00   6.91567e+01   6.91667e+01
          1196   1.19600e+03  -2.02302e+00   6.93235e+01   6.93333e+01
          1197   1.19700e+03  -2.02350e+00   6.94903e+01   6.95000e+01
          1198   1.19800e+03  -2.02393e+00   6.96570e+01   6.96667e+01
          1199   1.19900e+03  -2.02431e+00   6.98238e+01   6.98333e+01
          1200   1.20000e+03  -2.02472e+00   6.99905e+01   7.00000e+01
          1201   1.20100e+03  -2.02509e+00   7.01572e+01   7.01667e+01
          1202   1.20200e+03  -2.02553e+00   7.03240e+01   7.03333e+01
          1203   1.20300e+03  -2.02600e+00   7.04907e+01   7.05000e+01
          1204   1.20400e+03  -2.02645e+00   7.06575e+01   7.06667e+01
          1205   1.20500e+03  -2.02684e+00   7.08242e+01   7.08333e+01
          1206   1.20600e+03  -2.02725e+00   7.09909e+01   7.10000e+01
          1207   1.20700e+03  -2.02767e+00   7.11576e+01   7.11667e+01
          1208   1.20800e+03  -2.02811e+00   7.13243e+01   7.13333e+01
          1209   1.20900e+03  -2.02859e+00   7.14911e+01   7.15000e+01
          1210   1.21000e+03  -2.02907e+00   7.16577e+01   7.16667e+01
          1211   1.21100e+03  -2.02950e+00   7.18244e+01   7.18333e+01
          1212   1.21200e+03  -2.02994e+00   7.19911e+01   7.20000e+01
          1213   1.21300e+03  -2.03039e+00   7.21578e+01   7.21667e+01
          1214   1.21400e+03  -2.03090e+00   7.23245e+01   7.23333e+01
          1215   1.21500e+03  -2.03134e+00   7.24912e+01   7.25000e+01
          1216   1.21600e+03  -2.03183e+00   7.26578e+01   7.26667e+01
          1217   1.21700e+03  -2.03236e+00   7.28245e+01   7.28333e+01
          1218   1.21800e+03  -2.03282e+00   7.29912e+01   7.30000e+01
          1219   1.21900e+03  -2.03327e+00   7.31579e+01   7.31667e+01
          1220   1.22000e+03  -2.03375e+00   7.33246e+01   7.33333e+01
          1221   1.22100e+03  -2.03421e+00   7.34912e+01   7.35000e+01
          1222   1.22200e+03  -2.03463e+00   7.36579e+01   7.36667e+01
          1223   1.22300e+03  -2.03503e+00   7.38246e+01   7.38333e+01
          1224   1.22400e+03  -2.03548e+00   7.39912e+01   7.40000e+01
          1225   1.22500e+03  -2.03588e+00   7.41579e+01   7.41667e+01
          1226   1.22600e+03  -2.03626e+00   7.43246e+01   7.43333e+01
          1227   1.22700e+03  -2.03665e+00   7.44912e+01   7.45000e+01
          1228   1.22800e+03  -2.03706e+00   7.46578e+01   7.46667e+01
          1229   1.22900e+03  -2.03752e+00   7.48244e+01   7.48333e+01
          1230   1.23000e+03  -2.03798e+00   7.49911e+01   7.50000e+01
          1231   1.23100e+03  -2.03839e+00   7.51577e+01   7.51667e+01
          1232   1.23200e+03  -2.03886e+00   7.53243e+01   7.53333e+01
          1233   1.23300e+03  -2.03934e+00   7.54909e+01   7.55000e+01
          1234   1.23400e+03  -2.03980e+00   7.56576e+01   7.56667e+01
          1235   1.23500e+03  -2.04028e+00   7.58242e+01   7.58333e+01
          1236   1.23600e+03  -2.04081e+00   7.59908e+01   7.60000e+01
          1237   1.23700e+03  -2.04133e+00   7.61575e+01   7.61667e+01
          1238   1.23800e+03  -2.04183e+00   7.63241e+01   7.63333e+01
          1239   1.23900e+03  -2.04233e+00   7.64907e+01   7.65000e+01
          1240   1.24000e+03  -2.04289e+00   7.66574e+01   7.66667e+01
          1241   1.24100e+03  -2.04349e+00   7.68240e+01   7.68333e+01
          1242   1.24200e+03  -2.04401e+00   7.69907e+01   7.70000e+01
          1243   1.24300e+03  -2.04456e+00   7.71573e+01   7.71667e+01
          1244   1.24400e+03  -2.04510e+00   7.73240e+01   7.73333e+01
          1245   1.24500e+03  -2.04561e+00   7.74907e+01   7.75000e+01
          1246   1.24600e+03  -2.04617e+00   7.76573e+01   7.76667e+01
          1247   1.24700e+03  -2.04668e+00   7.78240e+01   7.78333e+01
          1248   1.24800e+03  -2.04716e+00   7.79907e+01   7.80000e+01
          1249   1.24900e+03  -2.04767e+00   7.81573e+01   7.81667e+01
          1250   1.25000e+03  -2.04811e+00   7.83240e+01   7.83333e+01
          1251   1.25100e+03  -2.04860e+00   7.84907e+01   7.85000e+01
          1252   1.25200e+03  -2.04902e+00   7.86574e+01   7.86667e+01
          1253   1.25300e+03  -2.04942e+00   7.88241e+01   7.88333e+01
          1254   1.25400e+03  -2.04988e+00   7.89908e+01   7.90000e+01
          1255   1.25500e+03  -2.05032e+00   7.91575e+01   7.91667e+01
          1256   1.25600e+03  -2.05074e+00   7.93242e+01   7.93333e+01
          1257   1.25700e+03  -2.05116e+00   7.94909e+01   7.95000e+01
          1258   1.25800e+03  -2.05156e+00   7.96575e+01   7.96667e+01
          1259   1.25900e+03  -2.05202e+00   7.98242e+01   7.98333e+01
          1260   1.26000e+03  -2.05245e+00   7.99909e+01   8.00000e+01
          1261   1.26100e+03  -2.05289e+00   8.01576e+01   8.01667e+01
          1262   1.26200e+03  -2.05340e+00   8.03243e+01   8.03333e+01
          1263   1.26300e+03  -2.05390e+00   8.04910e+01   8.05000e+01
          1264   1.26400e+03  -2.05432e+00   8.06577e+01   8.06667e+01
          1265   1.26500e+03  -2.05477e+00   8.08244e+01   8.08333e+01
          1266   1.26600e+03  -2.05520e+00   8.09911e+01   8.10000e+01
          1267   1.26700e+03  -2.05566e+00   8.11577e+01   8.11667e+01
          1268   1.26800e+03  -2.05607e+00   8.13245e+01   8.13333e+01
          1269   1.26900e+03  -2.05652e+00   8.14911e+01   8.15000e+01
          1270   1.27000e+03  -2.05699e+00   8.16578e+01   8.16667e+01
          1271   1.27100e+03  -2.05742e+00   8.18245e+01   8.18333e+01
          1272   1.27200e+03  -2.05779e+00   8.19911e+01   8.20000e+01
          1273   1.27300e+03  -2.05826e+00   8.21578e+01   8.21667e+01
          1274   1.27400e+03  -2.05872e+00   8.23245e+01   8.23333e+01
          1275   1.27500e+03  -2.05916e+00   8.24911e+01   8.25000e+01
          1276   1.27600e+03  -2.05965e+00   8.26578e+01   8.26667e+01
          1277   1.27700e+03  -2.06012e+00   8.28244e+01   8.28333e+01
          1278   1.27800e+03  -2.06053e+00   8.29911e+01   8.30000e+01
          1279   1.27900e+03  -2.06095e+00   8.31577e+01   8.31667e+01
          1280   1.28000e+03  -2.06139e+00   8.33244e+01   8.33333e+01
          1281   1.28100e+03  -2.06188e+00   8.34910e+01   8.35000e+01
          1282   1.28200e+03  -2.06231e+00   8.36577e+01   8.36667e+01
          1283   1.28300e+03  -2.06278e+00   8.38243e+01   8.38333e+01
          1284   1.28400e+03  -2.06329e+00   8.39910e+01   8.40000e+01
          1285   1.28500e+03  -2.06374e+00   8.41576e+01   8.41667e+01
          1286   1.28600e+03  -2.06423e+00   8.43243e+01   8.43333e+01
          1287   1.28700e+03  -2.06479e+00   8.44909e+01   8.45000e+01
          1288   1.28800e+03  -2.06534e+00   8.46576e+01   8.46667e+01
          1289   1.28900e+03  -2.06588e+00   8.48242e+01   8.48333e+01
          1290   1.29000e+03  -2.06641e+00   8.49909e+01   8.50000e+01
          1291   1.29100e+03  -2.06698e+00   8.51575e+01   8.51667e+01
          1292   1.29200e+03  -2.06750e+00   8.53242e+01   8.53333e+01
          1293   1.29300e+03  -2.06801e+00   8.54909e+01   8.55000e+01
          1294   1.29400e+03  -2.06850e+00   8.56575e+01   8.56667e+01
          1295   1.29500e+03  -2.06900e+00   8.58242e+01   8.58333e+01
          1296   1.29600e+03  -2.06950e+00   8.59909e+01   8.60000e+01
          1297   1.29700e+03  -2.06999e+00   8.61576e+01   8.61667e+01
          1298   1.29800e+03  -2.07047e+00   8.63243e+01   8.63333e+01
          1299   1.29900e+03  -2.07094e+00   8.64910e+01   8.65000e+01
          1300   1.30000e+03  -2.07139e+00   8.66577e+01   8.66667e+01
          1301   1.30100e+03  -2.07187e+00   8.68243e+01   8.68333e+01
          1302   1.30200e+03  -2.07236e+00   8.69910e+01   8.70000e+01
          1303   1.30300e+03  -2.07290e+00   8.71577e+01   8.71667e+01
          1304   1.30400e+03  -2.07345e+00   8.73244e+01   8.73333e+01
          1305   1.30500e+03  -2.07399e+00   8.74911e+01   8.75000e+01
          1306   1.30600e+03  -2.07454e+00   8.76578e+01   8.76667e+01
          1307   1.30700e+03  -2.07508e+00   8.78245e+01   8.78333e+01
          1308   1.30800e+03  -2.07560e+00   8.79912e+01   8.80000e+01
          1309   1.30900e+03  -2.07611e+00   8.81579e+01   8.81667e+01
          1310   1.31000e+03  -2.07666e+00   8.83246e+01   8.83333e+01
          1311   1.31100e+03  -2.07723e+00   8.84914e+01   8.85000e+01
          1312   1.31200e+03  -2.07778e+00   8.86581e+01   8.86667e+01
          1313   1.31300e+03  -2.07827e+00   8.88248e+01   8.88333e+01
          1314   1.31400e+03  -2.07875e+00   8.89915e+01   8.90000e+01
          1315   1.31500e+03  -2.07927e+00   8.91582e+01   8.91667e+01
          1316   1.31600e+03  -2.07984e+00   8.93250e+01   8.93333e+01
          1317   1.31700e+03  -2.08040e+00   8.94917e+01   8.95000e+01
          1318   1.31800e+03  -2.08099e+00   8.96584e+01   8.96667e+01
          1319   1.31900e+03  -2.08157e+00   8.98251e+01   8.98333e+01
          1320   1.32000e+03  -2.08209e+00   8.99918e+01   9.00000e+01
          1321   1.32100e+03  -2.08265e+00   9.01586e+01   9.01667e+01
          1322   1.32200e+03  -2.08323e+00   9.03253e+01   9.03333e+01
          1323   1.32300e+03  -2.08377e+00   9.04920e+01   9.05000e+01
          1324   1.32400e+03  -2.08429e+00   9.06587e+01   9.06667e+01
          1325   1.32500e+03  -2.08482e+00   9.08254e+01   9.08333e+01
          1326   1.32600e+03  -2.08533e+00   9.09921e+01   9.10000e+01
          1327   1.32700e+03  -2.08587e+00   9.11589e+01   9.11667e+01
          1328   1.32800e+03  -2.08640e+00   9.13256e+01   9.13333e+01
          1329   1.32900e+03  -2.08694e+00   9.14923e+01   9.15000e+01
          1330   1.33000e+03  -2.08737e+00   9.16590e+01   9.16667e+01
          1331   1.33100e+03  -2.08789e+00   9.18256e+01   9.18333e+01
          1332   1.33200e+03  -2.08840e+00   9.19923e+01   9.20000e+01
          1333   1.33300e+03  -2.08892e+00   9.21590e+01   9.21667e+01
          1334   1.33400e+03  -2.08940e+00   9.23257e+01   9.23333e+01
          1335   1.33500e+03  -2.08995e+00   9.24924e+01   9.25000e+01
          1336   1.33600e+03  -2.09042e+00   9.26590e+01   9.26667e+01
          1337   1.33700e+03  -2.09087e+00   9.28257e+01   9.28333e+01
          1338   1.33800e+03  -2.09134e+00   9.29924e+01   9.30000e+01
          1339   1.33900e+03  -2.09184e+00   9.31591e+01   9.31667e+01
          1340   1.34000e+03  -2.09232e+00   9.33258e+01   9.33333e+01
          1341   1.34100e+03  -2.09285e+00   9.34925e+01   9.35000e+01
          1342   1.34200e+03  -2.09336e+00   9.36591e+01   9.36667e+01
          1343   1.34300e+03  -2.09388e+00   9.38258e+01   9.38333e+01
          1344   1.34400e+03  -2.09437e+00   9.39925e+01   9.40000e+01
          1345   1.34500e+03  -2.09488e+00   9.41591e+01   9.41667e+01
          1346   1.34600e+03  -2.09540e+00   9.43258e+01   9.43333e+01
          1347   1.34700e+03  -2.09594e+00   9.44925e+01   9.45000e+01
          1348   1.34800e+03  -2.09649e+00   9.46591e+01   9.46667e+01
          1349   1.34900e+03  -2.09699e+00   9.48258e+01   9.48333e+01
          1350   1.35000e+03  -2.09751e+00   9.49925e+01   9.50000e+01
          1351   1.35100e+03  -2.09801e+00   9.51591e+01   9.51667e+01
          1352   1.35200e+03  -2.09853e+00   9.53258e+01   9.53333e+01
          1353   1.35300e+03  -2.09905e+00   9.54925e+01   9.55000e+01
          1354   1.35400e+03  -2.09957e+00   9.56592e+01   9.56667e+01
          1355   1.35500e+03  -2.10008e+00   9.58259e+01   9.58333e+01
          1356   1.35600e+03  -2.10061e+00   9.59926e+01   9.60000e+01
          1357   1.35700e+03  -2.10112e+00   9.61593e+01   9.61667e+01
          1358   1.35800e+03  -2.10168e+00   9.63260e+01   9.63333e+01
          1359   1.35900e+03  -2.10219e+00   9.64927e+01   9.65000e+01
          1360   1.36000e+03  -2.10267e+00   9.66594e+01   9.66667e+01
          1361   1.36100e+03  -2.10318e+00   9.68261e+01   9.68333e+01
          1362   1.36200e+03  -2.10370e+00   9.69928e+01   9.70000e+01
          1363   1.36300e+03  -2.10421e+00   9.71595e+01   9.71667e+01
          1364   1.36400e+03  -2.10472e+00   9.73262e+01   9.73333e+01
          1365   1.36500e+03  -2.10522e+00   9.74929e+01   9.75000e+01
          1366   1.36600e+03  -2.10578e+00   9.76596e+01   9.76667e+01
          1367   1.36700e+03  -2.10627e+00   9.78264e+01   9.78333e+01
          1368   1.36800e+03  -2.10677e+00   9.79931e+01   9.80000e+01
          1369   1.36900e+03  -2.10729e+00   9.81598e+01   9.81667e+01
          1370   1.37000e+03  -2.10775e+00   9.83265e+01   9.83333e+01
          1371   1.37100e+03  -2.10820e+00   9.84932e+01   9.85000e+01
          1372   1.37200e+03  -2.10866e+00   9.86599e+01   9.86667e+01
          1373   1.37300e+03  -2.10914e+00   9.88266e+01   9.88333e+01
          1374   1.37400e+03  -2.10963e+00   9.89933e+01   9.90000e+01
          1375   1.37500e+03  -2.11007e+00   9.91600e+01   9.91667e+01
          1376   1.37600e+03  -2.11057e+00   9.93267e+01   9.93333e+01
          1377   1.37700e+03  -2.11104e+00   9.94934e+01   9.95000e+01
          1378   1.37800e+03  -2.11150e+00   9.96601e+01   9.96667e+01
          1379   1.37900e+03  -2.11205e+00   9.98268e+01   9.98333e+01
          1380   1.38000e+03  -2.11259e+00   9.99935e+01   1.00000e+02
          1381   1.38100e+03  -2.11313e+00   1.00160e+02   1.00167e+02
          1382   1.38200e+03  -2.11367e+00   1.00327e+02   1.00333e+02
          1383   1.38300e+03  -2.11417e+00   1.00494e+02   1.00500e+02
          1384   1.38400e+03  -2.11467e+00   1.00660e+02   1.00667e+02
          1385   1.38500e+03  -2.11516e+00   1.00827e+02   1.00833e+02
          1386   1.38600e+03  -2.11567e+00   1.00994e+02   1.01000e+02
          1387   1.38700e+03  -2.11619e+00   1.01160e+02   1.01167e+02
          1388   1.38800e+03  -2.11661e+00   1.01327e+02   1.01333e+02
          1389   1.38900e+03  -2.11704e+00   1.01494e+02   1.01500e+02
          1390   1.39000e+03  -2.11748e+00   1.01660e+02   1.01667e+02
          1391   1.39100e+03  -2.11788e+00   1.01827e+02   1.01833e+02
          1392   1.39200e+03  -2.11830e+00   1.01994e+02   1.02000e+02
          1393   1.39300e+03  -2.11877e+00   1.02160e+02   1.02167e+02
          1394   1.39400e+03  -2.11916e+00   1.02327e+02   1.02333e+02
          1395   1.39500e+03  -2.11962e+00   1.02494e+02   1.02500e+02
          1396   1.39600e+03  -2.12006e+00   1.02660e+02   1.02667e+02
          1397   1.39700e+03  -2.12058e+00   1.02827e+02   1.02833e+02
          1398   1.39800e+03  -2.12106e+00   1.02994e+02   1.03000e+02
          1399   1.39900e+03  -2.12153e+00   1.03160e+02   1.03167e+02
          1400   1.40000e+03  -2.12202e+00   1.03327e+02   1.03333e+02
          1401   1.40100e+03  -2.12250e+00   1.03494e+02   1.03500e+02
          1402   1.40200e+03  -2.12295e+00   1.03660e+02   1.03667e+02
          1403   1.40300e+03  -2.12348e+00   1.03827e+02   1.03833e+02
          1404   1.40400e+03  -2.12392e+00   1.03994e+02   1.04000e+02
          1405   1.40500e+03  -2.12445e+00   1.04160e+02   1.04167e+02
          1406   1.40600e+03  -2.12495e+00   1.04327e+02   1.04333e+02
          1407   1.40700e+03  -2.12542e+00   1.04494e+02   1.04500e+02
          1408   1.40800e+03  -2.12591e+00   1.04661e+02   1.04667e+02
          1409   1.40900e+03  -2.12637e+00   1.04827e+02   1.04833e+02
          1410   1.41000e+03  -2.12683e+00   1.04994e+02   1.05000e+02
          1411   1.41100e+03  -2.12730e+00   1.05161e+02   1.05167e+02
          1412   1.41200e+03  -2.12775e+00   1.05327e+02   1.05333e+02
          1413   1.41300e+03  -2.12819e+00   1.05494e+02   1.05500e+02
          1414   1.41400e+03  -2.12856e+00   1.05661e+02   1.05667e+02
          1415   1.41500e+03  -2.12895e+00   1.05827e+02   1.05833e+02
          1416   1.41600e+03  -2.12940e+00   1.05994e+02   1.06000e+02
          1417   1.41700e+03  -2.12981e+00   1.06161e+02   1.06167e+02
          1418   1.41800e+03  -2.13022e+00   1.06327e+02   1.06333e+02
          1419   1.41900e+03  -2.13066e+00   1.06494e+02   1.06500e+02
          1420   1.42000e+03  -2.13111e+00   1.06661e+02   1.06667e+02
          1421   1.42100e+03  -2.13156e+00   1.06828e+02   1.06833e+02
          1422   1.42200e+03  -2.13199e+00   1.06994e+02   1.07000e+02
          1423   1.42300e+03  -2.13245e+00   1.07161e+02   1.07167e+02
          1424   1.42400e+03  -2.13292e+00   1.07328e+02   1.07333e+02
          1425   1.42500e+03  -2.13331e+00   1.07494e+02   1.07500e+02
          1426   1.42600e+03  -2.13376e+00   1.07661e+02   1.07667e+02
          1427   1.42700e+03  -2.13417e+00   1.07828e+02   1.07833e+02
          1428   1.42800e+03  -2.13458e+00   1.07994e+02   1.08000e+02
          1429   1.42900e+03  -2.13492e+00   1.08161e+02   1.08167e+02
          1430   1.43000e+03  -2.13528e+00   1.08328e+02   1.08333e+02
          1431   1.43100e+03  -2.13567e+00   1.08494e+02   1.08500e+02
          1432   1.43200e+03  -2.13606e+00   1.08661e+02   1.08667e+02
          1433   1.43300e+03  -2.13643e+00   1.08828e+02   1.08833e+02
          1434   1.43400e+03  -2.13688e+00   1.08994e+02   1.09000e+02
          1435   1.43500e+03  -2.13725e+00   1.09161e+02   1.09167e+02
          1436   1.43600e+03  -2.13768e+00   1.09328e+02   1.09333e+02
          1437   1.43700e+03  -2.13812e+00   1.09494e+02   1.09500e+02
          1438   1.43800e+03  -2.13856e+00   1.09661e+02   1.09667e+02
          1439   1.43900e+03  -2.13898e+00   1.09828e+02   1.09833e+02
          1440   1.44000e+03  -2.13937e+00   1.09994e+02   1.10000e+02
          1441   1.44100e+03  -2.13979e+00   1.10161e+02   1.10167e+02
          1442   1.44200e+03  -2.14019e+00   1.10328e+02   1.10333e+02
          1443   1.44300e+03  -2.14059e+00   1.10494e+02   1.10500e+02
          1444   1.44400e+03  -2.14101e+00   1.10661e+02   1.10667e+02
          1445   1.44500e+03  -2.14142e+00   1.10828e+02   1.10833e+02
          1446   1.44600e+03  -2.14176e+00   1.10994e+02   1.11000e+02
          1447   1.44700e+03  -2.14217e+00   1.11161e+02   1.11167e+02
          1448   1.44800e+03  -2.14262e+00   1.11328e+02   1.11333e+02
          1449   1.44900e+03  -2.14311e+00   1.11494e+02   1.11500e+02
          1450   1.45000e+03  -2.14362e+00   1.11661e+02   1.11667e+02
          1451   1.45100e+03  -2.14410e+00   1.11828e+02   1.11833e+02
          1452   1.45200e+03  -2.14463e+00   1.11994e+02   1.12000e+02
          1453   1.45300e+03  -2.14514e+00   1.12161e+02   1.12167e+02
          1454   1.45400e+03  -2.14563e+00   1.12328e+02   1.12333e+02
          1455   1.45500e+03  -2.14616e+00   1.12494e+02   1.12500e+02
          1456   1.45600e+03  -2.14670e+00   1.12661e+02   1.12667e+02
          1457   1.45700e+03  -2.14719e+00   1.12828e+02   1.12833e+02
          1458   1.45800e+03  -2.14766e+00   1.12994e+02   1.13000e+02
          1459   1.45900e+03  -2.14811e+00   1.13161e+02   1.13167e+02
          1460   1.46000e+03  -2.14860e+00   1.13327e+02   1.13333e+02
          1461   1.46100e+03  -2.14904e+00   1.13494e+02   1.13500e+02
          1462   1.46200e+03  -2.14949e+00   1.13661e+02   1.13667e+02
          1463   1.46300e+03  -2.15003e+00   1.13827e+02   1.13833e+02
          1464   1.46400e+03  -2.15058e+00   1.13994e+02   1.14000e+02
          1465   1.46500e+03  -2.15110e+00   1.14161e+02   1.14167e+02
          1466   1.46600e+03  -2.15163e+00   1.14327e+02   1.14333e+02
          1467   1.46700e+03  -2.15219e+00   1.14494e+02   1.14500e+02
          1468   1.46800e+03  -2.15272e+00   1.14660e+02   1.14667e+02
          1469   1.46900e+03  -2.15322e+00   1.14827e+02   1.14833e+02
          1470   1.47000e+03  -2.15373e+00   1.14994e+02   1.15000e+02
          1471   1.47100e+03  -2.15426e+00   1.15160e+02   1.15167e+02
          1472   1.47200e+03  -2.15475e+00   1.15327e+02   1.15333e+02
          1473   1.47300e+03  -2.15522e+00   1.15494e+02   1.15500e+02
          1474   1.47400e+03  -2.15568e+00   1.15660e+02   1.15667e+02
          1475   1.47500e+03  -2.15610e+00   1.15827e+02   1.15833e+02
          1476   1.47600e+03  -2.15655e+00   1.15994e+02   1.16000e+02
          1477   1.47700e+03  -2.15702e+00   1.16160e+02   1.16167e+02
          1478   1.47800e+03  -2.15749e+00   1.16327e+02   1.16333e+02
          1479   1.47900e+03  -2.15793e+00   1.16494e+02   1.16500e+02
          1480   1.48000e+03  -2.15841e+00   1.16660e+02   1.16667e+02
          1481   1.48100e+03  -2.15889e+00   1.16827e+02   1.16833e+02
          1482   1.48200e+03  -2.15941e+00   1.16994e+02   1.17000e+02
          1483   1.48300e+03  -2.15992e+00   1.17161e+02   1.17167e+02
          1484   1.48400e+03  -2.16043e+00   1.17327e+02   1.17333e+02
          1485   1.48500e+03  -2.16092e+00   1.17494e+02   1.17500e+02
          1486   1.48600e+03  -2.16138e+00   1.17661e+02   1.17667e+02
          1487   1.48700e+03  -2.16187e+00   1.17827e+02   1.17833e+02
          1488   1.48800e+03  -2.16235e+00   1.17994e+02   1.18000e+02
          1489   1.48900e+03  -2.16278e+00   1.18161e+02   1.18167e+02
          1490   1.49000e+03  -2.16322e+00   1.18327e+02   1.18333e+02
          1491   1.49100e+03  -2.16358e+00   1.18494e+02   1.18500e+02
          1492   1.49200e+03  -2.16400e+00   1.18661e+02   1.18667e+02
          1493   1.49300e+03  -2.16447e+00   1.18827e+02   1.18833e+02
          1494   1.49400e+03  -2.16492e+00   1.18994e+02   1.19000e+02
          1495   1.49500e+03  -2.16535e+00   1.19161e+02   1.19167e+02
          1496   1.49600e+03  -2.16577e+00   1.19327e+02   1.19333e+02
          1497   1.49700e+03  -2.16625e+00   1.19494e+02   1.19500e+02
          1498   1.49800e+03  -2.16674e+00   1.19661e+02   1.19667e+02
          1499   1.49900e+03  -2.16719e+00   1.19827e+02   1.19833e+02
          1500   1.50000e+03  -2.16771e+00   1.19994e+02   1.20000e+02
          1501   1.50100e+03  -2.16817e+00   1.20161e+02   1.20167e+02
          1502   1.50200e+03  -2.16862e+00   1.20327e+02   1.20333e+02
          1503   1.50300e+03  -2.16910e+00   1.20494e+02   1.20500e+02
          1504   1.50400e+03  -2.16959e+00   1.20660e+02   1.20667e+02
          1505   1.50500e+03  -2.17008e+00   1.20827e+02   1.20833e+02
          1506   1.50600e+03  -2.17055e+00   1.20994e+02   1.21000e+02
          1507   1.50700e+03  -2.17106e+00   1.21160e+02   1.21167e+02
          1508   1.50800e+03  -2.17158e+00   1.21327e+02   1.21333e+02
          1509   1.50900e+03  -2.17208e+00   1.21494e+02   1.21500e+02
          1510   1.51000e+03  -2.17262e+00   1.21660e+02   1.21667e+02
          1511   1.51100e+03  -2.17316e+00   1.21827e+02   1.21833e+02
          1512   1.51200e+03  -2.17371e+00   1.21994e+02   1.22000e+02
          1513   1.51300e+03  -2.17426e+00   1.22160e+02   1.22167e+02
          1514   1.51400e+03  -2.17483e+00   1.22327e+02   1.22333e+02
          1515   1.51500e+03  -2.17538e+00   1.22494e+02   1.22500e+02
          1516   1.51600e+03  -2.17589e+00   1.22660e+02   1.22667e+02
          1517   1.51700e+03  -2.17639e+00   1.22827e+02   1.22833e+02
          1518   1.51800e+03  -2.17694e+00   1.22993e+02   1.23000e+02
          1519   1.51900e+03  -2.17746e+00   1.23160e+02   1.23167e+02
          1520   1.52000e+03  -2.17797e+00   1.23327e+02   1.23333e+02
          1521   1.52100e+03  -2.17848e+00   1.23493e+02   1.23500e+02
          1522   1.52200e+03  -2.17900e+00   1.23660e+02   1.23667e+02
          1523   1.52300e+03  -2.17952e+00   1.23827e+02   1.23833e+02
          1524   1.52400e+03  -2.18011e+00   1.23993e+02   1.24000e+02
          1525   1.52500e+03  -2.18065e+00   1.24160e+02   1.24167e+02
          1526   1.52600e+03  -2.18120e+00   1.24327e+02   1.24333e+02
          1527   1.52700e+03  -2.18175e+00   1.24493e+02   1.24500e+02
          1528   1.52800e+03  -2.18231e+00   1.24660e+02   1.24667e+02
          1529   1.52900e+03  -2.18288e+00   1.24827e+02   1.24833e+02
          1530   1.53000e+03  -2.18348e+00   1.24993e+02   1.25000e+02
          1531   1.53100e+03  -2.18412e+00   1.25160e+02   1.25167e+02
          1532   1.53200e+03  -2.18473e+00   1.25327e+02   1.25333e+02
          1533   1.53300e+03  -2.18533e+00   1.25493e+02   1.25500e+02
          1534   1.53400e+03  -2.18598e+00   1.25660e+02   1.25667e+02
          1535   1.53500e+03  -2.18660e+00   1.25827e+02   1.25833e+02
          1536   1.53600e+03  -2.18720e+00   1.25993e+02   1.26000e+02
          1537   1.53700e+03  -2.18778e+00   1.26160e+02   1.26167e+02
          1538   1.53800e+03  -2.18836e+00   1.26327e+02   1.26333e+02
          1539   1.53900e+03  -2.18895e+00   1.26493e+02   1.26500e+02
          1540   1.54000e+03  -2.18948e+00   1.26660e+02   1.26667e+02
          1541   1.54100e+03  -2.19008e+00   1.26827e+02   1.26833e+02
          1542   1.54200e+03  -2.19060e+00   1.26994e+02   1.27000e+02
          1543   1.54300e+03  -2.19113e+00   1.27160e+02   1.27167e+02
          1544   1.54400e+03  -2.19173e+00   1.27327e+02   1.27333e+02
          1545   1.54500e+03  -2.19232e+00   1.27494e+02   1.27500e+02
          1546   1.54600e+03  -2.19293e+00   1.27660e+02   1.27667e+02
          1547   1.54700e+03  -2.19354e+00   1.27827e+02   1.27833e+02
          1548   1.54800e+03  -2.19411e+00   1.27993e+02   1.28000e+02
          1549   1.54900e+03  -2.19469e+00   1.28160e+02   1.28167e+02
          1550   1.55000e+03  -2.19526e+00   1.28327e+02   1.28333e+02
          1551   1.55100e+03  -2.19582e+00   1.28494e+02   1.28500e+02
          1552   1.55200e+03  -2.19639e+00   1.28660e+02   1.28667e+02
          1553   1.55300e+03  -2.19693e+00   1.28827e+02   1.28833e+02
          1554   1.55400e+03  -2.19745e+00   1.28994e+02   1.29000e+02
          1555   1.55500e+03  -2.19798e+00   1.29160e+02   1.29167e+02
          1556   1.55600e+03  -2.19851e+00   1.29327e+02   1.29333e+02
          1557   1.55700e+03  -2.19904e+00   1.29494e+02   1.29500e+02
          1558   1.55800e+03  -2.19958e+00   1.29660e+02   1.29667e+02
          1559   1.55900e+03  -2.20012e+00   1.29827e+02   1.29833e+02
          1560   1.56000e+03  -2.20071e+00   1.29994e+02   1.30000e+02
          1561   1.56100e+03  -2.20127e+00   1.30160e+02   1.30167e+02
          1562   1.56200e+03  -2.20182e+00   1.30327e+02   1.30333e+02
          1563   1.56300e+03  -2.20242e+00   1.30494e+02   1.30500e+02
          1564   1.56400e+03  -2.20299e+00   1.30660e+02   1.30667e+02
          1565   1.56500e+03  -2.20356e+00   1.30827e+02   1.30833e+02
          1566   1.56600e+03  -2.20412e+00   1.30994e+02   1.31000e+02
          1567   1.56700e+03  -2.20469e+00   1.31160e+02   1.31167e+02
          1568   1.56800e+03  -2.20526e+00   1.31327e+02   1.31333e+02
          1569   1.56900e+03  -2.20584e+00   1.31494e+02   1.31500e+02
          1570   1.57000e+03  -2.20642e+00   1.31660e+02   1.31667e+02
          1571   1.57100e+03  -2.20702e+00   1.31827e+02   1.31833e+02
          1572   1.57200e+03  -2.20759e+00   1.31994e+02   1.32000e+02
          1573   1.57300e+03  -2.20820e+00   1.32160e+02   1.32167e+02
          1574   1.57400e+03  -2.20882e+00   1.32327e+02   1.32333e+02
          1575   1.57500e+03  -2.20939e+00   1.32494e+02   1.32500e+02
          1576   1.57600e+03  -2.21005e+00   1.32661e+02   1.32667e+02
          1577   1.57700e+03  -2.21071e+00   1.32827e+02   1.32833e+02
          1578   1.57800e+03  -2.21139e+00   1.32994e+02   1.33000e+02
          1579   1.57900e+03  -2.21206e+00   1.33161e+02   1.33167e+02
          1580   1.58000e+03  -2.21271e+00   1.33327e+02   1.33333e+02
          1581   1.58100e+03  -2.21335e+00   1.33494e+02   1.33500e+02
          1582   1.58200e+03  -2.21394e+00   1.33661e+02   1.33667e+02
          1583   1.58300e+03  -2.21455e+00   1.33827e+02   1.33833e+02
          1584   1.58400e+03  -2.21519e+00   1.33994e+02   1.34000e+02
          1585   1.58500e+03  -2.21576e+00   1.34161e+02   1.34167e+02
          1586   1.58600e+03  -2.21628e+00   1.34327e+02   1.34333e+02
          1587   1.58700e+03  -2.21680e+00   1.34494e+02   1.34500e+02
          1588   1.58800e+03  -2.21730e+00   1.34661e+02   1.34667e+02
          1589   1.58900e+03  -2.21782e+00   1.34828e+02   1.34833e+02
          1590   1.59000e+03  -2.21838e+00   1.34994e+02   1.35000e+02
          1591   1.59100e+03  -2.21896e+00   1.35161e+02   1.35167e+02
          1592   1.59200e+03  -2.21952e+00   1.35328e+02   1.35333e+02
          1593   1.59300e+03  -2.22011e+00   1.35494e+02   1.35500e+02
          1594   1.59400e+03  -2.22071e+00   1.35661e+02   1.35667e+02
          1595   1.59500e+03  -2.22129e+00   1.35828e+02   1.35833e+02
          1596   1.59600e+03  -2.22187e+00   1.35994e+02   1.36000e+02
          1597   1.59700e+03  -2.22248e+00   1.36161e+02   1.36167e+02
          1598   1.59800e+03  -2.22306e+00   1.36328e+02   1.36333e+02
          1599   1.59900e+03  -2.22368e+00   1.36495e+02   1.36500e+02
          1600   1.60000e+03  -2.22426e+00   1.36661e+02   1.36667e+02
          1601   1.60100e+03  -2.22486e+00   1.36828e+02   1.36833e+02
          1602   1.60200e+03  -2.22543e+00   1.36995e+02   1.37000e+02
          1603   1.60300e+03  -2.22601e+00   1.37161e+02   1.37167e+02
          1604   1.60400e+03  -2.22660e+00   1.37328e+02   1.37333e+02
          1605   1.60500e+03  -2.22722e+00   1.37495e+02   1.37500e+02
          1606   1.60600e+03  -2.22784e+00   1.37661e+02   1.37667e+02
          1607   1.60700e+03  -2.22845e+00   1.37828e+02   1.37833e+02
          1608   1.60800e+03  -2.22904e+00   1.37995e+02   1.38000e+02
          1609   1.60900e+03  -2.22969e+00   1.38161e+02   1.38167e+02
          1610   1.61000e+03  -2.23032e+00   1.38328e+02   1.38333e+02
          1611   1.61100e+03  -2.23095e+00   1.38495e+02   1.38500e+02
          1612   1.61200e+03  -2.23159e+00   1.38661e+02   1.38667e+02
          1613   1.61300e+03  -2.23219e+00   1.38828e+02   1.38833e+02
          1614   1.61400e+03  -2.23274e+00   1.38995e+02   1.39000e+02
          1615   1.61500e+03  -2.23333e+00   1.39161e+02   1.39167e+02
          1616   1.61600e+03  -2.23394e+00   1.39328e+02   1.39333e+02
          1617   1.61700e+03  -2.23452e+00   1.39495e+02   1.39500e+02
          1618   1.61800e+03  -2.23504e+00   1.39662e+02   1.39667e+02
          1619   1.61900e+03  -2.23557e+00   1.39828e+02   1.39833e+02
          1620   1.62000e+03  -2.23612e+00   1.39995e+02   1.40000e+02
          1621   1.62100e+03  -2.23665e+00   1.40162e+02   1.40167e+02
          1622   1.62200e+03  -2.23719e+00   1.40328e+02   1.40333e+02
          1623   1.62300e+03  -2.23778e+00   1.40495e+02   1.40500e+02
          1624   1.62400e+03  -2.23836e+00   1.40662e+02   1.40667e+02
          1625   1.62500e+03  -2.23887e+00   1.40828e+02   1.40833e+02
          1626   1.62600e+03  -2.23941e+00   1.40995e+02   1.41000e+02
          1627   1.62700e+03  -2.23995e+00   1.41162e+02   1.41167e+02
          1628   1.62800e+03  -2.24050e+00   1.41329e+02   1.41333e+02
          1629   1.62900e+03  -2.24107e+00   1.41495e+02   1.41500e+02
          1630   1.63000e+03  -2.24163e+00   1.41662e+02   1.41667e+02
          1631   1.63100e+03  -2.24219e+00   1.41829e+02   1.41833e+02
          1632   1.63200e+03  -2.24276e+00   1.41995e+02   1.42000e+02
          1633   1.63300e+03  -2.24330e+00   1.42162e+02   1.42167e+02
          1634   1.63400e+03  -2.24391e+00   1.42329e+02   1.42333e+02
          1635   1.63500e+03  -2.24450e+00   1.42496e+02   1.42500e+02
          1636   1.63600e+03  -2.24508e+00   1.42662e+02   1.42667e+02
          1637   1.63700e+03  -2.24571e+00   1.42829e+02   1.42833e+02
          1638   1.63800e+03  -2.24632e+00   1.42996e+02   1.43000e+02
          1639   1.63900e+03  -2.24690e+00   1.43162e+02   1.43167e+02
          1640   1.64000e+03  -2.24750e+00   1.43329e+02   1.43333e+02
          1641   1.64100e+03  -2.24807e+00   1.43496e+02   1.43500e+02
          1642   1.64200e+03  -2.24868e+00   1.43663e+02   1.43667e+02
          1643   1.64300e+03  -2.24926e+00   1.43829e+02   1.43833e+02
          1644   1.64400e+03  -2.24987e+00   1.43996e+02   1.44000e+02
          1645   1.64500e+03  -2.25053e+00   1.44163e+02   1.44167e+02
          1646   1.64600e+03  -2.25116e+00   1.44329e+02   1.44333e+02
          1647   1.64700e+03  -2.25178e+00   1.44496e+02   1.44500e+02
          1648   1.64800e+03  -2.25241e+00   1.44663e+02   1.44667e+02
          1649   1.64900e+03  -2.25305e+00   1.44830e+02   1.44833e+02
          1650   1.65000e+03  -2.25371e+00   1.44996e+02   1.45000e+02
          1651   1.65100e+03  -2.25433e+00   1.45163e+02   1.45167e+02
          1652   1.65200e+03  -2.25499e+00   1.45330e+02   1.45333e+02
          1653   1.65300e+03  -2.25563e+00   1.45497e+02   1.45500e+02
          1654   1.65400e+03  -2.25623e+00   1.45663e+02   1.45667e+02
          1655   1.65500e+03  -2.25682e+00   1.45830e+02   1.45833e+02
          1656   1.65600e+03  -2.25743e+00   1.45997e+02   1.46000e+02
          1657   1.65700e+03  -2.25801e+00   1.46164e+02   1.46167e+02
          1658   1.65800e+03  -2.25857e+00   1.46330e+02   1.46333e+02
          1659   1.65900e+03  -2.25911e+00   1.46497e+02   1.46500e+02
          1660   1.66000e+03  -2.25962e+00   1.46664e+02   1.46667e+02
          1661   1.66100e+03  -2.26010e+00   1.46831e+02   1.46833e+02
          1662   1.66200e+03  -2.26057e+00   1.46997e+02   1.47000e+02
          1663   1.66300e+03  -2.26103e+00   1.47164e+02   1.47167e+02
          1664   1.66400e+03  -2.26149e+00   1.47331e+02   1.47333e+02
          1665   1.66500e+03  -2.26191e+00   1.47498e+02   1.47500e+02
          1666   1.66600e+03  -2.26239e+00   1.47665e+02   1.47667e+02
          1667   1.66700e+03  -2.26286e+00   1.47831e+02   1.47833e+02
          1668   1.66800e+03  -2.26333e+00   1.47998e+02   1.48000e+02
          1669   1.66900e+03  -2.26385e+00   1.48165e+02   1.48167e+02
          1670   1.67000e+03  -2.26434e+00   1.48332e+02   1.48333e+02
          1671   1.67100e+03  -2.26481e+00   1.48498e+02   1.48500e+02
          1672   1.67200e+03  -2.26536e+00   1.48665e+02   1.48667e+02
          1673   1.67300e+03  -2.26592e+00   1.48832e+02   1.48833e+02
          1674   1.67400e+03  -2.26647e+00   1.48998e+02   1.49000e+02
          1675   1.67500e+03  -2.26705e+00   1.49165e+02   1.49167e+02
          1676   1.67600e+03  -2.26763e+00   1.49332e+02   1.49333e+02
          1677   1.67700e+03  -2.26825e+00   1.49498e+02   1.49500e+02
          1678   1.67800e+03  -2.26888e+00   1.49665e+02   1.49667e+02
          1679   1.67900e+03  -2.26957e+00   1.49832e+02   1.49833e+02
          1680   1.68000e+03  -2.27029e+00   1.49998e+02   1.50000e+02
          1681   1.68100e+03  -2.27099e+00   1.50165e+02   1.50167e+02
          1682   1.68200e+03  -2.27166e+00   1.50332e+02   1.50333e+02
          1683   1.68300e+03  -2.27236e+00   1.50498e+02   1.50500e+02
          1684   1.68400e+03  -2.27306e+00   1.50665e+02   1.50667e+02
          1685   1.68500e+03  -2.27381e+00   1.50832e+02   1.50833e+02
          1686   1.68600e+03  -2.27455e+00   1.50998e+02   1.51000e+02
          1687   1.68700e+03  -2.27532e+00   1.51165e+02   1.51167e+02
          1688   1.68800e+03  -2.27615e+00   1.51332e+02   1.51333e+02
          1689   1.68900e+03  -2.27701e+00   1.51498e+02   1.51500e+02
          1690   1.69000e+03  -2.27786e+00   1.51665e+02   1.51667e+02
          1691   1.69100e+03  -2.27871e+00   1.51832e+02   1.51833e+02
          1692   1.69200e+03  -2.27952e+00   1.51998e+02   1.52000e+02
          1693   1.69300e+03  -2.28031e+00   1.52165e+02   1.52167e+02
          1694   1.69400e+03  -2.28109e+00   1.52332e+02   1.52333e+02
          1695   1.69500e+03  -2.28186e+00   1.52498e+02   1.52500e+02
          1696   1.69600e+03  -2.28259e+00   1.52665e+02   1.52667e+02
          1697   1.69700e+03  -2.28322e+00   1.52832e+02   1.52833e+02
          1698   1.69800e+03  -2.28384e+00   1.52998e+02   1.53000e+02
          1699   1.69900e+03  -2.28448e+00   1.53165e+02   1.53167e+02
          1700   1.70000e+03  -2.28511e+00   1.53332e+02   1.53333e+02
          1701   1.70100e+03  -2.28579e+00   1.53499e+02   1.53500e+02
          1702   1.70200e+03  -2.28649e+00   1.53665e+02   1.53667e+02
          1703   1.70300e+03  -2.28715e+00   1.53832e+02   1.53833e+02
          1704   1.70400e+03  -2.28781e+00   1.53999e+02   1.54000e+02
          1705   1.70500e+03  -2.28846e+00   1.54165e+02   1.54167e+02
          1706   1.70600e+03  -2.28913e+00   1.54332e+02   1.54333e+02
          1707   1.70700e+03  -2.28977e+00   1.54499e+02   1.54500e+02
          1708   1.70800e+03  -2.29041e+00   1.54666e+02   1.54667e+02
          1709   1.70900e+03  -2.29105e+00   1.54832e+02   1.54833e+02
          1710   1.71000e+03  -2.29165e+00   1.54999e+02   1.55000e+02
          1711   1.71100e+03  -2.29225e+00   1.55166e+02   1.55167e+02
          1712   1.71200e+03  -2.29286e+00   1.55332e+02   1.55333e+02
          1713   1.71300e+03  -2.29348e+00   1.55499e+02   1.55500e+02
          1714   1.71400e+03  -2.29410e+00   1.55666e+02   1.55667e+02
          1715   1.71500e+03  -2.29472e+00   1.55833e+02   1.55833e+02
          1716   1.71600e+03  -2.29535e+00   1.55999e+02   1.56000e+02
          1717   1.71700e+03  -2.29597e+00   1.56166e+02   1.56167e+02
          1718   1.71800e+03  -2.29657e+00   1.56333e+02   1.56333e+02
          1719   1.71900e+03  -2.29721e+00   1.56499e+02   1.56500e+02
          1720   1.72000e+03  -2.29786e+00   1.56666e+02   1.56667e+02
          1721   1.72100e+03  -2.29847e+00   1.56833e+02   1.56833e+02
          1722   1.72200e+03  -2.29908e+00   1.57000e+02   1.57000e+02
          1723   1.72300e+03  -2.29974e+00   1.57166e+02   1.57167e+02
          1724   1.72400e+03  -2.30033e+00   1.57333e+02   1.57333e+02
          1725   1.72500e+03  -2.30094e+00   1.57500e+02   1.57500e+02
          1726   1.72600e+03  -2.30153e+00   1.57666e+02   1.57667e+02
          1727   1.72700e+03  -2.30216e+00   1.57833e+02   1.57833e+02
          1728   1.72800e+03  -2.30272e+00   1.58000e+02   1.58000e+02
          1729   1.72900e+03  -2.30323e+00   1.58167e+02   1.58167e+02
          1730   1.73000e+03  -2.30378e+00   1.58333e+02   1.58333e+02
          1731   1.73100e+03  -2.30430e+00   1.58500e+02   1.58500e+02
          1732   1.73200e+03  -2.30483e+00   1.58667e+02   1.58667e+02
          1733   1.73300e+03  -2.30521e+00   1.58834e+02   1.58833e+02
          1734   1.73400e+03  -2.30572e+00   1.59000e+02   1.59000e+02
          1735   1.73500e+03  -2.28812e+00   1.59166e+02   1.59167e+02
          1736   1.73600e+03  -2.21750e+00   1.59326e+02   1.59333e+02
          1737   1.73700e+03  -2.12701e+00   1.59470e+02   1.59500e+02
          1738   1.73800e+03  -2.00765e+00   1.59592e+02   1.59667e+02
          1739   1.73900e+03  -1.84561e+00   1.59691e+02   1.59833e+02
          1740   1.74000e+03  -1.64761e+00   1.59769e+02   1.60000e+02
          1741   1.74100e+03  -1.43130e+00   1.59828e+02   1.60000e+02
          1742   1.74200e+03  -1.21499e+00   1.59872e+02   1.60000e+02
          1743   1.74300e+03  -1.01321e+00   1.59904e+02   1.60000e+02
          1744   1.74400e+03  -8.33559e-01   1.59927e+02   1.60000e+02
          1745   1.74500e+03  -6.79988e-01   1.59942e+02   1.60000e+02
          1746   1.74600e+03  -5.52099e-01   1.59951e+02   1.60000e+02
          1747   1.74700e+03  -4.48151e-01   1.59957e+02   1.60000e+02
          1748   1.74800e+03  -3.65638e-01   1.59959e+02   1.60000e+02
          1749   1.74900e+03  -3.00876e-01   1.59959e+02   1.60000e+02
          1750   1.75000e+03  -2.50993e-01   1.59958e+02   1.60000e+02
          1751   1.75100e+03  -2.13077e-01   1.59956e+02   1.60000e+02
          1752   1.75200e+03  -1.85357e-01   1.59954e+02   1.60000e+02
          1753   1.75300e+03  -1.65495e-01   1.59951e+02   1.60000e+02
          1754   1.75400e+03  -1.51867e-01   1.59948e+02   1.60000e+02
          1755   1.75500e+03  -1.44419e-01   1.59946e+02   1.60000e+02
          1756   1.75600e+03  -1.39115e-01   1.59943e+02   1.60000e+02
          1757   1.75700e+03  -1.36688e-01   1.59941e+02   1.60000e+02
          1758   1.75800e+03  -1.36289e-01   1.59940e+02   1.60000e+02
          1759   1.75900e+03  -1.37526e-01   1.59939e+02   1.60000e+02
          1760   1.76000e+03  -1.40324e-01   1.59938e+02   1.60000e+02
          1761   1.76100e+03  -1.43537e-01   1.59937e+02   1.60000e+02
          1762   1.76200e+03  -1.46966e-01   1.59937e+02   1.60000e+02
          1763   1.76300e+03  -1.50052e-01   1.59937e+02   1.60000e+02
          1764   1.76400e+03  -1.53354e-01   1.59937e+02   1.60000e+02
          1765   1.76500e+03  -1.56657e-01   1.59938e+02   1.60000e+02
          1766   1.76600e+03  -1.59855e-01   1.59939e+02   1.60000e+02
          1767   1.76700e+03  -1.62916e-01   1.59940e+02   1.60000e+02
          1768   1.76800e+03  -1.65783e-01   1.59941e+02   1.60000e+02
          1769   1.76900e+03  -1.68380e-01   1.59943e+02   1.60000e+02
          1770   1.77000e+03  -1.70657e-01   1.59945e+02   1.60000e+02
          1771   1.77100e+03  -1.72709e-01   1.59946e+02   1.60000e+02
          1772   1.77200e+03  -1.74484e-01   1.59948e+02   1.60000e+02
          1773   1.77300e+03  -1.75951e-01   1.59950e+02   1.60000e+02
          1774   1.77400e+03  -1.77162e-01   1.59952e+02   1.60000e+02
          1775   1.77500e+03  -1.78183e-01   1.59954e+02   1.60000e+02
          1776   1.77600e+03  -1.78980e-01   1.59957e+02   1.60000e+02
          1777   1.77700e+03  -1.79545e-01   1.59959e+02   1.60000e+02
          1778   1.77800e+03  -1.79946e-01   1.59961e+02   1.60000e+02
          1779   1.77900e+03  -1.80245e-01   1.59963e+02   1.60000e+02
          1780   1.78000e+03  -1.80334e-01   1.59965e+02   1.60000e+02
          1781   1.78100e+03  -1.80292e-01   1.59967e+02   1.60000e+02
          1782   1.78200e+03  -1.80171e-01   1.59969e+02   1.60000e+02
          1783   1.78300e+03  -1.79929e-01   1.59972e+02   1.60000e+02
          1784   1.78400e+03  -1.79573e-01   1.59974e+02   1.60000e+02
          1785   1.78500e+03  -1.79125e-01   1.59976e+02   1.60000e+02
          1786   1.78600e+03  -1.78637e-01   1.59978e+02   1.60000e+02
          1787   1.78700e+03  -1.78062e-01   1.59980e+02   1.60000e+02
          1788   1.78800e+03  -1.77380e-01   1.59982e+02   1.60000e+02
          1789   1.78900e+03  -1.76721e-01   1.59983e+02   1.60000e+02
          1790   1.79000e+03  -1.76020e-01   1.59985e+02   1.60000e+02
          1791   1.79100e+03  -1.75277e-01   1.59987e+02   1.60000e+02
          1792   1.79200e+03  -1.74530e-01   1.59989e+02   1.60000e+02
          1793   1.79300e+03  -1.73733e-01   1.59990e+02   1.60000e+02
          1794   1.79400e+03  -1.72967e-01   1.59992e+02   1.60000e+02
          1795   1.79500e+03  -1.72193e-01   1.59993e+02   1.60000e+02
          1796   1.79600e+03  -1.71445e-01   1.59995e+02   1.60000e+02
          1797   1.79700e+03  -1.70672e-01   1.59996e+02   1.60000e+02
          1798   1.79800e+03  -1.69908e-01   1.59998e+02   1.60000e+02
          1799   1.79900e+03  -1.69167e-01   1.59999e+02   1.60000e+02
          1800   1.80000e+03  -1.68418e-01   1.60000e+02   1.60000e+02
          1801   1.80100e+03  -1.67684e-01   1.60001e+02   1.60000e+02
          1802   1.80200e+03  -1.66966e-01   1.60002e+02   1.60000e+02
          1803   1.80300e+03  -1.66272e-01   1.60004e+02   1.60000e+02
          1804   1.80400e+03  -1.65598e-01   1.60005e+02   1.60000e+02
          1805   1.80500e+03  -1.64868e-01   1.60006e+02   1.60000e+02
          1806   1.80600e+03  -1.64215e-01   1.60007e+02   1.60000e+02
          1807   1.80700e+03  -1.63577e-01   1.60008e+02   1.60000e+02
          1808   1.80800e+03  -1.62951e-01   1.60008e+02   1.60000e+02
          1809   1.80900e+03  -1.62314e-01   1.60009e+02   1.60000e+02
          1810   1.81000e+03  -1.61696e-01   1.60010e+02   1.60000e+02
          1811   1.81100e+03  -1.61124e-01   1.60011e+02   1.60000e+02
          1812   1.81200e+03  -1.60553e-01   1.60011e+02   1.60000e+02
          1813   1.81300e+03  -1.59928e-01   1.60012e+02   1.60000e+02
          1814   1.81400e+03  -1.59381e-01   1.60013e+02   1.60000e+02
          1815   1.81500e+03  -1.58851e-01   1.60013e+02   1.60000e+02
          1816   1.81600e+03  -1.58327e-01   1.60014e+02   1.60000e+02
          1817   1.81700e+03  -1.57811e-01   1.60014e+02   1.60000e+02
          1818   1.81800e+03  -1.57350e-01   1.60015e+02   1.60000e+02
          1819   1.81900e+03  -1.56891e-01   1.60015e+02   1.60000e+02
          1820   1.82000e+03  -1.56418e-01   1.60016e+02   1.60000e+02
          1821   1.82100e+03  -1.55959e-01   1.60016e+02   1.60000e+02
          1822   1.82200e+03  -1.55554e-01   1.60017e+02   1.60000e+02
          1823   1.82300e+03  -1.55167e-01   1.60017e+02   1.60000e+02
          1824   1.82400e+03  -1.54798e-01   1.60017e+02   1.60000e+02
          1825   1.82500e+03  -1.54427e-01   1.60018e+02   1.60000e+02
          1826   1.82600e+03  -1.54053e-01   1.60018e+02   1.60000e+02
          1827   1.82700e+03  -1.53692e-01   1.60018e+02   1.60000e+02
          1828   1.82800e+03  -1.53323e-01   1.60018e+02   1.60000e+02
          1829   1.82900e+03  -1.52974e-01   1.60019e+02   1.60000e+02
          1830   1.83000e+03  -1.52605e-01   1.60019e+02   1.60000e+02
          1831   1.83100e+03  -1.52275e-01   1.60019e+02   1.60000e+02
          1832   1.83200e+03  -1.51942e-01   1.60019e+02   1.60000e+02
          1833   1.83300e+03  -1.51608e-01   1.60019e+02   1.60000e+02
          1834   1.83400e+03  -1.51286e-01   1.60019e+02   1.60000e+02
          1835   1.83500e+03  -1.51026e-01   1.60019e+02   1.60000e+02
          1836   1.83600e+03  -1.50744e-01   1.60019e+02   1.60000e+02
          1837   1.83700e+03  -1.50505e-01   1.60019e+02   1.60000e+02
          1838   1.83800e+03  -1.50257e-01   1.60019e+02   1.60000e+02
          1839   1.83900e+03  -1.50039e-01   1.60019e+02   1.60000e+02
          1840   1.84000e+03  -1.49814e-01   1.60019e+02   1.60000e+02
          1841   1.84100e+03  -1.49616e-01   1.60019e+02   1.60000e+02
          1842   1.84200e+03  -1.49405e-01   1.60019e+02   1.60000e+02
          1843   1.84300e+03  -1.49174e-01   1.60019e+02   1.60000e+02
          1844   1.84400e+03  -1.48965e-01   1.60019e+02   1.60000e+02
          1845   1.84500e+03  -1.48792e-01   1.60019e+02   1.60000e+02
          1846   1.84600e+03  -1.48613e-01   1.60019e+02   1.60000e+02
          1847   1.84700e+03  -1.48464e-01   1.60019e+02   1.60000e+02
          1848   1.84800e+03  -1.48301e-01   1.60019e+02   1.60000e+02
          1849   1.84900e+03  -1.48128e-01   1.60019e+02   1.60000e+02
          1850   1.85000e+03  -1.47981e-01   1.60019e+02   1.60000e+02
          1851   1.85100e+03  -1.47835e-01   1.60019e+02   1.60000e+02
          1852   1.85200e+03  -1.47762e-01   1.60018e+02   1.60000e+02
          1853   1.85300e+03  -1.47637e-01   1.60018e+02   1.60000e+02
          1854   1.85400e+03  -1.47535e-01   1.60018e+02   1.60000e+02
          1855   1.85500e+03  -1.47396e-01   1.60018e+02   1.60000e+02
          1856   1.85600e+03  -1.47284e-01   1.60018e+02   1.60000e+02
          1857   1.85700e+03  -1.47214e-01   1.60018e+02   1.60000e+02
          1858   1.85800e+03  -1.47149e-01   1.60017e+02   1.60000e+02
          1859   1.85900e+03  -1.47052e-01   1.60017e+02   1.60000e+02
          1860   1.86000e+03  -1.46951e-01   1.60017e+02   1.60000e+02
          1861   1.86100e+03  -1.46863e-01   1.60017e+02   1.60000e+02
          1862   1.86200e+03  -1.46767e-01   1.60017e+02   1.60000e+02
          1863   1.86300e+03  -1.46649e-01   1.60016e+02   1.60000e+02
          1864   1.86400e+03  -1.46577e-01   1.60016e+02   1.60000e+02
          1865   1.86500e+03  -1.46508e-01   1.60016e+02   1.60000e+02
          1866   1.86600e+03  -1.46402e-01   1.60016e+02   1.60000e+02
          1867   1.86700e+03  -1.46353e-01   1.60016e+02   1.60000e+02
          1868   1.86800e+03  -1.46293e-01   1.60015e+02   1.60000e+02
          1869   1.86900e+03  -1.46236e-01   1.60015e+02   1.60000e+02
          1870   1.87000e+03  -1.46159e-01   1.60015e+02   1.60000e+02
          1871   1.87100e+03  -1.46120e-01   1.60015e+02   1.60000e+02
          1872   1.87200e+03  -1.46091e-01   1.60015e+02   1.60000e+02
          1873   1.87300e+03  -1.46053e-01   1.60014e+02   1.60000e+02
          1874   1.87400e+03  -1.45985e-01   1.60014e+02   1.60000e+02
          1875   1.87500e+03  -1.45958e-01   1.60014e+02   1.60000e+02
          1876   1.87600e+03  -1.45903e-01   1.60014e+02   1.60000e+02
          1877   1.87700e+03  -1.45886e-01   1.60013e+02   1.60000e+02
          1878   1.87800e+03  -1.45867e-01   1.60013e+02   1.60000e+02
          1879   1.87900e+03  -1.45816e-01   1.60013e+02   1.60000e+02
          1880   1.88000e+03  -1.45793e-01   1.60013e+02   1.60000e+02
          1881   1.88100e+03  -1.45762e-01   1.60012e+02   1.60000e+02
          1882   1.88200e+03  -1.45745e-01   1.60012e+02   1.60000e+02
          1883   1.88300e+03  -1.45762e-01   1.60012e+02   1.60000e+02
          1884   1.88400e+03  -1.45754e-01   1.60012e+02   1.60000e+02
          1885   1.88500e+03  -1.45742e-01   1.60011e+02   1.60000e+02
          1886   1.88600e+03  -1.45728e-01   1.60011e+02   1.60000e+02
          1887   1.88700e+03  -1.45706e-01   1.60011e+02   1.60000e+02
          1888   1.88800e+03  -1.45695e-01   1.60011e+02   1.60000e+02
          1889   1.88900e+03  -1.45686e-01   1.60011e+02   1.60000e+02
          1890   1.89000e+03  -1.45648e-01   1.60010e+02   1.60000e+02
          1891   1.89100e+03  -1.45660e-01   1.60010e+02   1.60000e+02
          1892   1.89200e+03  -1.45624e-01   1.60010e+02   1.60000e+02
          1893   1.89300e+03  -1.45608e-01   1.60010e+02   1.60000e+02
          1894   1.89400e+03  -1.45626e-01   1.60009e+02   1.60000e+02
          1895   1.89500e+03  -1.45601e-01   1.60009e+02   1.60000e+02
          1896   1.89600e+03  -1.45638e-01   1.60009e+02   1.60000e+02
          1897   1.89700e+03  -1.45660e-01   1.60009e+02   1.60000e+02
          1898   1.89800e+03  -1.45670e-01   1.60008e+02   1.60000e+02
          1899   1.89900e+03  -1.45703e-01   1.60008e+02   1.60000e+02
          1900   1.90000e+03  -1.45670e-01   1.60008e+02   1.60000e+02
          1901   1.90100e+03  -1.45694e-01   1.60008e+02   1.60000e+02
          1902   1.90200e+03  -1.45727e-01   1.60007e+02   1.60000e+02
          1903   1.90300e+03  -1.45751e-01   1.60007e+02   1.60000e+02
          1904   1.90400e+03  -1.45795e-01   1.60007e+02   1.60000e+02
          1905   1.90500e+03  -1.45831e-01   1.60007e+02   1.60000e+02
          1906   1.90600e+03  -1.45812e-01   1.60007e+02   1.60000e+02
          1907   1.90700e+03  -1.45800e-01   1.60006e+02   1.60000e+02
          1908   1.90800e+03  -1.45807e-01   1.60006e+02   1.60000e+02
          1909   1.90900e+03  -1.45806e-01   1.60006e+02   1.60000e+02
          1910   1.91000e+03  -1.45807e-01   1.60006e+02   1.60000e+02
          1911   1.91100e+03  -1.45814e-01   1.60006e+02   1.60000e+02
          1912   1.91200e+03  -1.45794e-01   1.60005e+02   1.60000e+02
          1913   1.91300e+03  -1.45791e-01   1.60005e+02   1.60000e+02
          1914   1.91400e+03  -1.45771e-01   1.60005e+02   1.60000e+02
          1915   1.91500e+03  -1.45831e-01   1.60005e+02   1.60000e+02
          1916   1.91600e+03  -1.45864e-01   1.60005e+02   1.60000e+02
          1917   1.91700e+03  -1.45911e-01   1.60004e+02   1.60000e+02
          1918   1.91800e+03  -1.45978e-01   1.60004e+02   1.60000e+02
          1919   1.91900e+03  -1.46044e-01   1.60004e+02   1.60000e+02
          1920   1.92000e+03  -1.46062e-01   1.60004e+02   1.60000e+02
          1921   1.92100e+03  -1.46063e-01   1.60004e+02   1.60000e+02
          1922   1.92200e+03  -1.46053e-01   1.60003e+02   1.60000e+02
          1923   1.92300e+03  -1.46062e-01   1.60003e+02   1.60000e+02
          1924   1.92400e+03  -1.46083e-01   1.60003e+02   1.60000e+02
          1925   1.92500e+03  -1.46108e-01   1.60003e+02   1.60000e+02
          1926   1.92600e+03  -1.46116e-01   1.60003e+02   1.60000e+02
          1927   1.92700e+03  -1.46155e-01   1.60002e+02   1.60000e+02
          1928   1.92800e+03  -1.46156e-01   1.60002e+02   1.60000e+02
          1929   1.92900e+03  -1.46195e-01   1.60002e+02   1.60000e+02
          1930   1.93000e+03  -1.46272e-01   1.60002e+02   1.60000e+02
          1931   1.93100e+03  -1.46349e-01   1.60002e+02   1.60000e+02
          1932   1.93200e+03  -1.46395e-01   1.60002e+02   1.60000e+02
          1933   1.93300e+03  -1.46424e-01   1.60001e+02   1.60000e+02
          1934   1.93400e+03  -1.46452e-01   1.60001e+02   1.60000e+02
          1935   1.93500e+03  -1.46473e-01   1.60001e+02   1.60000e+02
          1936   1.93600e+03  -1.46478e-01   1.60001e+02   1.60000e+02
          1937   1.93700e+03  -1.46520e-01   1.60001e+02   1.60000e+02
          1938   1.93800e+03  -1.46534e-01   1.60001e+02   1.60000e+02
          1939   1.93900e+03  -1.46566e-01   1.60001e+02   1.60000e+02
          1940   1.94000e+03  -1.46538e-01   1.60000e+02   1.60000e+02
          1941   1.94100e+03  -1.46551e-01   1.60000e+02   1.60000e+02
          1942   1.94200e+03  -1.46572e-01   1.60000e+02   1.60000e+02
          1943   1.94300e+03  -1.46604e-01   1.60000e+02   1.60000e+02
          1944   1.94400e+03  -1.46644e-01   1.60000e+02   1.60000e+02
          1945   1.94500e+03  -1.46714e-01   1.60000e+02   1.60000e+02
          1946   1.94600e+03  -1.46744e-01   1.60000e+02   1.60000e+02
          1947   1.94700e+03  -1.46752e-01   1.59999e+02   1.60000e+02
          1948   1.94800e+03  -1.46715e-01   1.59999e+02   1.60000e+02
          1949   1.94900e+03  -1.46762e-01   1.59999e+02   1.60000e+02
          1950   1.95000e+03  -1.46776e-01   1.59999e+02   1.60000e+02
          1951   1.95100e+03  -1.46754e-01   1.59999e+02   1.60000e+02
          1952   1.95200e+03  -1.46753e-01   1.59999e+02   1.60000e+02
          1953   1.95300e+03  -1.46707e-01   1.59999e+02   1.60000e+02
          1954   1.95400e+03  -1.46685e-01   1.59999e+02   1.60000e+02
          1955   1.95500e+03  -1.46687e-01   1.59998e+02   1.60000e+02
          1956   1.95600e+03  -1.46728e-01   1.59998e+02   1.60000e+02
          1957   1.95700e+03  -1.46744e-01   1.59998e+02   1.60000e+02
          1958   1.95800e+03  -1.46777e-01   1.59998e+02   1.60000e+02
          1959   1.95900e+03  -1.46786e-01   1.59998e+02   1.60000e+02
          1960   1.96000e+03  -1.46820e-01   1.59998e+02   1.60000e+02
          1961   1.96100e+03  -1.46816e-01   1.59998e+02   1.60000e+02
          1962   1.96200e+03  -1.46868e-01   1.59998e+02   1.60000e+02
          1963   1.96300e+03  -1.46855e-01   1.59997e+02   1.60000e+02
          1964   1.96400e+03  -1.46858e-01   1.59997e+02   1.60000e+02
          1965   1.96500e+03  -1.46852e-01   1.59997e+02   1.60000e+02
          1966   1.96600e+03  -1.46890e-01   1.59997e+02   1.60000e+02
          1967   1.96700e+03  -1.46910e-01   1.59997e+02   1.60000e+02
          1968   1.96800e+03  -1.46966e-01   1.59997e+02   1.60000e+02
          1969   1.96900e+03  -1.47001e-01   1.59997e+02   1.60000e+02
          1970   1.97000e+03  -1.47046e-01   1.59997e+02   1.60000e+02
          1971   1.97100e+03  -1.47090e-01   1.59997e+02   1.60000e+02
          1972   1.97200e+03  -1.47135e-01   1.59997e+02   1.60000e+02
          1973   1.97300e+03  -1.47144e-01   1.59997e+02   1.60000e+02
          1974   1.97400e+03  -1.47156e-01   1.59996e+02   1.60000e+02
          1975   1.97500e+03  -1.47189e-01   1.59996e+02   1.60000e+02
          1976   1.97600e+03  -1.47188e-01   1.59996e+02   1.60000e+02
          1977   1.97700e+03  -1.47168e-01   1.59996e+02   1.60000e+02
          1978   1.97800e+03  -1.47172e-01   1.59996e+02   1.60000e+02
          1979   1.97900e+03  -1.47176e-01   1.59996e+02   1.60000e+02
          1980   1.98000e+03  -1.47174e-01   1.59996e+02   1.60000e+02
          1981   1.98100e+03  -1.47233e-01   1.59996e+02   1.60000e+02
          1982   1.98200e+03  -1.47229e-01   1.59996e+02   1.60000e+02
          1983   1.98300e+03  -1.47262e-01   1.59996e+02   1.60000e+02
          1984   1.98400e+03  -1.47258e-01   1.59996e+02   1.60000e+02
          1985   1.98500e+03  -1.47265e-01   1.59996e+02   1.60000e+02
          1986   1.98600e+03  -1.47289e-01   1.59995e+02   1.60000e+02
          1987   1.98700e+03  -1.47294e-01   1.59995e+02   1.60000e+02
          1988   1.98800e+03  -1.47319e-01   1.59995e+02   1.60000e+02
          1989   1.98900e+03  -1.47335e-01   1.59995e+02   1.60000e+02
          1990   1.99000e+03  -1.47300e-01   1.59995e+02   1.60000e+02
          1991   1.99100e+03  -1.47323e-01   1.59995e+02   1.60000e+02
          1992   1.99200e+03  -1.47321e-01   1.59995e+02   1.60000e+02
          1993   1.99300e+03  -1.47341e-01   1.59995e+02   1.60000e+02
          1994   1.99400e+03  -1.47355e-01   1.59995e+02   1.60000e+02
          1995   1.99500e+03  -1.47361e-01   1.59995e+02   1.60000e+02
          1996   1.99600e+03  -1.47361e-01   1.59995e+02   1.60000e+02
          1997   1.99700e+03  -1.47379e-01   1.59995e+02   1.60000e+02
          1998   1.99800e+03  -1.47398e-01   1.59995e+02   1.60000e+02
          1999   1.99900e+03  -1.47411e-01   1.59995e+02   1.60000e+02
          2000   2.00000e+03  -1.47425e-01   1.59995e+02   1.60000e+02
          2001   2.00100e+03  -1.47419e-01   1.59995e+02   1.60000e+02
          2002   2.00200e+03  -1.47380e-01   1.59994e+02   1.60000e+02
          2003   2.00300e+03  -1.47381e-01   1.59994e+02   1.60000e+02
          2004   2.00400e+03  -1.47382e-01   1.59994e+02   1.60000e+02
          2005   2.00500e+03  -1.47412e-01   1.59994e+02   1.60000e+02
          2006   2.00600e+03  -1.47375e-01   1.59994e+02   1.60000e+02
          2007   2.00700e+03  -1.47318e-01   1.59994e+02   1.60000e+02
          2008   2.00800e+03  -1.47281e-01   1.59994e+02   1.60000e+02
          2009   2.00900e+03  -1.47273e-01   1.59994e+02   1.60000e+02
          2010   2.01000e+03  -1.47286e-01   1.59994e+02   1.60000e+02
          2011   2.01100e+03  -1.47307e-01   1.59994e+02   1.60000e+02
          2012   2.01200e+03  -1.47300e-01   1.59994e+02   1.60000e+02
          2013   2.01300e+03  -1.47314e-01   1.59994e+02   1.60000e+02
          2014   2.01400e+03  -1.47303e-01   1.59994e+02   1.60000e+02
          2015   2.01500e+03  -1.47309e-01   1.59994e+02   1.60000e+02
          2016   2.01600e+03  -1.47361e-01   1.59994e+02   1.60000e+02
          2017   2.01700e+03  -1.47426e-01   1.59994e+02   1.60000e+02
          2018   2.01800e+03  -1.47494e-01   1.59994e+02   1.60000e+02
          2019   2.01900e+03  -1.47531e-01   1.59994e+02   1.60000e+02
          2020   2.02000e+03  -1.47570e-01   1.59994e+02   1.60000e+02
          2021   2.02100e+03  -1.47650e-01   1.59994e+02   1.60000e+02
          2022   2.02200e+03  -1.47682e-01   1.59994e+02   1.60000e+02
          2023   2.02300e+03  -1.47725e-01   1.59994e+02   1.60000e+02
          2024   2.02400e+03  -1.47803e-01   1.59994e+02   1.60000e+02
          2025   2.02500e+03  -1.47827e-01   1.59993e+02   1.60000e+02
          2026   2.02600e+03  -1.47825e-01   1.59993e+02   1.60000e+02
          2027   2.02700e+03  -1.47799e-01   1.59993e+02   1.60000e+02
          2028   2.02800e+03  -1.47816e-01   1.59993e+02   1.60000e+02
          2029   2.02900e+03  -1.47822e-01   1.59993e+02   1.60000e+02
          2030   2.03000e+03  -1.47815e-01   1.59993e+02   1.60000e+02
          2031   2.03100e+03  -1.47821e-01   1.59993e+02   1.60000e+02
          2032   2.03200e+03  -1.47804e-01   1.59993e+02   1.60000e+02
          2033   2.03300e+03  -1.47877e-01   1.59993e+02   1.60000e+02
          2034   2.03400e+03  -1.47930e-01   1.59993e+02   1.60000e+02
          2035   2.03500e+03  -1.31813e-01   1.59993e+02   1.60000e+02
          2036   2.03600e+03  -6.64311e-02   1.59986e+02   1.60000e+02
          2037   2.03700e+03   1.86820e-02   1.59962e+02   1.60000e+02
          2038   2.03800e+03   1.34408e-01   1.59918e+02   1.60000e+02
          2039   2.03900e+03   2.95239e-01   1.59850e+02   1.60000e+02
          2040   2.04000e+03   4.93792e-01   1.59761e+02   1.60000e+02
          2041   2.04100e+03   7.12547e-01   1.59654e+02   1.59833e+02
          2042   2.04200e+03   9.31776e-01   1.59532e+02   1.59667e+02
          2043   2.04300e+03   1.13692e+00   1.59397e+02   1.59500e+02
          2044   2.04400e+03   1.31952e+00   1.59252e+02   1.59333e+02
          2045   2.04500e+03   1.47644e+00   1.59099e+02   1.59167e+02
          2046   2.04600e+03   1.60750e+00   1.58942e+02   1.59000e+02
          2047   2.04700e+03   1.71385e+00   1.58780e+02   1.58833e+02
          2048   2.04800e+03   1.79921e+00   1.58615e+02   1.58667e+02
          2049   2.04900e+03   1.86566e+00   1.58448e+02   1.58500e+02
          2050   2.05000e+03   1.91655e+00   1.58280e+02   1.58333e+02
          2051   2.05100e+03   1.95502e+00   1.58111e+02   1.58167e+02
          2052   2.05200e+03   1.98309e+00   1.57941e+02   1.58000e+02
          2053   2.05300e+03   2.00303e+00   1.57771e+02   1.57833e+02
          2054   2.05400e+03   2.01626e+00   1.57602e+02   1.57667e+02
          2055   2.05500e+03   2.02324e+00   1.57432e+02   1.57500e+02
          2056   2.05600e+03   2.02810e+00   1.57263e+02   1.57333e+02
          2057   2.05700e+03   2.02992e+00   1.57094e+02   1.57167e+02
          2058   2.05800e+03   2.02949e+00   1.56926e+02   1.57000e+02
          2059   2.05900e+03   2.02675e+00   1.56758e+02   1.56833e+02
          2060   2.06000e+03   2.02398e+00   1.56590e+02   1.56667e+02
          2061   2.06100e+03   2.02014e+00   1.56423e+02   1.56500e+02
          2062   2.06200e+03   2.01616e+00   1.56256e+02   1.56333e+02
          2063   2.06300e+03   2.01244e+00   1.56089e+02   1.56167e+02
          2064   2.06400e+03   2.00861e+00   1.55923e+02   1.56000e+02
          2065   2.06500e+03   2.00482e+00   1.55757e+02   1.55833e+02
          2066   2.06600e+03   2.00113e+00   1.55591e+02   1.55667e+02
          2067   2.06700e+03   1.99759e+00   1.55426e+02   1.55500e+02
          2068   2.06800e+03   1.99429e+00   1.55260e+02   1.55333e+02
          2069   2.06900e+03   1.99125e+00   1.55095e+02   1.55167e+02
          2070   2.07000e+03   1.98848e+00   1.54930e+02   1.55000e+02
          2071   2.07100e+03   1.98605e+00   1.54766e+02   1.54833e+02
          2072   2.07200e+03   1.98391e+00   1.54601e+02   1.54667e+02
          2073   2.07300e+03   1.98201e+00   1.54436e+02   1.54500e+02
          2074   2.07400e+03   1.98037e+00   1.54272e+02   1.54333e+02
          2075   2.07500e+03   1.97895e+00   1.54107e+02   1.54167e+02
          2076   2.07600e+03   1.97776e+00   1.53943e+02   1.54000e+02
          2077   2.07700e+03   1.97680e+00   1.53778e+02   1.53833e+02
          2078   2.07800e+03   1.97603e+00   1.53614e+02   1.53667e+02
          2079   2.07900e+03   1.97550e+00   1.53450e+02   1.53500e+02
          2080   2.08000e+03   1.97509e+00   1.53285e+02   1.53333e+02
          2081   2.08100e+03   1.97483e+00   1.53121e+02   1.53167e+02
          2082   2.08200e+03   1.97475e+00   1.52956e+02   1.53000e+02
          2083   2.08300e+03   1.97476e+00   1.52792e+02   1.52833e+02
          2084   2.08400e+03   1.97487e+00   1.52628e+02   1.52667e+02
          2085   2.08500e+03   1.97511e+00   1.52463e+02   1.52500e+02
          2086   2.08600e+03   1.97544e+00   1.52299e+02   1.52333e+02
          2087   2.08700e+03   1.97583e+00   1.52134e+02   1.52167e+02
          2088   2.08800e+03   1.97625e+00   1.51969e+02   1.52000e+02
          2089   2.08900e+03   1.97672e+00   1.51805e+02   1.51833e+02
          2090   2.09000e+03   1.97723e+00   1.51640e+02   1.51667e+02
          2091   2.09100e+03   1.97773e+00   1.51475e+02   1.51500e+02
          2092   2.09200e+03   1.97827e+00   1.51310e+02   1.51333e+02
          2093   2.09300e+03   1.97885e+00   1.51145e+02   1.51167e+02
          2094   2.09400e+03   1.97943e+00   1.50980e+02   1.51000e+02
          2095   2.09500e+03   1.98001e+00   1.50815e+02   1.50833e+02
          2096   2.09600e+03   1.98059e+00   1.50650e+02   1.50667e+02
          2097   2.09700e+03   1.98118e+00   1.50485e+02   1.50500e+02
          2098   2.09800e+03   1.98177e+00   1.50320e+02   1.50333e+02
          2099   2.09900e+03   1.98236e+00   1.50155e+02   1.50167e+02
          2100   2.10000e+03   1.98300e+00   1.49989e+02   1.50000e+02
          2101   2.10100e+03   1.98361e+00   1.49824e+02   1.49833e+02
          2102   2.10200e+03   1.98420e+00   1.49658e+02   1.49667e+02
          2103   2.10300e+03   1.98472e+00   1.49493e+02   1.49500e+02
          2104   2.10400e+03   1.98521e+00   1.49327e+02   1.49333e+02
          2105   2.10500e+03   1.98567e+00   1.49161e+02   1.49167e+02
          2106   2.10600e+03   1.98609e+00   1.48996e+02   1.49000e+02
          2107   2.10700e+03   1.98648e+00   1.48830e+02   1.48833e+02
          2108   2.10800e+03   1.98686e+00   1.48664e+02   1.48667e+02
          2109   2.10900e+03   1.98720e+00   1.48498e+02   1.48500e+02
          2110   2.11000e+03   1.98750e+00   1.48333e+02   1.48333e+02
          2111   2.11100e+03   1.98777e+00   1.48167e+02   1.48167e+02
          2112   2.11200e+03   1.98807e+00   1.48001e+02   1.48000e+02
          2113   2.11300e+03   1.98832e+00   1.47835e+02   1.47833e+02
          2114   2.11400e+03   1.98858e+00   1.47669e+02   1.47667e+02
          2115   2.11500e+03   1.98884e+00   1.47503e+02   1.47500e+02
          2116   2.11600e+03   1.98909e+00   1.47337e+02   1.47333e+02
          2117   2.11700e+03   1.98930e+00   1.47170e+02   1.47167e+02
          2118   2.11800e+03   1.98948e+00   1.47004e+02   1.47000e+02
          2119   2.11900e+03   1.98968e+00   1.46838e+02   1.46833e+02
          2120   2.12000e+03   1.98985e+00   1.46672e+02   1.46667e+02
          2121   2.12100e+03   1.99000e+00   1.46506e+02   1.46500e+02
          2122   2.12200e+03   1.99020e+00   1.46339e+02   1.46333e+02
          2123   2.12300e+03   1.99039e+00   1.46173e+02   1.46167e+02
          2124   2.12400e+03   1.99049e+00   1.46007e+02   1.46000e+02
          2125   2.12500e+03   1.99058e+00   1.45840e+02   1.45833e+02
          2126   2.12600e+03   1.99070e+00   1.45674e+02   1.45667e+02
          2127   2.12700e+03   1.99080e+00   1.45507e+02   1.45500e+02
          2128   2.12800e+03   1.99089e+00   1.45341e+02   1.45333e+02
          2129   2.12900e+03   1.99100e+00   1.45174e+02   1.45167e+02
          2130   2.13000e+03   1.99110e+00   1.45008e+02   1.45000e+02
          2131   2.13100e+03   1.99113e+00   1.44841e+02   1.44833e+02
          2132   2.13200e+03   1.99113e+00   1.44675e+02   1.44667e+02
          2133   2.13300e+03   1.99119e+00   1.44508e+02   1.44500e+02
          2134   2.13400e+03   1.99122e+00   1.44342e+02   1.44333e+02
          2135   2.13500e+03   1.99120e+00   1.44175e+02   1.44167e+02
          2136   2.13600e+03   1.99116e+00   1.44008e+02   1.44000e+02
          2137   2.13700e+03   1.99111e+00   1.43842e+02   1.43833e+02
          2138   2.13800e+03   1.99104e+00   1.43675e+02   1.43667e+02
          2139   2.13900e+03   1.99099e+00   1.43509e+02   1.43500e+02
          2140   2.14000e+03   1.99092e+00   1.43342e+02   1.43333e+02
          2141   2.14100e+03   1.99082e+00   1.43175e+02   1.43167e+02
          2142   2.14200e+03   1.99068e+00   1.43008e+02   1.43000e+02
          2143   2.14300e+03   1.99054e+00   1.42842e+02   1.42833e+02
          2144   2.14400e+03   1.99040e+00   1.42675e+02   1.42667e+02
          2145   2.14500e+03   1.99029e+00   1.42508e+02   1.42500e+02
          2146   2.14600e+03   1.99013e+00   1.42342e+02   1.42333e+02
          2147   2.14700e+03   1.98998e+00   1.42175e+02   1.42167e+02
          2148   2.14800e+03   1.98979e+00   1.42008e+02   1.42000e+02
          2149   2.14900e+03   1.98960e+00   1.41841e+02   1.41833e+02
          2150   2.15000e+03   1.98942e+00   1.41674e+02   1.41667e+02
          2151   2.15100e+03   1.98925e+00   1.41508e+02   1.41500e+02
          2152   2.15200e+03   1.98905e+00   1.41341e+02   1.41333e+02
          2153   2.15300e+03   1.98881e+00   1.41174e+02   1.41167e+02
          2154   2.15400e+03   1.98852e+00   1.41007e+02   1.41000e+02
          2155   2.15500e+03   1.98824e+00   1.40840e+02   1.40833e+02
          2156   2.15600e+03   1.98792e+00   1.40673e+02   1.40667e+02
          2157   2.15700e+03   1.98754e+00   1.40506e+02   1.40500e+02
          2158   2.15800e+03   1.98714e+00   1.40339e+02   1.40333e+02
          2159   2.15900e+03   1.98673e+00   1.40172e+02   1.40167e+02
          2160   2.16000e+03   1.98630e+00   1.40005e+02   1.40000e+02
          2161   2.16100e+03   1.98586e+00   1.39838e+02   1.39833e+02
          2162   2.16200e+03   1.98541e+00   1.39671e+02   1.39667e+02
          2163   2.16300e+03   1.98495e+00   1.39504e+02   1.39500e+02
          2164   2.16400e+03   1.98449e+00   1.39338e+02   1.39333e+02
          2165   2.16500e+03   1.98402e+00   1.39171e+02   1.39167e+02
          2166   2.16600e+03   1.98357e+00   1.39004e+02   1.39000e+02
          2167   2.16700e+03   1.98313e+00   1.38837e+02   1.38833e+02
          2168   2.16800e+03   1.98269e+00   1.38670e+02   1.38667e+02
          2169   2.16900e+03   1.98225e+00   1.38503e+02   1.38500e+02
          2170   2.17000e+03   1.98180e+00   1.38336e+02   1.38333e+02
          2171   2.17100e+03   1.98135e+00   1.38169e+02   1.38167e+02
          2172   2.17200e+03   1.98094e+00   1.38002e+02   1.38000e+02
          2173   2.17300e+03   1.98054e+00   1.37836e+02   1.37833e+02
          2174   2.17400e+03   1.98015e+00   1.37669e+02   1.37667e+02
          2175   2.17500e+03   1.97977e+00   1.37502e+02   1.37500e+02
          2176   2.17600e+03   1.97940e+00   1.37335e+02   1.37333e+02
          2177   2.17700e+03   1.97903e+00   1.37168e+02   1.37167e+02
          2178   2.17800e+03   1.97867e+00   1.37001e+02   1.37000e+02
          2179   2.17900e+03   1.97835e+00   1.36834e+02   1.36833e+02
          2180   2.18000e+03   1.97803e+00   1.36667e+02   1.36667e+02
          2181   2.18100e+03   1.97769e+00   1.36500e+02   1.36500e+02
          2182   2.18200e+03   1.97732e+00   1.36333e+02   1.36333e+02
          2183   2.18300e+03   1.97699e+00   1.36167e+02   1.36167e+02
          2184   2.18400e+03   1.97665e+00   1.36000e+02   1.36000e+02
          2185   2.18500e+03   1.97632e+00   1.35833e+02   1.35833e+02
          2186   2.18600e+03   1.97595e+00   1.35666e+02   1.35667e+02
          2187   2.18700e+03   1.97559e+00   1.35499e+02   1.35500e+02
          2188   2.18800e+03   1.97523e+00   1.35332e+02   1.35333e+02
          2189   2.18900e+03   1.97486e+00   1.35165e+02   1.35167e+02
          2190   2.19000e+03   1.97449e+00   1.34998e+02   1.35000e+02
          2191   2.19100e+03   1.97411e+00   1.34831e+02   1.34833e+02
          2192   2.19200e+03   1.97372e+00   1.34664e+02   1.34667e+02
          2193   2.19300e+03   1.97335e+00   1.34497e+02   1.34500e+02
          2194   2.19400e+03   1.97299e+00   1.34330e+02   1.34333e+02
          2195   2.19500e+03   1.97260e+00   1.34163e+02   1.34167e+02
          2196   2.19600e+03   1.97225e+00   1.33997e+02   1.34000e+02
          2197   2.19700e+03   1.97188e+00   1.33830e+02   1.33833e+02
          2198   2.19800e+03   1.97150e+00   1.33663e+02   1.33667e+02
          2199   2.19900e+03   1.97111e+00   1.33496e+02   1.33500e+02
          2200   2.20000e+03   1.97074e+00   1.33329e+02   1.33333e+02
          2201   2.20100e+03   1.97035e+00   1.33162e+02   1.33167e+02
          2202   2.20200e+03   1.96993e+00   1.32995e+02   1.33000e+02
          2203   2.20300e+03   1.96949e+00   1.32828e+02   1.32833e+02
          2204   2.20400e+03   1.96911e+00   1.32661e+02   1.32667e+02
          2205   2.20500e+03   1.96870e+00   1.32494e+02   1.32500e+02
          2206   2.20600e+03   1.96832e+00   1.32328e+02   1.32333e+02
          2207   2.20700e+03   1.96793e+00   1.32161e+02   1.32167e+02
          2208   2.20800e+03   1.96755e+00   1.31994e+02   1.32000e+02
          2209   2.20900e+03   1.96720e+00   1.31827e+02   1.31833e+02
          2210   2.21000e+03   1.96688e+00   1.31660e+02   1.31667e+02
          2211   2.21100e+03   1.96655e+00   1.31493e+02   1.31500e+02
          2212   2.21200e+03   1.96624e+00   1.31326e+02   1.31333e+02
          2213   2.21300e+03   1.96591e+00   1.31160e+02   1.31167e+02
          2214   2.21400e+03   1.96557e+00   1.30993e+02   1.31000e+02
          2215   2.21500e+03   1.96520e+00   1.30826e+02   1.30833e+02
          2216   2.21600e+03   1.96489e+00   1.30659e+02   1.30667e+02
          2217   2.21700e+03   1.96459e+00   1.30492e+02   1.30500e+02
          2218   2.21800e+03   1.96428e+00   1.30325e+02   1.30333e+02
          2219   2.21900e+03   1.96393e+00   1.30159e+02   1.30167e+02
          2220   2.22000e+03   1.96361e+00   1.29992e+02   1.30000e+02
          2221   2.22100e+03   1.96328e+00   1.29825e+02   1.29833e+02
          2222   2.22200e+03   1.96302e+00   1.29658e+02   1.29667e+02
          2223   2.22300e+03   1.96278e+00   1.29491e+02   1.29500e+02
          2224   2.22400e+03   1.96251e+00   1.29325e+02   1.29333e+02
          2225   2.22500e+03   1.96224e+00   1.29158e+02   1.29167e+02
          2226   2.22600e+03   1.96194e+00   1.28991e+02   1.29000e+02
          2227   2.22700e+03   1.96167e+00   1.28824e+02   1.28833e+02
          2228   2.22800e+03   1.96143e+00   1.28657e+02   1.28667e+02
          2229   2.22900e+03   1.96119e+00   1.28490e+02   1.28500e+02
          2230   2.23000e+03   1.96094e+00   1.28324e+02   1.28333e+02
          2231   2.23100e+03   1.96063e+00   1.28157e+02   1.28167e+02
          2232   2.23200e+03   1.96029e+00   1.27990e+02   1.28000e+02
          2233   2.23300e+03   1.96000e+00   1.27823e+02   1.27833e+02
          2234   2.23400e+03   1.95966e+00   1.27656e+02   1.27667e+02
          2235   2.23500e+03   1.95935e+00   1.27489e+02   1.27500e+02
          2236   2.23600e+03   1.95897e+00   1.27323e+02   1.27333e+02
          2237   2.23700e+03   1.95857e+00   1.27156e+02   1.27167e+02
          2238   2.23800e+03   1.95818e+00   1.26989e+02   1.27000e+02
          2239   2.23900e+03   1.95779e+00   1.26822e+02   1.26833e+02
          2240   2.24000e+03   1.95742e+00   1.26655e+02   1.26667e+02
          2241   2.24100e+03   1.95699e+00   1.26488e+02   1.26500e+02
          2242   2.24200e+03   1.95655e+00   1.26322e+02   1.26333e+02
          2243   2.24300e+03   1.95610e+00   1.26155e+02   1.26167e+02
          2244   2.24400e+03   1.95566e+00   1.25988e+02   1.26000e+02
          2245   2.24500e+03   1.95525e+00   1.25821e+02   1.25833e+02
          2246   2.24600e+03   1.95480e+00   1.25654e+02   1.25667e+02
          2247   2.24700e+03   1.95437e+00   1.25487e+02   1.25500e+02
          2248   2.24800e+03   1.95389e+00   1.25321e+02   1.25333e+02
          2249   2.24900e+03   1.95342e+00   1.25154e+02   1.25167e+02
          2250   2.25000e+03   1.95299e+00   1.24987e+02   1.25000e+02
          2251   2.25100e+03   1.95252e+00   1.24820e+02   1.24833e+02
          2252   2.25200e+03   1.95208e+00   1.24653e+02   1.24667e+02
          2253   2.25300e+03   1.95158e+00   1.24487e+02   1.24500e+02
          2254   2.25400e+03   1.95110e+00   1.24320e+02   1.24333e+02
          2255   2.25500e+03   1.95063e+00   1.24153e+02   1.24167e+02
          2256   2.25600e+03   1.95006e+00   1.23986e+02   1.24000e+02
          2257   2.25700e+03   1.94959e+00   1.23819e+02   1.23833e+02
          2258   2.25800e+03   1.94905e+00   1.23653e+02   1.23667e+02
          2259   2.25900e+03   1.94854e+00   1.23486e+02   1.23500e+02
          2260   2.26000e+03   1.94802e+00   1.23319e+02   1.23333e+02
          2261   2.26100e+03   1.94746e+00   1.23152e+02   1.23167e+02
          2262   2.26200e+03   1.94689e+00   1.22986e+02   1.23000e+02
          2263   2.26300e+03   1.94631e+00   1.22819e+02   1.22833e+02
          2264   2.26400e+03   1.94573e+00   1.22652e+02   1.22667e+02
          2265   2.26500e+03   1.94518e+00   1.22485e+02   1.22500e+02
          2266   2.26600e+03   1.94455e+00   1.22319e+02   1.22333e+02
          2267   2.26700e+03   1.94396e+00   1.22152e+02   1.22167e+02
          2268   2.26800e+03   1.94330e+00   1.21985e+02   1.22000e+02
          2269   2.26900e+03   1.94260e+00   1.21818e+02   1.21833e+02
          2270   2.27000e+03   1.94187e+00   1.21651e+02   1.21667e+02
          2271   2.27100e+03   1.94105e+00   1.21484e+02   1.21500e+02
          2272   2.27200e+03   1.94012e+00   1.21317e+02   1.21333e+02
          2273   2.27300e+03   1.93911e+00   1.21149e+02   1.21167e+02
          2274   2.27400e+03   1.93807e+00   1.20982e+02   1.21000e+02
          2275   2.27500e+03   1.93703e+00   1.20815e+02   1.20833e+02
          2276   2.27600e+03   1.93592e+00   1.20648e+02   1.20667e+02
          2277   2.27700e+03   1.93489e+00   1.20481e+02   1.20500e+02
          2278   2.27800e+03   1.93397e+00   1.20315e+02   1.20333e+02
          2279   2.27900e+03   1.93317e+00   1.20148e+02   1.20167e+02
          2280   2.28000e+03   1.93251e+00   1.19981e+02   1.20000e+02
          2281   2.28100e+03   1.93197e+00   1.19815e+02   1.19833e+02
          2282   2.28200e+03   1.93159e+00   1.19648e+02   1.19667e+02
          2283   2.28300e+03   1.93130e+00   1.19482e+02   1.19500e+02
          2284   2.28400e+03   1.93111e+00   1.19315e+02   1.19333e+02
          2285   2.28500e+03   1.93106e+00   1.19149e+02   1.19167e+02
          2286   2.28600e+03   1.93103e+00   1.18982e+02   1.19000e+02
          2287   2.28700e+03   1.93098e+00   1.18816e+02   1.18833e+02
          2288   2.28800e+03   1.93090e+00   1.18649e+02   1.18667e+02
          2289   2.28900e+03   1.93086e+00   1.18483e+02   1.18500e+02
          2290   2.29000e+03   1.93081e+00   1.18316e+02   1.18333e+02
          2291   2.29100e+03   1.93074e+00   1.18150e+02   1.18167e+02
          2292   2.29200e+03   1.93062e+00   1.17983e+02   1.18000e+02
          2293   2.29300e+03   1.93045e+00   1.17816e+02   1.17833e+02
          2294   2.29400e+03   1.93025e+00   1.17650e+02   1.17667e+02
          2295   2.29500e+03   1.93001e+00   1.17483e+02   1.17500e+02
          2296   2.29600e+03   1.92966e+00   1.17317e+02   1.17333e+02
          2297   2.29700e+03   1.92920e+00   1.17150e+02   1.17167e+02
          2298   2.29800e+03   1.92857e+00   1.16983e+02   1.17000e+02
          2299   2.29900e+03   1.92779e+00   1.16815e+02   1.16833e+02
          2300   2.30000e+03   1.92683e+00   1.16647e+02   1.16667e+02
          2301   2.30100e+03   1.92568e+00   1.16480e+02   1.16500e+02
          2302   2.30200e+03   1.92438e+00   1.16312e+02   1.16333e+02
          2303   2.30300e+03   1.92292e+00   1.16145e+02   1.16167e+02
          2304   2.30400e+03   1.92139e+00   1.15978e+02   1.16000e+02
          2305   2.30500e+03   1.91991e+00   1.15811e+02   1.15833e+02
          2306   2.30600e+03   1.91851e+00   1.15644e+02   1.15667e+02
          2307   2.30700e+03   1.91722e+00   1.15477e+02   1.15500e+02
          2308   2.30800e+03   1.91609e+00   1.15311e+02   1.15333e+02
          2309   2.30900e+03   1.91518e+00   1.15144e+02   1.15167e+02
          2310   2.31000e+03   1.91451e+00   1.14978e+02   1.15000e+02
          2311   2.31100e+03   1.91406e+00   1.14811e+02   1.14833e+02
          2312   2.31200e+03   1.91377e+00   1.14645e+02   1.14667e+02
          2313   2.31300e+03   1.91362e+00   1.14479e+02   1.14500e+02
          2314   2.31400e+03   1.91356e+00   1.14313e+02   1.14333e+02
          2315   2.31500e+03   1.91362e+00   1.14146e+02   1.14167e+02
          2316   2.31600e+03   1.91376e+00   1.13980e+02   1.14000e+02
          2317   2.31700e+03   1.91395e+00   1.13814e+02   1.13833e+02
          2318   2.31800e+03   1.91415e+00   1.13647e+02   1.13667e+02
          2319   2.31900e+03   1.91438e+00   1.13481e+02   1.13500e+02
          2320   2.32000e+03   1.91458e+00   1.13314e+02   1.13333e+02
          2321   2.32100e+03   1.91480e+00   1.13148e+02   1.13167e+02
          2322   2.32200e+03   1.91501e+00   1.12982e+02   1.13000e+02
          2323   2.32300e+03   1.91519e+00   1.12815e+02   1.12833e+02
          2324   2.32400e+03   1.91529e+00   1.12649e+02   1.12667e+02
          2325   2.32500e+03   1.91539e+00   1.12482e+02   1.12500e+02
          2326   2.32600e+03   1.91548e+00   1.12316e+02   1.12333e+02
          2327   2.32700e+03   1.91550e+00   1.12149e+02   1.12167e+02
          2328   2.32800e+03   1.91550e+00   1.11983e+02   1.12000e+02
          2329   2.32900e+03   1.91553e+00   1.11816e+02   1.11833e+02
          2330   2.33000e+03   1.91554e+00   1.11650e+02   1.11667e+02
          2331   2.33100e+03   1.91553e+00   1.11483e+02   1.11500e+02
          2332   2.33200e+03   1.91553e+00   1.11316e+02   1.11333e+02
          2333   2.33300e+03   1.91549e+00   1.11150e+02   1.11167e+02
          2334   2.33400e+03   1.91537e+00   1.10983e+02   1.11000e+02
          2335   2.33500e+03   1.91521e+00   1.10817e+02   1.10833e+02
          2336   2.33600e+03   1.91504e+00   1.10650e+02   1.10667e+02
          2337   2.33700e+03   1.91480e+00   1.10483e+02   1.10500e+02
          2338   2.33800e+03   1.91445e+00   1.10317e+02   1.10333e+02
          2339   2.33900e+03   1.91404e+00   1.10150e+02   1.10167e+02
          2340   2.34000e+03   1.91361e+00   1.09983e+02   1.10000e+02
          2341   2.34100e+03   1.91319e+00   1.09817e+02   1.09833e+02
          2342   2.34200e+03   1.91272e+00   1.09650e+02   1.09667e+02
          2343   2.34300e+03   1.91228e+00   1.09483e+02   1.09500e+02
          2344   2.34400e+03   1.91181e+00   1.09317e+02   1.09333e+02
          2345   2.34500e+03   1.91133e+00   1.09150e+02   1.09167e+02
          2346   2.34600e+03   1.91086e+00   1.08983e+02   1.09000e+02
          2347   2.34700e+03   1.91040e+00   1.08817e+02   1.08833e+02
          2348   2.34800e+03   1.90993e+00   1.08650e+02   1.08667e+02
          2349   2.34900e+03   1.90950e+00   1.08483e+02   1.08500e+02
          2350   2.35000e+03   1.90901e+00   1.08317e+02   1.08333e+02
          2351   2.35100e+03   1.90857e+00   1.08150e+02   1.08167e+02
          2352   2.35200e+03   1.90812e+00   1.07984e+02   1.08000e+02
          2353   2.35300e+03   1.90767e+00   1.07817e+02   1.07833e+02
          2354   2.35400e+03   1.90725e+00   1.07650e+02   1.07667e+02
          2355   2.35500e+03   1.90681e+00   1.07484e+02   1.07500e+02
          2356   2.35600e+03   1.90641e+00   1.07317e+02   1.07333e+02
          2357   2.35700e+03   1.90601e+00   1.07150e+02   1.07167e+02
          2358   2.35800e+03   1.90556e+00   1.06984e+02   1.07000e+02
          2359   2.35900e+03   1.90513e+00   1.06817e+02   1.06833e+02
          2360   2.36000e+03   1.90471e+00   1.06651e+02   1.06667e+02
          2361   2.36100e+03   1.90428e+00   1.06484e+02   1.06500e+02
          2362   2.36200e+03   1.90386e+00   1.06317e+02   1.06333e+02
          2363   2.36300e+03   1.90343e+00   1.06151e+02   1.06167e+02
          2364   2.36400e+03   1.90301e+00   1.05984e+02   1.06000e+02
          2365   2.36500e+03   1.90265e+00   1.05817e+02   1.05833e+02
          2366   2.36600e+03   1.90229e+00   1.05651e+02   1.05667e+02
          2367   2.36700e+03   1.90194e+00   1.05484e+02   1.05500e+02
          2368   2.36800e+03   1.90162e+00   1.05318e+02   1.05333e+02
          2369   2.36900e+03   1.90131e+00   1.05151e+02   1.05167e+02
          2370   2.37000e+03   1.90098e+00   1.04984e+02   1.05000e+02
          2371   2.37100e+03   1.90063e+00   1.04818e+02   1.04833e+02
          2372   2.37200e+03   1.90024e+00   1.04651e+02   1.04667e+02
          2373   2.37300e+03   1.89991e+00   1.04484e+02   1.04500e+02
          2374   2.37400e+03   1.89950e+00   1.04317e+02   1.04333e+02
          2375   2.37500e+03   1.89909e+00   1.04151e+02   1.04167e+02
          2376   2.37600e+03   1.89866e+00   1.03984e+02   1.04000e+02
          2377   2.37700e+03   1.89819e+00   1.03817e+02   1.03833e+02
          2378   2.37800e+03   1.89767e+00   1.03651e+02   1.03667e+02
          2379   2.37900e+03   1.89719e+00   1.03484e+02   1.03500e+02
          2380   2.38000e+03   1.89672e+00   1.03317e+02   1.03333e+02
          2381   2.38100e+03   1.89630e+00   1.03150e+02   1.03167e+02
          2382   2.38200e+03   1.89581e+00   1.02984e+02   1.03000e+02
          2383   2.38300e+03   1.89528e+00   1.02817e+02   1.02833e+02
          2384   2.38400e+03   1.89478e+00   1.02650e+02   1.02667e+02
          2385   2.38500e+03   1.89433e+00   1.02484e+02   1.02500e+02
          2386   2.38600e+03   1.89381e+00   1.02317e+02   1.02333e+02
          2387   2.38700e+03   1.89341e+00   1.02150e+02   1.02167e+02
          2388   2.38800e+03   1.89298e+00   1.01983e+02   1.02000e+02
          2389   2.38900e+03   1.89254e+00   1.01817e+02   1.01833e+02
          2390   2.39000e+03   1.89207e+00   1.01650e+02   1.01667e+02
          2391   2.39100e+03   1.89165e+00   1.01483e+02   1.01500e+02
          2392   2.39200e+03   1.89126e+00   1.01317e+02   1.01333e+02
          2393   2.39300e+03   1.89090e+00   1.01150e+02   1.01167e+02
          2394   2.39400e+03   1.89053e+00   1.00983e+02   1.01000e+02
          2395   2.39500e+03   1.89021e+00   1.00817e+02   1.00833e+02
          2396   2.39600e+03   1.88981e+00   1.00650e+02   1.00667e+02
          2397   2.39700e+03   1.88946e+00   1.00483e+02   1.00500e+02
          2398   2.39800e+03   1.88908e+00   1.00317e+02   1.00333e+02
          2399   2.39900e+03   1.88868e+00   1.00150e+02   1.00167e+02
          2400   2.40000e+03   1.88830e+00   9.99835e+01   1.00000e+02
          2401   2.40100e+03   1.88794e+00   9.98168e+01   9.98333e+01
          2402   2.40200e+03   1.88750e+00   9.96501e+01   9.96667e+01
          2403   2.40300e+03   1.88705e+00   9.94834e+01   9.95000e+01
          2404   2.40400e+03   1.88660e+00   9.93167e+01   9.93333e+01
          2405   2.40500e+03   1.88617e+00   9.91500e+01   9.91667e+01
          2406   2.40600e+03   1.88569e+00   9.89833e+01   9.90000e+01
          2407   2.40700e+03   1.88519e+00   9.88167e+01   9.88333e+01
          2408   2.40800e+03   1.88474e+00   9.86500e+01   9.86667e+01
          2409   2.40900e+03   1.88425e+00   9.84833e+01   9.85000e+01
          2410   2.41000e+03   1.88372e+00   9.83167e+01   9.83333e+01
          2411   2.41100e+03   1.88329e+00   9.81500e+01   9.81667e+01
          2412   2.41200e+03   1.88287e+00   9.79834e+01   9.80000e+01
          2413   2.41300e+03   1.88246e+00   9.78167e+01   9.78333e+01
          2414   2.41400e+03   1.88205e+00   9.76501e+01   9.76667e+01
          2415   2.41500e+03   1.88167e+00   9.74835e+01   9.75000e+01
          2416   2.41600e+03   1.88133e+00   9.73168e+01   9.73333e+01
          2417   2.41700e+03   1.88098e+00   9.71502e+01   9.71667e+01
          2418   2.41800e+03   1.88064e+00   9.69835e+01   9.70000e+01
          2419   2.41900e+03   1.88030e+00   9.68169e+01   9.68333e+01
          2420   2.42000e+03   1.87994e+00   9.66503e+01   9.66667e+01
          2421   2.42100e+03   1.87955e+00   9.64837e+01   9.65000e+01
          2422   2.42200e+03   1.87923e+00   9.63171e+01   9.63333e+01
          2423   2.42300e+03   1.87889e+00   9.61504e+01   9.61667e+01
          2424   2.42400e+03   1.87853e+00   9.59838e+01   9.60000e+01
          2425   2.42500e+03   1.87819e+00   9.58172e+01   9.58333e+01
          2426   2.42600e+03   1.87785e+00   9.56505e+01   9.56667e+01
          2427   2.42700e+03   1.87747e+00   9.54839e+01   9.55000e+01
          2428   2.42800e+03   1.87712e+00   9.53173e+01   9.53333e+01
          2429   2.42900e+03   1.87677e+00   9.51507e+01   9.51667e+01
          2430   2.43000e+03   1.87646e+00   9.49841e+01   9.50000e+01
          2431   2.43100e+03   1.87608e+00   9.48174e+01   9.48333e+01
          2432   2.43200e+03   1.87575e+00   9.46508e+01   9.46667e+01
          2433   2.43300e+03   1.87541e+00   9.44842e+01   9.45000e+01
          2434   2.43400e+03   1.87505e+00   9.43176e+01   9.43333e+01
          2435   2.43500e+03   1.87472e+00   9.41510e+01   9.41667e+01
          2436   2.43600e+03   1.87443e+00   9.39844e+01   9.40000e+01
          2437   2.43700e+03   1.87413e+00   9.38178e+01   9.38333e+01
          2438   2.43800e+03   1.87380e+00   9.36512e+01   9.36667e+01
          2439   2.43900e+03   1.87345e+00   9.34846e+01   9.35000e+01
          2440   2.44000e+03   1.87308e+00   9.33179e+01   9.33333e+01
          2441   2.44100e+03   1.87267e+00   9.31513e+01   9.31667e+01
          2442   2.44200e+03   1.87231e+00   9.29847e+01   9.30000e+01
          2443   2.44300e+03   1.87193e+00   9.28181e+01   9.28333e+01
          2444   2.44400e+03   1.87156e+00   9.26515e+01   9.26667e+01
          2445   2.44500e+03   1.87114e+00   9.24849e+01   9.25000e+01
          2446   2.44600e+03   1.87076e+00   9.23183e+01   9.23333e+01
          2447   2.44700e+03   1.87037e+00   9.21517e+01   9.21667e+01
          2448   2.44800e+03   1.86994e+00   9.19851e+01   9.20000e+01
          2449   2.44900e+03   1.86956e+00   9.18185e+01   9.18333e+01
          2450   2.45000e+03   1.86920e+00   9.16519e+01   9.16667e+01
          2451   2.45100e+03   1.86883e+00   9.14853e+01   9.15000e+01
          2452   2.45200e+03   1.86843e+00   9.13186e+01   9.13333e+01
          2453   2.45300e+03   1.86802e+00   9.11520e+01   9.11667e+01
          2454   2.45400e+03   1.86766e+00   9.09854e+01   9.10000e+01
          2455   2.45500e+03   1.86729e+00   9.08188e+01   9.08333e+01
          2456   2.45600e+03   1.86695e+00   9.06521e+01   9.06667e+01
          2457   2.45700e+03   1.86659e+00   9.04855e+01   9.05000e+01
          2458   2.45800e+03   1.86622e+00   9.03189e+01   9.03333e+01
          2459   2.45900e+03   1.86586e+00   9.01522e+01   9.01667e+01
          2460   2.46000e+03   1.86552e+00   8.99856e+01   9.00000e+01
          2461   2.46100e+03   1.86514e+00   8.98189e+01   8.98333e+01
          2462   2.46200e+03   1.86480e+00   8.96522e+01   8.96667e+01
          2463   2.46300e+03   1.86443e+00   8.94856e+01   8.95000e+01
          2464   2.46400e+03   1.86401e+00   8.93189e+01   8.93333e+01
          2465   2.46500e+03   1.86362e+00   8.91522e+01   8.91667e+01
          2466   2.46600e+03   1.86322e+00   8.89856e+01   8.90000e+01
          2467   2.46700e+03   1.86283e+00   8.88189e+01   8.88333e+01
          2468   2.46800e+03   1.86241e+00   8.86522e+01   8.86667e+01
          2469   2.46900e+03   1.86200e+00   8.84856e+01   8.85000e+01
          2470   2.47000e+03   1.86163e+00   8.83189e+01   8.83333e+01
          2471   2.47100e+03   1.86120e+00   8.81523e+01   8.81667e+01
          2472   2.47200e+03   1.86076e+00   8.79856e+01   8.80000e+01
          2473   2.47300e+03   1.86040e+00   8.78190e+01   8.78333e+01
          2474   2.47400e+03   1.85997e+00   8.76523e+01   8.76667e+01
          2475   2.47500e+03   1.85961e+00   8.74857e+01   8.75000e+01
          2476   2.47600e+03   1.85920e+00   8.73190e+01   8.73333e+01
          2477   2.47700e+03   1.85881e+00   8.71524e+01   8.71667e+01
          2478   2.47800e+03   1.85834e+00   8.69857e+01   8.70000e+01
          2479   2.47900e+03   1.85788e+00   8.68191e+01   8.68333e+01
          2480   2.48000e+03   1.85743e+00   8.66524e+01   8.66667e+01
          2481   2.48100e+03   1.85699e+00   8.64858e+01   8.65000e+01
          2482   2.48200e+03   1.85653e+00   8.63191e+01   8.63333e+01
          2483   2.48300e+03   1.85613e+00   8.61525e+01   8.61667e+01
          2484   2.48400e+03   1.85568e+00   8.59858e+01   8.60000e+01
          2485   2.48500e+03   1.85526e+00   8.58192e+01   8.58333e+01
          2486   2.48600e+03   1.85481e+00   8.56525e+01   8.56667e+01
          2487   2.48700e+03   1.85436e+00   8.54859e+01   8.55000e+01
          2488   2.48800e+03   1.85395e+00   8.53193e+01   8.53333e+01
          2489   2.48900e+03   1.85356e+00   8.51526e+01   8.51667e+01
          2490   2.49000e+03   1.85317e+00   8.49860e+01   8.50000e+01
          2491   2.49100e+03   1.85279e+00   8.48194e+01   8.48333e+01
          2492   2.49200e+03   1.85241e+00   8.46527e+01   8.46667e+01
          2493   2.49300e+03   1.85205e+00   8.44861e+01   8.45000e+01
          2494   2.49400e+03   1.85168e+00   8.43194e+01   8.43333e+01
          2495   2.49500e+03   1.85131e+00   8.41527e+01   8.41667e+01
          2496   2.49600e+03   1.85096e+00   8.39860e+01   8.40000e+01
          2497   2.49700e+03   1.85055e+00   8.38193e+01   8.38333e+01
          2498   2.49800e+03   1.85008e+00   8.36525e+01   8.36667e+01
          2499   2.49900e+03   1.84961e+00   8.34858e+01   8.35000e+01
          2500   2.50000e+03   1.84911e+00   8.33191e+01   8.33333e+01
          2501   2.50100e+03   1.84850e+00   8.31524e+01   8.31667e+01
          2502   2.50200e+03   1.84792e+00   8.29857e+01   8.30000e+01
          2503   2.50300e+03   1.84734e+00   8.28191e+01   8.28333e+01
          2504   2.50400e+03   1.84677e+00   8.26525e+01   8.26667e+01
          2505   2.50500e+03   1.84625e+00   8.24858e+01   8.25000e+01
          2506   2.50600e+03   1.84578e+00   8.23192e+01   8.23333e+01
          2507   2.50700e+03   1.84535e+00   8.21526e+01   8.21667e+01
          2508   2.50800e+03   1.84490e+00   8.19860e+01   8.20000e+01
          2509   2.50900e+03   1.84443e+00   8.18194e+01   8.18333e+01
          2510   2.51000e+03   1.84406e+00   8.16528e+01   8.16667e+01
          2511   2.51100e+03   1.84369e+00   8.14862e+01   8.15000e+01
          2512   2.51200e+03   1.84332e+00   8.13196e+01   8.13333e+01
          2513   2.51300e+03   1.84295e+00   8.11530e+01   8.11667e+01
          2514   2.51400e+03   1.84259e+00   8.09864e+01   8.10000e+01
          2515   2.51500e+03   1.84218e+00   8.08198e+01   8.08333e+01
          2516   2.51600e+03   1.84175e+00   8.06532e+01   8.06667e+01
          2517   2.51700e+03   1.84137e+00   8.04866e+01   8.05000e+01
          2518   2.51800e+03   1.84102e+00   8.03200e+01   8.03333e+01
          2519   2.51900e+03   1.84060e+00   8.01533e+01   8.01667e+01
          2520   2.52000e+03   1.84019e+00   7.99867e+01   8.00000e+01
          2521   2.52100e+03   1.83985e+00   7.98201e+01   7.98333e+01
          2522   2.52200e+03   1.83950e+00   7.96535e+01   7.96667e+01
          2523   2.52300e+03   1.83909e+00   7.94868e+01   7.95000e+01
          2524   2.52400e+03   1.83869e+00   7.93202e+01   7.93333e+01
          2525   2.52500e+03   1.83834e+00   7.91536e+01   7.91667e+01
          2526   2.52600e+03   1.83794e+00   7.89870e+01   7.90000e+01
          2527   2.52700e+03   1.83755e+00   7.88204e+01   7.88333e+01
          2528   2.52800e+03   1.83722e+00   7.86537e+01   7.86667e+01
          2529   2.52900e+03   1.83683e+00   7.84871e+01   7.85000e+01
          2530   2.53000e+03   1.83640e+00   7.83205e+01   7.83333e+01
          2531   2.53100e+03   1.83600e+00   7.81539e+01   7.81667e+01
          2532   2.53200e+03   1.83561e+00   7.79873e+01   7.80000e+01
          2533   2.53300e+03   1.83524e+00   7.78206e+01   7.78333e+01
          2534   2.53400e+03   1.83487e+00   7.76540e+01   7.76667e+01
          2535   2.53500e+03   1.83455e+00   7.74873e+01   7.75000e+01
          2536   2.53600e+03   1.83418e+00   7.73207e+01   7.73333e+01
          2537   2.53700e+03   1.83380e+00   7.71541e+01   7.71667e+01
          2538   2.53800e+03   1.83350e+00   7.69875e+01   7.70000e+01
          2539   2.53900e+03   1.83315e+00   7.68208e+01   7.68333e+01
          2540   2.54000e+03   1.83276e+00   7.66542e+01   7.66667e+01
          2541   2.54100e+03   1.83238e+00   7.64875e+01   7.65000e+01
          2542   2.54200e+03   1.83203e+00   7.63209e+01   7.63333e+01
          2543   2.54300e+03   1.83167e+00   7.61543e+01   7.61667e+01
          2544   2.54400e+03   1.83129e+00   7.59876e+01   7.60000e+01
          2545   2.54500e+03   1.83091e+00   7.58210e+01   7.58333e+01
          2546   2.54600e+03   1.83054e+00   7.56544e+01   7.56667e+01
          2547   2.54700e+03   1.83011e+00   7.54877e+01   7.55000e+01
          2548   2.54800e+03   1.82970e+00   7.53211e+01   7.53333e+01
          2549   2.54900e+03   1.82929e+00   7.51545e+01   7.51667e+01
          2550   2.55000e+03   1.82889e+00   7.49878e+01   7.50000e+01
          2551   2.55100e+03   1.82848e+00   7.48212e+01   7.48333e+01
          2552   2.55200e+03   1.82809e+00   7.46546e+01   7.46667e+01
          2553   2.55300e+03   1.82766e+00   7.44880e+01   7.45000e+01
          2554   2.55400e+03   1.82727e+00   7.43213e+01   7.43333e+01
          2555   2.55500e+03   1.82688e+00   7.41547e+01   7.41667e+01
          2556   2.55600e+03   1.82649e+00   7.39881e+01   7.40000e+01
          2557   2.55700e+03   1.82615e+00   7.38215e+01   7.38333e+01
          2558   2.55800e+03   1.82582e+00   7.36548e+01   7.36667e+01
          2559   2.55900e+03   1.82545e+00   7.34882e+01   7.35000e+01
          2560   2.56000e+03   1.82504e+00   7.33216e+01   7.33333e+01
          2561   2.56100e+03   1.82458e+00   7.31550e+01   7.31667e+01
          2562   2.56200e+03   1.82415e+00   7.29883e+01   7.30000e+01
          2563   2.56300e+03   1.82369e+00   7.28217e+01   7.28333e+01
          2564   2.56400e+03   1.82325e+00   7.26550e+01   7.26667e+01
          2565   2.56500e+03   1.82278e+00   7.24884e+01   7.25000e+01
          2566   2.56600e+03   1.82232e+00   7.23218e+01   7.23333e+01
          2567   2.56700e+03   1.82187e+00   7.21551e+01   7.21667e+01
          2568   2.56800e+03   1.82140e+00   7.19885e+01   7.20000e+01
          2569   2.56900e+03   1.82098e+00   7.18219e+01   7.18333e+01
          2570   2.57000e+03   1.82059e+00   7.16553e+01   7.16667e+01
          2571   2.57100e+03   1.82016e+00   7.14886e+01   7.15000e+01
          2572   2.57200e+03   1.81978e+00   7.13220e+01   7.13333e+01
          2573   2.57300e+03   1.81935e+00   7.11554e+01   7.11667e+01
          2574   2.57400e+03   1.81896e+00   7.09887e+01   7.10000e+01
          2575   2.57500e+03   1.81855e+00   7.08221e+01   7.08333e+01
          2576   2.57600e+03   1.81814e+00   7.06555e+01   7.06667e+01
          2577   2.57700e+03   1.81769e+00   7.04888e+01   7.05000e+01
          2578   2.57800e+03   1.81725e+00   7.03222e+01   7.03333e+01
          2579   2.57900e+03   1.81683e+00   7.01556e+01   7.01667e+01
          2580   2.58000e+03   1.81642e+00   6.99889e+01   7.00000e+01
          2581   2.58100e+03   1.81601e+00   6.98223e+01   6.98333e+01
          2582   2.58200e+03   1.81558e+00   6.96556e+01   6.96667e+01
          2583   2.58300e+03   1.81511e+00   6.94889e+01   6.95000e+01
          2584   2.58400e+03   1.81462e+00   6.93223e+01   6.93333e+01
          2585   2.58500e+03   1.81414e+00   6.91556e+01   6.91667e+01
          2586   2.58600e+03   1.81376e+00   6.89889e+01   6.90000e+01
          2587   2.58700e+03   1.81332e+00   6.88223e+01   6.88333e+01
          2588   2.58800e+03   1.81284e+00   6.86556e+01   6.86667e+01
          2589   2.58900e+03   1.81240e+00   6.84890e+01   6.85000e+01
          2590   2.59000e+03   1.81194e+00   6.83223e+01   6.83333e+01
          2591   2.59100e+03   1.81150e+00   6.81556e+01   6.81667e+01
          2592   2.59200e+03   1.81111e+00   6.79890e+01   6.80000e+01
          2593   2.59300e+03   1.81072e+00   6.78223e+01   6.78333e+01
          2594   2.59400e+03   1.81034e+00   6.76556e+01   6.76667e+01
          2595   2.59500e+03   1.80994e+00   6.74890e+01   6.75000e+01
          2596   2.59600e+03   1.80959e+00   6.73223e+01   6.73333e+01
          2597   2.59700e+03   1.80925e+00   6.71556e+01   6.71667e+01
          2598   2.59800e+03   1.80880e+00   6.69890e+01   6.70000e+01
          2599   2.59900e+03   1.80834e+00   6.68223e+01   6.68333e+01
          2600   2.60000e+03   1.80790e+00   6.66557e+01   6.66667e+01
          2601   2.60100e+03   1.80744e+00   6.64890e+01   6.65000e+01
          2602   2.60200e+03   1.80697e+00   6.63224e+01   6.63333e+01
          2603   2.60300e+03   1.80648e+00   6.61557e+01   6.61667e+01
          2604   2.60400e+03   1.80599e+00   6.59891e+01   6.60000e+01
          2605   2.60500e+03   1.80549e+00   6.58224e+01   6.58333e+01
          2606   2.60600e+03   1.80501e+00   6.56558e+01   6.56667e+01
          2607   2.60700e+03   1.80457e+00   6.54891e+01   6.55000e+01
          2608   2.60800e+03   1.80414e+00   6.53225e+01   6.53333e+01
          2609   2.60900e+03   1.80369e+00   6.51558e+01   6.51667e+01
          2610   2.61000e+03   1.80324e+00   6.49892e+01   6.50000e+01
          2611   2.61100e+03   1.80284e+00   6.48226e+01   6.48333e+01
          2612   2.61200e+03   1.80244e+00   6.46559e+01   6.46667e+01
          2613   2.61300e+03   1.80199e+00   6.44893e+01   6.45000e+01
          2614   2.61400e+03   1.80151e+00   6.43227e+01   6.43333e+01
          2615   2.61500e+03   1.80104e+00   6.41560e+01   6.41667e+01
          2616   2.61600e+03   1.80058e+00   6.39894e+01   6.40000e+01
          2617   2.61700e+03   1.80014e+00   6.38228e+01   6.38333e+01
          2618   2.61800e+03   1.79976e+00   6.36561e+01   6.36667e+01
          2619   2.61900e+03   1.79930e+00   6.34895e+01   6.35000e+01
          2620   2.62000e+03   1.79889e+00   6.33229e+01   6.33333e+01
          2621   2.62100e+03   1.79847e+00   6.31562e+01   6.31667e+01
          2622   2.62200e+03   1.79808e+00   6.29896e+01   6.30000e+01
          2623   2.62300e+03   1.79773e+00   6.28229e+01   6.28333e+01
          2624   2.62400e+03   1.79735e+00   6.26563e+01   6.26667e+01
          2625   2.62500e+03   1.79698e+00   6.24897e+01   6.25000e+01
          2626   2.62600e+03   1.79661e+00   6.23230e+01   6.23333e+01
          2627   2.62700e+03   1.79624e+00   6.21564e+01   6.21667e+01
          2628   2.62800e+03   1.79586e+00   6.19897e+01   6.20000e+01
          2629   2.62900e+03   1.79539e+00   6.18231e+01   6.18333e+01
          2630   2.63000e+03   1.79492e+00   6.16564e+01   6.16667e+01
          2631   2.63100e+03   1.79447e+00   6.14898e+01   6.15000e+01
          2632   2.63200e+03   1.79402e+00   6.13231e+01   6.13333e+01
          2633   2.63300e+03   1.79360e+00   6.11564e+01   6.11667e+01
          2634   2.63400e+03   1.79320e+00   6.09898e+01   6.10000e+01
          2635   2.63500e+03   1.79278e+00   6.08231e+01   6.08333e+01
          2636   2.63600e+03   1.79235e+00   6.06564e+01   6.06667e+01
          2637   2.63700e+03   1.79190e+00   6.04898e+01   6.05000e+01
          2638   2.63800e+03   1.79145e+00   6.03231e+01   6.03333e+01
          2639   2.63900e+03   1.79101e+00   6.01565e+01   6.01667e+01
          2640   2.64000e+03   1.79062e+00   5.99898e+01   6.00000e+01
          2641   2.64100e+03   1.79013e+00   5.98232e+01   5.98333e+01
          2642   2.64200e+03   1.78966e+00   5.96565e+01   5.96667e+01
          2643   2.64300e+03   1.78913e+00   5.94899e+01   5.95000e+01
          2644   2.64400e+03   1.78866e+00   5.93233e+01   5.93333e+01
          2645   2.64500e+03   1.78818e+00   5.91566e+01   5.91667e+01
          2646   2.64600e+03   1.78777e+00   5.89900e+01   5.90000e+01
          2647   2.64700e+03   1.78740e+00   5.88233e+01   5.88333e+01
          2648   2.64800e+03   1.78704e+00   5.86567e+01   5.86667e+01
          2649   2.64900e+03   1.78664e+00   5.84900e+01   5.85000e+01
          2650   2.65000e+03   1.78627e+00   5.83234e+01   5.83333e+01
          2651   2.65100e+03   1.78591e+00   5.81568e+01   5.81667e+01
          2652   2.65200e+03   1.78557e+00   5.79901e+01   5.80000e+01
          2653   2.65300e+03   1.78515e+00   5.78235e+01   5.78333e+01
          2654   2.65400e+03   1.78471e+00   5.76568e+01   5.76667e+01
          2655   2.65500e+03   1.78425e+00   5.74902e+01   5.75000e+01
          2656   2.65600e+03   1.78381e+00   5.73236e+01   5.73333e+01
          2657   2.65700e+03   1.78340e+00   5.71569e+01   5.71667e+01
          2658   2.65800e+03   1.78296e+00   5.69903e+01   5.70000e+01
          2659   2.65900e+03   1.78254e+00   5.68236e+01   5.68333e+01
          2660   2.66000e+03   1.78212e+00   5.66570e+01   5.66667e+01
          2661   2.66100e+03   1.78169e+00   5.64903e+01   5.65000e+01
          2662   2.66200e+03   1.78136e+00   5.63237e+01   5.63333e+01
          2663   2.66300e+03   1.78101e+00   5.61570e+01   5.61667e+01
          2664   2.66400e+03   1.78066e+00   5.59904e+01   5.60000e+01
          2665   2.66500e+03   1.78026e+00   5.58237e+01   5.58333e+01
          2666   2.66600e+03   1.77984e+00   5.56571e+01   5.56667e+01
          2667   2.66700e+03   1.77945e+00   5.54904e+01   5.55000e+01
          2668   2.66800e+03   1.77905e+00   5.53237e+01   5.53333e+01
          2669   2.66900e+03   1.77864e+00   5.51571e+01   5.51667e+01
          2670   2.67000e+03   1.77823e+00   5.49904e+01   5.50000e+01
          2671   2.67100e+03   1.77775e+00   5.48238e+01   5.48333e+01
          2672   2.67200e+03   1.77729e+00   5.46571e+01   5.46667e+01
          2673   2.67300e+03   1.77693e+00   5.44904e+01   5.45000e+01
          2674   2.67400e+03   1.77656e+00   5.43237e+01   5.43333e+01
          2675   2.67500e+03   1.77616e+00   5.41570e+01   5.41667e+01
          2676   2.67600e+03   1.77577e+00   5.39904e+01   5.40000e+01
          2677   2.67700e+03   1.77538e+00   5.38237e+01   5.38333e+01
          2678   2.67800e+03   1.77491e+00   5.36570e+01   5.36667e+01
          2679   2.67900e+03   1.77451e+00   5.34904e+01   5.35000e+01
          2680   2.68000e+03   1.77410e+00   5.33237e+01   5.33333e+01
          2681   2.68100e+03   1.77374e+00   5.31570e+01   5.31667e+01
          2682   2.68200e+03   1.77326e+00   5.29903e+01   5.30000e+01
          2683   2.68300e+03   1.77281e+00   5.28237e+01   5.28333e+01
          2684   2.68400e+03   1.77239e+00   5.26570e+01   5.26667e+01
          2685   2.68500e+03   1.77201e+00   5.24904e+01   5.25000e+01
          2686   2.68600e+03   1.77162e+00   5.23237e+01   5.23333e+01
          2687   2.68700e+03   1.77128e+00   5.21571e+01   5.21667e+01
          2688   2.68800e+03   1.77094e+00   5.19904e+01   5.20000e+01
          2689   2.68900e+03   1.77062e+00   5.18238e+01   5.18333e+01
          2690   2.69000e+03   1.77026e+00   5.16571e+01   5.16667e+01
          2691   2.69100e+03   1.76993e+00   5.14905e+01   5.15000e+01
          2692   2.69200e+03   1.76956e+00   5.13238e+01   5.13333e+01
          2693   2.69300e+03   1.76916e+00   5.11572e+01   5.11667e+01
          2694   2.69400e+03   1.76870e+00   5.09905e+01   5.10000e+01
          2695   2.69500e+03   1.76825e+00   5.08239e+01   5.08333e+01
          2696   2.69600e+03   1.76785e+00   5.06572e+01   5.06667e+01
          2697   2.69700e+03   1.76735e+00   5.04905e+01   5.05000e+01
          2698   2.69800e+03   1.76690e+00   5.03239e+01   5.03333e+01
          2699   2.69900e+03   1.76648e+00   5.01572e+01   5.01667e+01
          2700   2.70000e+03   1.76610e+00   4.99906e+01   5.00000e+01
          2701   2.70100e+03   1.76576e+00   4.98239e+01   4.98333e+01
          2702   2.70200e+03   1.76543e+00   4.96573e+01   4.96667e+01
          2703   2.70300e+03   1.76505e+00   4.94907e+01   4.95000e+01
          2704   2.70400e+03   1.76474e+00   4.93240e+01   4.93333e+01
          2705   2.70500e+03   1.76435e+00   4.91574e+01   4.91667e+01
          2706   2.70600e+03   1.76407e+00   4.89907e+01   4.90000e+01
          2707   2.70700e+03   1.76370e+00   4.88240e+01   4.88333e+01
          2708   2.70800e+03   1.76333e+00   4.86574e+01   4.86667e+01
          2709   2.70900e+03   1.76290e+00   4.84907e+01   4.85000e+01
          2710   2.71000e+03   1.76252e+00   4.83240e+01   4.83333e+01
          2711   2.71100e+03   1.76212e+00   4.81574e+01   4.81667e+01
          2712   2.71200e+03   1.76178e+00   4.79907e+01   4.80000e+01
          2713   2.71300e+03   1.76137e+00   4.78240e+01   4.78333e+01
          2714   2.71400e+03   1.76096e+00   4.76573e+01   4.76667e+01
          2715   2.71500e+03   1.76063e+00   4.74906e+01   4.75000e+01
          2716   2.71600e+03   1.76026e+00   4.73240e+01   4.73333e+01
          2717   2.71700e+03   1.75986e+00   4.71573e+01   4.71667e+01
          2718   2.71800e+03   1.75951e+00   4.69906e+01   4.70000e+01
          2719   2.71900e+03   1.75910e+00   4.68240e+01   4.68333e+01
          2720   2.72000e+03   1.75871e+00   4.66573e+01   4.66667e+01
          2721   2.72100e+03   1.75831e+00   4.64906e+01   4.65000e+01
          2722   2.72200e+03   1.75787e+00   4.63240e+01   4.63333e+01
          2723   2.72300e+03   1.75748e+00   4.61573e+01   4.61667e+01
          2724   2.72400e+03   1.75701e+00   4.59907e+01   4.60000e+01
          2725   2.72500e+03   1.75665e+00   4.58240e+01   4.58333e+01
          2726   2.72600e+03   1.75624e+00   4.56573e+01   4.56667e+01
          2727   2.72700e+03   1.75576e+00   4.54907e+01   4.55000e+01
          2728   2.72800e+03   1.75532e+00   4.53240e+01   4.53333e+01
          2729   2.72900e+03   1.75489e+00   4.51573e+01   4.51667e+01
          2730   2.73000e+03   1.75448e+00   4.49907e+01   4.50000e+01
          2731   2.73100e+03   1.75415e+00   4.48240e+01   4.48333e+01
          2732   2.73200e+03   1.75381e+00   4.46574e+01   4.46667e+01
          2733   2.73300e+03   1.75342e+00   4.44907e+01   4.45000e+01
          2734   2.73400e+03   1.75303e+00   4.43241e+01   4.43333e+01
          2735   2.73500e+03   1.75266e+00   4.41574e+01   4.41667e+01
          2736   2.73600e+03   1.75230e+00   4.39908e+01   4.40000e+01
          2737   2.73700e+03   1.75193e+00   4.38242e+01   4.38333e+01
          2738   2.73800e+03   1.75150e+00   4.36575e+01   4.36667e+01
          2739   2.73900e+03   1.75111e+00   4.34909e+01   4.35000e+01
          2740   2.74000e+03   1.75070e+00   4.33242e+01   4.33333e+01
          2741   2.74100e+03   1.75024e+00   4.31576e+01   4.31667e+01
          2742   2.74200e+03   1.74981e+00   4.29909e+01   4.30000e+01
          2743   2.74300e+03   1.74935e+00   4.28243e+01   4.28333e+01
          2744   2.74400e+03   1.74894e+00   4.26576e+01   4.26667e+01
          2745   2.74500e+03   1.74863e+00   4.24910e+01   4.25000e+01
          2746   2.74600e+03   1.74830e+00   4.23244e+01   4.23333e+01
          2747   2.74700e+03   1.74800e+00   4.21577e+01   4.21667e+01
          2748   2.74800e+03   1.74766e+00   4.19911e+01   4.20000e+01
          2749   2.74900e+03   1.74730e+00   4.18245e+01   4.18333e+01
          2750   2.75000e+03   1.74695e+00   4.16578e+01   4.16667e+01
          2751   2.75100e+03   1.74664e+00   4.14912e+01   4.15000e+01
          2752   2.75200e+03   1.74633e+00   4.13245e+01   4.13333e+01
          2753   2.75300e+03   1.74594e+00   4.11579e+01   4.11667e+01
          2754   2.75400e+03   1.74550e+00   4.09912e+01   4.10000e+01
          2755   2.75500e+03   1.74507e+00   4.08246e+01   4.08333e+01
          2756   2.75600e+03   1.74469e+00   4.06580e+01   4.06667e+01
          2757   2.75700e+03   1.74434e+00   4.04913e+01   4.05000e+01
          2758   2.75800e+03   1.74399e+00   4.03246e+01   4.03333e+01
          2759   2.75900e+03   1.74364e+00   4.01580e+01   4.01667e+01
          2760   2.76000e+03   1.74325e+00   3.99913e+01   4.00000e+01
          2761   2.76100e+03   1.74294e+00   3.98247e+01   3.98333e+01
          2762   2.76200e+03   1.74265e+00   3.96580e+01   3.96667e+01
          2763   2.76300e+03   1.74229e+00   3.94914e+01   3.95000e+01
          2764   2.76400e+03   1.74196e+00   3.93247e+01   3.93333e+01
          2765   2.76500e+03   1.74155e+00   3.91581e+01   3.91667e+01
          2766   2.76600e+03   1.74114e+00   3.89915e+01   3.90000e+01
          2767   2.76700e+03   1.74075e+00   3.88248e+01   3.88333e+01
          2768   2.76800e+03   1.74041e+00   3.86582e+01   3.86667e+01
          2769   2.76900e+03   1.74002e+00   3.84916e+01   3.85000e+01
          2770   2.77000e+03   1.73952e+00   3.83250e+01   3.83333e+01
          2771   2.77100e+03   1.73908e+00   3.81583e+01   3.81667e+01
          2772   2.77200e+03   1.73869e+00   3.79917e+01   3.80000e+01
          2773   2.77300e+03   1.73828e+00   3.78251e+01   3.78333e+01
          2774   2.77400e+03   1.73789e+00   3.76584e+01   3.76667e+01
          2775   2.77500e+03   1.73753e+00   3.74918e+01   3.75000e+01
          2776   2.77600e+03   1.73715e+00   3.73252e+01   3.73333e+01
          2777   2.77700e+03   1.73678e+00   3.71585e+01   3.71667e+01
          2778   2.77800e+03   1.73648e+00   3.69919e+01   3.70000e+01
          2779   2.77900e+03   1.73624e+00   3.68253e+01   3.68333e+01
          2780   2.78000e+03   1.73595e+00   3.66586e+01   3.66667e+01
          2781   2.78100e+03   1.73568e+00   3.64920e+01   3.65000e+01
          2782   2.78200e+03   1.73537e+00   3.63253e+01   3.63333e+01
          2783   2.78300e+03   1.73500e+00   3.61587e+01   3.61667e+01
          2784   2.78400e+03   1.73464e+00   3.59921e+01   3.60000e+01
          2785   2.78500e+03   1.73422e+00   3.58254e+01   3.58333e+01
          2786   2.78600e+03   1.73386e+00   3.56588e+01   3.56667e+01
          2787   2.78700e+03   1.73344e+00   3.54921e+01   3.55000e+01
          2788   2.78800e+03   1.73303e+00   3.53255e+01   3.53333e+01
          2789   2.78900e+03   1.73256e+00   3.51588e+01   3.51667e+01
          2790   2.79000e+03   1.73212e+00   3.49922e+01   3.50000e+01
          2791   2.79100e+03   1.73172e+00   3.48255e+01   3.48333e+01
          2792   2.79200e+03   1.73145e+00   3.46589e+01   3.46667e+01
          2793   2.79300e+03   1.73106e+00   3.44922e+01   3.45000e+01
          2794   2.79400e+03   1.73080e+00   3.43256e+01   3.43333e+01
          2795   2.79500e+03   1.73038e+00   3.41590e+01   3.41667e+01
          2796   2.79600e+03   1.73001e+00   3.39923e+01   3.40000e+01
          2797   2.79700e+03   1.72961e+00   3.38257e+01   3.38333e+01
          2798   2.79800e+03   1.72918e+00   3.36591e+01   3.36667e+01
          2799   2.79900e+03   1.72878e+00   3.34924e+01   3.35000e+01
          2800   2.80000e+03   1.72834e+00   3.33258e+01   3.33333e+01
          2801   2.80100e+03   1.72790e+00   3.31592e+01   3.31667e+01
          2802   2.80200e+03   1.72746e+00   3.29925e+01   3.30000e+01
          2803   2.80300e+03   1.72699e+00   3.28259e+01   3.28333e+01
          2804   2.80400e+03   1.72665e+00   3.26592e+01   3.26667e+01
          2805   2.80500e+03   1.72621e+00   3.24926e+01   3.25000e+01
          2806   2.80600e+03   1.72580e+00   3.23259e+01   3.23333e+01
          2807   2.80700e+03   1.72545e+00   3.21593e+01   3.21667e+01
          2808   2.80800e+03   1.72508e+00   3.19927e+01   3.20000e+01
          2809   2.80900e+03   1.72479e+00   3.18260e+01   3.18333e+01
          2810   2.81000e+03   1.72441e+00   3.16594e+01   3.16667e+01
          2811   2.81100e+03   1.72404e+00   3.14928e+01   3.15000e+01
          2812   2.81200e+03   1.72373e+00   3.13262e+01   3.13333e+01
          2813   2.81300e+03   1.72335e+00   3.11595e+01   3.11667e+01
          2814   2.81400e+03   1.72296e+00   3.09929e+01   3.10000e+01
          2815   2.81500e+03   1.72260e+00   3.08262e+01   3.08333e+01
          2816   2.81600e+03   1.72222e+00   3.06596e+01   3.06667e+01
          2817   2.81700e+03   1.72185e+00   3.04930e+01   3.05000e+01
          2818   2.81800e+03   1.72141e+00   3.03263e+01   3.03333e+01
          2819   2.81900e+03   1.72106e+00   3.01597e+01   3.01667e+01
          2820   2.82000e+03   1.72076e+00   2.99931e+01   3.00000e+01
          2821   2.82100e+03   1.72041e+00   2.98264e+01   2.98333e+01
          2822   2.82200e+03   1.72008e+00   2.96598e+01   2.96667e+01
          2823   2.82300e+03   1.71980e+00   2.94932e+01   2.95000e+01
          2824   2.82400e+03   1.71951e+00   2.93265e+01   2.93333e+01
          2825   2.82500e+03   1.71920e+00   2.91599e+01   2.91667e+01
          2826   2.82600e+03   1.71884e+00   2.89932e+01   2.90000e+01
          2827   2.82700e+03   1.71850e+00   2.88266e+01   2.88333e+01
          2828   2.82800e+03   1.71811e+00   2.86600e+01   2.86667e+01
          2829   2.82900e+03   1.71771e+00   2.84933e+01   2.85000e+01
          2830   2.83000e+03   1.71728e+00   2.83267e+01   2.83333e+01
          2831   2.83100e+03   1.71687e+00   2.81601e+01   2.81667e+01
          2832   2.83200e+03   1.71642e+00   2.79934e+01   2.80000e+01
          2833   2.83300e+03   1.71592e+00   2.78268e+01   2.78333e+01
          2834   2.83400e+03   1.71546e+00   2.76601e+01   2.76667e+01
          2835   2.83500e+03   1.71505e+00   2.74935e+01   2.75000e+01
          2836   2.83600e+03   1.71461e+00   2.73269e+01   2.73333e+01
          2837   2.83700e+03   1.71423e+00   2.71602e+01   2.71667e+01
          2838   2.83800e+03   1.71386e+00   2.69936e+01   2.70000e+01
          2839   2.83900e+03   1.71350e+00   2.68270e+01   2.68333e+01
          2840   2.84000e+03   1.71310e+00   2.66604e+01   2.66667e+01
          2841   2.84100e+03   1.71267e+00   2.64938e+01   2.65000e+01
          2842   2.84200e+03   1.71236e+00   2.63272e+01   2.63333e+01
          2843   2.84300e+03   1.71204e+00   2.61606e+01   2.61667e+01
          2844   2.84400e+03   1.71165e+00   2.59940e+01   2.60000e+01
          2845   2.84500e+03   1.71135e+00   2.58274e+01   2.58333e+01
          2846   2.84600e+03   1.71098e+00   2.56608e+01   2.56667e+01
          2847   2.84700e+03   1.71058e+00   2.54941e+01   2.55000e+01
          2848   2.84800e+03   1.71013e+00   2.53275e+01   2.53333e+01
          2849   2.84900e+03   1.70980e+00   2.51609e+01   2.51667e+01
          2850   2.85000e+03   1.70952e+00   2.49943e+01   2.50000e+01
          2851   2.85100e+03   1.70919e+00   2.48276e+01   2.48333e+01
          2852   2.85200e+03   1.70891e+00   2.46610e+01   2.46667e+01
          2853   2.85300e+03   1.70865e+00   2.44944e+01   2.45000e+01
          2854   2.85400e+03   1.70832e+00   2.43277e+01   2.43333e+01
          2855   2.85500e+03   1.70799e+00   2.41611e+01   2.41667e+01
          2856   2.85600e+03   1.70768e+00   2.39945e+01   2.40000e+01
          2857   2.85700e+03   1.70738e+00   2.38279e+01   2.38333e+01
          2858   2.85800e+03   1.70697e+00   2.36612e+01   2.36667e+01
          2859   2.85900e+03   1.70659e+00   2.34946e+01   2.35000e+01
          2860   2.86000e+03   1.70619e+00   2.33280e+01   2.33333e+01
          2861   2.86100e+03   1.70575e+00   2.31613e+01   2.31667e+01
          2862   2.86200e+03   1.70535e+00   2.29947e+01   2.30000e+01
          2863   2.86300e+03   1.70490e+00   2.28281e+01   2.28333e+01
          2864   2.86400e+03   1.70452e+00   2.26614e+01   2.26667e+01
          2865   2.86500e+03   1.70411e+00   2.24948e+01   2.25000e+01
          2866   2.86600e+03   1.70373e+00   2.23282e+01   2.23333e+01
          2867   2.86700e+03   1.70343e+00   2.21616e+01   2.21667e+01
          2868   2.86800e+03   1.70316e+00   2.19950e+01   2.20000e+01
          2869   2.86900e+03   1.70278e+00   2.18284e+01   2.18333e+01
          2870   2.87000e+03   1.70239e+00   2.16617e+01   2.16667e+01
          2871   2.87100e+03   1.70203e+00   2.14951e+01   2.15000e+01
          2872   2.87200e+03   1.70172e+00   2.13285e+01   2.13333e+01
          2873   2.87300e+03   1.70136e+00   2.11619e+01   2.11667e+01
          2874   2.87400e+03   1.70094e+00   2.09952e+01   2.10000e+01
          2875   2.87500e+03   1.70057e+00   2.08286e+01   2.08333e+01
          2876   2.87600e+03   1.70015e+00   2.06620e+01   2.06667e+01
          2877   2.87700e+03   1.69977e+00   2.04954e+01   2.05000e+01
          2878   2.87800e+03   1.69949e+00   2.03287e+01   2.03333e+01
          2879   2.87900e+03   1.69925e+00   2.01621e+01   2.01667e+01
          2880   2.88000e+03   1.69897e+00   1.99955e+01   2.00000e+01
          2881   2.88100e+03   1.69865e+00   1.98288e+01   1.98333e+01
          2882   2.88200e+03   1.69833e+00   1.96622e+01   1.96667e+01
          2883   2.88300e+03   1.69816e+00   1.94956e+01   1.95000e+01
          2884   2.88400e+03   1.69789e+00   1.93289e+01   1.93333e+01
          2885   2.88500e+03   1.69762e+00   1.91623e+01   1.91667e+01
          2886   2.88600e+03   1.69723e+00   1.89957e+01   1.90000e+01
          2887   2.88700e+03   1.69678e+00   1.88291e+01   1.88333e+01
          2888   2.88800e+03   1.69637e+00   1.86624e+01   1.86667e+01
          2889   2.88900e+03   1.69596e+00   1.84958e+01   1.85000e+01
          2890   2.89000e+03   1.69553e+00   1.83291e+01   1.83333e+01
          2891   2.89100e+03   1.69512e+00   1.81624e+01   1.81667e+01
          2892   2.89200e+03   1.69462e+00   1.79958e+01   1.80000e+01
          2893   2.89300e+03   1.69416e+00   1.78291e+01   1.78333e+01
          2894   2.89400e+03   1.69373e+00   1.76625e+01   1.76667e+01
          2895   2.89500e+03   1.69337e+00   1.74958e+01   1.75000e+01
          2896   2.89600e+03   1.69304e+00   1.73292e+01   1.73333e+01
          2897   2.89700e+03   1.69272e+00   1.71625e+01   1.71667e+01
          2898   2.89800e+03   1.69234e+00   1.69959e+01   1.70000e+01
          2899   2.89900e+03   1.69205e+00   1.68293e+01   1.68333e+01
          2900   2.90000e+03   1.69170e+00   1.66626e+01   1.66667e+01
          2901   2.90100e+03   1.69142e+00   1.64960e+01   1.65000e+01
          2902   2.90200e+03   1.69109e+00   1.63293e+01   1.63333e+01
          2903   2.90300e+03   1.69072e+00   1.61627e+01   1.61667e+01
          2904   2.90400e+03   1.69033e+00   1.59961e+01   1.60000e+01
          2905   2.90500e+03   1.68991e+00   1.58294e+01   1.58333e+01
          2906   2.90600e+03   1.68941e+00   1.56628e+01   1.56667e+01
          2907   2.90700e+03   1.68902e+00   1.54961e+01   1.55000e+01
          2908   2.90800e+03   1.68864e+00   1.53295e+01   1.53333e+01
          2909   2.90900e+03   1.68832e+00   1.51629e+01   1.51667e+01
          2910   2.91000e+03   1.68792e+00   1.49962e+01   1.50000e+01
          2911   2.91100e+03   1.68754e+00   1.48296e+01   1.48333e+01
          2912   2.91200e+03   1.68723e+00   1.46629e+01   1.46667e+01
          2913   2.91300e+03   1.68688e+00   1.44963e+01   1.45000e+01
          2914   2.91400e+03   1.68656e+00   1.43296e+01   1.43333e+01
          2915   2.91500e+03   1.68631e+00   1.41630e+01   1.41667e+01
          2916   2.91600e+03   1.68597e+00   1.39964e+01   1.40000e+01
          2917   2.91700e+03   1.68552e+00   1.38297e+01   1.38333e+01
          2918   2.91800e+03   1.68507e+00   1.36631e+01   1.36667e+01
          2919   2.91900e+03   1.68468e+00   1.34964e+01   1.35000e+01
          2920   2.92000e+03   1.68432e+00   1.33298e+01   1.33333e+01
          2921   2.92100e+03   1.68394e+00   1.31631e+01   1.31667e+01
          2922   2.92200e+03   1.68357e+00   1.29965e+01   1.30000e+01
          2923   2.92300e+03   1.68327e+00   1.28298e+01   1.28333e+01
          2924   2.92400e+03   1.68293e+00   1.26632e+01   1.26667e+01
          2925   2.92500e+03   1.68266e+00   1.24965e+01   1.25000e+01
          2926   2.92600e+03   1.68237e+00   1.23299e+01   1.23333e+01
          2927   2.92700e+03   1.68212e+00   1.21632e+01   1.21667e+01
          2928   2.92800e+03   1.68173e+00   1.19966e+01   1.20000e+01
          2929   2.92900e+03   1.68131e+00   1.18299e+01   1.18333e+01
          2930   2.93000e+03   1.68089e+00   1.16632e+01   1.16667e+01
          2931   2.93100e+03   1.68053e+00   1.14966e+01   1.15000e+01
          2932   2.93200e+03   1.68005e+00   1.13299e+01   1.13333e+01
          2933   2.93300e+03   1.67965e+00   1.11632e+01   1.11667e+01
          2934   2.93400e+03   1.67923e+00   1.09966e+01   1.10000e+01
          2935   2.93500e+03   1.67883e+00   1.08299e+01   1.08333e+01
          2936   2.93600e+03   1.67836e+00   1.06633e+01   1.06667e+01
          2937   2.93700e+03   1.67801e+00   1.04966e+01   1.05000e+01
          2938   2.93800e+03   1.67774e+00   1.03300e+01   1.03333e+01
          2939   2.93900e+03   1.67740e+00   1.01633e+01   1.01667e+01
          2940   2.94000e+03   1.67701e+00   9.99667e+00   1.00000e+01
          2941   2.94100e+03   1.67664e+00   9.83003e+00   9.83333e+00
          2942   2.94200e+03   1.67630e+00   9.66338e+00   9.66667e+00
          2943   2.94300e+03   1.67602e+00   9.49673e+00   9.50000e+00
          2944   2.94400e+03   1.67576e+00   9.33007e+00   9.33333e+00
          2945   2.94500e+03   1.67554e+00   9.16343e+00   9.16667e+00
          2946   2.94600e+03   1.67528e+00   8.99680e+00   9.00000e+00
          2947   2.94700e+03   1.67500e+00   8.83017e+00   8.83333e+00
          2948   2.94800e+03   1.67473e+00   8.66351e+00   8.66667e+00
          2949   2.94900e+03   1.67452e+00   8.49684e+00   8.50000e+00
          2950   2.95000e+03   1.67429e+00   8.33018e+00   8.33333e+00
          2951   2.95100e+03   1.67400e+00   8.16351e+00   8.16667e+00
          2952   2.95200e+03   1.67361e+00   7.99685e+00   8.00000e+00
          2953   2.95300e+03   1.67327e+00   7.83018e+00   7.83333e+00
          2954   2.95400e+03   1.67290e+00   7.66350e+00   7.66667e+00
          2955   2.95500e+03   1.67256e+00   7.49684e+00   7.50000e+00
          2956   2.95600e+03   1.67224e+00   7.33017e+00   7.33333e+00
          2957   2.95700e+03   1.67196e+00   7.16352e+00   7.16667e+00
          2958   2.95800e+03   1.67161e+00   6.99685e+00   7.00000e+00
          2959   2.95900e+03   1.67130e+00   6.83018e+00   6.83333e+00
          2960   2.96000e+03   1.67100e+00   6.66352e+00   6.66667e+00
          2961   2.96100e+03   1.67068e+00   6.49687e+00   6.50000e+00
          2962   2.96200e+03   1.67032e+00   6.33019e+00   6.33333e+00
          2963   2.96300e+03   1.66998e+00   6.16355e+00   6.16667e+00
          2964   2.96400e+03   1.66967e+00   5.99690e+00   6.00000e+00
          2965   2.96500e+03   1.66942e+00   5.83024e+00   5.83333e+00
          2966   2.96600e+03   1.66915e+00   5.66358e+00   5.66667e+00
          2967   2.96700e+03   1.66893e+00   5.49692e+00   5.50000e+00
          2968   2.96800e+03   1.66864e+00   5.33028e+00   5.33333e+00
          2969   2.96900e+03   1.66837e+00   5.16366e+00   5.16667e+00
          2970   2.97000e+03   1.66811e+00   4.99702e+00   5.00000e+00
          2971   2.97100e+03   1.66783e+00   4.83037e+00   4.83333e+00
          2972   2.97200e+03   1.66757e+00   4.66371e+00   4.66667e+00
          2973   2.97300e+03   1.66728e+00   4.49707e+00   4.50000e+00
          2974   2.97400e+03   1.66689e+00   4.33041e+00   4.33333e+00
          2975   2.97500e+03   1.66650e+00   4.16374e+00   4.16667e+00
          2976   2.97600e+03   1.66612e+00   3.99708e+00   4.00000e+00
          2977   2.97700e+03   1.66576e+00   3.83043e+00   3.83333e+00
          2978   2.97800e+03   1.66546e+00   3.66376e+00   3.66667e+00
          2979   2.97900e+03   1.66517e+00   3.49709e+00   3.50000e+00
          2980   2.98000e+03   1.66491e+00   3.33042e+00   3.33333e+00
          2981   2.98100e+03   1.66468e+00   3.16374e+00   3.16667e+00
          2982   2.98200e+03   1.66446e+00   2.99711e+00   3.00000e+00
          2983   2.98300e+03   1.66426e+00   2.83043e+00   2.83333e+00
          2984   2.98400e+03   1.66405e+00   2.66377e+00   2.66667e+00
          2985   2.98500e+03   1.66381e+00   2.49712e+00   2.50000e+00
          2986   2.98600e+03   1.66354e+00   2.33045e+00   2.33333e+00
          2987   2.98700e+03   1.66315e+00   2.16378e+00   2.16667e+00
          2988   2.98800e+03   1.66285e+00   1.99711e+00   2.00000e+00
          2989   2.98900e+03   1.66258e+00   1.83043e+00   1.83333e+00
          2990   2.99000e+03   1.66226e+00   1.66375e+00   1.66667e+00
          2991   2.99100e+03   1.66191e+00   1.49709e+00   1.50000e+00
          2992   2.99200e+03   1.66162e+00   1.33045e+00   1.33333e+00
          2993   2.99300e+03   1.66127e+00   1.16379e+00   1.16667e+00
          2994   2.99400e+03   1.66103e+00   9.97122e-01   1.00000e+00
          2995   2.99500e+03   1.66084e+00   8.30466e-01   8.33333e-01
          2996   2.99600e+03   1.66062e+00   6.63843e-01   6.66667e-01
          2997   2.99700e+03   1.66038e+00   4.97199e-01   5.00000e-01
          2998   2.99800e+03   1.66014e+00   3.30588e-01   3.33333e-01
          2999   2.99900e+03   1.65989e+00   1.63964e-01   1.66667e-01
          3000   3.00000e+03   1.65965e+00  -2.66709e-03   0.00000e+00
          3001   3.00100e+03   1.65939e+00  -1.69264e-01  -1.66667e-01
          3002   3.00200e+03   1.65918e+00  -3.35877e-01  -3.33333e-01
          3003   3.00300e+03   1.65895e+00  -5.02505e-01  -5.00000e-01
          3004   3.00400e+03   1.65872e+00  -6.69140e-01  -6.66667e-01
          3005   3.00500e+03   1.65855e+00  -8.35734e-01  -8.33333e-01
          3006   3.00600e+03   1.65836e+00  -1.00234e+00  -1.00000e+00
          3007   3.00700e+03   1.65815e+00  -1.16894e+00  -1.16667e+00
          3008   3.00800e+03   1.65794e+00  -1.33555e+00  -1.33333e+00
          3009   3.00900e+03   1.65778e+00  -1.50215e+00  -1.50000e+00
          3010   3.01000e+03   1.65753e+00  -1.66875e+00  -1.66667e+00
          3011   3.01100e+03   1.65730e+00  -1.83536e+00  -1.83333e+00
          3012   3.01200e+03   1.65710e+00  -2.00196e+00  -2.00000e+00
          3013   3.01300e+03   1.65691e+00  -2.16856e+00  -2.16667e+00
          3014   3.01400e+03   1.65677e+00  -2.33518e+00  -2.33333e+00
          3015   3.01500e+03   1.65668e+00  -2.50177e+00  -2.50000e+00
          3016   3.01600e+03   1.65670e+00  -2.66835e+00  -2.66667e+00
          3017   3.01700e+03   1.65683e+00  -2.83495e+00  -2.83333e+00
          3018   3.01800e+03   1.65706e+00  -3.00152e+00  -3.00000e+00
          3019   3.01900e+03   1.65747e+00  -3.16809e+00  -3.16667e+00
          3020   3.02000e+03   1.65805e+00  -3.33466e+00  -3.33333e+00
          3021   3.02100e+03   1.65860e+00  -3.50123e+00  -3.50000e+00
          3022   3.02200e+03   1.65929e+00  -3.66779e+00  -3.66667e+00
          3023   3.02300e+03   1.65999e+00  -3.83434e+00  -3.83333e+00
          3024   3.02400e+03   1.66065e+00  -4.00088e+00  -4.00000e+00
          3025   3.02500e+03   1.66120e+00  -4.16745e+00  -4.16667e+00
          3026   3.02600e+03   1.66164e+00  -4.33399e+00  -4.33333e+00
          3027   3.02700e+03   1.66202e+00  -4.50055e+00  -4.50000e+00
          3028   3.02800e+03   1.66233e+00  -4.66711e+00  -4.66667e+00
          3029   3.02900e+03   1.66250e+00  -4.83369e+00  -4.83333e+00
          3030   3.03000e+03   1.66262e+00  -5.00027e+00  -5.00000e+00
          3031   3.03100e+03   1.66263e+00  -5.16684e+00  -5.16667e+00
          3032   3.03200e+03   1.66254e+00  -5.33341e+00  -5.33333e+00
          3033   3.03300e+03   1.66251e+00  -5.49999e+00  -5.50000e+00
          3034   3.03400e+03   1.66247e+00  -5.66659e+00  -5.66667e+00
          3035   3.03500e+03   1.66247e+00  -5.83318e+00  -5.83333e+00
          3036   3.03600e+03   1.66244e+00  -5.99977e+00  -6.00000e+00
          3037   3.03700e+03   1.66227e+00  -6.16634e+00  -6.16667e+00
          3038   3.03800e+03   1.66213e+00  -6.33293e+00  -6.33333e+00
          3039   3.03900e+03   1.66198e+00  -6.49954e+00  -6.50000e+00
          3040   3.04000e+03   1.66182e+00  -6.66614e+00  -6.66667e+00
          3041   3.04100e+03   1.66169e+00  -6.83274e+00  -6.83333e+00
          3042   3.04200e+03   1.66146e+00  -6.99932e+00  -7.00000e+00
          3043   3.04300e+03   1.66130e+00  -7.16592e+00  -7.16667e+00
          3044   3.04400e+03   1.66111e+00  -7.33252e+00  -7.33333e+00
          3045   3.04500e+03   1.66092e+00  -7.49911e+00  -7.50000e+00
          3046   3.04600e+03   1.66081e+00  -7.66571e+00  -7.66667e+00
          3047   3.04700e+03   1.66065e+00  -7.83229e+00  -7.83333e+00
          3048   3.04800e+03   1.66056e+00  -7.99891e+00  -8.00000e+00
          3049   3.04900e+03   1.66047e+00  -8.16550e+00  -8.16667e+00
          3050   3.05000e+03   1.66033e+00  -8.33209e+00  -8.33333e+00
          3051   3.05100e+03   1.66026e+00  -8.49869e+00  -8.50000e+00
          3052   3.05200e+03   1.66013e+00  -8.66527e+00  -8.66667e+00
          3053   3.05300e+03   1.65998e+00  -8.83187e+00  -8.83333e+00
          3054   3.05400e+03   1.65975e+00  -8.99848e+00  -9.00000e+00
          3055   3.05500e+03   1.65950e+00  -9.16508e+00  -9.16667e+00
          3056   3.05600e+03   1.65925e+00  -9.33169e+00  -9.33333e+00
          3057   3.05700e+03   1.65900e+00  -9.49831e+00  -9.50000e+00
          3058   3.05800e+03   1.65877e+00  -9.66493e+00  -9.66667e+00
          3059   3.05900e+03   1.65848e+00  -9.83152e+00  -9.83333e+00
          3060   3.06000e+03   1.65810e+00  -9.99814e+00  -1.00000e+01
          3061   3.06100e+03   1.65778e+00  -1.01647e+01  -1.01667e+01
          3062   3.06200e+03   1.65742e+00  -1.03313e+01  -1.03333e+01
          3063   3.06300e+03   1.65712e+00  -1.04980e+01  -1.05000e+01
          3064   3.06400e+03   1.65674e+00  -1.06646e+01  -1.06667e+01
          3065   3.06500e+03   1.65638e+00  -1.08312e+01  -1.08333e+01
          3066   3.06600e+03   1.65599e+00  -1.09978e+01  -1.10000e+01
          3067   3.06700e+03   1.65551e+00  -1.11645e+01  -1.11667e+01
          3068   3.06800e+03   1.65515e+00  -1.13311e+01  -1.13333e+01
          3069   3.06900e+03   1.65472e+00  -1.14977e+01  -1.15000e+01
          3070   3.07000e+03   1.65419e+00  -1.16643e+01  -1.16667e+01
          3071   3.07100e+03   1.65375e+00  -1.18310e+01  -1.18333e+01
          3072   3.07200e+03   1.65325e+00  -1.19976e+01  -1.20000e+01
          3073   3.07300e+03   1.65291e+00  -1.21643e+01  -1.21667e+01
          3074   3.07400e+03   1.65256e+00  -1.23309e+01  -1.23333e+01
          3075   3.07500e+03   1.65215e+00  -1.24975e+01  -1.25000e+01
          3076   3.07600e+03   1.65181e+00  -1.26642e+01  -1.26667e+01
          3077   3.07700e+03   1.65139e+00  -1.28307e+01  -1.28333e+01
          3078   3.07800e+03   1.65101e+00  -1.29974e+01  -1.30000e+01
          3079   3.07900e+03   1.65071e+00  -1.31640e+01  -1.31667e+01
          3080   3.08000e+03   1.65036e+00  -1.33306e+01  -1.33333e+01
          3081   3.08100e+03   1.65004e+00  -1.34973e+01  -1.35000e+01
          3082   3.08200e+03   1.64955e+00  -1.36639e+01  -1.36667e+01
          3083   3.08300e+03   1.64902e+00  -1.38305e+01  -1.38333e+01
          3084   3.08400e+03   1.64847e+00  -1.39972e+01  -1.40000e+01
          3085   3.08500e+03   1.64795e+00  -1.41638e+01  -1.41667e+01
          3086   3.08600e+03   1.64741e+00  -1.43305e+01  -1.43333e+01
          3087   3.08700e+03   1.64693e+00  -1.44971e+01  -1.45000e+01
          3088   3.08800e+03   1.64640e+00  -1.46638e+01  -1.46667e+01
          3089   3.08900e+03   1.64589e+00  -1.48304e+01  -1.48333e+01
          3090   3.09000e+03   1.64541e+00  -1.49971e+01  -1.50000e+01
          3091   3.09100e+03   1.64495e+00  -1.51637e+01  -1.51667e+01
          3092   3.09200e+03   1.64450e+00  -1.53304e+01  -1.53333e+01
          3093   3.09300e+03   1.64401e+00  -1.54970e+01  -1.55000e+01
          3094   3.09400e+03   1.64359e+00  -1.56637e+01  -1.56667e+01
          3095   3.09500e+03   1.64309e+00  -1.58303e+01  -1.58333e+01
          3096   3.09600e+03   1.64255e+00  -1.59970e+01  -1.60000e+01
          3097   3.09700e+03   1.64199e+00  -1.61637e+01  -1.61667e+01
          3098   3.09800e+03   1.64141e+00  -1.63303e+01  -1.63333e+01
          3099   3.09900e+03   1.64080e+00  -1.64970e+01  -1.65000e+01
          3100   3.10000e+03   1.64026e+00  -1.66637e+01  -1.66667e+01
          3101   3.10100e+03   1.63970e+00  -1.68303e+01  -1.68333e+01
          3102   3.10200e+03   1.63921e+00  -1.69970e+01  -1.70000e+01
          3103   3.10300e+03   1.63861e+00  -1.71636e+01  -1.71667e+01
          3104   3.10400e+03   1.63799e+00  -1.73303e+01  -1.73333e+01
          3105   3.10500e+03   1.63742e+00  -1.74970e+01  -1.75000e+01
          3106   3.10600e+03   1.63695e+00  -1.76636e+01  -1.76667e+01
          3107   3.10700e+03   1.63650e+00  -1.78303e+01  -1.78333e+01
          3108   3.10800e+03   1.63599e+00  -1.79970e+01  -1.80000e+01
          3109   3.10900e+03   1.63543e+00  -1.81636e+01  -1.81667e+01
          3110   3.11000e+03   1.63496e+00  -1.83303e+01  -1.83333e+01
          3111   3.11100e+03   1.63445e+00  -1.84969e+01  -1.85000e+01
          3112   3.11200e+03   1.63384e+00  -1.86636e+01  -1.86667e+01
          3113   3.11300e+03   1.63340e+00  -1.88303e+01  -1.88333e+01
          3114   3.11400e+03   1.63294e+00  -1.89970e+01  -1.90000e+01
          3115   3.11500e+03   1.63237e+00  -1.91637e+01  -1.91667e+01
          3116   3.11600e+03   1.63176e+00  -1.93304e+01  -1.93333e+01
          3117   3.11700e+03   1.63124e+00  -1.94970e+01  -1.95000e+01
          3118   3.11800e+03   1.63062e+00  -1.96637e+01  -1.96667e+01
          3119   3.11900e+03   1.62996e+00  -1.98304e+01  -1.98333e+01
          3120   3.12000e+03   1.62927e+00  -1.99971e+01  -2.00000e+01
          3121   3.12100e+03   1.62883e+00  -2.01638e+01  -2.01667e+01
          3122   3.12200e+03   1.62828e+00  -2.03305e+01  -2.03333e+01
          3123   3.12300e+03   1.62772e+00  -2.04971e+01  -2.05000e+01
          3124   3.12400e+03   1.62713e+00  -2.06638e+01  -2.06667e+01
          3125   3.12500e+03   1.62660e+00  -2.08304e+01  -2.08333e+01
          3126   3.12600e+03   1.62604e+00  -2.09971e+01  -2.10000e+01
          3127   3.12700e+03   1.62561e+00  -2.11638e+01  -2.11667e+01
          3128   3.12800e+03   1.62510e+00  -2.13305e+01  -2.13333e+01
          3129   3.12900e+03   1.62462e+00  -2.14971e+01  -2.15000e+01
          3130   3.13000e+03   1.62403e+00  -2.16638e+01  -2.16667e+01
          3131   3.13100e+03   1.62355e+00  -2.18305e+01  -2.18333e+01
          3132   3.13200e+03   1.62302e+00  -2.19972e+01  -2.20000e+01
          3133   3.13300e+03   1.62250e+00  -2.21639e+01  -2.21667e+01
          3134   3.13400e+03   1.62197e+00  -2.23306e+01  -2.23333e+01
          3135   3.13500e+03   1.62138e+00  -2.24973e+01  -2.25000e+01
          3136   3.13600e+03   1.62071e+00  -2.26640e+01  -2.26667e+01
          3137   3.13700e+03   1.62018e+00  -2.28307e+01  -2.28333e+01
          3138   3.13800e+03   1.61971e+00  -2.29974e+01  -2.30000e+01
          3139   3.13900e+03   1.61916e+00  -2.31641e+01  -2.31667e+01
          3140   3.14000e+03   1.61858e+00  -2.33308e+01  -2.33333e+01
          3141   3.14100e+03   1.61801e+00  -2.34975e+01  -2.35000e+01
          3142   3.14200e+03   1.61746e+00  -2.36641e+01  -2.36667e+01
          3143   3.14300e+03   1.61688e+00  -2.38309e+01  -2.38333e+01
          3144   3.14400e+03   1.61633e+00  -2.39976e+01  -2.40000e+01
          3145   3.14500e+03   1.61582e+00  -2.41643e+01  -2.41667e+01
          3146   3.14600e+03   1.61523e+00  -2.43310e+01  -2.43333e+01
          3147   3.14700e+03   1.61462e+00  -2.44976e+01  -2.45000e+01
          3148   3.14800e+03   1.61399e+00  -2.46644e+01  -2.46667e+01
          3149   3.14900e+03   1.61332e+00  -2.48311e+01  -2.48333e+01
          3150   3.15000e+03   1.61262e+00  -2.49978e+01  -2.50000e+01
          3151   3.15100e+03   1.61187e+00  -2.51645e+01  -2.51667e+01
          3152   3.15200e+03   1.61111e+00  -2.53312e+01  -2.53333e+01
          3153   3.15300e+03   1.61038e+00  -2.54979e+01  -2.55000e+01
          3154   3.15400e+03   1.60956e+00  -2.56646e+01  -2.56667e+01
          3155   3.15500e+03   1.60875e+00  -2.58314e+01  -2.58333e+01
          3156   3.15600e+03   1.60789e+00  -2.59981e+01  -2.60000e+01
          3157   3.15700e+03   1.60720e+00  -2.61648e+01  -2.61667e+01
          3158   3.15800e+03   1.60637e+00  -2.63315e+01  -2.63333e+01
          3159   3.15900e+03   1.60556e+00  -2.64983e+01  -2.65000e+01
          3160   3.16000e+03   1.60482e+00  -2.66650e+01  -2.66667e+01
          3161   3.16100e+03   1.60400e+00  -2.68317e+01  -2.68333e+01
          3162   3.16200e+03   1.60320e+00  -2.69984e+01  -2.70000e+01
          3163   3.16300e+03   1.60247e+00  -2.71652e+01  -2.71667e+01
          3164   3.16400e+03   1.60170e+00  -2.73319e+01  -2.73333e+01
          3165   3.16500e+03   1.60091e+00  -2.74986e+01  -2.75000e+01
          3166   3.16600e+03   1.59995e+00  -2.76654e+01  -2.76667e+01
          3167   3.16700e+03   1.59911e+00  -2.78321e+01  -2.78333e+01
          3168   3.16800e+03   1.59823e+00  -2.79988e+01  -2.80000e+01
          3169   3.16900e+03   1.59733e+00  -2.81655e+01  -2.81667e+01
          3170   3.17000e+03   1.59656e+00  -2.83322e+01  -2.83333e+01
          3171   3.17100e+03   1.59583e+00  -2.84990e+01  -2.85000e+01
          3172   3.17200e+03   1.59509e+00  -2.86657e+01  -2.86667e+01
          3173   3.17300e+03   1.59430e+00  -2.88325e+01  -2.88333e+01
          3174   3.17400e+03   1.59355e+00  -2.89992e+01  -2.90000e+01
          3175   3.17500e+03   1.59288e+00  -2.91659e+01  -2.91667e+01
          3176   3.17600e+03   1.59221e+00  -2.93326e+01  -2.93333e+01
          3177   3.17700e+03   1.59155e+00  -2.94994e+01  -2.95000e+01
          3178   3.17800e+03   1.59092e+00  -2.96661e+01  -2.96667e+01
          3179   3.17900e+03   1.59025e+00  -2.98329e+01  -2.98333e+01
          3180   3.18000e+03   1.58950e+00  -2.99996e+01  -3.00000e+01
          3181   3.18100e+03   1.58871e+00  -3.01663e+01  -3.01667e+01
          3182   3.18200e+03   1.58811e+00  -3.03331e+01  -3.03333e+01
          3183   3.18300e+03   1.58757e+00  -3.04998e+01  -3.05000e+01
          3184   3.18400e+03   1.58713e+00  -3.06666e+01  -3.06667e+01
          3185   3.18500e+03   1.58679e+00  -3.08333e+01  -3.08333e+01
          3186   3.18600e+03   1.58639e+00  -3.10000e+01  -3.10000e+01
          3187   3.18700e+03   1.58670e+00  -3.11667e+01  -3.11667e+01
          3188   3.18800e+03   1.58728e+00  -3.13335e+01  -3.13333e+01
          3189   3.18900e+03   1.58773e+00  -3.15002e+01  -3.15000e+01
          3190   3.19000e+03   1.58901e+00  -3.16668e+01  -3.16667e+01
          3191   3.19100e+03   1.58975e+00  -3.18335e+01  -3.18333e+01
          3192   3.19200e+03   1.58833e+00  -3.20003e+01  -3.20000e+01
          3193   3.19300e+03   1.58638e+00  -3.21670e+01  -3.21667e+01
          3194   3.19400e+03   1.58464e+00  -3.23338e+01  -3.23333e+01
          3195   3.19500e+03   1.58323e+00  -3.25006e+01  -3.25000e+01
          3196   3.19600e+03   1.58155e+00  -3.26674e+01  -3.26667e+01
          3197   3.19700e+03   1.57993e+00  -3.28342e+01  -3.28333e+01
          3198   3.19800e+03   1.57831e+00  -3.30010e+01  -3.30000e+01
          3199   3.19900e+03   1.57684e+00  -3.31677e+01  -3.31667e+01
          3200   3.20000e+03   1.57552e+00  -3.33345e+01  -3.33333e+01
          3201   3.20100e+03   1.57423e+00  -3.35013e+01  -3.35000e+01
          3202   3.20200e+03   1.57297e+00  -3.36681e+01  -3.36667e+01
          3203   3.20300e+03   1.57175e+00  -3.38348e+01  -3.38333e+01
          3204   3.20400e+03   1.57047e+00  -3.40016e+01  -3.40000e+01
          3205   3.20500e+03   1.56923e+00  -3.41684e+01  -3.41667e+01
          3206   3.20600e+03   1.56786e+00  -3.43351e+01  -3.43333e+01
          3207   3.20700e+03   1.56649e+00  -3.45019e+01  -3.45000e+01
          3208   3.20800e+03   1.56518e+00  -3.46687e+01  -3.46667e+01
          3209   3.20900e+03   1.56388e+00  -3.48354e+01  -3.48333e+01
          3210   3.21000e+03   1.56262e+00  -3.50023e+01  -3.50000e+01
          3211   3.21100e+03   1.56138e+00  -3.51690e+01  -3.51667e+01
          3212   3.21200e+03   1.56018e+00  -3.53358e+01  -3.53333e+01
          3213   3.21300e+03   1.55902e+00  -3.55026e+01  -3.55000e+01
          3214   3.21400e+03   1.55787e+00  -3.56693e+01  -3.56667e+01
          3215   3.21500e+03   1.55690e+00  -3.58361e+01  -3.58333e+01
          3216   3.21600e+03   1.55597e+00  -3.60029e+01  -3.60000e+01
          3217   3.21700e+03   1.55487e+00  -3.61696e+01  -3.61667e+01
          3218   3.21800e+03   1.55382e+00  -3.63364e+01  -3.63333e+01
          3219   3.21900e+03   1.55270e+00  -3.65032e+01  -3.65000e+01
          3220   3.22000e+03   1.55142e+00  -3.66700e+01  -3.66667e+01
          3221   3.22100e+03   1.55021e+00  -3.68368e+01  -3.68333e+01
          3222   3.22200e+03   1.54894e+00  -3.70036e+01  -3.70000e+01
          3223   3.22300e+03   1.54762e+00  -3.71704e+01  -3.71667e+01
          3224   3.22400e+03   1.54621e+00  -3.73372e+01  -3.73333e+01
          3225   3.22500e+03   1.54486e+00  -3.75039e+01  -3.75000e+01
          3226   3.22600e+03   1.54364e+00  -3.76707e+01  -3.76667e+01
          3227   3.22700e+03   1.54231e+00  -3.78375e+01  -3.78333e+01
          3228   3.22800e+03   1.54092e+00  -3.80043e+01  -3.80000e+01
          3229   3.22900e+03   1.53972e+00  -3.81711e+01  -3.81667e+01
          3230   3.23000e+03   1.53834e+00  -3.83379e+01  -3.83333e+01
          3231   3.23100e+03   1.53696e+00  -3.85047e+01  -3.85000e+01
          3232   3.23200e+03   1.53556e+00  -3.86715e+01  -3.86667e+01
          3233   3.23300e+03   1.53421e+00  -3.88383e+01  -3.88333e+01
          3234   3.23400e+03   1.53270e+00  -3.90051e+01  -3.90000e+01
          3235   3.23500e+03   1.53112e+00  -3.91719e+01  -3.91667e+01
          3236   3.23600e+03   1.52957e+00  -3.93387e+01  -3.93333e+01
          3237   3.23700e+03   1.52796e+00  -3.95055e+01  -3.95000e+01
          3238   3.23800e+03   1.52628e+00  -3.96723e+01  -3.96667e+01
          3239   3.23900e+03   1.52471e+00  -3.98391e+01  -3.98333e+01
          3240   3.24000e+03   1.52315e+00  -4.00059e+01  -4.00000e+01
          3241   3.24100e+03   1.52158e+00  -4.01728e+01  -4.01667e+01
          3242   3.24200e+03   1.51990e+00  -4.03396e+01  -4.03333e+01
          3243   3.24300e+03   1.51815e+00  -4.05064e+01  -4.05000e+01
          3244   3.24400e+03   1.51645e+00  -4.06732e+01  -4.06667e+01
          3245   3.24500e+03   1.51464e+00  -4.08400e+01  -4.08333e+01
          3246   3.24600e+03   1.51283e+00  -4.10069e+01  -4.10000e+01
          3247   3.24700e+03   1.51096e+00  -4.11737e+01  -4.11667e+01
          3248   3.24800e+03   1.50911e+00  -4.13405e+01  -4.13333e+01
          3249   3.24900e+03   1.50705e+00  -4.15074e+01  -4.15000e+01
          3250   3.25000e+03   1.50494e+00  -4.16742e+01  -4.16667e+01
          3251   3.25100e+03   1.50277e+00  -4.18410e+01  -4.18333e+01
          3252   3.25200e+03   1.50057e+00  -4.20078e+01  -4.20000e+01
          3253   3.25300e+03   1.49825e+00  -4.21747e+01  -4.21667e+01
          3254   3.25400e+03   1.49607e+00  -4.23415e+01  -4.23333e+01
          3255   3.25500e+03   1.49378e+00  -4.25084e+01  -4.25000e+01
          3256   3.25600e+03   1.49135e+00  -4.26752e+01  -4.26667e+01
          3257   3.25700e+03   1.48866e+00  -4.28421e+01  -4.28333e+01
          3258   3.25800e+03   1.48609e+00  -4.30089e+01  -4.30000e+01
          3259   3.25900e+03   1.48351e+00  -4.31757e+01  -4.31667e+01
          3260   3.26000e+03   1.48090e+00  -4.33426e+01  -4.33333e+01
          3261   3.26100e+03   1.47831e+00  -4.35095e+01  -4.35000e+01
          3262   3.26200e+03   1.47563e+00  -4.36763e+01  -4.36667e+01
          3263   3.26300e+03   1.47261e+00  -4.38432e+01  -4.38333e+01
          3264   3.26400e+03   1.46968e+00  -4.40100e+01  -4.40000e+01
          3265   3.26500e+03   1.46676e+00  -4.41769e+01  -4.41667e+01
          3266   3.26600e+03   1.46374e+00  -4.43438e+01  -4.43333e+01
          3267   3.26700e+03   1.46067e+00  -4.45107e+01  -4.45000e+01
          3268   3.26800e+03   1.45740e+00  -4.46775e+01  -4.46667e+01
          3269   3.26900e+03   1.45421e+00  -4.48444e+01  -4.48333e+01
          3270   3.27000e+03   1.45082e+00  -4.50113e+01  -4.50000e+01
          3271   3.27100e+03   1.44728e+00  -4.51781e+01  -4.51667e+01
          3272   3.27200e+03   1.44384e+00  -4.53451e+01  -4.53333e+01
          3273   3.27300e+03   1.44031e+00  -4.55119e+01  -4.55000e+01
          3274   3.27400e+03   1.43666e+00  -4.56788e+01  -4.56667e+01
          3275   3.27500e+03   1.43305e+00  -4.58457e+01  -4.58333e+01
          3276   3.27600e+03   1.42925e+00  -4.60126e+01  -4.60000e+01
          3277   3.27700e+03   1.42552e+00  -4.61795e+01  -4.61667e+01
          3278   3.27800e+03   1.42149e+00  -4.63464e+01  -4.63333e+01
          3279   3.27900e+03   1.41751e+00  -4.65133e+01  -4.65000e+01
          3280   3.28000e+03   1.41340e+00  -4.66802e+01  -4.66667e+01
          3281   3.28100e+03   1.40930e+00  -4.68471e+01  -4.68333e+01
          3282   3.28200e+03   1.40515e+00  -4.70140e+01  -4.70000e+01
          3283   3.28300e+03   1.40104e+00  -4.71809e+01  -4.71667e+01
          3284   3.28400e+03   1.39686e+00  -4.73479e+01  -4.73333e+01
          3285   3.28500e+03   1.39257e+00  -4.75148e+01  -4.75000e+01
          3286   3.28600e+03   1.38819e+00  -4.76817e+01  -4.76667e+01
          3287   3.28700e+03   1.38384e+00  -4.78486e+01  -4.78333e+01
          3288   3.28800e+03   1.37951e+00  -4.80155e+01  -4.80000e+01
          3289   3.28900e+03   1.37532e+00  -4.81824e+01  -4.81667e+01
          3290   3.29000e+03   1.37091e+00  -4.83493e+01  -4.83333e+01
          3291   3.29100e+03   1.36645e+00  -4.85163e+01  -4.85000e+01
          3292   3.29200e+03   1.36180e+00  -4.86832e+01  -4.86667e+01
          3293   3.29300e+03   1.35717e+00  -4.88501e+01  -4.88333e+01
          3294   3.29400e+03   1.35262e+00  -4.90171e+01  -4.90000e+01
          3295   3.29500e+03   1.34806e+00  -4.91840e+01  -4.91667e+01
          3296   3.29600e+03   1.34358e+00  -4.93510e+01  -4.93333e+01
          3297   3.29700e+03   1.33902e+00  -4.95179e+01  -4.95000e+01
          3298   3.29800e+03   1.33438e+00  -4.96848e+01  -4.96667e+01
          3299   3.29900e+03   1.32984e+00  -4.98518e+01  -4.98333e+01
          3300   3.30000e+03   1.32533e+00  -5.00187e+01  -5.00000e+01
          3301   3.30100e+03   1.32080e+00  -5.01856e+01  -5.01667e+01
          3302   3.30200e+03   1.31626e+00  -5.03526e+01  -5.03333e+01
          3303   3.30300e+03   1.31164e+00  -5.05195e+01  -5.05000e+01
          3304   3.30400e+03   1.30704e+00  -5.06864e+01  -5.06667e+01
          3305   3.30500e+03   1.30245e+00  -5.08534e+01  -5.08333e+01
          3306   3.30600e+03   1.29788e+00  -5.10203e+01  -5.10000e+01
          3307   3.30700e+03   1.29337e+00  -5.11872e+01  -5.11667e+01
          3308   3.30800e+03   1.28892e+00  -5.13541e+01  -5.13333e+01
          3309   3.30900e+03   1.28442e+00  -5.15211e+01  -5.15000e+01
          3310   3.31000e+03   1.27997e+00  -5.16880e+01  -5.16667e+01
          3311   3.31100e+03   1.27552e+00  -5.18549e+01  -5.18333e+01
          3312   3.31200e+03   1.27118e+00  -5.20218e+01  -5.20000e+01
          3313   3.31300e+03   1.26674e+00  -5.21888e+01  -5.21667e+01
          3314   3.31400e+03   1.26202e+00  -5.23557e+01  -5.23333e+01
          3315   3.31500e+03   1.25712e+00  -5.25226e+01  -5.25000e+01
          3316   3.31600e+03   1.25237e+00  -5.26892e+01  -5.26667e+01
          3317   3.31700e+03   1.24698e+00  -5.28557e+01  -5.28333e+01
          3318   3.31800e+03   1.24125e+00  -5.30218e+01  -5.30000e+01
          3319   3.31900e+03   1.23470e+00  -5.31874e+01  -5.31667e+01
          3320   3.32000e+03   1.22820e+00  -5.33525e+01  -5.33333e+01
          3321   3.32100e+03   1.22170e+00  -5.35169e+01  -5.35000e+01
          3322   3.32200e+03   1.21435e+00  -5.36807e+01  -5.36667e+01
          3323   3.32300e+03   1.20638e+00  -5.38437e+01  -5.38333e+01
          3324   3.32400e+03   1.19874e+00  -5.40060e+01  -5.40000e+01
          3325   3.32500e+03   1.19087e+00  -5.41675e+01  -5.41667e+01
          3326   3.32600e+03   1.18279e+00  -5.43281e+01  -5.43333e+01
          3327   3.32700e+03   1.17455e+00  -5.44879e+01  -5.45000e+01
          3328   3.32800e+03   1.16613e+00  -5.46469e+01  -5.46667e+01
          3329   3.32900e+03   1.15769e+00  -5.48051e+01  -5.48333e+01
          3330   3.33000e+03   1.14941e+00  -5.49624e+01  -5.50000e+01
          3331   3.33100e+03   1.14115e+00  -5.51189e+01  -5.51667e+01
          3332   3.33200e+03   1.13275e+00  -5.52745e+01  -5.53333e+01
          3333   3.33300e+03   1.12434e+00  -5.54293e+01  -5.55000e+01
          3334   3.33400e+03   1.11606e+00  -5.55833e+01  -5.56667e+01
          3335   3.33500e+03   1.10788e+00  -5.57364e+01  -5.58333e+01
          3336   3.33600e+03   1.09972e+00  -5.58887e+01  -5.60000e+01
          3337   3.33700e+03   1.09170e+00  -5.60402e+01  -5.61667e+01
          3338   3.33800e+03   1.08389e+00  -5.61909e+01  -5.63333e+01
          3339   3.33900e+03   1.07609e+00  -5.63408e+01  -5.65000e+01
          3340   3.34000e+03   1.06836e+00  -5.64899e+01  -5.66667e+01
          3341   3.34100e+03   1.06078e+00  -5.66382e+01  -5.68333e+01
          3342   3.34200e+03   1.05335e+00  -5.67857e+01  -5.70000e+01
          3343   3.34300e+03   1.04590e+00  -5.69325e+01  -5.71667e+01
          3344   3.34400e+03   1.03859e+00  -5.70785e+01  -5.73333e+01
          3345   3.34500e+03   1.03137e+00  -5.72237e+01  -5.75000e+01
          3346   3.34600e+03   1.02429e+00  -5.73682e+01  -5.76667e+01
          3347   3.34700e+03   1.01741e+00  -5.75119e+01  -5.78333e+01
          3348   3.34800e+03   1.01060e+00  -5.76549e+01  -5.80000e+01
          3349   3.34900e+03   1.00385e+00  -5.77972e+01  -5.81667e+01
          3350   3.35000e+03   9.97130e-01  -5.79388e+01  -5.83333e+01
          3351   3.35100e+03   9.90447e-01  -5.80796e+01  -5.85000e+01
          3352   3.35200e+03   9.83911e-01  -5.82197e+01  -5.86667e+01
          3353   3.35300e+03   9.77457e-01  -5.83592e+01  -5.88333e+01
          3354   3.35400e+03   9.71084e-01  -5.84979e+01  -5.90000e+01
          3355   3.35500e+03   9.64617e-01  -5.86360e+01  -5.91667e+01
          3356   3.35600e+03   9.58164e-01  -5.87734e+01  -5.93333e+01
          3357   3.35700e+03   9.51729e-01  -5.89101e+01  -5.95000e+01
          3358   3.35800e+03   9.45469e-01  -5.90461e+01  -5.96667e+01
          3359   3.35900e+03   9.39311e-01  -5.91815e+01  -5.98333e+01
          3360   3.36000e+03   9.33185e-01  -5.93162e+01  -6.00000e+01
          3361   3.36100e+03   9.27215e-01  -5.94502e+01  -6.01667e+01
          3362   3.36200e+03   9.21270e-01  -5.95836e+01  -6.03333e+01
          3363   3.36300e+03   9.15454e-01  -5.97163e+01  -6.05000e+01
          3364   3.36400e+03   9.09737e-01  -5.98484e+01  -6.06667e+01
          3365   3.36500e+03   9.04025e-01  -5.99798e+01  -6.08333e+01
          3366   3.36600e+03   8.98538e-01  -6.01106e+01  -6.10000e+01
          3367   3.36700e+03   8.93031e-01  -6.02408e+01  -6.11667e+01
          3368   3.36800e+03   8.87573e-01  -6.03704e+01  -6.13333e+01
          3369   3.36900e+03   8.82157e-01  -6.04994e+01  -6.15000e+01
          3370   3.37000e+03   8.76752e-01  -6.06277e+01  -6.16667e+01
          3371   3.37100e+03   8.71512e-01  -6.07554e+01  -6.18333e+01
          3372   3.37200e+03   8.66330e-01  -6.08825e+01  -6.20000e+01
          3373   3.37300e+03   8.61185e-01  -6.10091e+01  -6.21667e+01
          3374   3.37400e+03   8.56139e-01  -6.11350e+01  -6.23333e+01
          3375   3.37500e+03   8.50924e-01  -6.12603e+01  -6.25000e+01
          3376   3.37600e+03   8.45780e-01  -6.13851e+01  -6.26667e+01
          3377   3.37700e+03   8.40795e-01  -6.15093e+01  -6.28333e+01
          3378   3.37800e+03   8.36025e-01  -6.16329e+01  -6.30000e+01
          3379   3.37900e+03   8.31201e-01  -6.17559e+01  -6.31667e+01
          3380   3.38000e+03   8.26386e-01  -6.18784e+01  -6.33333e+01
          3381   3.38100e+03   8.21586e-01  -6.20002e+01  -6.35000e+01
          3382   3.38200e+03   8.16913e-01  -6.21215e+01  -6.36667e+01
          3383   3.38300e+03   8.12174e-01  -6.22423e+01  -6.38333e+01
          3384   3.38400e+03   8.07666e-01  -6.23625e+01  -6.40000e+01
          3385   3.38500e+03   8.03181e-01  -6.24821e+01  -6.41667e+01
          3386   3.38600e+03   7.98610e-01  -6.26012e+01  -6.43333e+01
          3387   3.38700e+03   7.93939e-01  -6.27198e+01  -6.45000e+01
          3388   3.38800e+03   7.89224e-01  -6.28378e+01  -6.46667e+01
          3389   3.38900e+03   7.84660e-01  -6.29553e+01  -6.48333e+01
          3390   3.39000e+03   7.79934e-01  -6.30722e+01  -6.50000e+01
          3391   3.39100e+03   7.75400e-01  -6.31887e+01  -6.51667e+01
          3392   3.39200e+03   7.70960e-01  -6.33046e+01  -6.53333e+01
          3393   3.39300e+03   7.66586e-01  -6.34199e+01  -6.55000e+01
          3394   3.39400e+03   7.62378e-01  -6.35348e+01  -6.56667e+01
          3395   3.39500e+03   7.58228e-01  -6.36491e+01  -6.58333e+01
          3396   3.39600e+03   7.54126e-01  -6.37629e+01  -6.60000e+01
          3397   3.39700e+03   7.50314e-01  -6.38762e+01  -6.61667e+01
          3398   3.39800e+03   7.46333e-01  -6.39890e+01  -6.63333e+01
          3399   3.39900e+03   7.42639e-01  -6.41012e+01  -6.65000e+01
          3400   3.40000e+03   7.38832e-01  -6.42131e+01  -6.66667e+01
          3401   3.40100e+03   7.34972e-01  -6.43243e+01  -6.68333e+01
          3402   3.40200e+03   7.30986e-01  -6.44351e+01  -6.70000e+01
          3403   3.40300e+03   7.26908e-01  -6.45454e+01  -6.71667e+01
          3404   3.40400e+03   7.22945e-01  -6.46552e+01  -6.73333e+01
          3405   3.40500e+03   7.19131e-01  -6.47646e+01  -6.75000e+01
          3406   3.40600e+03   7.15311e-01  -6.48734e+01  -6.76667e+01
          3407   3.40700e+03   7.11632e-01  -6.49818e+01  -6.78333e+01
          3408   3.40800e+03   7.08061e-01  -6.50897e+01  -6.80000e+01
          3409   3.40900e+03   7.04465e-01  -6.51970e+01  -6.81667e+01
          3410   3.41000e+03   7.01056e-01  -6.53039e+01  -6.83333e+01
          3411   3.41100e+03   6.97685e-01  -6.54104e+01  -6.85000e+01
          3412   3.41200e+03   6.94369e-01  -6.55163e+01  -6.86667e+01
          3413   3.41300e+03   6.91149e-01  -6.56219e+01  -6.88333e+01
          3414   3.41400e+03   6.87856e-01  -6.57269e+01  -6.90000e+01
          3415   3.41500e+03   6.84328e-01  -6.58316e+01  -6.91667e+01
          3416   3.41600e+03   6.80839e-01  -6.59357e+01  -6.93333e+01
          3417   3.41700e+03   6.77967e-01  -6.60394e+01  -6.95000e+01
          3418   3.41800e+03   6.79538e-01  -6.61424e+01  -6.96667e+01
          3419   3.41900e+03   6.79919e-01  -6.62451e+01  -6.98333e+01
          3420   3.42000e+03   6.74864e-01  -6.63475e+01  -7.00000e+01
          3421   3.42100e+03   6.70920e-01  -6.64494e+01  -7.01667e+01
          3422   3.42200e+03   6.65779e-01  -6.65509e+01  -7.03333e+01
          3423   3.42300e+03   6.61058e-01  -6.66520e+01  -7.05000e+01
          3424   3.42400e+03   6.56453e-01  -6.67527e+01  -7.06667e+01
          3425   3.42500e+03   6.51186e-01  -6.68529e+01  -7.08333e+01
          3426   3.42600e+03   6.47262e-01  -6.69526e+01  -7.10000e+01
          3427   3.42700e+03   6.43682e-01  -6.70519e+01  -7.11667e+01
          3428   3.42800e+03   6.39748e-01  -6.71508e+01  -7.13333e+01
          3429   3.42900e+03   6.36115e-01  -6.72493e+01  -7.15000e+01
          3430   3.43000e+03   6.32710e-01  -6.73473e+01  -7.16667e+01
          3431   3.43100e+03   6.29457e-01  -6.74449e+01  -7.18333e+01
          3432   3.43200e+03   6.26212e-01  -6.75421e+01  -7.20000e+01
          3433   3.43300e+03   6.22924e-01  -6.76389e+01  -7.21667e+01
          3434   3.43400e+03   6.19695e-01  -6.77352e+01  -7.23333e+01
          3435   3.43500e+03   6.16532e-01  -6.78311e+01  -7.25000e+01
          3436   3.43600e+03   6.13390e-01  -6.79267e+01  -7.26667e+01
          3437   3.43700e+03   6.10289e-01  -6.80218e+01  -7.28333e+01
          3438   3.43800e+03   6.07210e-01  -6.81165e+01  -7.30000e+01
          3439   3.43900e+03   6.03936e-01  -6.82108e+01  -7.31667e+01
          3440   3.44000e+03   6.00684e-01  -6.83047e+01  -7.33333e+01
          3441   3.44100e+03   5.97670e-01  -6.83983e+01  -7.35000e+01
          3442   3.44200e+03   5.94806e-01  -6.84914e+01  -7.36667e+01
          3443   3.44300e+03   5.92016e-01  -6.85842e+01  -7.38333e+01
          3444   3.44400e+03   5.89121e-01  -6.86765e+01  -7.40000e+01
          3445   3.44500e+03   5.86147e-01  -6.87684e+01  -7.41667e+01
          3446   3.44600e+03   5.83447e-01  -6.88599e+01  -7.43333e+01
          3447   3.44700e+03   5.80807e-01  -6.89511e+01  -7.45000e+01
          3448   3.44800e+03   5.78159e-01  -6.90419e+01  -7.46667e+01
          3449   3.44900e+03   5.75627e-01  -6.91324e+01  -7.48333e+01
          3450   3.45000e+03   5.72891e-01  -6.92223e+01  -7.50000e+01
          3451   3.45100e+03   5.70224e-01  -6.93120e+01  -7.51667e+01
          3452   3.45200e+03   5.67533e-01  -6.94013e+01  -7.53333e+01
          3453   3.45300e+03   5.64824e-01  -6.94901e+01  -7.55000e+01
          3454   3.45400e+03   5.62349e-01  -6.95787e+01  -7.56667e+01
          3455   3.45500e+03   5.59646e-01  -6.96668e+01  -7.58333e+01
          3456   3.45600e+03   5.56971e-01  -6.97546e+01  -7.60000e+01
          3457   3.45700e+03   5.54459e-01  -6.98421e+01  -7.61667e+01
          3458   3.45800e+03   5.51852e-01  -6.99291e+01  -7.63333e+01
          3459   3.45900e+03   5.49397e-01  -7.00158e+01  -7.65000e+01
          3460   3.46000e+03   5.46867e-01  -7.01021e+01  -7.66667e+01
          3461   3.46100e+03   5.44405e-01  -7.01881e+01  -7.68333e+01
          3462   3.46200e+03   5.42046e-01  -7.02737e+01  -7.70000e+01
          3463   3.46300e+03   5.39469e-01  -7.03589e+01  -7.71667e+01
          3464   3.46400e+03   5.37044e-01  -7.04439e+01  -7.73333e+01
          3465   3.46500e+03   5.34595e-01  -7.05284e+01  -7.75000e+01
          3466   3.46600e+03   5.32245e-01  -7.06126e+01  -7.76667e+01
          3467   3.46700e+03   5.29865e-01  -7.06965e+01  -7.78333e+01
          3468   3.46800e+03   5.27409e-01  -7.07800e+01  -7.80000e+01
          3469   3.46900e+03   5.24908e-01  -7.08632e+01  -7.81667e+01
          3470   3.47000e+03   5.22397e-01  -7.09460e+01  -7.83333e+01
          3471   3.47100e+03   5.19715e-01  -7.10285e+01  -7.85000e+01
          3472   3.47200e+03   5.17144e-01  -7.11106e+01  -7.86667e+01
          3473   3.47300e+03   5.14666e-01  -7.11925e+01  -7.88333e+01
          3474   3.47400e+03   5.12019e-01  -7.12739e+01  -7.90000e+01
          3475   3.47500e+03   5.09288e-01  -7.13552e+01  -7.91667e+01
          3476   3.47600e+03   5.06442e-01  -7.14360e+01  -7.93333e+01
          3477   3.47700e+03   5.04950e-01  -7.15164e+01  -7.95000e+01
          3478   3.47800e+03   4.93456e-01  -7.15969e+01  -7.96667e+01
          3479   3.47900e+03   4.86360e-01  -7.16769e+01  -7.98333e+01
          3480   3.48000e+03   4.48525e-01  -7.17578e+01  -8.00000e+01
          3481   3.48100e+03   4.25858e-01  -7.18377e+01  -8.00000e+01
          3482   3.48200e+03   4.42567e-01  -7.19158e+01  -8.00000e+01
          3483   3.48300e+03   4.58204e-01  -7.19937e+01  -8.00000e+01
          3484   3.48400e+03   4.67467e-01  -7.20714e+01  -8.00000e+01
          3485   3.48500e+03   4.72272e-01  -7.21490e+01  -8.00000e+01
          3486   3.48600e+03   4.75698e-01  -7.22264e+01  -8.00000e+01
          3487   3.48700e+03   4.77532e-01  -7.23035e+01  -8.00000e+01
          3488   3.48800e+03   4.77690e-01  -7.23804e+01  -8.00000e+01
          3489   3.48900e+03   4.77086e-01  -7.24569e+01  -8.00000e+01
          3490   3.49000e+03   4.76596e-01  -7.25332e+01  -8.00000e+01
          3491   3.49100e+03   4.75585e-01  -7.26091e+01  -8.00000e+01
          3492   3.49200e+03   4.74615e-01  -7.26848e+01  -8.00000e+01
          3493   3.49300e+03   4.73396e-01  -7.27602e+01  -8.00000e+01
          3494   3.49400e+03   4.71989e-01  -7.28352e+01  -8.00000e+01
          3495   3.49500e+03   4.70401e-01  -7.29100e+01  -8.00000e+01
          3496   3.49600e+03   4.68616e-01  -7.29845e+01  -8.00000e+01
          3497   3.49700e+03   4.66918e-01  -7.30587e+01  -8.00000e+01
          3498   3.49800e+03   4.65282e-01  -7.31325e+01  -8.00000e+01
          3499   3.49900e+03   4.63469e-01  -7.32061e+01  -8.00000e+01
          3500   3.50000e+03   4.61692e-01  -7.32794e+01  -8.00000e+01
          3501   3.50100e+03   4.59770e-01  -7.33524e+01  -8.00000e+01
          3502   3.50200e+03   4.57764e-01  -7.34250e+01  -8.00000e+01
          3503   3.50300e+03   4.55889e-01  -7.34974e+01  -8.00000e+01
          3504   3.50400e+03   4.54045e-01  -7.35695e+01  -8.00000e+01
          3505   3.50500e+03   4.52346e-01  -7.36414e+01  -8.00000e+01
          3506   3.50600e+03   4.50599e-01  -7.37130e+01  -8.00000e+01
          3507   3.50700e+03   4.48749e-01  -7.37842e+01  -8.00000e+01
          3508   3.50800e+03   4.46912e-01  -7.38552e+01  -8.00000e+01
          3509   3.50900e+03   4.45169e-01  -7.39258e+01  -8.00000e+01
          3510   3.51000e+03   4.43515e-01  -7.39962e+01  -8.00000e+01
          3511   3.51100e+03   4.41898e-01  -7.40663e+01  -8.00000e+01
          3512   3.51200e+03   4.40120e-01  -7.41361e+01  -8.00000e+01
          3513   3.51300e+03   4.38391e-01  -7.42057e+01  -8.00000e+01
          3514   3.51400e+03   4.36579e-01  -7.42750e+01  -8.00000e+01
          3515   3.51500e+03   4.34743e-01  -7.43440e+01  -8.00000e+01
          3516   3.51600e+03   4.32973e-01  -7.44127e+01  -8.00000e+01
          3517   3.51700e+03   4.31173e-01  -7.44811e+01  -8.00000e+01
          3518   3.51800e+03   4.29307e-01  -7.45493e+01  -8.00000e+01
          3519   3.51900e+03   4.27534e-01  -7.46172e+01  -8.00000e+01
          3520   3.52000e+03   4.25768e-01  -7.46848e+01  -8.00000e+01
          3521   3.52100e+03   4.24107e-01  -7.47522e+01  -8.00000e+01
          3522   3.52200e+03   4.22491e-01  -7.48193e+01  -8.00000e+01
          3523   3.52300e+03   4.20835e-01  -7.48861e+01  -8.00000e+01
          3524   3.52400e+03   4.19196e-01  -7.49527e+01  -8.00000e+01
          3525   3.52500e+03   4.17424e-01  -7.50190e+01  -8.00000e+01
          3526   3.52600e+03   4.15564e-01  -7.50850e+01  -8.00000e+01
          3527   3.52700e+03   4.13804e-01  -7.51508e+01  -8.00000e+01
          3528   3.52800e+03   4.12045e-01  -7.52163e+01  -8.00000e+01
          3529   3.52900e+03   4.10398e-01  -7.52815e+01  -8.00000e+01
          3530   3.53000e+03   4.08712e-01  -7.53466e+01  -8.00000e+01
          3531   3.53100e+03   4.06885e-01  -7.54113e+01  -8.00000e+01
          3532   3.53200e+03   4.05167e-01  -7.54757e+01  -8.00000e+01
          3533   3.53300e+03   4.03486e-01  -7.55400e+01  -8.00000e+01
          3534   3.53400e+03   4.01830e-01  -7.56039e+01  -8.00000e+01
          3535   3.53500e+03   4.00281e-01  -7.56676e+01  -8.00000e+01
          3536   3.53600e+03   3.98720e-01  -7.57311e+01  -8.00000e+01
          3537   3.53700e+03   3.97157e-01  -7.57943e+01  -8.00000e+01
          3538   3.53800e+03   3.95451e-01  -7.58573e+01  -8.00000e+01
          3539   3.53900e+03   3.93695e-01  -7.59200e+01  -8.00000e+01
          3540   3.54000e+03   3.92100e-01  -7.59824e+01  -8.00000e+01
          3541   3.54100e+03   3.90394e-01  -7.60446e+01  -8.00000e+01
          3542   3.54200e+03   3.88709e-01  -7.61067e+01  -8.00000e+01
          3543   3.54300e+03   3.87135e-01  -7.61684e+01  -8.00000e+01
          3544   3.54400e+03   3.85466e-01  -7.62298e+01  -8.00000e+01
          3545   3.54500e+03   3.83795e-01  -7.62911e+01  -8.00000e+01
          3546   3.54600e+03   3.82246e-01  -7.63521e+01  -8.00000e+01
          3547   3.54700e+03   3.80730e-01  -7.64129e+01  -8.00000e+01
          3548   3.54800e+03   3.79241e-01  -7.64734e+01  -8.00000e+01
          3549   3.54900e+03   3.77693e-01  -7.65337e+01  -8.00000e+01
          3550   3.55000e+03   3.76357e-01  -7.65937e+01  -8.00000e+01
          3551   3.55100e+03   3.74966e-01  -7.66536e+01  -8.00000e+01
          3552   3.55200e+03   3.73572e-01  -7.67132e+01  -8.00000e+01
          3553   3.55300e+03   3.72189e-01  -7.67725e+01  -8.00000e+01
          3554   3.55400e+03   3.70744e-01  -7.68316e+01  -8.00000e+01
          3555   3.55500e+03   3.69183e-01  -7.68905e+01  -8.00000e+01
          3556   3.55600e+03   3.67621e-01  -7.69491e+01  -8.00000e+01
          3557   3.55700e+03   3.66166e-01  -7.70076e+01  -8.00000e+01
          3558   3.55800e+03   3.64706e-01  -7.70658e+01  -8.00000e+01
          3559   3.55900e+03   3.63165e-01  -7.71238e+01  -8.00000e+01
          3560   3.56000e+03   3.61745e-01  -7.71815e+01  -8.00000e+01
          3561   3.56100e+03   3.60227e-01  -7.72390e+01  -8.00000e+01
          3562   3.56200e+03   3.58796e-01  -7.72963e+01  -8.00000e+01
          3563   3.56300e+03   3.57454e-01  -7.73534e+01  -8.00000e+01
          3564   3.56400e+03   3.56149e-01  -7.74102e+01  -8.00000e+01
          3565   3.56500e+03   3.54869e-01  -7.74669e+01  -8.00000e+01
          3566   3.56600e+03   3.53487e-01  -7.75233e+01  -8.00000e+01
          3567   3.56700e+03   3.52159e-01  -7.75795e+01  -8.00000e+01
          3568   3.56800e+03   3.50709e-01  -7.76354e+01  -8.00000e+01
          3569   3.56900e+03   3.49228e-01  -7.76912e+01  -8.00000e+01
          3570   3.57000e+03   3.47892e-01  -7.77467e+01  -8.00000e+01
          3571   3.57100e+03   3.46571e-01  -7.78020e+01  -8.00000e+01
          3572   3.57200e+03   3.45172e-01  -7.78572e+01  -8.00000e+01
          3573   3.57300e+03   3.43697e-01  -7.79121e+01  -8.00000e+01
          3574   3.57400e+03   3.42331e-01  -7.79667e+01  -8.00000e+01
          3575   3.57500e+03   3.40980e-01  -7.80212e+01  -8.00000e+01
          3576   3.57600e+03   3.39725e-01  -7.80755e+01  -8.00000e+01
          3577   3.57700e+03   3.38497e-01  -7.81295e+01  -8.00000e+01
          3578   3.57800e+03   3.37230e-01  -7.81834e+01  -8.00000e+01
          3579   3.57900e+03   3.35837e-01  -7.82370e+01  -8.00000e+01
          3580   3.58000e+03   3.34445e-01  -7.82904e+01  -8.00000e+01
          3581   3.58100e+03   3.33077e-01  -7.83436e+01  -8.00000e+01
          3582   3.58200e+03   3.31737e-01  -7.83966e+01  -8.00000e+01
          3583   3.58300e+03   3.30454e-01  -7.84494e+01  -8.00000e+01
          3584   3.58400e+03   3.29055e-01  -7.85020e+01  -8.00000e+01
          3585   3.58500e+03   3.27652e-01  -7.85544e+01  -8.00000e+01
          3586   3.58600e+03   3.26358e-01  -7.86066e+01  -8.00000e+01
          3587   3.58700e+03   3.25036e-01  -7.86586e+01  -8.00000e+01
          3588   3.58800e+03   3.23779e-01  -7.87104e+01  -8.00000e+01
          3589   3.58900e+03   3.22462e-01  -7.87620e+01  -8.00000e+01
          3590   3.59000e+03   3.21193e-01  -7.88134e+01  -8.00000e+01
          3591   3.59100e+03   3.20071e-01  -7.88646e+01  -8.00000e+01
          3592   3.59200e+03   3.18876e-01  -7.89156e+01  -8.00000e+01
          3593   3.59300e+03   3.17737e-01  -7.89664e+01  -8.00000e+01
          3594   3.59400e+03   3.16488e-01  -7.90170e+01  -8.00000e+01
          3595   3.59500e+03   3.14994e-01  -7.90673e+01  -8.00000e+01
          3596   3.59600e+03   3.13726e-01  -7.91176e+01  -8.00000e+01
          3597   3.59700e+03   3.12629e-01  -7.91676e+01  -8.00000e+01
          3598   3.59800e+03   3.10198e-01  -7.92174e+01  -8.00000e+01
          3599   3.59900e+03   3.07727e-01  -7.92670e+01  -8.00000e+01
          3600   3.60000e+03   3.05778e-01  -7.93159e+01  -8.00000e+01
          3601   3.60100e+03   3.02251e-01  -7.93631e+01  -8.00000e+01
          3602   3.60200e+03   3.00933e-01  -7.94082e+01  -8.00000e+01
          3603   3.60300e+03   2.99738e-01  -7.94507e+01  -8.00000e+01
          3604   3.60400e+03   2.96118e-01  -7.94906e+01  -8.00000e+01
          3605   3.60500e+03   2.89547e-01  -7.95276e+01  -8.00000e+01
          3606   3.60600e+03   2.80444e-01  -7.95620e+01  -8.00000e+01
          3607   3.60700e+03   2.69075e-01  -7.95937e+01  -8.00000e+01
          3608   3.60800e+03   2.56452e-01  -7.96229e+01  -8.00000e+01
          3609   3.60900e+03   2.41753e-01  -7.96497e+01  -8.00000e+01
          3610   3.61000e+03   2.28191e-01  -7.96744e+01  -8.00000e+01
          3611   3.61100e+03   2.14950e-01  -7.96969e+01  -8.00000e+01
          3612   3.61200e+03   2.01186e-01  -7.97176e+01  -8.00000e+01
          3613   3.61300e+03   1.87450e-01  -7.97365e+01  -8.00000e+01
          3614   3.61400e+03   1.75116e-01  -7.97539e+01  -8.00000e+01
          3615   3.61500e+03   1.63185e-01  -7.97698e+01  -8.00000e+01
          3616   3.61600e+03   1.52184e-01  -7.97843e+01  -8.00000e+01
          3617   3.61700e+03   1.42054e-01  -7.97978e+01  -8.00000e+01
          3618   3.61800e+03   1.32964e-01  -7.98100e+01  -8.00000e+01
          3619   3.61900e+03   1.24436e-01  -7.98214e+01  -8.00000e+01
          3620   3.62000e+03   1.16616e-01  -7.98318e+01  -8.00000e+01
          3621   3.62100e+03   1.10039e-01  -7.98415e+01  -8.00000e+01
          3622   3.62200e+03   1.03421e-01  -7.98505e+01  -8.00000e+01
          3623   3.62300e+03   9.67993e-02  -7.98587e+01  -8.00000e+01
          3624   3.62400e+03   9.14868e-02  -7.98664e+01  -8.00000e+01
          3625   3.62500e+03   8.71740e-02  -7.98735e+01  -8.00000e+01
          3626   3.62600e+03   8.26901e-02  -7.98801e+01  -8.00000e+01
          3627   3.62700e+03   7.86130e-02  -7.98864e+01  -8.00000e+01
          3628   3.62800e+03   7.52852e-02  -7.98922e+01  -8.00000e+01
          3629   3.62900e+03   7.19366e-02  -7.98976e+01  -8.00000e+01
          3630   3.63000e+03   6.88240e-02  -7.99027e+01  -8.00000e+01
          3631   3.63100e+03   6.58698e-02  -7.99075e+01  -8.00000e+01
          3632   3.63200e+03   6.31235e-02  -7.99119e+01  -8.00000e+01
          3633   3.63300e+03   6.07347e-02  -7.99162e+01  -8.00000e+01
          3634   3.63400e+03   5.84553e-02  -7.99202e+01  -8.00000e+01
          3635   3.63500e+03   5.64213e-02  -7.99239e+01  -8.00000e+01
          3636   3.63600e+03   5.45516e-02  -7.99275e+01  -8.00000e+01
          3637   3.63700e+03   5.27092e-02  -7.99308e+01  -8.00000e+01
          3638   3.63800e+03   5.09931e-02  -7.99341e+01  -8.00000e+01
          3639   3.63900e+03   4.94527e-02  -7.99370e+01  -8.00000e+01
          3640   3.64000e+03   4.79970e-02  -7.99399e+01  -8.00000e+01
          3641   3.64100e+03   4.66358e-02  -7.99427e+01  -8.00000e+01
          3642   3.64200e+03   4.52303e-02  -7.99453e+01  -8.00000e+01
          3643   3.64300e+03   4.41280e-02  -7.99477e+01  -8.00000e+01
          3644   3.64400e+03   4.29858e-02  -7.99501e+01  -8.00000e+01
          3645   3.64500e+03   4.20779e-02  -7.99523e+01  -8.00000e+01
          3646   3.64600e+03   4.12051e-02  -7.99545e+01  -8.00000e+01
          3647   3.64700e+03   4.03385e-02  -7.99565e+01  -8.00000e+01
          3648   3.64800e+03   3.95201e-02  -7.99584e+01  -8.00000e+01
          3649   3.64900e+03   3.86930e-02  -7.99603e+01  -8.00000e+01
          3650   3.65000e+03   3.79571e-02  -7.99621e+01  -8.00000e+01
          3651   3.65100e+03   3.73165e-02  -7.99638e+01  -8.00000e+01
          3652   3.65200e+03   3.66507e-02  -7.99654e+01  -8.00000e+01
          3653   3.65300e+03   3.61089e-02  -7.99669e+01  -8.00000e+01
          3654   3.65400e+03   3.54554e-02  -7.99684e+01  -8.00000e+01
          3655   3.65500e+03   3.48692e-02  -7.99698e+01  -8.00000e+01
          3656   3.65600e+03   3.43275e-02  -7.99711e+01  -8.00000e+01
          3657   3.65700e+03   3.38422e-02  -7.99724e+01  -8.00000e+01
          3658   3.65800e+03   3.33299e-02  -7.99736e+01  -8.00000e+01
          3659   3.65900e+03   3.28237e-02  -7.99748e+01  -8.00000e+01
          3660   3.66000e+03   3.23561e-02  -7.99760e+01  -8.00000e+01
          3661   3.66100e+03   3.18848e-02  -7.99770e+01  -8.00000e+01
          3662   3.66200e+03   3.12504e-02  -7.99781e+01  -8.00000e+01
          3663   3.66300e+03   3.07173e-02  -7.99791e+01  -8.00000e+01
          3664   3.66400e+03   3.02932e-02  -7.99800e+01  -8.00000e+01
          3665   3.66500e+03   3.00361e-02  -7.99809e+01  -8.00000e+01
          3666   3.66600e+03   2.96274e-02  -7.99818e+01  -8.00000e+01
          3667   3.66700e+03   2.94098e-02  -7.99827e+01  -8.00000e+01
          3668   3.66800e+03   2.91865e-02  -7.99834e+01  -8.00000e+01
          3669   3.66900e+03   2.90091e-02  -7.99841e+01  -8.00000e+01
          3670   3.67000e+03   2.87906e-02  -7.99849e+01  -8.00000e+01
          3671   3.67100e+03   2.85464e-02  -7.99856e+01  -8.00000e+01
          3672   3.67200e+03   2.83409e-02  -7.99862e+01  -8.00000e+01
          3673   3.67300e+03   2.80950e-02  -7.99869e+01  -8.00000e+01
          3674   3.67400e+03   2.76143e-02  -7.99875e+01  -8.00000e+01
          3675   3.67500e+03   2.74455e-02  -7.99881e+01  -8.00000e+01
          3676   3.67600e+03   2.71729e-02  -7.99886e+01  -8.00000e+01
          3677   3.67700e+03   2.69169e-02  -7.99891e+01  -8.00000e+01
          3678   3.67800e+03   2.65604e-02  -7.99897e+01  -8.00000e+01
          3679   3.67900e+03   2.61974e-02  -7.99901e+01  -8.00000e+01
          3680   3.68000e+03   2.59499e-02  -7.99906e+01  -8.00000e+01
          3681   3.68100e+03   2.59613e-02  -7.99911e+01  -8.00000e+01
          3682   3.68200e+03   2.57793e-02  -7.99915e+01  -8.00000e+01
          3683   3.68300e+03   2.56880e-02  -7.99919e+01  -8.00000e+01
          3684   3.68400e+03   2.54546e-02  -7.99923e+01  -8.00000e+01
          3685   3.68500e+03   2.52334e-02  -7.99926e+01  -8.00000e+01
          3686   3.68600e+03   2.50780e-02  -7.99930e+01  -8.00000e+01
          3687   3.68700e+03   2.50208e-02  -7.99933e+01  -8.00000e+01
          3688   3.68800e+03   2.49882e-02  -7.99936e+01  -8.00000e+01
          3689   3.68900e+03   2.48881e-02  -7.99939e+01  -8.00000e+01
          3690   3.69000e+03   2.44551e-02  -7.99942e+01  -8.00000e+01
          3691   3.69100e+03   2.42190e-02  -7.99945e+01  -8.00000e+01
          3692   3.69200e+03   2.41697e-02  -7.99947e+01  -8.00000e+01
          3693   3.69300e+03   2.39972e-02  -7.99950e+01  -8.00000e+01
          3694   3.69400e+03   2.38785e-02  -7.99953e+01  -8.00000e+01
          3695   3.69500e+03   2.36794e-02  -7.99955e+01  -8.00000e+01
          3696   3.69600e+03   2.35489e-02  -7.99957e+01  -8.00000e+01
          3697   3.69700e+03   2.34347e-02  -7.99959e+01  -8.00000e+01
          3698   3.69800e+03   2.33224e-02  -7.99961e+01  -8.00000e+01
          3699   3.69900e+03   2.33424e-02  -7.99963e+01  -8.00000e+01
          3700   3.70000e+03   2.32503e-02  -7.99964e+01  -8.00000e+01
          3701   3.70100e+03   2.30840e-02  -7.99966e+01  -8.00000e+01
          3702   3.70200e+03   2.29594e-02  -7.99967e+01  -8.00000e+01
          3703   3.70300e+03   2.28365e-02  -7.99969e+01  -8.00000e+01
          3704   3.70400e+03   2.28035e-02  -7.99970e+01  -8.00000e+01
          3705   3.70500e+03   2.27877e-02  -7.99972e+01  -8.00000e+01
          3706   3.70600e+03   2.27815e-02  -7.99973e+01  -8.00000e+01
          3707   3.70700e+03   2.27227e-02  -7.99974e+01  -8.00000e+01
          3708   3.70800e+03   2.25725e-02  -7.99975e+01  -8.00000e+01
          3709   3.70900e+03   2.25288e-02  -7.99976e+01  -8.00000e+01
          3710   3.71000e+03   2.25314e-02  -7.99977e+01  -8.00000e+01
          3711   3.71100e+03   2.24014e-02  -7.99978e+01  -8.00000e+01
          3712   3.71200e+03   2.24234e-02  -7.99979e+01  -8.00000e+01
          3713   3.71300e+03   2.24858e-02  -7.99979e+01  -8.00000e+01
          3714   3.71400e+03   2.24146e-02  -7.99980e+01  -8.00000e+01
          3715   3.71500e+03   2.24049e-02  -7.99981e+01  -8.00000e+01
          3716   3.71600e+03   2.23604e-02  -7.99981e+01  -8.00000e+01
          3717   3.71700e+03   2.23454e-02  -7.99981e+01  -8.00000e+01
          3718   3.71800e+03   2.24376e-02  -7.99982e+01  -8.00000e+01
          3719   3.71900e+03   2.23046e-02  -7.99982e+01  -8.00000e+01
          3720   3.72000e+03   2.22858e-02  -7.99983e+01  -8.00000e+01
          3721   3.72100e+03   2.20967e-02  -7.99983e+01  -8.00000e+01
          3722   3.72200e+03   2.19462e-02  -7.99983e+01  -8.00000e+01
          3723   3.72300e+03   2.19207e-02  -7.99984e+01  -8.00000e+01
          3724   3.72400e+03   2.18348e-02  -7.99984e+01  -8.00000e+01
          3725   3.72500e+03   2.17439e-02  -7.99984e+01  -8.00000e+01
          3726   3.72600e+03   2.16042e-02  -7.99984e+01  -8.00000e+01
          3727   3.72700e+03   2.13765e-02  -7.99984e+01  -8.00000e+01
          3728   3.72800e+03   2.13393e-02  -7.99985e+01  -8.00000e+01
          3729   3.72900e+03   2.14238e-02  -7.99985e+01  -8.00000e+01
          3730   3.73000e+03   2.15466e-02  -7.99985e+01  -8.00000e+01
          3731   3.73100e+03   2.15343e-02  -7.99985e+01  -8.00000e+01
          3732   3.73200e+03   2.14225e-02  -7.99985e+01  -8.00000e+01
          3733   3.73300e+03   2.13570e-02  -7.99985e+01  -8.00000e+01
          3734   3.73400e+03   2.14326e-02  -7.99985e+01  -8.00000e+01
          3735   3.73500e+03   2.15702e-02  -7.99985e+01  -8.00000e+01
          3736   3.73600e+03   2.16712e-02  -7.99985e+01  -8.00000e+01
          3737   3.73700e+03   2.17257e-02  -7.99984e+01  -8.00000e+01
          3738   3.73800e+03   2.16517e-02  -7.99984e+01  -8.00000e+01
          3739   3.73900e+03   2.15933e-02  -7.99984e+01  -8.00000e+01
          3740   3.74000e+03   2.15521e-02  -7.99984e+01  -8.00000e+01
          3741   3.74100e+03   2.15530e-02  -7.99984e+01  -8.00000e+01
          3742   3.74200e+03   2.15106e-02  -7.99984e+01  -8.00000e+01
          3743   3.74300e+03   2.14716e-02  -7.99983e+01  -8.00000e+01
          3744   3.74400e+03   2.13849e-02  -7.99983e+01  -8.00000e+01
          3745   3.74500e+03   2.13586e-02  -7.99983e+01  -8.00000e+01
          3746   3.74600e+03   2.12406e-02  -7.99983e+01  -8.00000e+01
          3747   3.74700e+03   2.11740e-02  -7.99983e+01  -8.00000e+01
          3748   3.74800e+03   2.10837e-02  -7.99983e+01  -8.00000e+01
          3749   3.74900e+03   2.09084e-02  -7.99982e+01  -8.00000e+01
          3750   3.75000e+03   2.07143e-02  -7.99982e+01  -8.00000e+01
          3751   3.75100e+03   2.06466e-02  -7.99982e+01  -8.00000e+01
          3752   3.75200e+03   2.05431e-02  -7.99982e+01  -8.00000e+01
          3753   3.75300e+03   2.04158e-02  -7.99982e+01  -8.00000e+01
          3754   3.75400e+03   2.02192e-02  -7.99981e+01  -8.00000e+01
          3755   3.75500e+03   2.01893e-02  -7.99980e+01  -8.00000e+01
          3756   3.75600e+03   2.03518e-02  -7.99980e+01  -8.00000e+01
          3757   3.75700e+03   2.04459e-02  -7.99980e+01  -8.00000e+01
          3758   3.75800e+03   2.05857e-02  -7.99980e+01  -8.00000e+01
          3759   3.75900e+03   2.06551e-02  -7.99979e+01  -8.00000e+01
          3760   3.76000e+03   2.06217e-02  -7.99978e+01  -8.00000e+01
          3761   3.76100e+03   2.06956e-02  -7.99978e+01  -8.00000e+01
          3762   3.76200e+03   2.08026e-02  -7.99978e+01  -8.00000e+01
          3763   3.76300e+03   2.08591e-02  -7.99978e+01  -8.00000e+01
          3764   3.76400e+03   2.07828e-02  -7.99978e+01  -8.00000e+01
          3765   3.76500e+03   2.05436e-02  -7.99977e+01  -8.00000e+01
          3766   3.76600e+03   2.05429e-02  -7.99977e+01  -8.00000e+01
          3767   3.76700e+03   2.04024e-02  -7.99977e+01  -8.00000e+01
          3768   3.76800e+03   2.03397e-02  -7.99976e+01  -8.00000e+01
          3769   3.76900e+03   2.03038e-02  -7.99976e+01  -8.00000e+01
          3770   3.77000e+03   2.01555e-02  -7.99975e+01  -8.00000e+01
          3771   3.77100e+03   2.00712e-02  -7.99975e+01  -8.00000e+01
          3772   3.77200e+03   2.01785e-02  -7.99975e+01  -8.00000e+01
          3773   3.77300e+03   2.03154e-02  -7.99974e+01  -8.00000e+01
          3774   3.77400e+03   2.02091e-02  -7.99974e+01  -8.00000e+01
          3775   3.77500e+03   2.03765e-02  -7.99974e+01  -8.00000e+01
          3776   3.77600e+03   2.12547e-02  -7.99973e+01  -8.00000e+01
          3777   3.77700e+03  -2.92069e-02  -7.99977e+01  -8.00000e+01
          3778   3.77800e+03  -1.65364e-01  -7.99872e+01  -8.00000e+01
          3779   3.77900e+03  -1.09046e-01  -7.99355e+01  -8.00000e+01
          3780   3.78000e+03   2.53733e-02  -7.98406e+01  -8.00000e+01
          3781   3.78100e+03   6.09251e-02  -7.97150e+01  -7.98333e+01
          3782   3.78200e+03  -3.58727e-02  -7.95695e+01  -7.96667e+01
          3783   3.78300e+03  -2.01400e-01  -7.94103e+01  -7.95000e+01
          3784   3.78400e+03  -3.84594e-01  -7.92418e+01  -7.93333e+01
          3785   3.78500e+03  -5.51336e-01  -7.90668e+01  -7.91667e+01
          3786   3.78600e+03  -6.87355e-01  -7.88876e+01  -7.90000e+01
          3787   3.78700e+03  -7.92867e-01  -7.87060e+01  -7.88333e+01
          3788   3.78800e+03  -8.70473e-01  -7.85233e+01  -7.86667e+01
          3789   3.78900e+03  -9.25577e-01  -7.83406e+01  -7.85000e+01
          3790   3.79000e+03  -9.64896e-01  -7.81586e+01  -7.83333e+01
          3791   3.79100e+03  -9.88665e-01  -7.79778e+01  -7.81667e+01
          3792   3.79200e+03  -1.00282e+00  -7.77985e+01  -7.80000e+01
          3793   3.79300e+03  -1.00840e+00  -7.76208e+01  -7.78333e+01
          3794   3.79400e+03  -1.01285e+00  -7.74448e+01  -7.76667e+01
          3795   3.79500e+03  -1.01006e+00  -7.72704e+01  -7.75000e+01
          3796   3.79600e+03  -1.00600e+00  -7.70975e+01  -7.73333e+01
          3797   3.79700e+03  -9.99926e-01  -7.69262e+01  -7.71667e+01
          3798   3.79800e+03  -9.93560e-01  -7.67562e+01  -7.70000e+01
          3799   3.79900e+03  -9.87652e-01  -7.65874e+01  -7.68333e+01
          3800   3.80000e+03  -9.81651e-01  -7.64197e+01  -7.66667e+01
          3801   3.80100e+03  -9.75331e-01  -7.62530e+01  -7.65000e+01
          3802   3.80200e+03  -9.70085e-01  -7.60871e+01  -7.63333e+01
          3803   3.80300e+03  -9.65743e-01  -7.59220e+01  -7.61667e+01
          3804   3.80400e+03  -9.61775e-01  -7.57576e+01  -7.60000e+01
          3805   3.80500e+03  -9.59030e-01  -7.55937e+01  -7.58333e+01
          3806   3.80600e+03  -9.56410e-01  -7.54302e+01  -7.56667e+01
          3807   3.80700e+03  -9.53797e-01  -7.52671e+01  -7.55000e+01
          3808   3.80800e+03  -9.52209e-01  -7.51043e+01  -7.53333e+01
          3809   3.80900e+03  -9.51283e-01  -7.49419e+01  -7.51667e+01
          3810   3.81000e+03  -9.50560e-01  -7.47796e+01  -7.50000e+01
          3811   3.81100e+03  -9.50593e-01  -7.46173e+01  -7.48333e+01
          3812   3.81200e+03  -9.50441e-01  -7.44553e+01  -7.46667e+01
          3813   3.81300e+03  -9.50285e-01  -7.42934e+01  -7.45000e+01
          3814   3.81400e+03  -9.50989e-01  -7.41315e+01  -7.43333e+01
          3815   3.81500e+03  -9.51555e-01  -7.39696e+01  -7.41667e+01
          3816   3.81600e+03  -9.52557e-01  -7.38077e+01  -7.40000e+01
          3817   3.81700e+03  -9.53661e-01  -7.36459e+01  -7.38333e+01
          3818   3.81800e+03  -9.54976e-01  -7.34840e+01  -7.36667e+01
          3819   3.81900e+03  -9.56531e-01  -7.33220e+01  -7.35000e+01
          3820   3.82000e+03  -9.58195e-01  -7.31600e+01  -7.33333e+01
          3821   3.82100e+03  -9.59871e-01  -7.29980e+01  -7.31667e+01
          3822   3.82200e+03  -9.61594e-01  -7.28359e+01  -7.30000e+01
          3823   3.82300e+03  -9.63520e-01  -7.26737e+01  -7.28333e+01
          3824   3.82400e+03  -9.65384e-01  -7.25114e+01  -7.26667e+01
          3825   3.82500e+03  -9.67189e-01  -7.23489e+01  -7.25000e+01
          3826   3.82600e+03  -9.69130e-01  -7.21864e+01  -7.23333e+01
          3827   3.82700e+03  -9.71065e-01  -7.20239e+01  -7.21667e+01
          3828   3.82800e+03  -9.72990e-01  -7.18612e+01  -7.20000e+01
          3829   3.82900e+03  -9.74966e-01  -7.16984e+01  -7.18333e+01
          3830   3.83000e+03  -9.76932e-01  -7.15355e+01  -7.16667e+01
          3831   3.83100e+03  -9.78935e-01  -7.13726e+01  -7.15000e+01
          3832   3.83200e+03  -9.80980e-01  -7.12096e+01  -7.13333e+01
          3833   3.83300e+03  -9.83050e-01  -7.10464e+01  -7.11667e+01
          3834   3.83400e+03  -9.85230e-01  -7.08832e+01  -7.10000e+01
          3835   3.83500e+03  -9.87284e-01  -7.07198e+01  -7.08333e+01
          3836   3.83600e+03  -9.89292e-01  -7.05564e+01  -7.06667e+01
          3837   3.83700e+03  -9.91089e-01  -7.03929e+01  -7.05000e+01
          3838   3.83800e+03  -9.92914e-01  -7.02294e+01  -7.03333e+01
          3839   3.83900e+03  -9.95038e-01  -7.00657e+01  -7.01667e+01
          3840   3.84000e+03  -9.97029e-01  -6.99019e+01  -7.00000e+01
          3841   3.84100e+03  -9.98926e-01  -6.97380e+01  -6.98333e+01
          3842   3.84200e+03  -1.00088e+00  -6.95741e+01  -6.96667e+01
          3843   3.84300e+03  -1.00277e+00  -6.94101e+01  -6.95000e+01
          3844   3.84400e+03  -1.00471e+00  -6.92460e+01  -6.93333e+01
          3845   3.84500e+03  -1.00659e+00  -6.90819e+01  -6.91667e+01
          3846   3.84600e+03  -1.00862e+00  -6.89177e+01  -6.90000e+01
          3847   3.84700e+03  -1.01051e+00  -6.87534e+01  -6.88333e+01
          3848   3.84800e+03  -1.01238e+00  -6.85891e+01  -6.86667e+01
          3849   3.84900e+03  -1.01432e+00  -6.84246e+01  -6.85000e+01
          3850   3.85000e+03  -1.01624e+00  -6.82601e+01  -6.83333e+01
          3851   3.85100e+03  -1.01810e+00  -6.80955e+01  -6.81667e+01
          3852   3.85200e+03  -1.01994e+00  -6.79309e+01  -6.80000e+01
          3853   3.85300e+03  -1.02172e+00  -6.77662e+01  -6.78333e+01
          3854   3.85400e+03  -1.02353e+00  -6.76014e+01  -6.76667e+01
          3855   3.85500e+03  -1.02532e+00  -6.74366e+01  -6.75000e+01
          3856   3.85600e+03  -1.02725e+00  -6.72718e+01  -6.73333e+01
          3857   3.85700e+03  -1.02903e+00  -6.71068e+01  -6.71667e+01
          3858   3.85800e+03  -1.03087e+00  -6.69418e+01  -6.70000e+01
          3859   3.85900e+03  -1.03267e+00  -6.67768e+01  -6.68333e+01
          3860   3.86000e+03  -1.03449e+00  -6.66118e+01  -6.66667e+01
          3861   3.86100e+03  -1.03634e+00  -6.64467e+01  -6.65000e+01
          3862   3.86200e+03  -1.03822e+00  -6.62816e+01  -6.63333e+01
          3863   3.86300e+03  -1.04002e+00  -6.61163e+01  -6.61667e+01
          3864   3.86400e+03  -1.04187e+00  -6.59511e+01  -6.60000e+01
          3865   3.86500e+03  -1.04364e+00  -6.57858e+01  -6.58333e+01
          3866   3.86600e+03  -1.04542e+00  -6.56204e+01  -6.56667e+01
          3867   3.86700e+03  -1.04721e+00  -6.54550e+01  -6.55000e+01
          3868   3.86800e+03  -1.04892e+00  -6.52896e+01  -6.53333e+01
          3869   3.86900e+03  -1.05069e+00  -6.51242e+01  -6.51667e+01
          3870   3.87000e+03  -1.05256e+00  -6.49587e+01  -6.50000e+01
          3871   3.87100e+03  -1.05440e+00  -6.47932e+01  -6.48333e+01
          3872   3.87200e+03  -1.05624e+00  -6.46276e+01  -6.46667e+01
          3873   3.87300e+03  -1.05788e+00  -6.44620e+01  -6.45000e+01
          3874   3.87400e+03  -1.05965e+00  -6.42965e+01  -6.43333e+01
          3875   3.87500e+03  -1.06140e+00  -6.41308e+01  -6.41667e+01
          3876   3.87600e+03  -1.06313e+00  -6.39651e+01  -6.40000e+01
          3877   3.87700e+03  -1.06490e+00  -6.37993e+01  -6.38333e+01
          3878   3.87800e+03  -1.06654e+00  -6.36336e+01  -6.36667e+01
          3879   3.87900e+03  -1.06812e+00  -6.34678e+01  -6.35000e+01
          3880   3.88000e+03  -1.06983e+00  -6.33020e+01  -6.33333e+01
          3881   3.88100e+03  -1.07144e+00  -6.31361e+01  -6.31667e+01
          3882   3.88200e+03  -1.07325e+00  -6.29702e+01  -6.30000e+01
          3883   3.88300e+03  -1.07504e+00  -6.28043e+01  -6.28333e+01
          3884   3.88400e+03  -1.07680e+00  -6.26385e+01  -6.26667e+01
          3885   3.88500e+03  -1.07857e+00  -6.24725e+01  -6.25000e+01
          3886   3.88600e+03  -1.08032e+00  -6.23065e+01  -6.23333e+01
          3887   3.88700e+03  -1.08219e+00  -6.21406e+01  -6.21667e+01
          3888   3.88800e+03  -1.08407e+00  -6.19746e+01  -6.20000e+01
          3889   3.88900e+03  -1.08590e+00  -6.18086e+01  -6.18333e+01
          3890   3.89000e+03  -1.08778e+00  -6.16426e+01  -6.16667e+01
          3891   3.89100e+03  -1.08962e+00  -6.14766e+01  -6.15000e+01
          3892   3.89200e+03  -1.09137e+00  -6.13106e+01  -6.13333e+01
          3893   3.89300e+03  -1.09315e+00  -6.11445e+01  -6.11667e+01
          3894   3.89400e+03  -1.09493e+00  -6.09784e+01  -6.10000e+01
          3895   3.89500e+03  -1.09691e+00  -6.08123e+01  -6.08333e+01
          3896   3.89600e+03  -1.09876e+00  -6.06462e+01  -6.06667e+01
          3897   3.89700e+03  -1.10059e+00  -6.04800e+01  -6.05000e+01
          3898   3.89800e+03  -1.10236e+00  -6.03139e+01  -6.03333e+01
          3899   3.89900e+03  -1.10434e+00  -6.01478e+01  -6.01667e+01
          3900   3.90000e+03  -1.10634e+00  -5.99815e+01  -6.00000e+01
          3901   3.90100e+03  -1.10831e+00  -5.98153e+01  -5.98333e+01
          3902   3.90200e+03  -1.11028e+00  -5.96491e+01  -5.96667e+01
          3903   3.90300e+03  -1.11221e+00  -5.94829e+01  -5.95000e+01
          3904   3.90400e+03  -1.11419e+00  -5.93167e+01  -5.93333e+01
          3905   3.90500e+03  -1.11631e+00  -5.91505e+01  -5.91667e+01
          3906   3.90600e+03  -1.11833e+00  -5.89842e+01  -5.90000e+01
          3907   3.90700e+03  -1.12045e+00  -5.88179e+01  -5.88333e+01
          3908   3.90800e+03  -1.12253e+00  -5.86517e+01  -5.86667e+01
          3909   3.90900e+03  -1.12457e+00  -5.84854e+01  -5.85000e+01
          3910   3.91000e+03  -1.12671e+00  -5.83191e+01  -5.83333e+01
          3911   3.91100e+03  -1.12888e+00  -5.81528e+01  -5.81667e+01
          3912   3.91200e+03  -1.13100e+00  -5.79865e+01  -5.80000e+01
          3913   3.91300e+03  -1.13307e+00  -5.78201e+01  -5.78333e+01
          3914   3.91400e+03  -1.13517e+00  -5.76538e+01  -5.76667e+01
          3915   3.91500e+03  -1.13733e+00  -5.74875e+01  -5.75000e+01
          3916   3.91600e+03  -1.13956e+00  -5.73212e+01  -5.73333e+01
          3917   3.91700e+03  -1.14187e+00  -5.71548e+01  -5.71667e+01
          3918   3.91800e+03  -1.14415e+00  -5.69885e+01  -5.70000e+01
          3919   3.91900e+03  -1.14642e+00  -5.68222e+01  -5.68333e+01
          3920   3.92000e+03  -1.14862e+00  -5.66558e+01  -5.66667e+01
          3921   3.92100e+03  -1.15108e+00  -5.64895e+01  -5.65000e+01
          3922   3.92200e+03  -1.15353e+00  -5.63231e+01  -5.63333e+01
          3923   3.92300e+03  -1.15592e+00  -5.61567e+01  -5.61667e+01
          3924   3.92400e+03  -1.15832e+00  -5.59903e+01  -5.60000e+01
          3925   3.92500e+03  -1.16074e+00  -5.58240e+01  -5.58333e+01
          3926   3.92600e+03  -1.16320e+00  -5.56576e+01  -5.56667e+01
          3927   3.92700e+03  -1.16570e+00  -5.54911e+01  -5.55000e+01
          3928   3.92800e+03  -1.16823e+00  -5.53247e+01  -5.53333e+01
          3929   3.92900e+03  -1.17095e+00  -5.51583e+01  -5.51667e+01
          3930   3.93000e+03  -1.17367e+00  -5.49920e+01  -5.50000e+01
          3931   3.93100e+03  -1.17636e+00  -5.48256e+01  -5.48333e+01
          3932   3.93200e+03  -1.17911e+00  -5.46591e+01  -5.46667e+01
          3933   3.93300e+03  -1.18200e+00  -5.44928e+01  -5.45000e+01
          3934   3.93400e+03  -1.18484e+00  -5.43264e+01  -5.43333e+01
          3935   3.93500e+03  -1.18765e+00  -5.41599e+01  -5.41667e+01
          3936   3.93600e+03  -1.19044e+00  -5.39935e+01  -5.40000e+01
          3937   3.93700e+03  -1.19336e+00  -5.38270e+01  -5.38333e+01
          3938   3.93800e+03  -1.19625e+00  -5.36605e+01  -5.36667e+01
          3939   3.93900e+03  -1.19910e+00  -5.34941e+01  -5.35000e+01
          3940   3.94000e+03  -1.20215e+00  -5.33276e+01  -5.33333e+01
          3941   3.94100e+03  -1.20537e+00  -5.31612e+01  -5.31667e+01
          3942   3.94200e+03  -1.20865e+00  -5.29947e+01  -5.30000e+01
          3943   3.94300e+03  -1.21206e+00  -5.28283e+01  -5.28333e+01
          3944   3.94400e+03  -1.21570e+00  -5.26619e+01  -5.26667e+01
          3945   3.94500e+03  -1.21963e+00  -5.24955e+01  -5.25000e+01
          3946   3.94600e+03  -1.22365e+00  -5.23290e+01  -5.23333e+01
          3947   3.94700e+03  -1.22782e+00  -5.21626e+01  -5.21667e+01
          3948   3.94800e+03  -1.23229e+00  -5.19963e+01  -5.20000e+01
          3949   3.94900e+03  -1.23684e+00  -5.18299e+01  -5.18333e+01
          3950   3.95000e+03  -1.24145e+00  -5.16635e+01  -5.16667e+01
          3951   3.95100e+03  -1.24623e+00  -5.14970e+01  -5.15000e+01
          3952   3.95200e+03  -1.25116e+00  -5.13307e+01  -5.13333e+01
          3953   3.95300e+03  -1.25621e+00  -5.11643e+01  -5.11667e+01
          3954   3.95400e+03  -1.26143e+00  -5.09979e+01  -5.10000e+01
          3955   3.95500e+03  -1.26683e+00  -5.08315e+01  -5.08333e+01
          3956   3.95600e+03  -1.27236e+00  -5.06651e+01  -5.06667e+01
          3957   3.95700e+03  -1.27788e+00  -5.04987e+01  -5.05000e+01
          3958   3.95800e+03  -1.28362e+00  -5.03324e+01  -5.03333e+01
          3959   3.95900e+03  -1.28951e+00  -5.01660e+01  -5.01667e+01
          3960   3.96000e+03  -1.29549e+00  -4.99996e+01  -5.00000e+01
          3961   3.96100e+03  -1.30161e+00  -4.98332e+01  -4.98333e+01
          3962   3.96200e+03  -1.30781e+00  -4.96669e+01  -4.96667e+01
          3963   3.96300e+03  -1.31402e+00  -4.95005e+01  -4.95000e+01
          3964   3.96400e+03  -1.32036e+00  -4.93341e+01  -4.93333e+01
          3965   3.96500e+03  -1.32683e+00  -4.91677e+01  -4.91667e+01
          3966   3.96600e+03  -1.33342e+00  -4.90013e+01  -4.90000e+01
          3967   3.96700e+03  -1.33995e+00  -4.88349e+01  -4.88333e+01
          3968   3.96800e+03  -1.34668e+00  -4.86686e+01  -4.86667e+01
          3969   3.96900e+03  -1.35349e+00  -4.85022e+01  -4.85000e+01
          3970   3.97000e+03  -1.36044e+00  -4.83358e+01  -4.83333e+01
          3971   3.97100e+03  -1.36744e+00  -4.81694e+01  -4.81667e+01
          3972   3.97200e+03  -1.37461e+00  -4.80031e+01  -4.80000e+01
          3973   3.97300e+03  -1.38179e+00  -4.78367e+01  -4.78333e+01
          3974   3.97400e+03  -1.38901e+00  -4.76704e+01  -4.76667e+01
          3975   3.97500e+03  -1.39634e+00  -4.75040e+01  -4.75000e+01
          3976   3.97600e+03  -1.40377e+00  -4.73377e+01  -4.73333e+01
          3977   3.97700e+03  -1.41095e+00  -4.71713e+01  -4.71667e+01
          3978   3.97800e+03  -1.41814e+00  -4.70049e+01  -4.70000e+01
          3979   3.97900e+03  -1.42536e+00  -4.68386e+01  -4.68333e+01
          3980   3.98000e+03  -1.43237e+00  -4.66722e+01  -4.66667e+01
          3981   3.98100e+03  -1.43920e+00  -4.65058e+01  -4.65000e+01
          3982   3.98200e+03  -1.44586e+00  -4.63394e+01  -4.63333e+01
          3983   3.98300e+03  -1.45228e+00  -4.61730e+01  -4.61667e+01
          3984   3.98400e+03  -1.45875e+00  -4.60066e+01  -4.60000e+01
          3985   3.98500e+03  -1.46469e+00  -4.58402e+01  -4.58333e+01
          3986   3.98600e+03  -1.47005e+00  -4.56738e+01  -4.56667e+01
          3987   3.98700e+03  -1.47546e+00  -4.55074e+01  -4.55000e+01
          3988   3.98800e+03  -1.48042e+00  -4.53409e+01  -4.53333e+01
          3989   3.98900e+03  -1.48516e+00  -4.51745e+01  -4.51667e+01
          3990   3.99000e+03  -1.48997e+00  -4.50080e+01  -4.50000e+01
          3991   3.99100e+03  -1.49377e+00  -4.48415e+01  -4.48333e+01
          3992   3.99200e+03  -1.49763e+00  -4.46750e+01  -4.46667e+01
          3993   3.99300e+03  -1.50125e+00  -4.45085e+01  -4.45000e+01
          3994   3.99400e+03  -1.50452e+00  -4.43420e+01  -4.43333e+01
          3995   3.99500e+03  -1.50746e+00  -4.41755e+01  -4.41667e+01
          3996   3.99600e+03  -1.51056e+00  -4.40089e+01  -4.40000e+01
          3997   3.99700e+03  -1.51297e+00  -4.38423e+01  -4.38333e+01
          3998   3.99800e+03  -1.51465e+00  -4.36758e+01  -4.36667e+01
          3999   3.99900e+03  -1.51656e+00  -4.35092e+01  -4.35000e+01
          4000   4.00000e+03  -1.51819e+00  -4.33426e+01  -4.33333e+01
          4001   4.00100e+03  -1.51974e+00  -4.31760e+01  -4.31667e+01
          4002   4.00200e+03  -1.52101e+00  -4.30095e+01  -4.30000e+01
          4003   4.00300e+03  -1.52205e+00  -4.28429e+01  -4.28333e+01
          4004   4.00400e+03  -1.52314e+00  -4.26763e+01  -4.26667e+01
          4005   4.00500e+03  -1.52409e+00  -4.25097e+01  -4.25000e+01
          4006   4.00600e+03  -1.52497e+00  -4.23431e+01  -4.23333e+01
          4007   4.00700e+03  -1.52565e+00  -4.21765e+01  -4.21667e+01
          4008   4.00800e+03  -1.52637e+00  -4.20099e+01  -4.20000e+01
          4009   4.00900e+03  -1.52705e+00  -4.18433e+01  -4.18333e+01
          4010   4.01000e+03  -1.52758e+00  -4.16766e+01  -4.16667e+01
          4011   4.01100e+03  -1.52820e+00  -4.15100e+01  -4.15000e+01
          4012   4.01200e+03  -1.52882e+00  -4.13435e+01  -4.13333e+01
          4013   4.01300e+03  -1.52935e+00  -4.11769e+01  -4.11667e+01
          4014   4.01400e+03  -1.52994e+00  -4.10103e+01  -4.10000e+01
          4015   4.01500e+03  -1.53058e+00  -4.08437e+01  -4.08333e+01
          4016   4.01600e+03  -1.53120e+00  -4.06772e+01  -4.06667e+01
          4017   4.01700e+03  -1.53181e+00  -4.05106e+01  -4.05000e+01
          4018   4.01800e+03  -1.53235e+00  -4.03440e+01  -4.03333e+01
          4019   4.01900e+03  -1.53307e+00  -4.01774e+01  -4.01667e+01
          4020   4.02000e+03  -1.53374e+00  -4.00108e+01  -4.00000e+01
          4021   4.02100e+03  -1.53452e+00  -3.98442e+01  -3.98333e+01
          4022   4.02200e+03  -1.53531e+00  -3.96776e+01  -3.96667e+01
          4023   4.02300e+03  -1.53605e+00  -3.95111e+01  -3.95000e+01
          4024   4.02400e+03  -1.53688e+00  -3.93445e+01  -3.93333e+01
          4025   4.02500e+03  -1.53777e+00  -3.91779e+01  -3.91667e+01
          4026   4.02600e+03  -1.53860e+00  -3.90113e+01  -3.90000e+01
          4027   4.02700e+03  -1.53959e+00  -3.88447e+01  -3.88333e+01
          4028   4.02800e+03  -1.54055e+00  -3.86781e+01  -3.86667e+01
          4029   4.02900e+03  -1.54170e+00  -3.85115e+01  -3.85000e+01
          4030   4.03000e+03  -1.54277e+00  -3.83450e+01  -3.83333e+01
          4031   4.03100e+03  -1.54378e+00  -3.81784e+01  -3.81667e+01
          4032   4.03200e+03  -1.54489e+00  -3.80118e+01  -3.80000e+01
          4033   4.03300e+03  -1.54592e+00  -3.78453e+01  -3.78333e+01
          4034   4.03400e+03  -1.54693e+00  -3.76787e+01  -3.76667e+01
          4035   4.03500e+03  -1.54804e+00  -3.75121e+01  -3.75000e+01
          4036   4.03600e+03  -1.54912e+00  -3.73455e+01  -3.73333e+01
          4037   4.03700e+03  -1.55015e+00  -3.71789e+01  -3.71667e+01
          4038   4.03800e+03  -1.55116e+00  -3.70123e+01  -3.70000e+01
          4039   4.03900e+03  -1.55212e+00  -3.68457e+01  -3.68333e+01
          4040   4.04000e+03  -1.55323e+00  -3.66791e+01  -3.66667e+01
          4041   4.04100e+03  -1.55436e+00  -3.65125e+01  -3.65000e+01
          4042   4.04200e+03  -1.55549e+00  -3.63459e+01  -3.63333e+01
          4043   4.04300e+03  -1.55674e+00  -3.61794e+01  -3.61667e+01
          4044   4.04400e+03  -1.55788e+00  -3.60128e+01  -3.60000e+01
          4045   4.04500e+03  -1.55897e+00  -3.58462e+01  -3.58333e+01
          4046   4.04600e+03  -1.56011e+00  -3.56797e+01  -3.56667e+01
          4047   4.04700e+03  -1.56118e+00  -3.55131e+01  -3.55000e+01
          4048   4.04800e+03  -1.56228e+00  -3.53465e+01  -3.53333e+01
          4049   4.04900e+03  -1.56334e+00  -3.51800e+01  -3.51667e+01
          4050   4.05000e+03  -1.56446e+00  -3.50134e+01  -3.50000e+01
          4051   4.05100e+03  -1.56565e+00  -3.48468e+01  -3.48333e+01
          4052   4.05200e+03  -1.56678e+00  -3.46803e+01  -3.46667e+01
          4053   4.05300e+03  -1.56807e+00  -3.45137e+01  -3.45000e+01
          4054   4.05400e+03  -1.56935e+00  -3.43472e+01  -3.43333e+01
          4055   4.05500e+03  -1.57063e+00  -3.41806e+01  -3.41667e+01
          4056   4.05600e+03  -1.57211e+00  -3.40141e+01  -3.40000e+01
          4057   4.05700e+03  -1.57361e+00  -3.38476e+01  -3.38333e+01
          4058   4.05800e+03  -1.57520e+00  -3.36810e+01  -3.36667e+01
          4059   4.05900e+03  -1.57679e+00  -3.35145e+01  -3.35000e+01
          4060   4.06000e+03  -1.57837e+00  -3.33480e+01  -3.33333e+01
          4061   4.06100e+03  -1.57993e+00  -3.31814e+01  -3.31667e+01
          4062   4.06200e+03  -1.58141e+00  -3.30149e+01  -3.30000e+01
          4063   4.06300e+03  -1.58304e+00  -3.28483e+01  -3.28333e+01
          4064   4.06400e+03  -1.58462e+00  -3.26818e+01  -3.26667e+01
          4065   4.06500e+03  -1.58603e+00  -3.25152e+01  -3.25000e+01
          4066   4.06600e+03  -1.58748e+00  -3.23486e+01  -3.23333e+01
          4067   4.06700e+03  -1.58880e+00  -3.21821e+01  -3.21667e+01
          4068   4.06800e+03  -1.59012e+00  -3.20155e+01  -3.20000e+01
          4069   4.06900e+03  -1.59147e+00  -3.18489e+01  -3.18333e+01
          4070   4.07000e+03  -1.59287e+00  -3.16824e+01  -3.16667e+01
          4071   4.07100e+03  -1.59433e+00  -3.15158e+01  -3.15000e+01
          4072   4.07200e+03  -1.59566e+00  -3.13492e+01  -3.13333e+01
          4073   4.07300e+03  -1.59699e+00  -3.11826e+01  -3.11667e+01
          4074   4.07400e+03  -1.59833e+00  -3.10161e+01  -3.10000e+01
          4075   4.07500e+03  -1.59971e+00  -3.08495e+01  -3.08333e+01
          4076   4.07600e+03  -1.60109e+00  -3.06829e+01  -3.06667e+01
          4077   4.07700e+03  -1.60239e+00  -3.05163e+01  -3.05000e+01
          4078   4.07800e+03  -1.60365e+00  -3.03498e+01  -3.03333e+01
          4079   4.07900e+03  -1.60486e+00  -3.01832e+01  -3.01667e+01
          4080   4.08000e+03  -1.60605e+00  -3.00166e+01  -3.00000e+01
          4081   4.08100e+03  -1.60723e+00  -2.98500e+01  -2.98333e+01
          4082   4.08200e+03  -1.60846e+00  -2.96835e+01  -2.96667e+01
          4083   4.08300e+03  -1.60966e+00  -2.95169e+01  -2.95000e+01
          4084   4.08400e+03  -1.61073e+00  -2.93503e+01  -2.93333e+01
          4085   4.08500e+03  -1.61181e+00  -2.91837e+01  -2.91667e+01
          4086   4.08600e+03  -1.61299e+00  -2.90171e+01  -2.90000e+01
          4087   4.08700e+03  -1.61410e+00  -2.88506e+01  -2.88333e+01
          4088   4.08800e+03  -1.61519e+00  -2.86839e+01  -2.86667e+01
          4089   4.08900e+03  -1.61622e+00  -2.85173e+01  -2.85000e+01
          4090   4.09000e+03  -1.61730e+00  -2.83508e+01  -2.83333e+01
          4091   4.09100e+03  -1.61836e+00  -2.81842e+01  -2.81667e+01
          4092   4.09200e+03  -1.61934e+00  -2.80176e+01  -2.80000e+01
          4093   4.09300e+03  -1.62042e+00  -2.78510e+01  -2.78333e+01
          4094   4.09400e+03  -1.62146e+00  -2.76844e+01  -2.76667e+01
          4095   4.09500e+03  -1.62252e+00  -2.75177e+01  -2.75000e+01
          4096   4.09600e+03  -1.62358e+00  -2.73511e+01  -2.73333e+01
          4097   4.09700e+03  -1.62470e+00  -2.71845e+01  -2.71667e+01
          4098   4.09800e+03  -1.62577e+00  -2.70179e+01  -2.70000e+01
          4099   4.09900e+03  -1.62682e+00  -2.68513e+01  -2.68333e+01
          4100   4.10000e+03  -1.62785e+00  -2.66846e+01  -2.66667e+01
          4101   4.10100e+03  -1.62893e+00  -2.65180e+01  -2.65000e+01
          4102   4.10200e+03  -1.62992e+00  -2.63513e+01  -2.63333e+01
          4103   4.10300e+03  -1.63090e+00  -2.61847e+01  -2.61667e+01
          4104   4.10400e+03  -1.63185e+00  -2.60181e+01  -2.60000e+01
          4105   4.10500e+03  -1.63277e+00  -2.58514e+01  -2.58333e+01
          4106   4.10600e+03  -1.63373e+00  -2.56848e+01  -2.56667e+01
          4107   4.10700e+03  -1.63473e+00  -2.55181e+01  -2.55000e+01
          4108   4.10800e+03  -1.63572e+00  -2.53515e+01  -2.53333e+01
          4109   4.10900e+03  -1.63669e+00  -2.51849e+01  -2.51667e+01
          4110   4.11000e+03  -1.63765e+00  -2.50182e+01  -2.50000e+01
          4111   4.11100e+03  -1.63865e+00  -2.48516e+01  -2.48333e+01
          4112   4.11200e+03  -1.63964e+00  -2.46850e+01  -2.46667e+01
          4113   4.11300e+03  -1.64059e+00  -2.45183e+01  -2.45000e+01
          4114   4.11400e+03  -1.64158e+00  -2.43517e+01  -2.43333e+01
          4115   4.11500e+03  -1.64241e+00  -2.41851e+01  -2.41667e+01
          4116   4.11600e+03  -1.64327e+00  -2.40184e+01  -2.40000e+01
          4117   4.11700e+03  -1.64406e+00  -2.38518e+01  -2.38333e+01
          4118   4.11800e+03  -1.64488e+00  -2.36852e+01  -2.36667e+01
          4119   4.11900e+03  -1.64571e+00  -2.35185e+01  -2.35000e+01
          4120   4.12000e+03  -1.64655e+00  -2.33519e+01  -2.33333e+01
          4121   4.12100e+03  -1.64732e+00  -2.31852e+01  -2.31667e+01
          4122   4.12200e+03  -1.64804e+00  -2.30186e+01  -2.30000e+01
          4123   4.12300e+03  -1.64877e+00  -2.28520e+01  -2.28333e+01
          4124   4.12400e+03  -1.64954e+00  -2.26854e+01  -2.26667e+01
          4125   4.12500e+03  -1.65029e+00  -2.25187e+01  -2.25000e+01
          4126   4.12600e+03  -1.65111e+00  -2.23521e+01  -2.23333e+01
          4127   4.12700e+03  -1.65185e+00  -2.21855e+01  -2.21667e+01
          4128   4.12800e+03  -1.65253e+00  -2.20188e+01  -2.20000e+01
          4129   4.12900e+03  -1.65309e+00  -2.18522e+01  -2.18333e+01
          4130   4.13000e+03  -1.65372e+00  -2.16856e+01  -2.16667e+01
          4131   4.13100e+03  -1.65444e+00  -2.15189e+01  -2.15000e+01
          4132   4.13200e+03  -1.65504e+00  -2.13523e+01  -2.13333e+01
          4133   4.13300e+03  -1.65564e+00  -2.11856e+01  -2.11667e+01
          4134   4.13400e+03  -1.65621e+00  -2.10189e+01  -2.10000e+01
          4135   4.13500e+03  -1.65672e+00  -2.08523e+01  -2.08333e+01
          4136   4.13600e+03  -1.65728e+00  -2.06856e+01  -2.06667e+01
          4137   4.13700e+03  -1.65786e+00  -2.05189e+01  -2.05000e+01
          4138   4.13800e+03  -1.65856e+00  -2.03523e+01  -2.03333e+01
          4139   4.13900e+03  -1.65918e+00  -2.01856e+01  -2.01667e+01
          4140   4.14000e+03  -1.65972e+00  -2.00190e+01  -2.00000e+01
          4141   4.14100e+03  -1.66034e+00  -1.98523e+01  -1.98333e+01
          4142   4.14200e+03  -1.66091e+00  -1.96856e+01  -1.96667e+01
          4143   4.14300e+03  -1.66145e+00  -1.95189e+01  -1.95000e+01
          4144   4.14400e+03  -1.66194e+00  -1.93523e+01  -1.93333e+01
          4145   4.14500e+03  -1.66240e+00  -1.91856e+01  -1.91667e+01
          4146   4.14600e+03  -1.66287e+00  -1.90189e+01  -1.90000e+01
          4147   4.14700e+03  -1.66335e+00  -1.88523e+01  -1.88333e+01
          4148   4.14800e+03  -1.66392e+00  -1.86856e+01  -1.86667e+01
          4149   4.14900e+03  -1.66438e+00  -1.85189e+01  -1.85000e+01
          4150   4.15000e+03  -1.66473e+00  -1.83522e+01  -1.83333e+01
          4151   4.15100e+03  -1.66512e+00  -1.81856e+01  -1.81667e+01
          4152   4.15200e+03  -1.66556e+00  -1.80189e+01  -1.80000e+01
          4153   4.15300e+03  -1.66598e+00  -1.78522e+01  -1.78333e+01
          4154   4.15400e+03  -1.66645e+00  -1.76855e+01  -1.76667e+01
          4155   4.15500e+03  -1.66692e+00  -1.75188e+01  -1.75000e+01
          4156   4.15600e+03  -1.66731e+00  -1.73522e+01  -1.73333e+01
          4157   4.15700e+03  -1.66773e+00  -1.71855e+01  -1.71667e+01
          4158   4.15800e+03  -1.66820e+00  -1.70188e+01  -1.70000e+01
          4159   4.15900e+03  -1.66865e+00  -1.68522e+01  -1.68333e+01
          4160   4.16000e+03  -1.66915e+00  -1.66855e+01  -1.66667e+01
          4161   4.16100e+03  -1.66964e+00  -1.65189e+01  -1.65000e+01
          4162   4.16200e+03  -1.67017e+00  -1.63522e+01  -1.63333e+01
          4163   4.16300e+03  -1.67065e+00  -1.61855e+01  -1.61667e+01
          4164   4.16400e+03  -1.67117e+00  -1.60189e+01  -1.60000e+01
          4165   4.16500e+03  -1.67175e+00  -1.58522e+01  -1.58333e+01
          4166   4.16600e+03  -1.67233e+00  -1.56856e+01  -1.56667e+01
          4167   4.16700e+03  -1.67301e+00  -1.55189e+01  -1.55000e+01
          4168   4.16800e+03  -1.67380e+00  -1.53523e+01  -1.53333e+01
          4169   4.16900e+03  -1.67455e+00  -1.51856e+01  -1.51667e+01
          4170   4.17000e+03  -1.67524e+00  -1.50189e+01  -1.50000e+01
          4171   4.17100e+03  -1.67594e+00  -1.48523e+01  -1.48333e+01
          4172   4.17200e+03  -1.67665e+00  -1.46856e+01  -1.46667e+01
          4173   4.17300e+03  -1.67736e+00  -1.45189e+01  -1.45000e+01
          4174   4.17400e+03  -1.67794e+00  -1.43522e+01  -1.43333e+01
          4175   4.17500e+03  -1.67852e+00  -1.41855e+01  -1.41667e+01
          4176   4.17600e+03  -1.67909e+00  -1.40188e+01  -1.40000e+01
          4177   4.17700e+03  -1.67965e+00  -1.38520e+01  -1.38333e+01
          4178   4.17800e+03  -1.68024e+00  -1.36853e+01  -1.36667e+01
          4179   4.17900e+03  -1.68087e+00  -1.35186e+01  -1.35000e+01
          4180   4.18000e+03  -1.68160e+00  -1.33519e+01  -1.33333e+01
          4181   4.18100e+03  -1.68234e+00  -1.31852e+01  -1.31667e+01
          4182   4.18200e+03  -1.68306e+00  -1.30184e+01  -1.30000e+01
          4183   4.18300e+03  -1.68383e+00  -1.28517e+01  -1.28333e+01
          4184   4.18400e+03  -1.68460e+00  -1.26850e+01  -1.26667e+01
          4185   4.18500e+03  -1.68531e+00  -1.25183e+01  -1.25000e+01
          4186   4.18600e+03  -1.68611e+00  -1.23515e+01  -1.23333e+01
          4187   4.18700e+03  -1.68689e+00  -1.21848e+01  -1.21667e+01
          4188   4.18800e+03  -1.68770e+00  -1.20180e+01  -1.20000e+01
          4189   4.18900e+03  -1.68842e+00  -1.18513e+01  -1.18333e+01
          4190   4.19000e+03  -1.68913e+00  -1.16846e+01  -1.16667e+01
          4191   4.19100e+03  -1.68984e+00  -1.15178e+01  -1.15000e+01
          4192   4.19200e+03  -1.69056e+00  -1.13511e+01  -1.13333e+01
          4193   4.19300e+03  -1.69122e+00  -1.11843e+01  -1.11667e+01
          4194   4.19400e+03  -1.69194e+00  -1.10176e+01  -1.10000e+01
          4195   4.19500e+03  -1.69265e+00  -1.08508e+01  -1.08333e+01
          4196   4.19600e+03  -1.69334e+00  -1.06841e+01  -1.06667e+01
          4197   4.19700e+03  -1.69397e+00  -1.05174e+01  -1.05000e+01
          4198   4.19800e+03  -1.69456e+00  -1.03507e+01  -1.03333e+01
          4199   4.19900e+03  -1.69523e+00  -1.01839e+01  -1.01667e+01
          4200   4.20000e+03  -1.69592e+00  -1.00172e+01  -1.00000e+01
          4201   4.20100e+03  -1.69665e+00  -9.85045e+00  -9.83333e+00
          4202   4.20200e+03  -1.69742e+00  -9.68371e+00  -9.66667e+00
          4203   4.20300e+03  -1.69812e+00  -9.51702e+00  -9.50000e+00
          4204   4.20400e+03  -1.69879e+00  -9.35032e+00  -9.33333e+00
          4205   4.20500e+03  -1.69948e+00  -9.18362e+00  -9.16667e+00
          4206   4.20600e+03  -1.70024e+00  -9.01693e+00  -9.00000e+00
          4207   4.20700e+03  -1.70111e+00  -8.85023e+00  -8.83333e+00
          4208   4.20800e+03  -1.70186e+00  -8.68353e+00  -8.66667e+00
          4209   4.20900e+03  -1.70261e+00  -8.51682e+00  -8.50000e+00
          4210   4.21000e+03  -1.70332e+00  -8.35013e+00  -8.33333e+00
          4211   4.21100e+03  -1.70405e+00  -8.18344e+00  -8.16667e+00
          4212   4.21200e+03  -1.70470e+00  -8.01673e+00  -8.00000e+00
          4213   4.21300e+03  -1.70532e+00  -7.85003e+00  -7.83333e+00
          4214   4.21400e+03  -1.70604e+00  -7.68332e+00  -7.66667e+00
          4215   4.21500e+03  -1.70671e+00  -7.51663e+00  -7.50000e+00
          4216   4.21600e+03  -1.70739e+00  -7.34990e+00  -7.33333e+00
          4217   4.21700e+03  -1.70812e+00  -7.18320e+00  -7.16667e+00
          4218   4.21800e+03  -1.70878e+00  -7.01652e+00  -7.00000e+00
          4219   4.21900e+03  -1.70948e+00  -6.84982e+00  -6.83333e+00
          4220   4.22000e+03  -1.71011e+00  -6.68313e+00  -6.66667e+00
          4221   4.22100e+03  -1.71092e+00  -6.51644e+00  -6.50000e+00
          4222   4.22200e+03  -1.71181e+00  -6.34972e+00  -6.33333e+00
          4223   4.22300e+03  -1.71260e+00  -6.18304e+00  -6.16667e+00
          4224   4.22400e+03  -1.71341e+00  -6.01631e+00  -6.00000e+00
          4225   4.22500e+03  -1.71417e+00  -5.84963e+00  -5.83333e+00
          4226   4.22600e+03  -1.71486e+00  -5.68294e+00  -5.66667e+00
          4227   4.22700e+03  -1.71562e+00  -5.51621e+00  -5.50000e+00
          4228   4.22800e+03  -1.71635e+00  -5.34948e+00  -5.33333e+00
          4229   4.22900e+03  -1.71707e+00  -5.18277e+00  -5.16667e+00
          4230   4.23000e+03  -1.71778e+00  -5.01604e+00  -5.00000e+00
          4231   4.23100e+03  -1.71845e+00  -4.84934e+00  -4.83333e+00
          4232   4.23200e+03  -1.71919e+00  -4.68266e+00  -4.66667e+00
          4233   4.23300e+03  -1.71985e+00  -4.51594e+00  -4.50000e+00
          4234   4.23400e+03  -1.72049e+00  -4.34929e+00  -4.33333e+00
          4235   4.23500e+03  -1.72122e+00  -4.18261e+00  -4.16667e+00
          4236   4.23600e+03  -1.72187e+00  -4.01595e+00  -4.00000e+00
          4237   4.23700e+03  -1.72259e+00  -3.84925e+00  -3.83333e+00
          4238   4.23800e+03  -1.72338e+00  -3.68257e+00  -3.66667e+00
          4239   4.23900e+03  -1.72415e+00  -3.51590e+00  -3.50000e+00
          4240   4.24000e+03  -1.72488e+00  -3.34920e+00  -3.33333e+00
          4241   4.24100e+03  -1.72557e+00  -3.18254e+00  -3.16667e+00
          4242   4.24200e+03  -1.72639e+00  -3.01586e+00  -3.00000e+00
          4243   4.24300e+03  -1.72721e+00  -2.84921e+00  -2.83333e+00
          4244   4.24400e+03  -1.72797e+00  -2.68254e+00  -2.66667e+00
          4245   4.24500e+03  -1.72887e+00  -2.51589e+00  -2.50000e+00
          4246   4.24600e+03  -1.72967e+00  -2.34924e+00  -2.33333e+00
          4247   4.24700e+03  -1.73055e+00  -2.18258e+00  -2.16667e+00
          4248   4.24800e+03  -1.73140e+00  -2.01591e+00  -2.00000e+00
          4249   4.24900e+03  -1.73232e+00  -1.84926e+00  -1.83333e+00
          4250   4.25000e+03  -1.73331e+00  -1.68258e+00  -1.66667e+00
          4251   4.25100e+03  -1.73420e+00  -1.51593e+00  -1.50000e+00
          4252   4.25200e+03  -1.73520e+00  -1.34925e+00  -1.33333e+00
          4253   4.25300e+03  -1.73629e+00  -1.18257e+00  -1.16667e+00
          4254   4.25400e+03  -1.73739e+00  -1.01590e+00  -1.00000e+00
          4255   4.25500e+03  -1.73862e+00  -8.49188e-01  -8.33333e-01
          4256   4.25600e+03  -1.73983e+00  -6.82539e-01  -6.66667e-01
          4257   4.25700e+03  -1.74107e+00  -5.15867e-01  -5.00000e-01
          4258   4.25800e+03  -1.74240e+00  -3.49195e-01  -3.33333e-01
          4259   4.25900e+03  -1.74374e+00  -1.82536e-01  -1.66667e-01
          4260   4.26000e+03  -1.74532e+00  -1.58606e-02   0.00000e+00
          4261   4.26100e+03  -1.74690e+00   1.50826e-01   1.66667e-01
          4262   4.26200e+03  -1.74855e+00   3.17480e-01   3.33333e-01
          4263   4.26300e+03  -1.75027e+00   4.84152e-01   5.00000e-01
          4264   4.26400e+03  -1.75210e+00   6.50806e-01   6.66667e-01
          4265   4.26500e+03  -1.75397e+00   8.17477e-01   8.33333e-01
          4266   4.26600e+03  -1.75599e+00   9.84161e-01   1.00000e+00
          4267   4.26700e+03  -1.75802e+00   1.15085e+00   1.16667e+00
          4268   4.26800e+03  -1.76015e+00   1.31751e+00   1.33333e+00
          4269   4.26900e+03  -1.76230e+00   1.48420e+00   1.50000e+00
          4270   4.27000e+03  -1.76456e+00   1.65087e+00   1.66667e+00
          4271   4.27100e+03  -1.76687e+00   1.81753e+00   1.83333e+00
          4272   4.27200e+03  -1.76921e+00   1.98418e+00   2.00000e+00
          4273   4.27300e+03  -1.77164e+00   2.15084e+00   2.16667e+00
          4274   4.27400e+03  -1.77407e+00   2.31749e+00   2.33333e+00
          4275   4.27500e+03  -1.77650e+00   2.48414e+00   2.50000e+00
          4276   4.27600e+03  -1.77887e+00   2.65080e+00   2.66667e+00
          4277   4.27700e+03  -1.78119e+00   2.81742e+00   2.83333e+00
          4278   4.27800e+03  -1.78340e+00   2.98408e+00   3.00000e+00
          4279   4.27900e+03  -1.78552e+00   3.15073e+00   3.16667e+00
          4280   4.28000e+03  -1.78744e+00   3.31740e+00   3.33333e+00
          4281   4.28100e+03  -1.78925e+00   3.48407e+00   3.50000e+00
          4282   4.28200e+03  -1.79072e+00   3.65073e+00   3.66667e+00
          4283   4.28300e+03  -1.79215e+00   3.81740e+00   3.83333e+00
          4284   4.28400e+03  -1.79336e+00   3.98411e+00   4.00000e+00
          4285   4.28500e+03  -1.79437e+00   4.15079e+00   4.16667e+00
          4286   4.28600e+03  -1.79522e+00   4.31750e+00   4.33333e+00
          4287   4.28700e+03  -1.79592e+00   4.48417e+00   4.50000e+00
          4288   4.28800e+03  -1.79644e+00   4.65086e+00   4.66667e+00
          4289   4.28900e+03  -1.79690e+00   4.81758e+00   4.83333e+00
          4290   4.29000e+03  -1.79728e+00   4.98427e+00   5.00000e+00
          4291   4.29100e+03  -1.79763e+00   5.15097e+00   5.16667e+00
          4292   4.29200e+03  -1.79777e+00   5.31766e+00   5.33333e+00
          4293   4.29300e+03  -1.79792e+00   5.48435e+00   5.50000e+00
          4294   4.29400e+03  -1.79813e+00   5.65103e+00   5.66667e+00
          4295   4.29500e+03  -1.79821e+00   5.81773e+00   5.83333e+00
          4296   4.29600e+03  -1.79827e+00   5.98443e+00   6.00000e+00
          4297   4.29700e+03  -1.79835e+00   6.15112e+00   6.16667e+00
          4298   4.29800e+03  -1.79841e+00   6.31782e+00   6.33333e+00
          4299   4.29900e+03  -1.79842e+00   6.48455e+00   6.50000e+00
          4300   4.30000e+03  -1.79858e+00   6.65125e+00   6.66667e+00
          4301   4.30100e+03  -1.79873e+00   6.81793e+00   6.83333e+00
          4302   4.30200e+03  -1.79882e+00   6.98462e+00   7.00000e+00
          4303   4.30300e+03  -1.79869e+00   7.15131e+00   7.16667e+00
          4304   4.30400e+03  -1.79860e+00   7.31797e+00   7.33333e+00
          4305   4.30500e+03  -1.79842e+00   7.48468e+00   7.50000e+00
          4306   4.30600e+03  -1.79815e+00   7.65138e+00   7.66667e+00
          4307   4.30700e+03  -1.79781e+00   7.81812e+00   7.83333e+00
          4308   4.30800e+03  -1.79729e+00   7.98484e+00   8.00000e+00
          4309   4.30900e+03  -1.79649e+00   8.15156e+00   8.16667e+00
          4310   4.31000e+03  -1.79562e+00   8.31827e+00   8.33333e+00
          4311   4.31100e+03  -1.79461e+00   8.48499e+00   8.50000e+00
          4312   4.31200e+03  -1.79362e+00   8.65173e+00   8.66667e+00
          4313   4.31300e+03  -1.79257e+00   8.81847e+00   8.83333e+00
          4314   4.31400e+03  -1.79148e+00   8.98520e+00   9.00000e+00
          4315   4.31500e+03  -1.79026e+00   9.15195e+00   9.16667e+00
          4316   4.31600e+03  -1.78900e+00   9.31870e+00   9.33333e+00
          4317   4.31700e+03  -1.78784e+00   9.48544e+00   9.50000e+00
          4318   4.31800e+03  -1.78667e+00   9.65217e+00   9.66667e+00
          4319   4.31900e+03  -1.78556e+00   9.81891e+00   9.83333e+00
          4320   4.32000e+03  -1.78460e+00   9.98562e+00   1.00000e+01
          4321   4.32100e+03  -1.78368e+00   1.01523e+01   1.01667e+01
          4322   4.32200e+03  -1.78298e+00   1.03191e+01   1.03333e+01
          4323   4.32300e+03  -1.78232e+00   1.04858e+01   1.05000e+01
          4324   4.32400e+03  -1.78177e+00   1.06525e+01   1.06667e+01
          4325   4.32500e+03  -1.78140e+00   1.08192e+01   1.08333e+01
          4326   4.32600e+03  -1.78116e+00   1.09858e+01   1.10000e+01
          4327   4.32700e+03  -1.78108e+00   1.11526e+01   1.11667e+01
          4328   4.32800e+03  -1.78111e+00   1.13193e+01   1.13333e+01
          4329   4.32900e+03  -1.78116e+00   1.14859e+01   1.15000e+01
          4330   4.33000e+03  -1.78140e+00   1.16526e+01   1.16667e+01
          4331   4.33100e+03  -1.78155e+00   1.18192e+01   1.18333e+01
          4332   4.33200e+03  -1.78182e+00   1.19859e+01   1.20000e+01
          4333   4.33300e+03  -1.78217e+00   1.21526e+01   1.21667e+01
          4334   4.33400e+03  -1.78255e+00   1.23192e+01   1.23333e+01
          4335   4.33500e+03  -1.78297e+00   1.24859e+01   1.25000e+01
          4336   4.33600e+03  -1.78338e+00   1.26526e+01   1.26667e+01
          4337   4.33700e+03  -1.78380e+00   1.28192e+01   1.28333e+01
          4338   4.33800e+03  -1.78425e+00   1.29859e+01   1.30000e+01
          4339   4.33900e+03  -1.78466e+00   1.31526e+01   1.31667e+01
          4340   4.34000e+03  -1.78516e+00   1.33193e+01   1.33333e+01
          4341   4.34100e+03  -1.78574e+00   1.34860e+01   1.35000e+01
          4342   4.34200e+03  -1.78628e+00   1.36526e+01   1.36667e+01
          4343   4.34300e+03  -1.78684e+00   1.38193e+01   1.38333e+01
          4344   4.34400e+03  -1.78742e+00   1.39860e+01   1.40000e+01
          4345   4.34500e+03  -1.78800e+00   1.41526e+01   1.41667e+01
          4346   4.34600e+03  -1.78863e+00   1.43193e+01   1.43333e+01
          4347   4.34700e+03  -1.78930e+00   1.44860e+01   1.45000e+01
          4348   4.34800e+03  -1.78995e+00   1.46527e+01   1.46667e+01
          4349   4.34900e+03  -1.79059e+00   1.48194e+01   1.48333e+01
          4350   4.35000e+03  -1.79116e+00   1.49861e+01   1.50000e+01
          4351   4.35100e+03  -1.79187e+00   1.51528e+01   1.51667e+01
          4352   4.35200e+03  -1.79247e+00   1.53195e+01   1.53333e+01
          4353   4.35300e+03  -1.79307e+00   1.54862e+01   1.55000e+01
          4354   4.35400e+03  -1.79363e+00   1.56529e+01   1.56667e+01
          4355   4.35500e+03  -1.79427e+00   1.58195e+01   1.58333e+01
          4356   4.35600e+03  -1.79492e+00   1.59862e+01   1.60000e+01
          4357   4.35700e+03  -1.79557e+00   1.61529e+01   1.61667e+01
          4358   4.35800e+03  -1.79619e+00   1.63197e+01   1.63333e+01
          4359   4.35900e+03  -1.79682e+00   1.64863e+01   1.65000e+01
          4360   4.36000e+03  -1.79742e+00   1.66530e+01   1.66667e+01
          4361   4.36100e+03  -1.79806e+00   1.68197e+01   1.68333e+01
          4362   4.36200e+03  -1.79875e+00   1.69864e+01   1.70000e+01
          4363   4.36300e+03  -1.79945e+00   1.71531e+01   1.71667e+01
          4364   4.36400e+03  -1.80006e+00   1.73197e+01   1.73333e+01
          4365   4.36500e+03  -1.80066e+00   1.74864e+01   1.75000e+01
          4366   4.36600e+03  -1.80128e+00   1.76531e+01   1.76667e+01
          4367   4.36700e+03  -1.80192e+00   1.78198e+01   1.78333e+01
          4368   4.36800e+03  -1.80254e+00   1.79864e+01   1.80000e+01
          4369   4.36900e+03  -1.80321e+00   1.81531e+01   1.81667e+01
          4370   4.37000e+03  -1.80388e+00   1.83198e+01   1.83333e+01
          4371   4.37100e+03  -1.80450e+00   1.84865e+01   1.85000e+01
          4372   4.37200e+03  -1.80516e+00   1.86532e+01   1.86667e+01
          4373   4.37300e+03  -1.80587e+00   1.88198e+01   1.88333e+01
          4374   4.37400e+03  -1.80652e+00   1.89865e+01   1.90000e+01
          4375   4.37500e+03  -1.80716e+00   1.91532e+01   1.91667e+01
          4376   4.37600e+03  -1.80782e+00   1.93199e+01   1.93333e+01
          4377   4.37700e+03  -1.80856e+00   1.94865e+01   1.95000e+01
          4378   4.37800e+03  -1.80915e+00   1.96532e+01   1.96667e+01
          4379   4.37900e+03  -1.80984e+00   1.98199e+01   1.98333e+01
          4380   4.38000e+03  -1.81049e+00   1.99865e+01   2.00000e+01
          4381   4.38100e+03  -1.81112e+00   2.01532e+01   2.01667e+01
          4382   4.38200e+03  -1.81169e+00   2.03199e+01   2.03333e+01
          4383   4.38300e+03  -1.81229e+00   2.04866e+01   2.05000e+01
          4384   4.38400e+03  -1.81289e+00   2.06533e+01   2.06667e+01
          4385   4.38500e+03  -1.81351e+00   2.08200e+01   2.08333e+01
          4386   4.38600e+03  -1.81412e+00   2.09867e+01   2.10000e+01
          4387   4.38700e+03  -1.81477e+00   2.11533e+01   2.11667e+01
          4388   4.38800e+03  -1.81533e+00   2.13200e+01   2.13333e+01
          4389   4.38900e+03  -1.81597e+00   2.14866e+01   2.15000e+01
          4390   4.39000e+03  -1.81692e+00   2.16533e+01   2.16667e+01
          4391   4.39100e+03  -1.81769e+00   2.18200e+01   2.18333e+01
          4392   4.39200e+03  -1.81857e+00   2.19867e+01   2.20000e+01
          4393   4.39300e+03  -1.81961e+00   2.21533e+01   2.21667e+01
          4394   4.39400e+03  -1.82202e+00   2.23199e+01   2.23333e+01
          4395   4.39500e+03  -1.83488e+00   2.24862e+01   2.25000e+01
          4396   4.39600e+03  -1.83852e+00   2.26528e+01   2.26667e+01
          4397   4.39700e+03  -1.83570e+00   2.28196e+01   2.28333e+01
          4398   4.39800e+03  -1.83363e+00   2.29864e+01   2.30000e+01
          4399   4.39900e+03  -1.83228e+00   2.31531e+01   2.31667e+01
          4400   4.40000e+03  -1.83086e+00   2.33198e+01   2.33333e+01
          4401   4.40100e+03  -1.83029e+00   2.34865e+01   2.35000e+01
          4402   4.40200e+03  -1.82954e+00   2.36533e+01   2.36667e+01
          4403   4.40300e+03  -1.82918e+00   2.38199e+01   2.38333e+01
          4404   4.40400e+03  -1.82898e+00   2.39866e+01   2.40000e+01
          4405   4.40500e+03  -1.82900e+00   2.41533e+01   2.41667e+01
          4406   4.40600e+03  -1.82914e+00   2.43200e+01   2.43333e+01
          4407   4.40700e+03  -1.82948e+00   2.44867e+01   2.45000e+01
          4408   4.40800e+03  -1.82984e+00   2.46534e+01   2.46667e+01
          4409   4.40900e+03  -1.83025e+00   2.48201e+01   2.48333e+01
          4410   4.41000e+03  -1.83068e+00   2.49867e+01   2.50000e+01
          4411   4.41100e+03  -1.83110e+00   2.51534e+01   2.51667e+01
          4412   4.41200e+03  -1.83147e+00   2.53201e+01   2.53333e+01
          4413   4.41300e+03  -1.83201e+00   2.54868e+01   2.55000e+01
          4414   4.41400e+03  -1.83252e+00   2.56534e+01   2.56667e+01
          4415   4.41500e+03  -1.83306e+00   2.58201e+01   2.58333e+01
          4416   4.41600e+03  -1.83349e+00   2.59867e+01   2.60000e+01
          4417   4.41700e+03  -1.83401e+00   2.61534e+01   2.61667e+01
          4418   4.41800e+03  -1.83461e+00   2.63200e+01   2.63333e+01
          4419   4.41900e+03  -1.83517e+00   2.64866e+01   2.65000e+01
          4420   4.42000e+03  -1.83578e+00   2.66533e+01   2.66667e+01
          4421   4.42100e+03  -1.83640e+00   2.68199e+01   2.68333e+01
          4422   4.42200e+03  -1.83697e+00   2.69866e+01   2.70000e+01
          4423   4.42300e+03  -1.83756e+00   2.71532e+01   2.71667e+01
          4424   4.42400e+03  -1.83807e+00   2.73198e+01   2.73333e+01
          4425   4.42500e+03  -1.83869e+00   2.74865e+01   2.75000e+01
          4426   4.42600e+03  -1.83933e+00   2.76531e+01   2.76667e+01
          4427   4.42700e+03  -1.83996e+00   2.78197e+01   2.78333e+01
          4428   4.42800e+03  -1.84066e+00   2.79864e+01   2.80000e+01
          4429   4.42900e+03  -1.84130e+00   2.81530e+01   2.81667e+01
          4430   4.43000e+03  -1.84197e+00   2.83196e+01   2.83333e+01
          4431   4.43100e+03  -1.84258e+00   2.84862e+01   2.85000e+01
          4432   4.43200e+03  -1.84328e+00   2.86529e+01   2.86667e+01
          4433   4.43300e+03  -1.84401e+00   2.88196e+01   2.88333e+01
          4434   4.43400e+03  -1.84469e+00   2.89862e+01   2.90000e+01
          4435   4.43500e+03  -1.84531e+00   2.91529e+01   2.91667e+01
          4436   4.43600e+03  -1.84589e+00   2.93196e+01   2.93333e+01
          4437   4.43700e+03  -1.84659e+00   2.94862e+01   2.95000e+01
          4438   4.43800e+03  -1.84727e+00   2.96529e+01   2.96667e+01
          4439   4.43900e+03  -1.84798e+00   2.98196e+01   2.98333e+01
          4440   4.44000e+03  -1.84873e+00   2.99863e+01   3.00000e+01
          4441   4.44100e+03  -1.84937e+00   3.01530e+01   3.01667e+01
          4442   4.44200e+03  -1.85006e+00   3.03197e+01   3.03333e+01
          4443   4.44300e+03  -1.85074e+00   3.04863e+01   3.05000e+01
          4444   4.44400e+03  -1.85142e+00   3.06530e+01   3.06667e+01
          4445   4.44500e+03  -1.85212e+00   3.08197e+01   3.08333e+01
          4446   4.44600e+03  -1.85269e+00   3.09864e+01   3.10000e+01
          4447   4.44700e+03  -1.85335e+00   3.11531e+01   3.11667e+01
          4448   4.44800e+03  -1.85395e+00   3.13198e+01   3.13333e+01
          4449   4.44900e+03  -1.85455e+00   3.14865e+01   3.15000e+01
          4450   4.45000e+03  -1.85514e+00   3.16532e+01   3.16667e+01
          4451   4.45100e+03  -1.85572e+00   3.18199e+01   3.18333e+01
          4452   4.45200e+03  -1.85633e+00   3.19866e+01   3.20000e+01
          4453   4.45300e+03  -1.85692e+00   3.21533e+01   3.21667e+01
          4454   4.45400e+03  -1.85747e+00   3.23200e+01   3.23333e+01
          4455   4.45500e+03  -1.85806e+00   3.24866e+01   3.25000e+01
          4456   4.45600e+03  -1.85862e+00   3.26533e+01   3.26667e+01
          4457   4.45700e+03  -1.85922e+00   3.28200e+01   3.28333e+01
          4458   4.45800e+03  -1.85988e+00   3.29867e+01   3.30000e+01
          4459   4.45900e+03  -1.86053e+00   3.31534e+01   3.31667e+01
          4460   4.46000e+03  -1.86111e+00   3.33201e+01   3.33333e+01
          4461   4.46100e+03  -1.86169e+00   3.34868e+01   3.35000e+01
          4462   4.46200e+03  -1.86228e+00   3.36535e+01   3.36667e+01
          4463   4.46300e+03  -1.86286e+00   3.38202e+01   3.38333e+01
          4464   4.46400e+03  -1.86346e+00   3.39869e+01   3.40000e+01
          4465   4.46500e+03  -1.86403e+00   3.41536e+01   3.41667e+01
          4466   4.46600e+03  -1.86465e+00   3.43203e+01   3.43333e+01
          4467   4.46700e+03  -1.86516e+00   3.44870e+01   3.45000e+01
          4468   4.46800e+03  -1.86572e+00   3.46536e+01   3.46667e+01
          4469   4.46900e+03  -1.86631e+00   3.48203e+01   3.48333e+01
          4470   4.47000e+03  -1.86696e+00   3.49870e+01   3.50000e+01
          4471   4.47100e+03  -1.86755e+00   3.51537e+01   3.51667e+01
          4472   4.47200e+03  -1.86817e+00   3.53204e+01   3.53333e+01
          4473   4.47300e+03  -1.86872e+00   3.54871e+01   3.55000e+01
          4474   4.47400e+03  -1.86929e+00   3.56538e+01   3.56667e+01
          4475   4.47500e+03  -1.86981e+00   3.58205e+01   3.58333e+01
          4476   4.47600e+03  -1.87041e+00   3.59872e+01   3.60000e+01
          4477   4.47700e+03  -1.87099e+00   3.61539e+01   3.61667e+01
          4478   4.47800e+03  -1.87156e+00   3.63206e+01   3.63333e+01
          4479   4.47900e+03  -1.87203e+00   3.64873e+01   3.65000e+01
          4480   4.48000e+03  -1.87263e+00   3.66539e+01   3.66667e+01
          4481   4.48100e+03  -1.87321e+00   3.68206e+01   3.68333e+01
          4482   4.48200e+03  -1.87385e+00   3.69873e+01   3.70000e+01
          4483   4.48300e+03  -1.87448e+00   3.71540e+01   3.71667e+01
          4484   4.48400e+03  -1.87510e+00   3.73207e+01   3.73333e+01
          4485   4.48500e+03  -1.87569e+00   3.74874e+01   3.75000e+01
          4486   4.48600e+03  -1.87626e+00   3.76541e+01   3.76667e+01
          4487   4.48700e+03  -1.87685e+00   3.78208e+01   3.78333e+01
          4488   4.48800e+03  -1.87752e+00   3.79875e+01   3.80000e+01
          4489   4.48900e+03  -1.87811e+00   3.81542e+01   3.81667e+01
          4490   4.49000e+03  -1.87873e+00   3.83209e+01   3.83333e+01
          4491   4.49100e+03  -1.87928e+00   3.84876e+01   3.85000e+01
          4492   4.49200e+03  -1.87990e+00   3.86543e+01   3.86667e+01
          4493   4.49300e+03  -1.88052e+00   3.88210e+01   3.88333e+01
          4494   4.49400e+03  -1.88109e+00   3.89877e+01   3.90000e+01
          4495   4.49500e+03  -1.88174e+00   3.91544e+01   3.91667e+01
          4496   4.49600e+03  -1.88238e+00   3.93211e+01   3.93333e+01
          4497   4.49700e+03  -1.88297e+00   3.94878e+01   3.95000e+01
          4498   4.49800e+03  -1.88356e+00   3.96545e+01   3.96667e+01
          4499   4.49900e+03  -1.88419e+00   3.98212e+01   3.98333e+01
          4500   4.50000e+03  -1.88478e+00   3.99879e+01   4.00000e+01
          4501   4.50100e+03  -1.88535e+00   4.01546e+01   4.01667e+01
          4502   4.50200e+03  -1.88597e+00   4.03213e+01   4.03333e+01
          4503   4.50300e+03  -1.88663e+00   4.04880e+01   4.05000e+01
          4504   4.50400e+03  -1.88718e+00   4.06547e+01   4.06667e+01
          4505   4.50500e+03  -1.88781e+00   4.08214e+01   4.08333e+01
          4506   4.50600e+03  -1.88841e+00   4.09881e+01   4.10000e+01
          4507   4.50700e+03  -1.88901e+00   4.11548e+01   4.11667e+01
          4508   4.50800e+03  -1.88957e+00   4.13215e+01   4.13333e+01
          4509   4.50900e+03  -1.89018e+00   4.14881e+01   4.15000e+01
          4510   4.51000e+03  -1.89082e+00   4.16548e+01   4.16667e+01
          4511   4.51100e+03  -1.89138e+00   4.18215e+01   4.18333e+01
          4512   4.51200e+03  -1.89193e+00   4.19882e+01   4.20000e+01
          4513   4.51300e+03  -1.89249e+00   4.21549e+01   4.21667e+01
          4514   4.51400e+03  -1.89297e+00   4.23215e+01   4.23333e+01
          4515   4.51500e+03  -1.89353e+00   4.24882e+01   4.25000e+01
          4516   4.51600e+03  -1.89410e+00   4.26549e+01   4.26667e+01
          4517   4.51700e+03  -1.89465e+00   4.28216e+01   4.28333e+01
          4518   4.51800e+03  -1.89523e+00   4.29883e+01   4.30000e+01
          4519   4.51900e+03  -1.89573e+00   4.31549e+01   4.31667e+01
          4520   4.52000e+03  -1.89629e+00   4.33216e+01   4.33333e+01
          4521   4.52100e+03  -1.89688e+00   4.34883e+01   4.35000e+01
          4522   4.52200e+03  -1.89748e+00   4.36549e+01   4.36667e+01
          4523   4.52300e+03  -1.89817e+00   4.38216e+01   4.38333e+01
          4524   4.52400e+03  -1.89878e+00   4.39883e+01   4.40000e+01
          4525   4.52500e+03  -1.89936e+00   4.41549e+01   4.41667e+01
          4526   4.52600e+03  -1.90000e+00   4.43216e+01   4.43333e+01
          4527   4.52700e+03  -1.90061e+00   4.44883e+01   4.45000e+01
          4528   4.52800e+03  -1.90123e+00   4.46549e+01   4.46667e+01
          4529   4.52900e+03  -1.90186e+00   4.48216e+01   4.48333e+01
          4530   4.53000e+03  -1.90242e+00   4.49883e+01   4.50000e+01
          4531   4.53100e+03  -1.90308e+00   4.51550e+01   4.51667e+01
          4532   4.53200e+03  -1.90365e+00   4.53217e+01   4.53333e+01
          4533   4.53300e+03  -1.90418e+00   4.54884e+01   4.55000e+01
          4534   4.53400e+03  -1.90472e+00   4.56551e+01   4.56667e+01
          4535   4.53500e+03  -1.90528e+00   4.58217e+01   4.58333e+01
          4536   4.53600e+03  -1.90581e+00   4.59884e+01   4.60000e+01
          4537   4.53700e+03  -1.90632e+00   4.61551e+01   4.61667e+01
          4538   4.53800e+03  -1.90679e+00   4.63218e+01   4.63333e+01
          4539   4.53900e+03  -1.90730e+00   4.64885e+01   4.65000e+01
          4540   4.54000e+03  -1.90778e+00   4.66551e+01   4.66667e+01
          4541   4.54100e+03  -1.90831e+00   4.68218e+01   4.68333e+01
          4542   4.54200e+03  -1.90889e+00   4.69885e+01   4.70000e+01
          4543   4.54300e+03  -1.90947e+00   4.71552e+01   4.71667e+01
          4544   4.54400e+03  -1.91008e+00   4.73219e+01   4.73333e+01
          4545   4.54500e+03  -1.91072e+00   4.74886e+01   4.75000e+01
          4546   4.54600e+03  -1.91135e+00   4.76552e+01   4.76667e+01
          4547   4.54700e+03  -1.91204e+00   4.78219e+01   4.78333e+01
          4548   4.54800e+03  -1.91270e+00   4.79886e+01   4.80000e+01
          4549   4.54900e+03  -1.91331e+00   4.81552e+01   4.81667e+01
          4550   4.55000e+03  -1.91384e+00   4.83219e+01   4.83333e+01
          4551   4.55100e+03  -1.91447e+00   4.84885e+01   4.85000e+01
          4552   4.55200e+03  -1.91509e+00   4.86552e+01   4.86667e+01
          4553   4.55300e+03  -1.91569e+00   4.88219e+01   4.88333e+01
          4554   4.55400e+03  -1.91629e+00   4.89886e+01   4.90000e+01
          4555   4.55500e+03  -1.91689e+00   4.91552e+01   4.91667e+01
          4556   4.55600e+03  -1.91740e+00   4.93219e+01   4.93333e+01
          4557   4.55700e+03  -1.91801e+00   4.94885e+01   4.95000e+01
          4558   4.55800e+03  -1.91866e+00   4.96552e+01   4.96667e+01
          4559   4.55900e+03  -1.91933e+00   4.98219e+01   4.98333e+01
          4560   4.56000e+03  -1.91992e+00   4.99885e+01   5.00000e+01
          4561   4.56100e+03  -1.92051e+00   5.01552e+01   5.01667e+01
          4562   4.56200e+03  -1.92108e+00   5.03218e+01   5.03333e+01
          4563   4.56300e+03  -1.92163e+00   5.04885e+01   5.05000e+01
          4564   4.56400e+03  -1.92228e+00   5.06552e+01   5.06667e+01
          4565   4.56500e+03  -1.92287e+00   5.08218e+01   5.08333e+01
          4566   4.56600e+03  -1.92340e+00   5.09885e+01   5.10000e+01
          4567   4.56700e+03  -1.92396e+00   5.11552e+01   5.11667e+01
          4568   4.56800e+03  -1.92455e+00   5.13218e+01   5.13333e+01
          4569   4.56900e+03  -1.92517e+00   5.14885e+01   5.15000e+01
          4570   4.57000e+03  -1.92578e+00   5.16551e+01   5.16667e+01
          4571   4.57100e+03  -1.92637e+00   5.18218e+01   5.18333e+01
          4572   4.57200e+03  -1.92698e+00   5.19884e+01   5.20000e+01
          4573   4.57300e+03  -1.92753e+00   5.21551e+01   5.21667e+01
          4574   4.57400e+03  -1.92821e+00   5.23218e+01   5.23333e+01
          4575   4.57500e+03  -1.92885e+00   5.24884e+01   5.25000e+01
          4576   4.57600e+03  -1.92946e+00   5.26551e+01   5.26667e+01
          4577   4.57700e+03  -1.93007e+00   5.28218e+01   5.28333e+01
          4578   4.57800e+03  -1.93067e+00   5.29884e+01   5.30000e+01
          4579   4.57900e+03  -1.93130e+00   5.31551e+01   5.31667e+01
          4580   4.58000e+03  -1.93201e+00   5.33218e+01   5.33333e+01
          4581   4.58100e+03  -1.93265e+00   5.34884e+01   5.35000e+01
          4582   4.58200e+03  -1.93331e+00   5.36551e+01   5.36667e+01
          4583   4.58300e+03  -1.93393e+00   5.38218e+01   5.38333e+01
          4584   4.58400e+03  -1.93459e+00   5.39884e+01   5.40000e+01
          4585   4.58500e+03  -1.93522e+00   5.41551e+01   5.41667e+01
          4586   4.58600e+03  -1.93583e+00   5.43218e+01   5.43333e+01
          4587   4.58700e+03  -1.93646e+00   5.44885e+01   5.45000e+01
          4588   4.58800e+03  -1.93709e+00   5.46551e+01   5.46667e+01
          4589   4.58900e+03  -1.93763e+00   5.48218e+01   5.48333e+01
          4590   4.59000e+03  -1.93823e+00   5.49885e+01   5.50000e+01
          4591   4.59100e+03  -1.93885e+00   5.51552e+01   5.51667e+01
          4592   4.59200e+03  -1.93947e+00   5.53219e+01   5.53333e+01
          4593   4.59300e+03  -1.94011e+00   5.54886e+01   5.55000e+01
          4594   4.59400e+03  -1.94079e+00   5.56553e+01   5.56667e+01
          4595   4.59500e+03  -1.94144e+00   5.58220e+01   5.58333e+01
          4596   4.59600e+03  -1.94208e+00   5.59888e+01   5.60000e+01
          4597   4.59700e+03  -1.94268e+00   5.61555e+01   5.61667e+01
          4598   4.59800e+03  -1.94332e+00   5.63222e+01   5.63333e+01
          4599   4.59900e+03  -1.94398e+00   5.64889e+01   5.65000e+01
          4600   4.60000e+03  -1.94455e+00   5.66556e+01   5.66667e+01
          4601   4.60100e+03  -1.94510e+00   5.68223e+01   5.68333e+01
          4602   4.60200e+03  -1.94563e+00   5.69890e+01   5.70000e+01
          4603   4.60300e+03  -1.94619e+00   5.71556e+01   5.71667e+01
          4604   4.60400e+03  -1.94675e+00   5.73223e+01   5.73333e+01
          4605   4.60500e+03  -1.94732e+00   5.74890e+01   5.75000e+01
          4606   4.60600e+03  -1.94789e+00   5.76557e+01   5.76667e+01
          4607   4.60700e+03  -1.94844e+00   5.78224e+01   5.78333e+01
          4608   4.60800e+03  -1.94895e+00   5.79890e+01   5.80000e+01
          4609   4.60900e+03  -1.94956e+00   5.81557e+01   5.81667e+01
          4610   4.61000e+03  -1.95014e+00   5.83224e+01   5.83333e+01
          4611   4.61100e+03  -1.95069e+00   5.84890e+01   5.85000e+01
          4612   4.61200e+03  -1.95120e+00   5.86557e+01   5.86667e+01
          4613   4.61300e+03  -1.95176e+00   5.88224e+01   5.88333e+01
          4614   4.61400e+03  -1.95235e+00   5.89891e+01   5.90000e+01
          4615   4.61500e+03  -1.95287e+00   5.91557e+01   5.91667e+01
          4616   4.61600e+03  -1.95349e+00   5.93224e+01   5.93333e+01
          4617   4.61700e+03  -1.95407e+00   5.94890e+01   5.95000e+01
          4618   4.61800e+03  -1.95463e+00   5.96557e+01   5.96667e+01
          4619   4.61900e+03  -1.95527e+00   5.98224e+01   5.98333e+01
          4620   4.62000e+03  -1.95595e+00   5.99890e+01   6.00000e+01
          4621   4.62100e+03  -1.95668e+00   6.01557e+01   6.01667e+01
          4622   4.62200e+03  -1.95734e+00   6.03224e+01   6.03333e+01
          4623   4.62300e+03  -1.95796e+00   6.04890e+01   6.05000e+01
          4624   4.62400e+03  -1.95866e+00   6.06557e+01   6.06667e+01
          4625   4.62500e+03  -1.95931e+00   6.08224e+01   6.08333e+01
          4626   4.62600e+03  -1.96002e+00   6.09890e+01   6.10000e+01
          4627   4.62700e+03  -1.96071e+00   6.11557e+01   6.11667e+01
          4628   4.62800e+03  -1.96141e+00   6.13224e+01   6.13333e+01
          4629   4.62900e+03  -1.96207e+00   6.14891e+01   6.15000e+01
          4630   4.63000e+03  -1.96272e+00   6.16558e+01   6.16667e+01
          4631   4.63100e+03  -1.96336e+00   6.18225e+01   6.18333e+01
          4632   4.63200e+03  -1.96400e+00   6.19892e+01   6.20000e+01
          4633   4.63300e+03  -1.96466e+00   6.21559e+01   6.21667e+01
          4634   4.63400e+03  -1.96536e+00   6.23226e+01   6.23333e+01
          4635   4.63500e+03  -1.96597e+00   6.24893e+01   6.25000e+01
          4636   4.63600e+03  -1.96658e+00   6.26560e+01   6.26667e+01
          4637   4.63700e+03  -1.96719e+00   6.28227e+01   6.28333e+01
          4638   4.63800e+03  -1.96779e+00   6.29894e+01   6.30000e+01
          4639   4.63900e+03  -1.96838e+00   6.31561e+01   6.31667e+01
          4640   4.64000e+03  -1.96906e+00   6.33228e+01   6.33333e+01
          4641   4.64100e+03  -1.96973e+00   6.34895e+01   6.35000e+01
          4642   4.64200e+03  -1.97032e+00   6.36562e+01   6.36667e+01
          4643   4.64300e+03  -1.97087e+00   6.38229e+01   6.38333e+01
          4644   4.64400e+03  -1.97149e+00   6.39896e+01   6.40000e+01
          4645   4.64500e+03  -1.97212e+00   6.41563e+01   6.41667e+01
          4646   4.64600e+03  -1.97272e+00   6.43230e+01   6.43333e+01
          4647   4.64700e+03  -1.97338e+00   6.44897e+01   6.45000e+01
          4648   4.64800e+03  -1.97401e+00   6.46564e+01   6.46667e+01
          4649   4.64900e+03  -1.97464e+00   6.48231e+01   6.48333e+01
          4650   4.65000e+03  -1.97526e+00   6.49897e+01   6.50000e+01
          4651   4.65100e+03  -1.97590e+00   6.51564e+01   6.51667e+01
          4652   4.65200e+03  -1.97658e+00   6.53231e+01   6.53333e+01
          4653   4.65300e+03  -1.97722e+00   6.54898e+01   6.55000e+01
          4654   4.65400e+03  -1.97786e+00   6.56565e+01   6.56667e+01
          4655   4.65500e+03  -1.97849e+00   6.58231e+01   6.58333e+01
          4656   4.65600e+03  -1.97910e+00   6.59898e+01   6.60000e+01
          4657   4.65700e+03  -1.97972e+00   6.61565e+01   6.61667e+01
          4658   4.65800e+03  -1.98032e+00   6.63232e+01   6.63333e+01
          4659   4.65900e+03  -1.98096e+00   6.64899e+01   6.65000e+01
          4660   4.66000e+03  -1.98166e+00   6.66566e+01   6.66667e+01
          4661   4.66100e+03  -1.98227e+00   6.68233e+01   6.68333e+01
          4662   4.66200e+03  -1.98298e+00   6.69899e+01   6.70000e+01
          4663   4.66300e+03  -1.98366e+00   6.71566e+01   6.71667e+01
          4664   4.66400e+03  -1.98438e+00   6.73233e+01   6.73333e+01
          4665   4.66500e+03  -1.98507e+00   6.74900e+01   6.75000e+01
          4666   4.66600e+03  -1.98578e+00   6.76567e+01   6.76667e+01
          4667   4.66700e+03  -1.98645e+00   6.78233e+01   6.78333e+01
          4668   4.66800e+03  -1.98713e+00   6.79900e+01   6.80000e+01
          4669   4.66900e+03  -1.98777e+00   6.81567e+01   6.81667e+01
          4670   4.67000e+03  -1.98846e+00   6.83234e+01   6.83333e+01
          4671   4.67100e+03  -1.98907e+00   6.84901e+01   6.85000e+01
          4672   4.67200e+03  -1.98967e+00   6.86568e+01   6.86667e+01
          4673   4.67300e+03  -1.99023e+00   6.88235e+01   6.88333e+01
          4674   4.67400e+03  -1.99086e+00   6.89902e+01   6.90000e+01
          4675   4.67500e+03  -1.99148e+00   6.91568e+01   6.91667e+01
          4676   4.67600e+03  -1.99214e+00   6.93235e+01   6.93333e+01
          4677   4.67700e+03  -1.99276e+00   6.94901e+01   6.95000e+01
          4678   4.67800e+03  -1.99340e+00   6.96568e+01   6.96667e+01
          4679   4.67900e+03  -1.99405e+00   6.98234e+01   6.98333e+01
          4680   4.68000e+03  -1.99471e+00   6.99901e+01   7.00000e+01
          4681   4.68100e+03  -1.99532e+00   7.01568e+01   7.01667e+01
          4682   4.68200e+03  -1.99597e+00   7.03235e+01   7.03333e+01
          4683   4.68300e+03  -1.99664e+00   7.04901e+01   7.05000e+01
          4684   4.68400e+03  -1.99731e+00   7.06568e+01   7.06667e+01
          4685   4.68500e+03  -1.99799e+00   7.08235e+01   7.08333e+01
          4686   4.68600e+03  -1.99865e+00   7.09902e+01   7.10000e+01
          4687   4.68700e+03  -1.99927e+00   7.11569e+01   7.11667e+01
          4688   4.68800e+03  -1.99991e+00   7.13235e+01   7.13333e+01
          4689   4.68900e+03  -2.00060e+00   7.14902e+01   7.15000e+01
          4690   4.69000e+03  -2.00135e+00   7.16569e+01   7.16667e+01
          4691   4.69100e+03  -2.00205e+00   7.18236e+01   7.18333e+01
          4692   4.69200e+03  -2.00272e+00   7.19903e+01   7.20000e+01
          4693   4.69300e+03  -2.00334e+00   7.21569e+01   7.21667e+01
          4694   4.69400e+03  -2.00398e+00   7.23236e+01   7.23333e+01
          4695   4.69500e+03  -2.00466e+00   7.24903e+01   7.25000e+01
          4696   4.69600e+03  -2.00539e+00   7.26570e+01   7.26667e+01
          4697   4.69700e+03  -2.00605e+00   7.28237e+01   7.28333e+01
          4698   4.69800e+03  -2.00664e+00   7.29904e+01   7.30000e+01
          4699   4.69900e+03  -2.00725e+00   7.31571e+01   7.31667e+01
          4700   4.70000e+03  -2.00792e+00   7.33237e+01   7.33333e+01
          4701   4.70100e+03  -2.00858e+00   7.34904e+01   7.35000e+01
          4702   4.70200e+03  -2.00922e+00   7.36571e+01   7.36667e+01
          4703   4.70300e+03  -2.00983e+00   7.38238e+01   7.38333e+01
          4704   4.70400e+03  -2.01044e+00   7.39905e+01   7.40000e+01
          4705   4.70500e+03  -2.01104e+00   7.41571e+01   7.41667e+01
          4706   4.70600e+03  -2.01168e+00   7.43238e+01   7.43333e+01
          4707   4.70700e+03  -2.01235e+00   7.44905e+01   7.45000e+01
          4708   4.70800e+03  -2.01302e+00   7.46571e+01   7.46667e+01
          4709   4.70900e+03  -2.01369e+00   7.48237e+01   7.48333e+01
          4710   4.71000e+03  -2.01433e+00   7.49904e+01   7.50000e+01
          4711   4.71100e+03  -2.01504e+00   7.51570e+01   7.51667e+01
          4712   4.71200e+03  -2.01576e+00   7.53236e+01   7.53333e+01
          4713   4.71300e+03  -2.01651e+00   7.54903e+01   7.55000e+01
          4714   4.71400e+03  -2.01722e+00   7.56569e+01   7.56667e+01
          4715   4.71500e+03  -2.01793e+00   7.58236e+01   7.58333e+01
          4716   4.71600e+03  -2.01867e+00   7.59902e+01   7.60000e+01
          4717   4.71700e+03  -2.01942e+00   7.61569e+01   7.61667e+01
          4718   4.71800e+03  -2.02009e+00   7.63235e+01   7.63333e+01
          4719   4.71900e+03  -2.02078e+00   7.64902e+01   7.65000e+01
          4720   4.72000e+03  -2.02147e+00   7.66568e+01   7.66667e+01
          4721   4.72100e+03  -2.02214e+00   7.68235e+01   7.68333e+01
          4722   4.72200e+03  -2.02279e+00   7.69901e+01   7.70000e+01
          4723   4.72300e+03  -2.02352e+00   7.71568e+01   7.71667e+01
          4724   4.72400e+03  -2.02421e+00   7.73234e+01   7.73333e+01
          4725   4.72500e+03  -2.02484e+00   7.74901e+01   7.75000e+01
          4726   4.72600e+03  -2.02548e+00   7.76568e+01   7.76667e+01
          4727   4.72700e+03  -2.02617e+00   7.78235e+01   7.78333e+01
          4728   4.72800e+03  -2.02681e+00   7.79902e+01   7.80000e+01
          4729   4.72900e+03  -2.02742e+00   7.81569e+01   7.81667e+01
          4730   4.73000e+03  -2.02806e+00   7.83235e+01   7.83333e+01
          4731   4.73100e+03  -2.02867e+00   7.84902e+01   7.85000e+01
          4732   4.73200e+03  -2.02924e+00   7.86570e+01   7.86667e+01
          4733   4.73300e+03  -2.02986e+00   7.88236e+01   7.88333e+01
          4734   4.73400e+03  -2.03052e+00   7.89903e+01   7.90000e+01
          4735   4.73500e+03  -2.03111e+00   7.91570e+01   7.91667e+01
          4736   4.73600e+03  -2.03171e+00   7.93237e+01   7.93333e+01
          4737   4.73700e+03  -2.03236e+00   7.94904e+01   7.95000e+01
          4738   4.73800e+03  -2.03299e+00   7.96571e+01   7.96667e+01
          4739   4.73900e+03  -2.03358e+00   7.98238e+01   7.98333e+01
          4740   4.74000e+03  -2.03419e+00   7.99904e+01   8.00000e+01
          4741   4.74100e+03  -2.03483e+00   8.01571e+01   8.01667e+01
          4742   4.74200e+03  -2.03544e+00   8.03238e+01   8.03333e+01
          4743   4.74300e+03  -2.03604e+00   8.04905e+01   8.05000e+01
          4744   4.74400e+03  -2.03665e+00   8.06572e+01   8.06667e+01
          4745   4.74500e+03  -2.03726e+00   8.08239e+01   8.08333e+01
          4746   4.74600e+03  -2.03784e+00   8.09906e+01   8.10000e+01
          4747   4.74700e+03  -2.03844e+00   8.11573e+01   8.11667e+01
          4748   4.74800e+03  -2.03906e+00   8.13239e+01   8.13333e+01
          4749   4.74900e+03  -2.03969e+00   8.14906e+01   8.15000e+01
          4750   4.75000e+03  -2.04022e+00   8.16573e+01   8.16667e+01
          4751   4.75100e+03  -2.04082e+00   8.18240e+01   8.18333e+01
          4752   4.75200e+03  -2.04138e+00   8.19907e+01   8.20000e+01
          4753   4.75300e+03  -2.04194e+00   8.21573e+01   8.21667e+01
          4754   4.75400e+03  -2.04254e+00   8.23240e+01   8.23333e+01
          4755   4.75500e+03  -2.04312e+00   8.24907e+01   8.25000e+01
          4756   4.75600e+03  -2.04374e+00   8.26573e+01   8.26667e+01
          4757   4.75700e+03  -2.04436e+00   8.28240e+01   8.28333e+01
          4758   4.75800e+03  -2.04496e+00   8.29907e+01   8.30000e+01
          4759   4.75900e+03  -2.04563e+00   8.31574e+01   8.31667e+01
          4760   4.76000e+03  -2.04627e+00   8.33240e+01   8.33333e+01
          4761   4.76100e+03  -2.04693e+00   8.34907e+01   8.35000e+01
          4762   4.76200e+03  -2.04767e+00   8.36574e+01   8.36667e+01
          4763   4.76300e+03  -2.04833e+00   8.38240e+01   8.38333e+01
          4764   4.76400e+03  -2.04903e+00   8.39907e+01   8.40000e+01
          4765   4.76500e+03  -2.04972e+00   8.41574e+01   8.41667e+01
          4766   4.76600e+03  -2.05040e+00   8.43241e+01   8.43333e+01
          4767   4.76700e+03  -2.05106e+00   8.44908e+01   8.45000e+01
          4768   4.76800e+03  -2.05170e+00   8.46575e+01   8.46667e+01
          4769   4.76900e+03  -2.05228e+00   8.48242e+01   8.48333e+01
          4770   4.77000e+03  -2.05287e+00   8.49909e+01   8.50000e+01
          4771   4.77100e+03  -2.05337e+00   8.51576e+01   8.51667e+01
          4772   4.77200e+03  -2.05387e+00   8.53243e+01   8.53333e+01
          4773   4.77300e+03  -2.05436e+00   8.54910e+01   8.55000e+01
          4774   4.77400e+03  -2.05478e+00   8.56577e+01   8.56667e+01
          4775   4.77500e+03  -2.05525e+00   8.58244e+01   8.58333e+01
          4776   4.77600e+03  -2.05574e+00   8.59911e+01   8.60000e+01
          4777   4.77700e+03  -2.05620e+00   8.61578e+01   8.61667e+01
          4778   4.77800e+03  -2.05669e+00   8.63245e+01   8.63333e+01
          4779   4.77900e+03  -2.05719e+00   8.64912e+01   8.65000e+01
          4780   4.78000e+03  -2.05771e+00   8.66578e+01   8.66667e+01
          4781   4.78100e+03  -2.05828e+00   8.68245e+01   8.68333e+01
          4782   4.78200e+03  -2.05881e+00   8.69912e+01   8.70000e+01
          4783   4.78300e+03  -2.05941e+00   8.71579e+01   8.71667e+01
          4784   4.78400e+03  -2.05997e+00   8.73246e+01   8.73333e+01
          4785   4.78500e+03  -2.06052e+00   8.74912e+01   8.75000e+01
          4786   4.78600e+03  -2.06109e+00   8.76579e+01   8.76667e+01
          4787   4.78700e+03  -2.06172e+00   8.78246e+01   8.78333e+01
          4788   4.78800e+03  -2.06231e+00   8.79913e+01   8.80000e+01
          4789   4.78900e+03  -2.06293e+00   8.81580e+01   8.81667e+01
          4790   4.79000e+03  -2.06355e+00   8.83247e+01   8.83333e+01
          4791   4.79100e+03  -2.06418e+00   8.84914e+01   8.85000e+01
          4792   4.79200e+03  -2.06480e+00   8.86581e+01   8.86667e+01
          4793   4.79300e+03  -2.06540e+00   8.88248e+01   8.88333e+01
          4794   4.79400e+03  -2.06604e+00   8.89914e+01   8.90000e+01
          4795   4.79500e+03  -2.06667e+00   8.91581e+01   8.91667e+01
          4796   4.79600e+03  -2.06730e+00   8.93248e+01   8.93333e+01
          4797   4.79700e+03  -2.06796e+00   8.94916e+01   8.95000e+01
          4798   4.79800e+03  -2.06855e+00   8.96583e+01   8.96667e+01
          4799   4.79900e+03  -2.06912e+00   8.98250e+01   8.98333e+01
          4800   4.80000e+03  -2.06978e+00   8.99917e+01   9.00000e+01
          4801   4.80100e+03  -2.07038e+00   9.01584e+01   9.01667e+01
          4802   4.80200e+03  -2.07100e+00   9.03251e+01   9.03333e+01
          4803   4.80300e+03  -2.07160e+00   9.04918e+01   9.05000e+01
          4804   4.80400e+03  -2.07221e+00   9.06585e+01   9.06667e+01
          4805   4.80500e+03  -2.07279e+00   9.08253e+01   9.08333e+01
          4806   4.80600e+03  -2.07338e+00   9.09920e+01   9.10000e+01
          4807   4.80700e+03  -2.07400e+00   9.11587e+01   9.11667e+01
          4808   4.80800e+03  -2.07457e+00   9.13254e+01   9.13333e+01
          4809   4.80900e+03  -2.07521e+00   9.14921e+01   9.15000e+01
          4810   4.81000e+03  -2.07587e+00   9.16588e+01   9.16667e+01
          4811   4.81100e+03  -2.07648e+00   9.18254e+01   9.18333e+01
          4812   4.81200e+03  -2.07705e+00   9.19921e+01   9.20000e+01
          4813   4.81300e+03  -2.07766e+00   9.21588e+01   9.21667e+01
          4814   4.81400e+03  -2.07823e+00   9.23255e+01   9.23333e+01
          4815   4.81500e+03  -2.07882e+00   9.24922e+01   9.25000e+01
          4816   4.81600e+03  -2.07941e+00   9.26589e+01   9.26667e+01
          4817   4.81700e+03  -2.08006e+00   9.28256e+01   9.28333e+01
          4818   4.81800e+03  -2.08060e+00   9.29923e+01   9.30000e+01
          4819   4.81900e+03  -2.08118e+00   9.31589e+01   9.31667e+01
          4820   4.82000e+03  -2.08176e+00   9.33256e+01   9.33333e+01
          4821   4.82100e+03  -2.08239e+00   9.34923e+01   9.35000e+01
          4822   4.82200e+03  -2.08298e+00   9.36590e+01   9.36667e+01
          4823   4.82300e+03  -2.08360e+00   9.38256e+01   9.38333e+01
          4824   4.82400e+03  -2.08420e+00   9.39923e+01   9.40000e+01
          4825   4.82500e+03  -2.08484e+00   9.41590e+01   9.41667e+01
          4826   4.82600e+03  -2.08547e+00   9.43257e+01   9.43333e+01
          4827   4.82700e+03  -2.08608e+00   9.44923e+01   9.45000e+01
          4828   4.82800e+03  -2.08670e+00   9.46590e+01   9.46667e+01
          4829   4.82900e+03  -2.08733e+00   9.48257e+01   9.48333e+01
          4830   4.83000e+03  -2.08801e+00   9.49923e+01   9.50000e+01
          4831   4.83100e+03  -2.08864e+00   9.51590e+01   9.51667e+01
          4832   4.83200e+03  -2.08931e+00   9.53257e+01   9.53333e+01
          4833   4.83300e+03  -2.08993e+00   9.54924e+01   9.55000e+01
          4834   4.83400e+03  -2.09054e+00   9.56591e+01   9.56667e+01
          4835   4.83500e+03  -2.09113e+00   9.58259e+01   9.58333e+01
          4836   4.83600e+03  -2.09178e+00   9.59925e+01   9.60000e+01
          4837   4.83700e+03  -2.09238e+00   9.61593e+01   9.61667e+01
          4838   4.83800e+03  -2.09302e+00   9.63260e+01   9.63333e+01
          4839   4.83900e+03  -2.09362e+00   9.64927e+01   9.65000e+01
          4840   4.84000e+03  -2.09424e+00   9.66594e+01   9.66667e+01
          4841   4.84100e+03  -2.09477e+00   9.68261e+01   9.68333e+01
          4842   4.84200e+03  -2.09532e+00   9.69928e+01   9.70000e+01
          4843   4.84300e+03  -2.09588e+00   9.71596e+01   9.71667e+01
          4844   4.84400e+03  -2.09642e+00   9.73263e+01   9.73333e+01
          4845   4.84500e+03  -2.09687e+00   9.74931e+01   9.75000e+01
          4846   4.84600e+03  -2.09735e+00   9.76599e+01   9.76667e+01
          4847   4.84700e+03  -2.09779e+00   9.78266e+01   9.78333e+01
          4848   4.84800e+03  -2.09827e+00   9.79934e+01   9.80000e+01
          4849   4.84900e+03  -2.09872e+00   9.81601e+01   9.81667e+01
          4850   4.85000e+03  -2.09923e+00   9.83268e+01   9.83333e+01
          4851   4.85100e+03  -2.09972e+00   9.84936e+01   9.85000e+01
          4852   4.85200e+03  -2.10022e+00   9.86603e+01   9.86667e+01
          4853   4.85300e+03  -2.10078e+00   9.88270e+01   9.88333e+01
          4854   4.85400e+03  -2.10135e+00   9.89937e+01   9.90000e+01
          4855   4.85500e+03  -2.10188e+00   9.91604e+01   9.91667e+01
          4856   4.85600e+03  -2.10243e+00   9.93271e+01   9.93333e+01
          4857   4.85700e+03  -2.10295e+00   9.94938e+01   9.95000e+01
          4858   4.85800e+03  -2.10348e+00   9.96605e+01   9.96667e+01
          4859   4.85900e+03  -2.10406e+00   9.98272e+01   9.98333e+01
          4860   4.86000e+03  -2.10462e+00   9.99939e+01   1.00000e+02
          4861   4.86100e+03  -2.10519e+00   1.00161e+02   1.00167e+02
          4862   4.86200e+03  -2.10566e+00   1.00327e+02   1.00333e+02
          4863   4.86300e+03  -2.10621e+00   1.00494e+02   1.00500e+02
          4864   4.86400e+03  -2.10679e+00   1.00661e+02   1.00667e+02
          4865   4.86500e+03  -2.10739e+00   1.00827e+02   1.00833e+02
          4866   4.86600e+03  -2.10800e+00   1.00994e+02   1.01000e+02
          4867   4.86700e+03  -2.10861e+00   1.01161e+02   1.01167e+02
          4868   4.86800e+03  -2.10916e+00   1.01327e+02   1.01333e+02
          4869   4.86900e+03  -2.10971e+00   1.01494e+02   1.01500e+02
          4870   4.87000e+03  -2.11029e+00   1.01661e+02   1.01667e+02
          4871   4.87100e+03  -2.11095e+00   1.01827e+02   1.01833e+02
          4872   4.87200e+03  -2.11154e+00   1.01994e+02   1.02000e+02
          4873   4.87300e+03  -2.11209e+00   1.02161e+02   1.02167e+02
          4874   4.87400e+03  -2.11269e+00   1.02327e+02   1.02333e+02
          4875   4.87500e+03  -2.11323e+00   1.02494e+02   1.02500e+02
          4876   4.87600e+03  -2.11374e+00   1.02661e+02   1.02667e+02
          4877   4.87700e+03  -2.11431e+00   1.02827e+02   1.02833e+02
          4878   4.87800e+03  -2.11488e+00   1.02994e+02   1.03000e+02
          4879   4.87900e+03  -2.11541e+00   1.03161e+02   1.03167e+02
          4880   4.88000e+03  -2.11590e+00   1.03327e+02   1.03333e+02
          4881   4.88100e+03  -2.11644e+00   1.03494e+02   1.03500e+02
          4882   4.88200e+03  -2.11698e+00   1.03661e+02   1.03667e+02
          4883   4.88300e+03  -2.11751e+00   1.03827e+02   1.03833e+02
          4884   4.88400e+03  -2.11806e+00   1.03994e+02   1.04000e+02
          4885   4.88500e+03  -2.11861e+00   1.04161e+02   1.04167e+02
          4886   4.88600e+03  -2.11911e+00   1.04327e+02   1.04333e+02
          4887   4.88700e+03  -2.11958e+00   1.04494e+02   1.04500e+02
          4888   4.88800e+03  -2.12013e+00   1.04661e+02   1.04667e+02
          4889   4.88900e+03  -2.12069e+00   1.04827e+02   1.04833e+02
          4890   4.89000e+03  -2.12119e+00   1.04994e+02   1.05000e+02
          4891   4.89100e+03  -2.12171e+00   1.05161e+02   1.05167e+02
          4892   4.89200e+03  -2.12223e+00   1.05327e+02   1.05333e+02
          4893   4.89300e+03  -2.12275e+00   1.05494e+02   1.05500e+02
          4894   4.89400e+03  -2.12333e+00   1.05661e+02   1.05667e+02
          4895   4.89500e+03  -2.12392e+00   1.05827e+02   1.05833e+02
          4896   4.89600e+03  -2.12458e+00   1.05994e+02   1.06000e+02
          4897   4.89700e+03  -2.12517e+00   1.06161e+02   1.06167e+02
          4898   4.89800e+03  -2.12571e+00   1.06327e+02   1.06333e+02
          4899   4.89900e+03  -2.12631e+00   1.06494e+02   1.06500e+02
          4900   4.90000e+03  -2.12692e+00   1.06661e+02   1.06667e+02
          4901   4.90100e+03  -2.12746e+00   1.06828e+02   1.06833e+02
          4902   4.90200e+03  -2.12799e+00   1.06994e+02   1.07000e+02
          4903   4.90300e+03  -2.12854e+00   1.07161e+02   1.07167e+02
          4904   4.90400e+03  -2.12900e+00   1.07328e+02   1.07333e+02
          4905   4.90500e+03  -2.12947e+00   1.07494e+02   1.07500e+02
          4906   4.90600e+03  -2.12997e+00   1.07661e+02   1.07667e+02
          4907   4.90700e+03  -2.13059e+00   1.07828e+02   1.07833e+02
          4908   4.90800e+03  -2.13119e+00   1.07994e+02   1.08000e+02
          4909   4.90900e+03  -2.13177e+00   1.08161e+02   1.08167e+02
          4910   4.91000e+03  -2.13235e+00   1.08328e+02   1.08333e+02
          4911   4.91100e+03  -2.13291e+00   1.08495e+02   1.08500e+02
          4912   4.91200e+03  -2.13346e+00   1.08661e+02   1.08667e+02
          4913   4.91300e+03  -2.13409e+00   1.08828e+02   1.08833e+02
          4914   4.91400e+03  -2.13460e+00   1.08995e+02   1.09000e+02
          4915   4.91500e+03  -2.13510e+00   1.09161e+02   1.09167e+02
          4916   4.91600e+03  -2.13557e+00   1.09328e+02   1.09333e+02
          4917   4.91700e+03  -2.13600e+00   1.09495e+02   1.09500e+02
          4918   4.91800e+03  -2.13642e+00   1.09661e+02   1.09667e+02
          4919   4.91900e+03  -2.13692e+00   1.09828e+02   1.09833e+02
          4920   4.92000e+03  -2.13741e+00   1.09995e+02   1.10000e+02
          4921   4.92100e+03  -2.13785e+00   1.10161e+02   1.10167e+02
          4922   4.92200e+03  -2.13830e+00   1.10328e+02   1.10333e+02
          4923   4.92300e+03  -2.13884e+00   1.10495e+02   1.10500e+02
          4924   4.92400e+03  -2.13942e+00   1.10661e+02   1.10667e+02
          4925   4.92500e+03  -2.13995e+00   1.10828e+02   1.10833e+02
          4926   4.92600e+03  -2.14050e+00   1.10995e+02   1.11000e+02
          4927   4.92700e+03  -2.14107e+00   1.11161e+02   1.11167e+02
          4928   4.92800e+03  -2.14159e+00   1.11328e+02   1.11333e+02
          4929   4.92900e+03  -2.14213e+00   1.11495e+02   1.11500e+02
          4930   4.93000e+03  -2.14270e+00   1.11661e+02   1.11667e+02
          4931   4.93100e+03  -2.14323e+00   1.11828e+02   1.11833e+02
          4932   4.93200e+03  -2.14376e+00   1.11995e+02   1.12000e+02
          4933   4.93300e+03  -2.14423e+00   1.12161e+02   1.12167e+02
          4934   4.93400e+03  -2.14477e+00   1.12328e+02   1.12333e+02
          4935   4.93500e+03  -2.14530e+00   1.12495e+02   1.12500e+02
          4936   4.93600e+03  -2.14585e+00   1.12661e+02   1.12667e+02
          4937   4.93700e+03  -2.14641e+00   1.12828e+02   1.12833e+02
          4938   4.93800e+03  -2.14701e+00   1.12994e+02   1.13000e+02
          4939   4.93900e+03  -2.14762e+00   1.13161e+02   1.13167e+02
          4940   4.94000e+03  -2.14824e+00   1.13328e+02   1.13333e+02
          4941   4.94100e+03  -2.14887e+00   1.13494e+02   1.13500e+02
          4942   4.94200e+03  -2.14950e+00   1.13661e+02   1.13667e+02
          4943   4.94300e+03  -2.15012e+00   1.13828e+02   1.13833e+02
          4944   4.94400e+03  -2.15075e+00   1.13994e+02   1.14000e+02
          4945   4.94500e+03  -2.15134e+00   1.14161e+02   1.14167e+02
          4946   4.94600e+03  -2.15197e+00   1.14328e+02   1.14333e+02
          4947   4.94700e+03  -2.15257e+00   1.14494e+02   1.14500e+02
          4948   4.94800e+03  -2.15323e+00   1.14661e+02   1.14667e+02
          4949   4.94900e+03  -2.15391e+00   1.14828e+02   1.14833e+02
          4950   4.95000e+03  -2.15459e+00   1.14994e+02   1.15000e+02
          4951   4.95100e+03  -2.15526e+00   1.15161e+02   1.15167e+02
          4952   4.95200e+03  -2.15594e+00   1.15328e+02   1.15333e+02
          4953   4.95300e+03  -2.15663e+00   1.15494e+02   1.15500e+02
          4954   4.95400e+03  -2.15731e+00   1.15661e+02   1.15667e+02
          4955   4.95500e+03  -2.15797e+00   1.15828e+02   1.15833e+02
          4956   4.95600e+03  -2.15863e+00   1.15994e+02   1.16000e+02
          4957   4.95700e+03  -2.15921e+00   1.16161e+02   1.16167e+02
          4958   4.95800e+03  -2.15981e+00   1.16328e+02   1.16333e+02
          4959   4.95900e+03  -2.16038e+00   1.16494e+02   1.16500e+02
          4960   4.96000e+03  -2.16096e+00   1.16661e+02   1.16667e+02
          4961   4.96100e+03  -2.16154e+00   1.16828e+02   1.16833e+02
          4962   4.96200e+03  -2.16210e+00   1.16994e+02   1.17000e+02
          4963   4.96300e+03  -2.16271e+00   1.17161e+02   1.17167e+02
          4964   4.96400e+03  -2.16329e+00   1.17328e+02   1.17333e+02
          4965   4.96500e+03  -2.16390e+00   1.17494e+02   1.17500e+02
          4966   4.96600e+03  -2.16449e+00   1.17661e+02   1.17667e+02
          4967   4.96700e+03  -2.16507e+00   1.17828e+02   1.17833e+02
          4968   4.96800e+03  -2.16567e+00   1.17994e+02   1.18000e+02
          4969   4.96900e+03  -2.16623e+00   1.18161e+02   1.18167e+02
          4970   4.97000e+03  -2.16678e+00   1.18328e+02   1.18333e+02
          4971   4.97100e+03  -2.16736e+00   1.18494e+02   1.18500e+02
          4972   4.97200e+03  -2.16789e+00   1.18661e+02   1.18667e+02
          4973   4.97300e+03  -2.16847e+00   1.18828e+02   1.18833e+02
          4974   4.97400e+03  -2.16907e+00   1.18994e+02   1.19000e+02
          4975   4.97500e+03  -2.16965e+00   1.19161e+02   1.19167e+02
          4976   4.97600e+03  -2.17028e+00   1.19327e+02   1.19333e+02
          4977   4.97700e+03  -2.17089e+00   1.19494e+02   1.19500e+02
          4978   4.97800e+03  -2.17154e+00   1.19661e+02   1.19667e+02
          4979   4.97900e+03  -2.17218e+00   1.19827e+02   1.19833e+02
          4980   4.98000e+03  -2.17279e+00   1.19994e+02   1.20000e+02
          4981   4.98100e+03  -2.17341e+00   1.20161e+02   1.20167e+02
          4982   4.98200e+03  -2.17400e+00   1.20327e+02   1.20333e+02
          4983   4.98300e+03  -2.17455e+00   1.20494e+02   1.20500e+02
          4984   4.98400e+03  -2.17513e+00   1.20661e+02   1.20667e+02
          4985   4.98500e+03  -2.17566e+00   1.20827e+02   1.20833e+02
          4986   4.98600e+03  -2.17622e+00   1.20994e+02   1.21000e+02
          4987   4.98700e+03  -2.17680e+00   1.21161e+02   1.21167e+02
          4988   4.98800e+03  -2.17740e+00   1.21327e+02   1.21333e+02
          4989   4.98900e+03  -2.17803e+00   1.21494e+02   1.21500e+02
          4990   4.99000e+03  -2.17864e+00   1.21661e+02   1.21667e+02
          4991   4.99100e+03  -2.17926e+00   1.21827e+02   1.21833e+02
          4992   4.99200e+03  -2.17991e+00   1.21994e+02   1.22000e+02
          4993   4.99300e+03  -2.18054e+00   1.22161e+02   1.22167e+02
          4994   4.99400e+03  -2.18118e+00   1.22327e+02   1.22333e+02
          4995   4.99500e+03  -2.18179e+00   1.22494e+02   1.22500e+02
          4996   4.99600e+03  -2.18240e+00   1.22661e+02   1.22667e+02
          4997   4.99700e+03  -2.18299e+00   1.22827e+02   1.22833e+02
          4998   4.99800e+03  -2.18357e+00   1.22994e+02   1.23000e+02
          4999   4.99900e+03  -2.18418e+00   1.23161e+02   1.23167e+02
          5000   5.00000e+03  -2.18478e+00   1.23327e+02   1.23333e+02
          5001   5.00100e+03  -2.18537e+00   1.23494e+02   1.23500e+02
          5002   5.00200e+03  -2.18600e+00   1.23661e+02   1.23667e+02
          5003   5.00300e+03  -2.18667e+00   1.23828e+02   1.23833e+02
          5004   5.00400e+03  -2.18731e+00   1.23994e+02   1.24000e+02
          5005   5.00500e+03  -2.18797e+00   1.24161e+02   1.24167e+02
          5006   5.00600e+03  -2.18864e+00   1.24328e+02   1.24333e+02
          5007   5.00700e+03  -2.18926e+00   1.24494e+02   1.24500e+02
          5008   5.00800e+03  -2.18990e+00   1.24661e+02   1.24667e+02
          5009   5.00900e+03  -2.19058e+00   1.24828e+02   1.24833e+02
          5010   5.01000e+03  -2.19121e+00   1.24994e+02   1.25000e+02
          5011   5.01100e+03  -2.19180e+00   1.25161e+02   1.25167e+02
          5012   5.01200e+03  -2.19240e+00   1.25328e+02   1.25333e+02
          5013   5.01300e+03  -2.19305e+00   1.25494e+02   1.25500e+02
          5014   5.01400e+03  -2.19367e+00   1.25661e+02   1.25667e+02
          5015   5.01500e+03  -2.19432e+00   1.25828e+02   1.25833e+02
          5016   5.01600e+03  -2.19499e+00   1.25995e+02   1.26000e+02
          5017   5.01700e+03  -2.19564e+00   1.26161e+02   1.26167e+02
          5018   5.01800e+03  -2.19624e+00   1.26328e+02   1.26333e+02
          5019   5.01900e+03  -2.19688e+00   1.26495e+02   1.26500e+02
          5020   5.02000e+03  -2.19756e+00   1.26661e+02   1.26667e+02
          5021   5.02100e+03  -2.19818e+00   1.26828e+02   1.26833e+02
          5022   5.02200e+03  -2.19881e+00   1.26995e+02   1.27000e+02
          5023   5.02300e+03  -2.19940e+00   1.27161e+02   1.27167e+02
          5024   5.02400e+03  -2.19997e+00   1.27328e+02   1.27333e+02
          5025   5.02500e+03  -2.20058e+00   1.27495e+02   1.27500e+02
          5026   5.02600e+03  -2.20122e+00   1.27662e+02   1.27667e+02
          5027   5.02700e+03  -2.20189e+00   1.27828e+02   1.27833e+02
          5028   5.02800e+03  -2.20257e+00   1.27995e+02   1.28000e+02
          5029   5.02900e+03  -2.20324e+00   1.28162e+02   1.28167e+02
          5030   5.03000e+03  -2.20391e+00   1.28328e+02   1.28333e+02
          5031   5.03100e+03  -2.20456e+00   1.28495e+02   1.28500e+02
          5032   5.03200e+03  -2.20522e+00   1.28662e+02   1.28667e+02
          5033   5.03300e+03  -2.20585e+00   1.28828e+02   1.28833e+02
          5034   5.03400e+03  -2.20646e+00   1.28995e+02   1.29000e+02
          5035   5.03500e+03  -2.20706e+00   1.29162e+02   1.29167e+02
          5036   5.03600e+03  -2.20767e+00   1.29328e+02   1.29333e+02
          5037   5.03700e+03  -2.20822e+00   1.29495e+02   1.29500e+02
          5038   5.03800e+03  -2.20875e+00   1.29662e+02   1.29667e+02
          5039   5.03900e+03  -2.20932e+00   1.29828e+02   1.29833e+02
          5040   5.04000e+03  -2.20988e+00   1.29995e+02   1.30000e+02
          5041   5.04100e+03  -2.21044e+00   1.30162e+02   1.30167e+02
          5042   5.04200e+03  -2.21103e+00   1.30328e+02   1.30333e+02
          5043   5.04300e+03  -2.21165e+00   1.30495e+02   1.30500e+02
          5044   5.04400e+03  -2.21225e+00   1.30662e+02   1.30667e+02
          5045   5.04500e+03  -2.21281e+00   1.30828e+02   1.30833e+02
          5046   5.04600e+03  -2.21340e+00   1.30995e+02   1.31000e+02
          5047   5.04700e+03  -2.21399e+00   1.31162e+02   1.31167e+02
          5048   5.04800e+03  -2.21456e+00   1.31328e+02   1.31333e+02
          5049   5.04900e+03  -2.21512e+00   1.31495e+02   1.31500e+02
          5050   5.05000e+03  -2.21573e+00   1.31662e+02   1.31667e+02
          5051   5.05100e+03  -2.21633e+00   1.31828e+02   1.31833e+02
          5052   5.05200e+03  -2.21689e+00   1.31995e+02   1.32000e+02
          5053   5.05300e+03  -2.21747e+00   1.32162e+02   1.32167e+02
          5054   5.05400e+03  -2.21809e+00   1.32328e+02   1.32333e+02
          5055   5.05500e+03  -2.21871e+00   1.32495e+02   1.32500e+02
          5056   5.05600e+03  -2.21935e+00   1.32662e+02   1.32667e+02
          5057   5.05700e+03  -2.21999e+00   1.32829e+02   1.32833e+02
          5058   5.05800e+03  -2.22064e+00   1.32995e+02   1.33000e+02
          5059   5.05900e+03  -2.22129e+00   1.33162e+02   1.33167e+02
          5060   5.06000e+03  -2.22201e+00   1.33329e+02   1.33333e+02
          5061   5.06100e+03  -2.22280e+00   1.33495e+02   1.33500e+02
          5062   5.06200e+03  -2.22361e+00   1.33662e+02   1.33667e+02
          5063   5.06300e+03  -2.22475e+00   1.33829e+02   1.33833e+02
          5064   5.06400e+03  -2.22566e+00   1.33995e+02   1.34000e+02
          5065   5.06500e+03  -2.22740e+00   1.34162e+02   1.34167e+02
          5066   5.06600e+03  -2.22862e+00   1.34329e+02   1.34333e+02
          5067   5.06700e+03  -2.23031e+00   1.34495e+02   1.34500e+02
          5068   5.06800e+03  -2.23269e+00   1.34662e+02   1.34667e+02
          5069   5.06900e+03  -2.23300e+00   1.34829e+02   1.34833e+02
          5070   5.07000e+03  -2.23318e+00   1.34995e+02   1.35000e+02
          5071   5.07100e+03  -2.23347e+00   1.35162e+02   1.35167e+02
          5072   5.07200e+03  -2.23394e+00   1.35329e+02   1.35333e+02
          5073   5.07300e+03  -2.23413e+00   1.35495e+02   1.35500e+02
          5074   5.07400e+03  -2.23438e+00   1.35662e+02   1.35667e+02
          5075   5.07500e+03  -2.23468e+00   1.35829e+02   1.35833e+02
          5076   5.07600e+03  -2.23505e+00   1.35996e+02   1.36000e+02
          5077   5.07700e+03  -2.23546e+00   1.36162e+02   1.36167e+02
          5078   5.07800e+03  -2.23596e+00   1.36329e+02   1.36333e+02
          5079   5.07900e+03  -2.23647e+00   1.36496e+02   1.36500e+02
          5080   5.08000e+03  -2.23698e+00   1.36662e+02   1.36667e+02
          5081   5.08100e+03  -2.23748e+00   1.36829e+02   1.36833e+02
          5082   5.08200e+03  -2.23807e+00   1.36996e+02   1.37000e+02
          5083   5.08300e+03  -2.23864e+00   1.37162e+02   1.37167e+02
          5084   5.08400e+03  -2.23921e+00   1.37329e+02   1.37333e+02
          5085   5.08500e+03  -2.23979e+00   1.37496e+02   1.37500e+02
          5086   5.08600e+03  -2.24041e+00   1.37662e+02   1.37667e+02
          5087   5.08700e+03  -2.24096e+00   1.37829e+02   1.37833e+02
          5088   5.08800e+03  -2.24150e+00   1.37996e+02   1.38000e+02
          5089   5.08900e+03  -2.24208e+00   1.38162e+02   1.38167e+02
          5090   5.09000e+03  -2.24267e+00   1.38329e+02   1.38333e+02
          5091   5.09100e+03  -2.24325e+00   1.38496e+02   1.38500e+02
          5092   5.09200e+03  -2.24386e+00   1.38663e+02   1.38667e+02
          5093   5.09300e+03  -2.24452e+00   1.38829e+02   1.38833e+02
          5094   5.09400e+03  -2.24517e+00   1.38996e+02   1.39000e+02
          5095   5.09500e+03  -2.24583e+00   1.39163e+02   1.39167e+02
          5096   5.09600e+03  -2.24654e+00   1.39329e+02   1.39333e+02
          5097   5.09700e+03  -2.24724e+00   1.39496e+02   1.39500e+02
          5098   5.09800e+03  -2.24793e+00   1.39663e+02   1.39667e+02
          5099   5.09900e+03  -2.24861e+00   1.39829e+02   1.39833e+02
          5100   5.10000e+03  -2.24930e+00   1.39996e+02   1.40000e+02
          5101   5.10100e+03  -2.25002e+00   1.40163e+02   1.40167e+02
          5102   5.10200e+03  -2.25075e+00   1.40329e+02   1.40333e+02
          5103   5.10300e+03  -2.25147e+00   1.40496e+02   1.40500e+02
          5104   5.10400e+03  -2.25213e+00   1.40663e+02   1.40667e+02
          5105   5.10500e+03  -2.25277e+00   1.40830e+02   1.40833e+02
          5106   5.10600e+03  -2.25341e+00   1.40996e+02   1.41000e+02
          5107   5.10700e+03  -2.25401e+00   1.41163e+02   1.41167e+02
          5108   5.10800e+03  -2.25458e+00   1.41330e+02   1.41333e+02
          5109   5.10900e+03  -2.25515e+00   1.41496e+02   1.41500e+02
          5110   5.11000e+03  -2.25570e+00   1.41663e+02   1.41667e+02
          5111   5.11100e+03  -2.25620e+00   1.41830e+02   1.41833e+02
          5112   5.11200e+03  -2.25670e+00   1.41996e+02   1.42000e+02
          5113   5.11300e+03  -2.25724e+00   1.42163e+02   1.42167e+02
          5114   5.11400e+03  -2.25778e+00   1.42330e+02   1.42333e+02
          5115   5.11500e+03  -2.25831e+00   1.42496e+02   1.42500e+02
          5116   5.11600e+03  -2.25888e+00   1.42663e+02   1.42667e+02
          5117   5.11700e+03  -2.25947e+00   1.42830e+02   1.42833e+02
          5118   5.11800e+03  -2.26005e+00   1.42996e+02   1.43000e+02
          5119   5.11900e+03  -2.26066e+00   1.43163e+02   1.43167e+02
          5120   5.12000e+03  -2.26126e+00   1.43330e+02   1.43333e+02
          5121   5.12100e+03  -2.26189e+00   1.43497e+02   1.43500e+02
          5122   5.12200e+03  -2.26249e+00   1.43663e+02   1.43667e+02
          5123   5.12300e+03  -2.26313e+00   1.43830e+02   1.43833e+02
          5124   5.12400e+03  -2.26382e+00   1.43997e+02   1.44000e+02
          5125   5.12500e+03  -2.26449e+00   1.44163e+02   1.44167e+02
          5126   5.12600e+03  -2.26518e+00   1.44330e+02   1.44333e+02
          5127   5.12700e+03  -2.26587e+00   1.44497e+02   1.44500e+02
          5128   5.12800e+03  -2.26654e+00   1.44663e+02   1.44667e+02
          5129   5.12900e+03  -2.26721e+00   1.44830e+02   1.44833e+02
          5130   5.13000e+03  -2.26788e+00   1.44997e+02   1.45000e+02
          5131   5.13100e+03  -2.26859e+00   1.45164e+02   1.45167e+02
          5132   5.13200e+03  -2.26925e+00   1.45330e+02   1.45333e+02
          5133   5.13300e+03  -2.26993e+00   1.45497e+02   1.45500e+02
          5134   5.13400e+03  -2.27058e+00   1.45664e+02   1.45667e+02
          5135   5.13500e+03  -2.27126e+00   1.45830e+02   1.45833e+02
          5136   5.13600e+03  -2.27192e+00   1.45997e+02   1.46000e+02
          5137   5.13700e+03  -2.27259e+00   1.46164e+02   1.46167e+02
          5138   5.13800e+03  -2.27324e+00   1.46331e+02   1.46333e+02
          5139   5.13900e+03  -2.27386e+00   1.46497e+02   1.46500e+02
          5140   5.14000e+03  -2.27447e+00   1.46664e+02   1.46667e+02
          5141   5.14100e+03  -2.27506e+00   1.46831e+02   1.46833e+02
          5142   5.14200e+03  -2.27566e+00   1.46997e+02   1.47000e+02
          5143   5.14300e+03  -2.27625e+00   1.47164e+02   1.47167e+02
          5144   5.14400e+03  -2.27683e+00   1.47331e+02   1.47333e+02
          5145   5.14500e+03  -2.27744e+00   1.47497e+02   1.47500e+02
          5146   5.14600e+03  -2.27801e+00   1.47664e+02   1.47667e+02
          5147   5.14700e+03  -2.27862e+00   1.47831e+02   1.47833e+02
          5148   5.14800e+03  -2.27924e+00   1.47998e+02   1.48000e+02
          5149   5.14900e+03  -2.27982e+00   1.48164e+02   1.48167e+02
          5150   5.15000e+03  -2.28046e+00   1.48331e+02   1.48333e+02
          5151   5.15100e+03  -2.28108e+00   1.48498e+02   1.48500e+02
          5152   5.15200e+03  -2.28169e+00   1.48664e+02   1.48667e+02
          5153   5.15300e+03  -2.28231e+00   1.48831e+02   1.48833e+02
          5154   5.15400e+03  -2.28292e+00   1.48997e+02   1.49000e+02
          5155   5.15500e+03  -2.28353e+00   1.49164e+02   1.49167e+02
          5156   5.15600e+03  -2.28413e+00   1.49331e+02   1.49333e+02
          5157   5.15700e+03  -2.28473e+00   1.49498e+02   1.49500e+02
          5158   5.15800e+03  -2.28538e+00   1.49664e+02   1.49667e+02
          5159   5.15900e+03  -2.28604e+00   1.49831e+02   1.49833e+02
          5160   5.16000e+03  -2.28672e+00   1.49998e+02   1.50000e+02
          5161   5.16100e+03  -2.28741e+00   1.50164e+02   1.50167e+02
          5162   5.16200e+03  -2.28808e+00   1.50331e+02   1.50333e+02
          5163   5.16300e+03  -2.28876e+00   1.50498e+02   1.50500e+02
          5164   5.16400e+03  -2.28947e+00   1.50664e+02   1.50667e+02
          5165   5.16500e+03  -2.29016e+00   1.50831e+02   1.50833e+02
          5166   5.16600e+03  -2.29085e+00   1.50998e+02   1.51000e+02
          5167   5.16700e+03  -2.29153e+00   1.51164e+02   1.51167e+02
          5168   5.16800e+03  -2.29217e+00   1.51331e+02   1.51333e+02
          5169   5.16900e+03  -2.29285e+00   1.51498e+02   1.51500e+02
          5170   5.17000e+03  -2.29353e+00   1.51665e+02   1.51667e+02
          5171   5.17100e+03  -2.29421e+00   1.51831e+02   1.51833e+02
          5172   5.17200e+03  -2.29490e+00   1.51998e+02   1.52000e+02
          5173   5.17300e+03  -2.29556e+00   1.52165e+02   1.52167e+02
          5174   5.17400e+03  -2.29622e+00   1.52331e+02   1.52333e+02
          5175   5.17500e+03  -2.29688e+00   1.52498e+02   1.52500e+02
          5176   5.17600e+03  -2.29757e+00   1.52665e+02   1.52667e+02
          5177   5.17700e+03  -2.29824e+00   1.52832e+02   1.52833e+02
          5178   5.17800e+03  -2.29890e+00   1.52998e+02   1.53000e+02
          5179   5.17900e+03  -2.29954e+00   1.53165e+02   1.53167e+02
          5180   5.18000e+03  -2.30018e+00   1.53332e+02   1.53333e+02
          5181   5.18100e+03  -2.30084e+00   1.53498e+02   1.53500e+02
          5182   5.18200e+03  -2.30149e+00   1.53665e+02   1.53667e+02
          5183   5.18300e+03  -2.30217e+00   1.53832e+02   1.53833e+02
          5184   5.18400e+03  -2.30280e+00   1.53999e+02   1.54000e+02
          5185   5.18500e+03  -2.30342e+00   1.54165e+02   1.54167e+02
          5186   5.18600e+03  -2.30399e+00   1.54332e+02   1.54333e+02
          5187   5.18700e+03  -2.30460e+00   1.54499e+02   1.54500e+02
          5188   5.18800e+03  -2.30523e+00   1.54665e+02   1.54667e+02
          5189   5.18900e+03  -2.30583e+00   1.54832e+02   1.54833e+02
          5190   5.19000e+03  -2.30644e+00   1.54999e+02   1.55000e+02
          5191   5.19100e+03  -2.30705e+00   1.55166e+02   1.55167e+02
          5192   5.19200e+03  -2.30762e+00   1.55332e+02   1.55333e+02
          5193   5.19300e+03  -2.30823e+00   1.55499e+02   1.55500e+02
          5194   5.19400e+03  -2.30884e+00   1.55666e+02   1.55667e+02
          5195   5.19500e+03  -2.30949e+00   1.55833e+02   1.55833e+02
          5196   5.19600e+03  -2.31009e+00   1.55999e+02   1.56000e+02
          5197   5.19700e+03  -2.31070e+00   1.56166e+02   1.56167e+02
          5198   5.19800e+03  -2.31132e+00   1.56333e+02   1.56333e+02
          5199   5.19900e+03  -2.31193e+00   1.56499e+02   1.56500e+02
          5200   5.20000e+03  -2.31254e+00   1.56666e+02   1.56667e+02
          5201   5.20100e+03  -2.31319e+00   1.56833e+02   1.56833e+02
          5202   5.20200e+03  -2.31379e+00   1.57000e+02   1.57000e+02
          5203   5.20300e+03  -2.31442e+00   1.57166e+02   1.57167e+02
          5204   5.20400e+03  -2.31507e+00   1.57333e+02   1.57333e+02
          5205   5.20500e+03  -2.31573e+00   1.57500e+02   1.57500e+02
          5206   5.20600e+03  -2.31645e+00   1.57667e+02   1.57667e+02
          5207   5.20700e+03  -2.31716e+00   1.57833e+02   1.57833e+02
          5208   5.20800e+03  -2.31784e+00   1.58000e+02   1.58000e+02
          5209   5.20900e+03  -2.31848e+00   1.58167e+02   1.58167e+02
          5210   5.21000e+03  -2.31908e+00   1.58334e+02   1.58333e+02
          5211   5.21100e+03  -2.31982e+00   1.58500e+02   1.58500e+02
          5212   5.21200e+03  -2.32051e+00   1.58667e+02   1.58667e+02
          5213   5.21300e+03  -2.32090e+00   1.58834e+02   1.58833e+02
          5214   5.21400e+03  -2.32120e+00   1.59001e+02   1.59000e+02
          5215   5.21500e+03  -2.28670e+00   1.59166e+02   1.59167e+02
          5216   5.21600e+03  -2.15021e+00   1.59319e+02   1.59333e+02
          5217   5.21700e+03  -1.97754e+00   1.59439e+02   1.59500e+02
          5218   5.21800e+03  -1.74721e+00   1.59517e+02   1.59667e+02
          5219   5.21900e+03  -1.42718e+00   1.59548e+02   1.59833e+02
          5220   5.22000e+03  -1.03130e+00   1.59538e+02   1.60000e+02
          5221   5.22100e+03  -5.94406e-01   1.59490e+02   1.59833e+02
          5222   5.22200e+03  -1.56590e-01   1.59412e+02   1.59667e+02
          5223   5.22300e+03   2.54319e-01   1.59309e+02   1.59500e+02
          5224   5.22400e+03   6.19646e-01   1.59186e+02   1.59333e+02
          5225   5.22500e+03   9.33361e-01   1.59049e+02   1.59167e+02
          5226   5.22600e+03   1.19404e+00   1.58900e+02   1.59000e+02
          5227   5.22700e+03   1.40603e+00   1.58744e+02   1.58833e+02
          5228   5.22800e+03   1.57474e+00   1.58581e+02   1.58667e+02
          5229   5.22900e+03   1.70665e+00   1.58415e+02   1.58500e+02
          5230   5.23000e+03   1.80753e+00   1.58246e+02   1.58333e+02
          5231   5.23100e+03   1.88391e+00   1.58075e+02   1.58167e+02
          5232   5.23200e+03   1.94025e+00   1.57903e+02   1.58000e+02
          5233   5.23300e+03   1.97995e+00   1.57730e+02   1.57833e+02
          5234   5.23400e+03   2.00743e+00   1.57558e+02   1.57667e+02
          5235   5.23500e+03   2.02454e+00   1.57386e+02   1.57500e+02
          5236   5.23600e+03   2.03449e+00   1.57214e+02   1.57333e+02
          5237   5.23700e+03   2.03860e+00   1.57044e+02   1.57167e+02
          5238   5.23800e+03   2.03738e+00   1.56873e+02   1.57000e+02
          5239   5.23900e+03   2.03444e+00   1.56704e+02   1.56833e+02
          5240   5.24000e+03   2.02917e+00   1.56535e+02   1.56667e+02
          5241   5.24100e+03   2.02186e+00   1.56368e+02   1.56500e+02
          5242   5.24200e+03   2.01419e+00   1.56200e+02   1.56333e+02
          5243   5.24300e+03   2.00662e+00   1.56034e+02   1.56167e+02
          5244   5.24400e+03   1.99939e+00   1.55868e+02   1.56000e+02
          5245   5.24500e+03   1.99212e+00   1.55703e+02   1.55833e+02
          5246   5.24600e+03   1.98451e+00   1.55538e+02   1.55667e+02
          5247   5.24700e+03   1.97763e+00   1.55374e+02   1.55500e+02
          5248   5.24800e+03   1.97121e+00   1.55210e+02   1.55333e+02
          5249   5.24900e+03   1.96535e+00   1.55046e+02   1.55167e+02
          5250   5.25000e+03   1.96004e+00   1.54883e+02   1.55000e+02
          5251   5.25100e+03   1.95469e+00   1.54720e+02   1.54833e+02
          5252   5.25200e+03   1.95109e+00   1.54557e+02   1.54667e+02
          5253   5.25300e+03   1.94745e+00   1.54394e+02   1.54500e+02
          5254   5.25400e+03   1.94445e+00   1.54232e+02   1.54333e+02
          5255   5.25500e+03   1.94198e+00   1.54069e+02   1.54167e+02
          5256   5.25600e+03   1.93996e+00   1.53907e+02   1.54000e+02
          5257   5.25700e+03   1.93842e+00   1.53745e+02   1.53833e+02
          5258   5.25800e+03   1.93774e+00   1.53582e+02   1.53667e+02
          5259   5.25900e+03   1.93686e+00   1.53420e+02   1.53500e+02
          5260   5.26000e+03   1.93634e+00   1.53258e+02   1.53333e+02
          5261   5.26100e+03   1.93613e+00   1.53096e+02   1.53167e+02
          5262   5.26200e+03   1.93612e+00   1.52933e+02   1.53000e+02
          5263   5.26300e+03   1.93633e+00   1.52771e+02   1.52833e+02
          5264   5.26400e+03   1.93675e+00   1.52608e+02   1.52667e+02
          5265   5.26500e+03   1.93733e+00   1.52446e+02   1.52500e+02
          5266   5.26600e+03   1.93809e+00   1.52283e+02   1.52333e+02
          5267   5.26700e+03   1.93900e+00   1.52120e+02   1.52167e+02
          5268   5.26800e+03   1.94003e+00   1.51957e+02   1.52000e+02
          5269   5.26900e+03   1.94110e+00   1.51794e+02   1.51833e+02
          5270   5.27000e+03   1.94222e+00   1.51631e+02   1.51667e+02
          5271   5.27100e+03   1.94346e+00   1.51468e+02   1.51500e+02
          5272   5.27200e+03   1.94470e+00   1.51305e+02   1.51333e+02
          5273   5.27300e+03   1.94598e+00   1.51142e+02   1.51167e+02
          5274   5.27400e+03   1.94730e+00   1.50978e+02   1.51000e+02
          5275   5.27500e+03   1.94857e+00   1.50815e+02   1.50833e+02
          5276   5.27600e+03   1.94978e+00   1.50651e+02   1.50667e+02
          5277   5.27700e+03   1.95104e+00   1.50487e+02   1.50500e+02
          5278   5.27800e+03   1.95232e+00   1.50323e+02   1.50333e+02
          5279   5.27900e+03   1.95358e+00   1.50159e+02   1.50167e+02
          5280   5.28000e+03   1.95477e+00   1.49995e+02   1.50000e+02
          5281   5.28100e+03   1.95601e+00   1.49831e+02   1.49833e+02
          5282   5.28200e+03   1.95718e+00   1.49667e+02   1.49667e+02
          5283   5.28300e+03   1.95837e+00   1.49502e+02   1.49500e+02
          5284   5.28400e+03   1.95957e+00   1.49338e+02   1.49333e+02
          5285   5.28500e+03   1.96081e+00   1.49173e+02   1.49167e+02
          5286   5.28600e+03   1.96201e+00   1.49008e+02   1.49000e+02
          5287   5.28700e+03   1.96319e+00   1.48844e+02   1.48833e+02
          5288   5.28800e+03   1.96435e+00   1.48679e+02   1.48667e+02
          5289   5.28900e+03   1.96551e+00   1.48514e+02   1.48500e+02
          5290   5.29000e+03   1.96661e+00   1.48349e+02   1.48333e+02
          5291   5.29100e+03   1.96772e+00   1.48183e+02   1.48167e+02
          5292   5.29200e+03   1.96875e+00   1.48018e+02   1.48000e+02
          5293   5.29300e+03   1.96980e+00   1.47853e+02   1.47833e+02
          5294   5.29400e+03   1.97080e+00   1.47688e+02   1.47667e+02
          5295   5.29500e+03   1.97173e+00   1.47522e+02   1.47500e+02
          5296   5.29600e+03   1.97261e+00   1.47357e+02   1.47333e+02
          5297   5.29700e+03   1.97350e+00   1.47191e+02   1.47167e+02
          5298   5.29800e+03   1.97439e+00   1.47025e+02   1.47000e+02
          5299   5.29900e+03   1.97519e+00   1.46860e+02   1.46833e+02
          5300   5.30000e+03   1.97597e+00   1.46694e+02   1.46667e+02
          5301   5.30100e+03   1.97674e+00   1.46528e+02   1.46500e+02
          5302   5.30200e+03   1.97744e+00   1.46362e+02   1.46333e+02
          5303   5.30300e+03   1.97810e+00   1.46196e+02   1.46167e+02
          5304   5.30400e+03   1.97871e+00   1.46030e+02   1.46000e+02
          5305   5.30500e+03   1.97933e+00   1.45864e+02   1.45833e+02
          5306   5.30600e+03   1.97988e+00   1.45698e+02   1.45667e+02
          5307   5.30700e+03   1.98037e+00   1.45531e+02   1.45500e+02
          5308   5.30800e+03   1.98089e+00   1.45365e+02   1.45333e+02
          5309   5.30900e+03   1.98133e+00   1.45199e+02   1.45167e+02
          5310   5.31000e+03   1.98175e+00   1.45033e+02   1.45000e+02
          5311   5.31100e+03   1.98216e+00   1.44866e+02   1.44833e+02
          5312   5.31200e+03   1.98253e+00   1.44700e+02   1.44667e+02
          5313   5.31300e+03   1.98291e+00   1.44533e+02   1.44500e+02
          5314   5.31400e+03   1.98325e+00   1.44367e+02   1.44333e+02
          5315   5.31500e+03   1.98357e+00   1.44200e+02   1.44167e+02
          5316   5.31600e+03   1.98380e+00   1.44034e+02   1.44000e+02
          5317   5.31700e+03   1.98404e+00   1.43867e+02   1.43833e+02
          5318   5.31800e+03   1.98433e+00   1.43701e+02   1.43667e+02
          5319   5.31900e+03   1.98456e+00   1.43534e+02   1.43500e+02
          5320   5.32000e+03   1.98480e+00   1.43367e+02   1.43333e+02
          5321   5.32100e+03   1.98503e+00   1.43201e+02   1.43167e+02
          5322   5.32200e+03   1.98521e+00   1.43034e+02   1.43000e+02
          5323   5.32300e+03   1.98539e+00   1.42867e+02   1.42833e+02
          5324   5.32400e+03   1.98553e+00   1.42700e+02   1.42667e+02
          5325   5.32500e+03   1.98569e+00   1.42534e+02   1.42500e+02
          5326   5.32600e+03   1.98581e+00   1.42367e+02   1.42333e+02
          5327   5.32700e+03   1.98586e+00   1.42200e+02   1.42167e+02
          5328   5.32800e+03   1.98588e+00   1.42033e+02   1.42000e+02
          5329   5.32900e+03   1.98584e+00   1.41866e+02   1.41833e+02
          5330   5.33000e+03   1.98578e+00   1.41699e+02   1.41667e+02
          5331   5.33100e+03   1.98578e+00   1.41532e+02   1.41500e+02
          5332   5.33200e+03   1.98573e+00   1.41365e+02   1.41333e+02
          5333   5.33300e+03   1.98565e+00   1.41198e+02   1.41167e+02
          5334   5.33400e+03   1.98559e+00   1.41031e+02   1.41000e+02
          5335   5.33500e+03   1.98554e+00   1.40864e+02   1.40833e+02
          5336   5.33600e+03   1.98545e+00   1.40697e+02   1.40667e+02
          5337   5.33700e+03   1.98538e+00   1.40530e+02   1.40500e+02
          5338   5.33800e+03   1.98526e+00   1.40363e+02   1.40333e+02
          5339   5.33900e+03   1.98515e+00   1.40196e+02   1.40167e+02
          5340   5.34000e+03   1.98497e+00   1.40029e+02   1.40000e+02
          5341   5.34100e+03   1.98480e+00   1.39862e+02   1.39833e+02
          5342   5.34200e+03   1.98466e+00   1.39695e+02   1.39667e+02
          5343   5.34300e+03   1.98448e+00   1.39528e+02   1.39500e+02
          5344   5.34400e+03   1.98423e+00   1.39361e+02   1.39333e+02
          5345   5.34500e+03   1.98402e+00   1.39193e+02   1.39167e+02
          5346   5.34600e+03   1.98378e+00   1.39026e+02   1.39000e+02
          5347   5.34700e+03   1.98357e+00   1.38859e+02   1.38833e+02
          5348   5.34800e+03   1.98330e+00   1.38692e+02   1.38667e+02
          5349   5.34900e+03   1.98305e+00   1.38525e+02   1.38500e+02
          5350   5.35000e+03   1.98276e+00   1.38358e+02   1.38333e+02
          5351   5.35100e+03   1.98241e+00   1.38191e+02   1.38167e+02
          5352   5.35200e+03   1.98206e+00   1.38023e+02   1.38000e+02
          5353   5.35300e+03   1.98171e+00   1.37856e+02   1.37833e+02
          5354   5.35400e+03   1.98133e+00   1.37689e+02   1.37667e+02
          5355   5.35500e+03   1.98089e+00   1.37522e+02   1.37500e+02
          5356   5.35600e+03   1.98046e+00   1.37355e+02   1.37333e+02
          5357   5.35700e+03   1.98003e+00   1.37187e+02   1.37167e+02
          5358   5.35800e+03   1.97955e+00   1.37020e+02   1.37000e+02
          5359   5.35900e+03   1.97905e+00   1.36853e+02   1.36833e+02
          5360   5.36000e+03   1.97862e+00   1.36686e+02   1.36667e+02
          5361   5.36100e+03   1.97819e+00   1.36519e+02   1.36500e+02
          5362   5.36200e+03   1.97773e+00   1.36352e+02   1.36333e+02
          5363   5.36300e+03   1.97728e+00   1.36184e+02   1.36167e+02
          5364   5.36400e+03   1.97689e+00   1.36017e+02   1.36000e+02
          5365   5.36500e+03   1.97651e+00   1.35850e+02   1.35833e+02
          5366   5.36600e+03   1.97611e+00   1.35683e+02   1.35667e+02
          5367   5.36700e+03   1.97573e+00   1.35516e+02   1.35500e+02
          5368   5.36800e+03   1.97536e+00   1.35348e+02   1.35333e+02
          5369   5.36900e+03   1.97497e+00   1.35181e+02   1.35167e+02
          5370   5.37000e+03   1.97456e+00   1.35014e+02   1.35000e+02
          5371   5.37100e+03   1.97417e+00   1.34847e+02   1.34833e+02
          5372   5.37200e+03   1.97379e+00   1.34680e+02   1.34667e+02
          5373   5.37300e+03   1.97339e+00   1.34513e+02   1.34500e+02
          5374   5.37400e+03   1.97293e+00   1.34345e+02   1.34333e+02
          5375   5.37500e+03   1.97253e+00   1.34178e+02   1.34167e+02
          5376   5.37600e+03   1.97213e+00   1.34011e+02   1.34000e+02
          5377   5.37700e+03   1.97174e+00   1.33844e+02   1.33833e+02
          5378   5.37800e+03   1.97130e+00   1.33677e+02   1.33667e+02
          5379   5.37900e+03   1.97087e+00   1.33510e+02   1.33500e+02
          5380   5.38000e+03   1.97045e+00   1.33342e+02   1.33333e+02
          5381   5.38100e+03   1.97003e+00   1.33175e+02   1.33167e+02
          5382   5.38200e+03   1.96960e+00   1.33008e+02   1.33000e+02
          5383   5.38300e+03   1.96917e+00   1.32841e+02   1.32833e+02
          5384   5.38400e+03   1.96873e+00   1.32674e+02   1.32667e+02
          5385   5.38500e+03   1.96831e+00   1.32507e+02   1.32500e+02
          5386   5.38600e+03   1.96790e+00   1.32339e+02   1.32333e+02
          5387   5.38700e+03   1.96747e+00   1.32172e+02   1.32167e+02
          5388   5.38800e+03   1.96703e+00   1.32005e+02   1.32000e+02
          5389   5.38900e+03   1.96654e+00   1.31838e+02   1.31833e+02
          5390   5.39000e+03   1.96604e+00   1.31671e+02   1.31667e+02
          5391   5.39100e+03   1.96556e+00   1.31504e+02   1.31500e+02
          5392   5.39200e+03   1.96509e+00   1.31337e+02   1.31333e+02
          5393   5.39300e+03   1.96462e+00   1.31170e+02   1.31167e+02
          5394   5.39400e+03   1.96410e+00   1.31003e+02   1.31000e+02
          5395   5.39500e+03   1.96354e+00   1.30836e+02   1.30833e+02
          5396   5.39600e+03   1.96308e+00   1.30669e+02   1.30667e+02
          5397   5.39700e+03   1.96261e+00   1.30502e+02   1.30500e+02
          5398   5.39800e+03   1.96218e+00   1.30335e+02   1.30333e+02
          5399   5.39900e+03   1.96178e+00   1.30167e+02   1.30167e+02
          5400   5.40000e+03   1.96135e+00   1.30000e+02   1.30000e+02
          5401   5.40100e+03   1.96092e+00   1.29833e+02   1.29833e+02
          5402   5.40200e+03   1.96050e+00   1.29666e+02   1.29667e+02
          5403   5.40300e+03   1.96007e+00   1.29499e+02   1.29500e+02
          5404   5.40400e+03   1.95967e+00   1.29332e+02   1.29333e+02
          5405   5.40500e+03   1.95917e+00   1.29165e+02   1.29167e+02
          5406   5.40600e+03   1.95867e+00   1.28998e+02   1.29000e+02
          5407   5.40700e+03   1.95818e+00   1.28831e+02   1.28833e+02
          5408   5.40800e+03   1.95774e+00   1.28664e+02   1.28667e+02
          5409   5.40900e+03   1.95733e+00   1.28497e+02   1.28500e+02
          5410   5.41000e+03   1.95697e+00   1.28330e+02   1.28333e+02
          5411   5.41100e+03   1.95660e+00   1.28164e+02   1.28167e+02
          5412   5.41200e+03   1.95632e+00   1.27997e+02   1.28000e+02
          5413   5.41300e+03   1.95608e+00   1.27830e+02   1.27833e+02
          5414   5.41400e+03   1.95582e+00   1.27663e+02   1.27667e+02
          5415   5.41500e+03   1.95564e+00   1.27496e+02   1.27500e+02
          5416   5.41600e+03   1.95540e+00   1.27329e+02   1.27333e+02
          5417   5.41700e+03   1.95513e+00   1.27162e+02   1.27167e+02
          5418   5.41800e+03   1.95482e+00   1.26995e+02   1.27000e+02
          5419   5.41900e+03   1.95448e+00   1.26828e+02   1.26833e+02
          5420   5.42000e+03   1.95410e+00   1.26661e+02   1.26667e+02
          5421   5.42100e+03   1.95367e+00   1.26494e+02   1.26500e+02
          5422   5.42200e+03   1.95323e+00   1.26327e+02   1.26333e+02
          5423   5.42300e+03   1.95287e+00   1.26160e+02   1.26167e+02
          5424   5.42400e+03   1.95247e+00   1.25993e+02   1.26000e+02
          5425   5.42500e+03   1.95211e+00   1.25826e+02   1.25833e+02
          5426   5.42600e+03   1.95169e+00   1.25659e+02   1.25667e+02
          5427   5.42700e+03   1.95132e+00   1.25493e+02   1.25500e+02
          5428   5.42800e+03   1.95093e+00   1.25326e+02   1.25333e+02
          5429   5.42900e+03   1.95060e+00   1.25159e+02   1.25167e+02
          5430   5.43000e+03   1.95025e+00   1.24992e+02   1.25000e+02
          5431   5.43100e+03   1.94988e+00   1.24825e+02   1.24833e+02
          5432   5.43200e+03   1.94948e+00   1.24658e+02   1.24667e+02
          5433   5.43300e+03   1.94911e+00   1.24491e+02   1.24500e+02
          5434   5.43400e+03   1.94877e+00   1.24324e+02   1.24333e+02
          5435   5.43500e+03   1.94848e+00   1.24157e+02   1.24167e+02
          5436   5.43600e+03   1.94815e+00   1.23990e+02   1.24000e+02
          5437   5.43700e+03   1.94778e+00   1.23824e+02   1.23833e+02
          5438   5.43800e+03   1.94739e+00   1.23657e+02   1.23667e+02
          5439   5.43900e+03   1.94701e+00   1.23490e+02   1.23500e+02
          5440   5.44000e+03   1.94665e+00   1.23323e+02   1.23333e+02
          5441   5.44100e+03   1.94629e+00   1.23156e+02   1.23167e+02
          5442   5.44200e+03   1.94593e+00   1.22989e+02   1.23000e+02
          5443   5.44300e+03   1.94551e+00   1.22822e+02   1.22833e+02
          5444   5.44400e+03   1.94511e+00   1.22655e+02   1.22667e+02
          5445   5.44500e+03   1.94466e+00   1.22489e+02   1.22500e+02
          5446   5.44600e+03   1.94428e+00   1.22322e+02   1.22333e+02
          5447   5.44700e+03   1.94394e+00   1.22155e+02   1.22167e+02
          5448   5.44800e+03   1.94354e+00   1.21988e+02   1.22000e+02
          5449   5.44900e+03   1.94312e+00   1.21821e+02   1.21833e+02
          5450   5.45000e+03   1.94270e+00   1.21654e+02   1.21667e+02
          5451   5.45100e+03   1.94226e+00   1.21488e+02   1.21500e+02
          5452   5.45200e+03   1.94181e+00   1.21321e+02   1.21333e+02
          5453   5.45300e+03   1.94131e+00   1.21154e+02   1.21167e+02
          5454   5.45400e+03   1.94090e+00   1.20987e+02   1.21000e+02
          5455   5.45500e+03   1.94043e+00   1.20820e+02   1.20833e+02
          5456   5.45600e+03   1.93993e+00   1.20653e+02   1.20667e+02
          5457   5.45700e+03   1.93947e+00   1.20487e+02   1.20500e+02
          5458   5.45800e+03   1.93901e+00   1.20320e+02   1.20333e+02
          5459   5.45900e+03   1.93857e+00   1.20153e+02   1.20167e+02
          5460   5.46000e+03   1.93809e+00   1.19986e+02   1.20000e+02
          5461   5.46100e+03   1.93771e+00   1.19819e+02   1.19833e+02
          5462   5.46200e+03   1.93729e+00   1.19652e+02   1.19667e+02
          5463   5.46300e+03   1.93687e+00   1.19486e+02   1.19500e+02
          5464   5.46400e+03   1.93644e+00   1.19319e+02   1.19333e+02
          5465   5.46500e+03   1.93594e+00   1.19152e+02   1.19167e+02
          5466   5.46600e+03   1.93548e+00   1.18985e+02   1.19000e+02
          5467   5.46700e+03   1.93500e+00   1.18818e+02   1.18833e+02
          5468   5.46800e+03   1.93452e+00   1.18651e+02   1.18667e+02
          5469   5.46900e+03   1.93399e+00   1.18484e+02   1.18500e+02
          5470   5.47000e+03   1.93341e+00   1.18318e+02   1.18333e+02
          5471   5.47100e+03   1.93281e+00   1.18151e+02   1.18167e+02
          5472   5.47200e+03   1.93216e+00   1.17984e+02   1.18000e+02
          5473   5.47300e+03   1.93153e+00   1.17817e+02   1.17833e+02
          5474   5.47400e+03   1.93090e+00   1.17650e+02   1.17667e+02
          5475   5.47500e+03   1.93025e+00   1.17483e+02   1.17500e+02
          5476   5.47600e+03   1.92960e+00   1.17316e+02   1.17333e+02
          5477   5.47700e+03   1.92890e+00   1.17149e+02   1.17167e+02
          5478   5.47800e+03   1.92830e+00   1.16982e+02   1.17000e+02
          5479   5.47900e+03   1.92764e+00   1.16816e+02   1.16833e+02
          5480   5.48000e+03   1.92706e+00   1.16649e+02   1.16667e+02
          5481   5.48100e+03   1.92650e+00   1.16482e+02   1.16500e+02
          5482   5.48200e+03   1.92593e+00   1.16315e+02   1.16333e+02
          5483   5.48300e+03   1.92551e+00   1.16149e+02   1.16167e+02
          5484   5.48400e+03   1.92504e+00   1.15982e+02   1.16000e+02
          5485   5.48500e+03   1.92458e+00   1.15815e+02   1.15833e+02
          5486   5.48600e+03   1.92411e+00   1.15649e+02   1.15667e+02
          5487   5.48700e+03   1.92357e+00   1.15482e+02   1.15500e+02
          5488   5.48800e+03   1.92298e+00   1.15315e+02   1.15333e+02
          5489   5.48900e+03   1.92226e+00   1.15147e+02   1.15167e+02
          5490   5.49000e+03   1.92134e+00   1.14979e+02   1.15000e+02
          5491   5.49100e+03   1.92021e+00   1.14812e+02   1.14833e+02
          5492   5.49200e+03   1.91883e+00   1.14644e+02   1.14667e+02
          5493   5.49300e+03   1.91728e+00   1.14476e+02   1.14500e+02
          5494   5.49400e+03   1.91561e+00   1.14308e+02   1.14333e+02
          5495   5.49500e+03   1.91385e+00   1.14141e+02   1.14167e+02
          5496   5.49600e+03   1.91208e+00   1.13974e+02   1.14000e+02
          5497   5.49700e+03   1.91041e+00   1.13807e+02   1.13833e+02
          5498   5.49800e+03   1.90883e+00   1.13640e+02   1.13667e+02
          5499   5.49900e+03   1.90746e+00   1.13474e+02   1.13500e+02
          5500   5.50000e+03   1.90638e+00   1.13307e+02   1.13333e+02
          5501   5.50100e+03   1.90555e+00   1.13141e+02   1.13167e+02
          5502   5.50200e+03   1.90506e+00   1.12975e+02   1.13000e+02
          5503   5.50300e+03   1.90477e+00   1.12808e+02   1.12833e+02
          5504   5.50400e+03   1.90476e+00   1.12642e+02   1.12667e+02
          5505   5.50500e+03   1.90491e+00   1.12476e+02   1.12500e+02
          5506   5.50600e+03   1.90513e+00   1.12310e+02   1.12333e+02
          5507   5.50700e+03   1.90548e+00   1.12143e+02   1.12167e+02
          5508   5.50800e+03   1.90585e+00   1.11977e+02   1.12000e+02
          5509   5.50900e+03   1.90627e+00   1.11811e+02   1.11833e+02
          5510   5.51000e+03   1.90670e+00   1.11645e+02   1.11667e+02
          5511   5.51100e+03   1.90708e+00   1.11478e+02   1.11500e+02
          5512   5.51200e+03   1.90747e+00   1.11312e+02   1.11333e+02
          5513   5.51300e+03   1.90779e+00   1.11146e+02   1.11167e+02
          5514   5.51400e+03   1.90802e+00   1.10979e+02   1.11000e+02
          5515   5.51500e+03   1.90826e+00   1.10813e+02   1.10833e+02
          5516   5.51600e+03   1.90849e+00   1.10646e+02   1.10667e+02
          5517   5.51700e+03   1.90872e+00   1.10480e+02   1.10500e+02
          5518   5.51800e+03   1.90890e+00   1.10313e+02   1.10333e+02
          5519   5.51900e+03   1.90906e+00   1.10147e+02   1.10167e+02
          5520   5.52000e+03   1.90913e+00   1.09980e+02   1.10000e+02
          5521   5.52100e+03   1.90913e+00   1.09814e+02   1.09833e+02
          5522   5.52200e+03   1.90904e+00   1.09647e+02   1.09667e+02
          5523   5.52300e+03   1.90894e+00   1.09481e+02   1.09500e+02
          5524   5.52400e+03   1.90879e+00   1.09314e+02   1.09333e+02
          5525   5.52500e+03   1.90853e+00   1.09148e+02   1.09167e+02
          5526   5.52600e+03   1.90826e+00   1.08981e+02   1.09000e+02
          5527   5.52700e+03   1.90792e+00   1.08814e+02   1.08833e+02
          5528   5.52800e+03   1.90752e+00   1.08648e+02   1.08667e+02
          5529   5.52900e+03   1.90711e+00   1.08481e+02   1.08500e+02
          5530   5.53000e+03   1.90670e+00   1.08315e+02   1.08333e+02
          5531   5.53100e+03   1.90635e+00   1.08148e+02   1.08167e+02
          5532   5.53200e+03   1.90594e+00   1.07981e+02   1.08000e+02
          5533   5.53300e+03   1.90550e+00   1.07815e+02   1.07833e+02
          5534   5.53400e+03   1.90513e+00   1.07648e+02   1.07667e+02
          5535   5.53500e+03   1.90467e+00   1.07482e+02   1.07500e+02
          5536   5.53600e+03   1.90427e+00   1.07315e+02   1.07333e+02
          5537   5.53700e+03   1.90387e+00   1.07148e+02   1.07167e+02
          5538   5.53800e+03   1.90344e+00   1.06982e+02   1.07000e+02
          5539   5.53900e+03   1.90304e+00   1.06815e+02   1.06833e+02
          5540   5.54000e+03   1.90263e+00   1.06648e+02   1.06667e+02
          5541   5.54100e+03   1.90224e+00   1.06482e+02   1.06500e+02
          5542   5.54200e+03   1.90184e+00   1.06315e+02   1.06333e+02
          5543   5.54300e+03   1.90147e+00   1.06149e+02   1.06167e+02
          5544   5.54400e+03   1.90110e+00   1.05982e+02   1.06000e+02
          5545   5.54500e+03   1.90067e+00   1.05815e+02   1.05833e+02
          5546   5.54600e+03   1.90029e+00   1.05649e+02   1.05667e+02
          5547   5.54700e+03   1.89994e+00   1.05482e+02   1.05500e+02
          5548   5.54800e+03   1.89958e+00   1.05316e+02   1.05333e+02
          5549   5.54900e+03   1.89920e+00   1.05149e+02   1.05167e+02
          5550   5.55000e+03   1.89882e+00   1.04982e+02   1.05000e+02
          5551   5.55100e+03   1.89848e+00   1.04816e+02   1.04833e+02
          5552   5.55200e+03   1.89813e+00   1.04649e+02   1.04667e+02
          5553   5.55300e+03   1.89779e+00   1.04482e+02   1.04500e+02
          5554   5.55400e+03   1.89739e+00   1.04316e+02   1.04333e+02
          5555   5.55500e+03   1.89699e+00   1.04149e+02   1.04167e+02
          5556   5.55600e+03   1.89659e+00   1.03982e+02   1.04000e+02
          5557   5.55700e+03   1.89617e+00   1.03815e+02   1.03833e+02
          5558   5.55800e+03   1.89583e+00   1.03649e+02   1.03667e+02
          5559   5.55900e+03   1.89553e+00   1.03482e+02   1.03500e+02
          5560   5.56000e+03   1.89514e+00   1.03315e+02   1.03333e+02
          5561   5.56100e+03   1.89470e+00   1.03149e+02   1.03167e+02
          5562   5.56200e+03   1.89427e+00   1.02982e+02   1.03000e+02
          5563   5.56300e+03   1.89390e+00   1.02815e+02   1.02833e+02
          5564   5.56400e+03   1.89352e+00   1.02649e+02   1.02667e+02
          5565   5.56500e+03   1.89319e+00   1.02482e+02   1.02500e+02
          5566   5.56600e+03   1.89284e+00   1.02315e+02   1.02333e+02
          5567   5.56700e+03   1.89240e+00   1.02149e+02   1.02167e+02
          5568   5.56800e+03   1.89197e+00   1.01982e+02   1.02000e+02
          5569   5.56900e+03   1.89158e+00   1.01815e+02   1.01833e+02
          5570   5.57000e+03   1.89123e+00   1.01649e+02   1.01667e+02
          5571   5.57100e+03   1.89094e+00   1.01482e+02   1.01500e+02
          5572   5.57200e+03   1.89059e+00   1.01315e+02   1.01333e+02
          5573   5.57300e+03   1.89025e+00   1.01149e+02   1.01167e+02
          5574   5.57400e+03   1.88992e+00   1.00982e+02   1.01000e+02
          5575   5.57500e+03   1.88955e+00   1.00815e+02   1.00833e+02
          5576   5.57600e+03   1.88919e+00   1.00649e+02   1.00667e+02
          5577   5.57700e+03   1.88881e+00   1.00482e+02   1.00500e+02
          5578   5.57800e+03   1.88845e+00   1.00315e+02   1.00333e+02
          5579   5.57900e+03   1.88809e+00   1.00149e+02   1.00167e+02
          5580   5.58000e+03   1.88770e+00   9.99819e+01   1.00000e+02
          5581   5.58100e+03   1.88730e+00   9.98152e+01   9.98333e+01
          5582   5.58200e+03   1.88690e+00   9.96486e+01   9.96667e+01
          5583   5.58300e+03   1.88640e+00   9.94819e+01   9.95000e+01
          5584   5.58400e+03   1.88594e+00   9.93152e+01   9.93333e+01
          5585   5.58500e+03   1.88548e+00   9.91485e+01   9.91667e+01
          5586   5.58600e+03   1.88500e+00   9.89819e+01   9.90000e+01
          5587   5.58700e+03   1.88452e+00   9.88152e+01   9.88333e+01
          5588   5.58800e+03   1.88399e+00   9.86485e+01   9.86667e+01
          5589   5.58900e+03   1.88344e+00   9.84819e+01   9.85000e+01
          5590   5.59000e+03   1.88293e+00   9.83153e+01   9.83333e+01
          5591   5.59100e+03   1.88242e+00   9.81486e+01   9.81667e+01
          5592   5.59200e+03   1.88199e+00   9.79820e+01   9.80000e+01
          5593   5.59300e+03   1.88152e+00   9.78153e+01   9.78333e+01
          5594   5.59400e+03   1.88108e+00   9.76487e+01   9.76667e+01
          5595   5.59500e+03   1.88068e+00   9.74820e+01   9.75000e+01
          5596   5.59600e+03   1.88025e+00   9.73154e+01   9.73333e+01
          5597   5.59700e+03   1.87984e+00   9.71488e+01   9.71667e+01
          5598   5.59800e+03   1.87947e+00   9.69821e+01   9.70000e+01
          5599   5.59900e+03   1.87907e+00   9.68155e+01   9.68333e+01
          5600   5.60000e+03   1.87865e+00   9.66488e+01   9.66667e+01
          5601   5.60100e+03   1.87821e+00   9.64822e+01   9.65000e+01
          5602   5.60200e+03   1.87777e+00   9.63155e+01   9.63333e+01
          5603   5.60300e+03   1.87736e+00   9.61489e+01   9.61667e+01
          5604   5.60400e+03   1.87693e+00   9.59822e+01   9.60000e+01
          5605   5.60500e+03   1.87652e+00   9.58156e+01   9.58333e+01
          5606   5.60600e+03   1.87615e+00   9.56489e+01   9.56667e+01
          5607   5.60700e+03   1.87570e+00   9.54823e+01   9.55000e+01
          5608   5.60800e+03   1.87528e+00   9.53156e+01   9.53333e+01
          5609   5.60900e+03   1.87492e+00   9.51490e+01   9.51667e+01
          5610   5.61000e+03   1.87458e+00   9.49823e+01   9.50000e+01
          5611   5.61100e+03   1.87424e+00   9.48157e+01   9.48333e+01
          5612   5.61200e+03   1.87382e+00   9.46490e+01   9.46667e+01
          5613   5.61300e+03   1.87342e+00   9.44824e+01   9.45000e+01
          5614   5.61400e+03   1.87305e+00   9.43158e+01   9.43333e+01
          5615   5.61500e+03   1.87264e+00   9.41491e+01   9.41667e+01
          5616   5.61600e+03   1.87227e+00   9.39825e+01   9.40000e+01
          5617   5.61700e+03   1.87187e+00   9.38159e+01   9.38333e+01
          5618   5.61800e+03   1.87146e+00   9.36492e+01   9.36667e+01
          5619   5.61900e+03   1.87103e+00   9.34826e+01   9.35000e+01
          5620   5.62000e+03   1.87061e+00   9.33160e+01   9.33333e+01
          5621   5.62100e+03   1.87024e+00   9.31494e+01   9.31667e+01
          5622   5.62200e+03   1.86981e+00   9.29828e+01   9.30000e+01
          5623   5.62300e+03   1.86937e+00   9.28161e+01   9.28333e+01
          5624   5.62400e+03   1.86895e+00   9.26495e+01   9.26667e+01
          5625   5.62500e+03   1.86854e+00   9.24829e+01   9.25000e+01
          5626   5.62600e+03   1.86817e+00   9.23163e+01   9.23333e+01
          5627   5.62700e+03   1.86779e+00   9.21497e+01   9.21667e+01
          5628   5.62800e+03   1.86743e+00   9.19830e+01   9.20000e+01
          5629   5.62900e+03   1.86707e+00   9.18164e+01   9.18333e+01
          5630   5.63000e+03   1.86673e+00   9.16498e+01   9.16667e+01
          5631   5.63100e+03   1.86640e+00   9.14832e+01   9.15000e+01
          5632   5.63200e+03   1.86609e+00   9.13166e+01   9.13333e+01
          5633   5.63300e+03   1.86570e+00   9.11500e+01   9.11667e+01
          5634   5.63400e+03   1.86533e+00   9.09834e+01   9.10000e+01
          5635   5.63500e+03   1.86496e+00   9.08168e+01   9.08333e+01
          5636   5.63600e+03   1.86458e+00   9.06502e+01   9.06667e+01
          5637   5.63700e+03   1.86422e+00   9.04835e+01   9.05000e+01
          5638   5.63800e+03   1.86388e+00   9.03169e+01   9.03333e+01
          5639   5.63900e+03   1.86348e+00   9.01503e+01   9.01667e+01
          5640   5.64000e+03   1.86311e+00   8.99837e+01   9.00000e+01
          5641   5.64100e+03   1.86273e+00   8.98171e+01   8.98333e+01
          5642   5.64200e+03   1.86241e+00   8.96504e+01   8.96667e+01
          5643   5.64300e+03   1.86206e+00   8.94838e+01   8.95000e+01
          5644   5.64400e+03   1.86174e+00   8.93172e+01   8.93333e+01
          5645   5.64500e+03   1.86135e+00   8.91506e+01   8.91667e+01
          5646   5.64600e+03   1.86098e+00   8.89839e+01   8.90000e+01
          5647   5.64700e+03   1.86052e+00   8.88173e+01   8.88333e+01
          5648   5.64800e+03   1.86015e+00   8.86507e+01   8.86667e+01
          5649   5.64900e+03   1.85979e+00   8.84841e+01   8.85000e+01
          5650   5.65000e+03   1.85939e+00   8.83174e+01   8.83333e+01
          5651   5.65100e+03   1.85900e+00   8.81508e+01   8.81667e+01
          5652   5.65200e+03   1.85857e+00   8.79841e+01   8.80000e+01
          5653   5.65300e+03   1.85816e+00   8.78175e+01   8.78333e+01
          5654   5.65400e+03   1.85774e+00   8.76508e+01   8.76667e+01
          5655   5.65500e+03   1.85732e+00   8.74842e+01   8.75000e+01
          5656   5.65600e+03   1.85695e+00   8.73176e+01   8.73333e+01
          5657   5.65700e+03   1.85653e+00   8.71509e+01   8.71667e+01
          5658   5.65800e+03   1.85610e+00   8.69843e+01   8.70000e+01
          5659   5.65900e+03   1.85571e+00   8.68176e+01   8.68333e+01
          5660   5.66000e+03   1.85524e+00   8.66510e+01   8.66667e+01
          5661   5.66100e+03   1.85488e+00   8.64844e+01   8.65000e+01
          5662   5.66200e+03   1.85446e+00   8.63177e+01   8.63333e+01
          5663   5.66300e+03   1.85412e+00   8.61511e+01   8.61667e+01
          5664   5.66400e+03   1.85378e+00   8.59844e+01   8.60000e+01
          5665   5.66500e+03   1.85340e+00   8.58178e+01   8.58333e+01
          5666   5.66600e+03   1.85298e+00   8.56512e+01   8.56667e+01
          5667   5.66700e+03   1.85254e+00   8.54846e+01   8.55000e+01
          5668   5.66800e+03   1.85214e+00   8.53180e+01   8.53333e+01
          5669   5.66900e+03   1.85183e+00   8.51513e+01   8.51667e+01
          5670   5.67000e+03   1.85145e+00   8.49847e+01   8.50000e+01
          5671   5.67100e+03   1.85107e+00   8.48181e+01   8.48333e+01
          5672   5.67200e+03   1.85067e+00   8.46515e+01   8.46667e+01
          5673   5.67300e+03   1.85027e+00   8.44848e+01   8.45000e+01
          5674   5.67400e+03   1.84987e+00   8.43182e+01   8.43333e+01
          5675   5.67500e+03   1.84952e+00   8.41516e+01   8.41667e+01
          5676   5.67600e+03   1.84919e+00   8.39850e+01   8.40000e+01
          5677   5.67700e+03   1.84878e+00   8.38184e+01   8.38333e+01
          5678   5.67800e+03   1.84836e+00   8.36518e+01   8.36667e+01
          5679   5.67900e+03   1.84796e+00   8.34852e+01   8.35000e+01
          5680   5.68000e+03   1.84757e+00   8.33185e+01   8.33333e+01
          5681   5.68100e+03   1.84721e+00   8.31519e+01   8.31667e+01
          5682   5.68200e+03   1.84675e+00   8.29853e+01   8.30000e+01
          5683   5.68300e+03   1.84635e+00   8.28187e+01   8.28333e+01
          5684   5.68400e+03   1.84596e+00   8.26520e+01   8.26667e+01
          5685   5.68500e+03   1.84552e+00   8.24854e+01   8.25000e+01
          5686   5.68600e+03   1.84515e+00   8.23187e+01   8.23333e+01
          5687   5.68700e+03   1.84479e+00   8.21521e+01   8.21667e+01
          5688   5.68800e+03   1.84439e+00   8.19855e+01   8.20000e+01
          5689   5.68900e+03   1.84399e+00   8.18188e+01   8.18333e+01
          5690   5.69000e+03   1.84356e+00   8.16522e+01   8.16667e+01
          5691   5.69100e+03   1.84317e+00   8.14856e+01   8.15000e+01
          5692   5.69200e+03   1.84278e+00   8.13189e+01   8.13333e+01
          5693   5.69300e+03   1.84239e+00   8.11523e+01   8.11667e+01
          5694   5.69400e+03   1.84198e+00   8.09856e+01   8.10000e+01
          5695   5.69500e+03   1.84153e+00   8.08190e+01   8.08333e+01
          5696   5.69600e+03   1.84107e+00   8.06523e+01   8.06667e+01
          5697   5.69700e+03   1.84063e+00   8.04857e+01   8.05000e+01
          5698   5.69800e+03   1.84019e+00   8.03190e+01   8.03333e+01
          5699   5.69900e+03   1.83976e+00   8.01524e+01   8.01667e+01
          5700   5.70000e+03   1.83936e+00   7.99857e+01   8.00000e+01
          5701   5.70100e+03   1.83893e+00   7.98191e+01   7.98333e+01
          5702   5.70200e+03   1.83853e+00   7.96524e+01   7.96667e+01
          5703   5.70300e+03   1.83809e+00   7.94857e+01   7.95000e+01
          5704   5.70400e+03   1.83769e+00   7.93191e+01   7.93333e+01
          5705   5.70500e+03   1.83728e+00   7.91524e+01   7.91667e+01
          5706   5.70600e+03   1.83690e+00   7.89857e+01   7.90000e+01
          5707   5.70700e+03   1.83652e+00   7.88191e+01   7.88333e+01
          5708   5.70800e+03   1.83609e+00   7.86524e+01   7.86667e+01
          5709   5.70900e+03   1.83564e+00   7.84858e+01   7.85000e+01
          5710   5.71000e+03   1.83523e+00   7.83191e+01   7.83333e+01
          5711   5.71100e+03   1.83480e+00   7.81525e+01   7.81667e+01
          5712   5.71200e+03   1.83443e+00   7.79858e+01   7.80000e+01
          5713   5.71300e+03   1.83400e+00   7.78192e+01   7.78333e+01
          5714   5.71400e+03   1.83352e+00   7.76526e+01   7.76667e+01
          5715   5.71500e+03   1.83313e+00   7.74859e+01   7.75000e+01
          5716   5.71600e+03   1.83272e+00   7.73193e+01   7.73333e+01
          5717   5.71700e+03   1.83234e+00   7.71527e+01   7.71667e+01
          5718   5.71800e+03   1.83199e+00   7.69860e+01   7.70000e+01
          5719   5.71900e+03   1.83161e+00   7.68194e+01   7.68333e+01
          5720   5.72000e+03   1.83124e+00   7.66527e+01   7.66667e+01
          5721   5.72100e+03   1.83085e+00   7.64861e+01   7.65000e+01
          5722   5.72200e+03   1.83049e+00   7.63194e+01   7.63333e+01
          5723   5.72300e+03   1.83015e+00   7.61528e+01   7.61667e+01
          5724   5.72400e+03   1.82979e+00   7.59861e+01   7.60000e+01
          5725   5.72500e+03   1.82939e+00   7.58195e+01   7.58333e+01
          5726   5.72600e+03   1.82901e+00   7.56528e+01   7.56667e+01
          5727   5.72700e+03   1.82864e+00   7.54862e+01   7.55000e+01
          5728   5.72800e+03   1.82824e+00   7.53195e+01   7.53333e+01
          5729   5.72900e+03   1.82783e+00   7.51529e+01   7.51667e+01
          5730   5.73000e+03   1.82743e+00   7.49862e+01   7.50000e+01
          5731   5.73100e+03   1.82705e+00   7.48196e+01   7.48333e+01
          5732   5.73200e+03   1.82669e+00   7.46529e+01   7.46667e+01
          5733   5.73300e+03   1.82621e+00   7.44863e+01   7.45000e+01
          5734   5.73400e+03   1.82582e+00   7.43196e+01   7.43333e+01
          5735   5.73500e+03   1.82543e+00   7.41530e+01   7.41667e+01
          5736   5.73600e+03   1.82501e+00   7.39864e+01   7.40000e+01
          5737   5.73700e+03   1.82461e+00   7.38197e+01   7.38333e+01
          5738   5.73800e+03   1.82427e+00   7.36530e+01   7.36667e+01
          5739   5.73900e+03   1.82391e+00   7.34864e+01   7.35000e+01
          5740   5.74000e+03   1.82351e+00   7.33197e+01   7.33333e+01
          5741   5.74100e+03   1.82313e+00   7.31531e+01   7.31667e+01
          5742   5.74200e+03   1.82278e+00   7.29865e+01   7.30000e+01
          5743   5.74300e+03   1.82240e+00   7.28198e+01   7.28333e+01
          5744   5.74400e+03   1.82198e+00   7.26532e+01   7.26667e+01
          5745   5.74500e+03   1.82160e+00   7.24866e+01   7.25000e+01
          5746   5.74600e+03   1.82114e+00   7.23199e+01   7.23333e+01
          5747   5.74700e+03   1.82068e+00   7.21533e+01   7.21667e+01
          5748   5.74800e+03   1.82031e+00   7.19867e+01   7.20000e+01
          5749   5.74900e+03   1.81996e+00   7.18200e+01   7.18333e+01
          5750   5.75000e+03   1.81955e+00   7.16533e+01   7.16667e+01
          5751   5.75100e+03   1.81915e+00   7.14867e+01   7.15000e+01
          5752   5.75200e+03   1.81869e+00   7.13201e+01   7.13333e+01
          5753   5.75300e+03   1.81823e+00   7.11534e+01   7.11667e+01
          5754   5.75400e+03   1.81782e+00   7.09868e+01   7.10000e+01
          5755   5.75500e+03   1.81745e+00   7.08201e+01   7.08333e+01
          5756   5.75600e+03   1.81701e+00   7.06535e+01   7.06667e+01
          5757   5.75700e+03   1.81649e+00   7.04868e+01   7.05000e+01
          5758   5.75800e+03   1.81595e+00   7.03202e+01   7.03333e+01
          5759   5.75900e+03   1.81541e+00   7.01536e+01   7.01667e+01
          5760   5.76000e+03   1.81486e+00   6.99870e+01   7.00000e+01
          5761   5.76100e+03   1.81442e+00   6.98203e+01   6.98333e+01
          5762   5.76200e+03   1.81401e+00   6.96537e+01   6.96667e+01
          5763   5.76300e+03   1.81354e+00   6.94871e+01   6.95000e+01
          5764   5.76400e+03   1.81312e+00   6.93204e+01   6.93333e+01
          5765   5.76500e+03   1.81272e+00   6.91538e+01   6.91667e+01
          5766   5.76600e+03   1.81235e+00   6.89872e+01   6.90000e+01
          5767   5.76700e+03   1.81200e+00   6.88205e+01   6.88333e+01
          5768   5.76800e+03   1.81172e+00   6.86539e+01   6.86667e+01
          5769   5.76900e+03   1.81140e+00   6.84873e+01   6.85000e+01
          5770   5.77000e+03   1.81106e+00   6.83207e+01   6.83333e+01
          5771   5.77100e+03   1.81068e+00   6.81540e+01   6.81667e+01
          5772   5.77200e+03   1.81032e+00   6.79874e+01   6.80000e+01
          5773   5.77300e+03   1.80995e+00   6.78207e+01   6.78333e+01
          5774   5.77400e+03   1.80957e+00   6.76541e+01   6.76667e+01
          5775   5.77500e+03   1.80920e+00   6.74875e+01   6.75000e+01
          5776   5.77600e+03   1.80883e+00   6.73208e+01   6.73333e+01
          5777   5.77700e+03   1.80845e+00   6.71542e+01   6.71667e+01
          5778   5.77800e+03   1.80808e+00   6.69875e+01   6.70000e+01
          5779   5.77900e+03   1.80764e+00   6.68209e+01   6.68333e+01
          5780   5.78000e+03   1.80725e+00   6.66542e+01   6.66667e+01
          5781   5.78100e+03   1.80686e+00   6.64876e+01   6.65000e+01
          5782   5.78200e+03   1.80642e+00   6.63210e+01   6.63333e+01
          5783   5.78300e+03   1.80600e+00   6.61543e+01   6.61667e+01
          5784   5.78400e+03   1.80553e+00   6.59877e+01   6.60000e+01
          5785   5.78500e+03   1.80502e+00   6.58211e+01   6.58333e+01
          5786   5.78600e+03   1.80449e+00   6.56544e+01   6.56667e+01
          5787   5.78700e+03   1.80408e+00   6.54878e+01   6.55000e+01
          5788   5.78800e+03   1.80369e+00   6.53212e+01   6.53333e+01
          5789   5.78900e+03   1.80328e+00   6.51545e+01   6.51667e+01
          5790   5.79000e+03   1.80286e+00   6.49879e+01   6.50000e+01
          5791   5.79100e+03   1.80243e+00   6.48213e+01   6.48333e+01
          5792   5.79200e+03   1.80199e+00   6.46546e+01   6.46667e+01
          5793   5.79300e+03   1.80159e+00   6.44880e+01   6.45000e+01
          5794   5.79400e+03   1.80123e+00   6.43214e+01   6.43333e+01
          5795   5.79500e+03   1.80083e+00   6.41548e+01   6.41667e+01
          5796   5.79600e+03   1.80040e+00   6.39881e+01   6.40000e+01
          5797   5.79700e+03   1.79994e+00   6.38215e+01   6.38333e+01
          5798   5.79800e+03   1.79949e+00   6.36549e+01   6.36667e+01
          5799   5.79900e+03   1.79906e+00   6.34883e+01   6.35000e+01
          5800   5.80000e+03   1.79871e+00   6.33217e+01   6.33333e+01
          5801   5.80100e+03   1.79836e+00   6.31551e+01   6.31667e+01
          5802   5.80200e+03   1.79799e+00   6.29884e+01   6.30000e+01
          5803   5.80300e+03   1.79762e+00   6.28218e+01   6.28333e+01
          5804   5.80400e+03   1.79726e+00   6.26552e+01   6.26667e+01
          5805   5.80500e+03   1.79683e+00   6.24886e+01   6.25000e+01
          5806   5.80600e+03   1.79648e+00   6.23220e+01   6.23333e+01
          5807   5.80700e+03   1.79610e+00   6.21553e+01   6.21667e+01
          5808   5.80800e+03   1.79570e+00   6.19887e+01   6.20000e+01
          5809   5.80900e+03   1.79525e+00   6.18221e+01   6.18333e+01
          5810   5.81000e+03   1.79485e+00   6.16554e+01   6.16667e+01
          5811   5.81100e+03   1.79444e+00   6.14888e+01   6.15000e+01
          5812   5.81200e+03   1.79405e+00   6.13222e+01   6.13333e+01
          5813   5.81300e+03   1.79367e+00   6.11555e+01   6.11667e+01
          5814   5.81400e+03   1.79331e+00   6.09889e+01   6.10000e+01
          5815   5.81500e+03   1.79292e+00   6.08222e+01   6.08333e+01
          5816   5.81600e+03   1.79257e+00   6.06556e+01   6.06667e+01
          5817   5.81700e+03   1.79225e+00   6.04889e+01   6.05000e+01
          5818   5.81800e+03   1.79193e+00   6.03223e+01   6.03333e+01
          5819   5.81900e+03   1.79153e+00   6.01557e+01   6.01667e+01
          5820   5.82000e+03   1.79116e+00   5.99890e+01   6.00000e+01
          5821   5.82100e+03   1.79074e+00   5.98224e+01   5.98333e+01
          5822   5.82200e+03   1.79031e+00   5.96558e+01   5.96667e+01
          5823   5.82300e+03   1.78995e+00   5.94891e+01   5.95000e+01
          5824   5.82400e+03   1.78957e+00   5.93225e+01   5.93333e+01
          5825   5.82500e+03   1.78913e+00   5.91558e+01   5.91667e+01
          5826   5.82600e+03   1.78871e+00   5.89892e+01   5.90000e+01
          5827   5.82700e+03   1.78826e+00   5.88226e+01   5.88333e+01
          5828   5.82800e+03   1.78791e+00   5.86559e+01   5.86667e+01
          5829   5.82900e+03   1.78753e+00   5.84893e+01   5.85000e+01
          5830   5.83000e+03   1.78718e+00   5.83226e+01   5.83333e+01
          5831   5.83100e+03   1.78682e+00   5.81560e+01   5.81667e+01
          5832   5.83200e+03   1.78639e+00   5.79894e+01   5.80000e+01
          5833   5.83300e+03   1.78594e+00   5.78227e+01   5.78333e+01
          5834   5.83400e+03   1.78555e+00   5.76561e+01   5.76667e+01
          5835   5.83500e+03   1.78513e+00   5.74895e+01   5.75000e+01
          5836   5.83600e+03   1.78474e+00   5.73228e+01   5.73333e+01
          5837   5.83700e+03   1.78430e+00   5.71562e+01   5.71667e+01
          5838   5.83800e+03   1.78385e+00   5.69895e+01   5.70000e+01
          5839   5.83900e+03   1.78338e+00   5.68229e+01   5.68333e+01
          5840   5.84000e+03   1.78297e+00   5.66562e+01   5.66667e+01
          5841   5.84100e+03   1.78261e+00   5.64896e+01   5.65000e+01
          5842   5.84200e+03   1.78228e+00   5.63229e+01   5.63333e+01
          5843   5.84300e+03   1.78187e+00   5.61563e+01   5.61667e+01
          5844   5.84400e+03   1.78152e+00   5.59896e+01   5.60000e+01
          5845   5.84500e+03   1.78119e+00   5.58230e+01   5.58333e+01
          5846   5.84600e+03   1.78082e+00   5.56564e+01   5.56667e+01
          5847   5.84700e+03   1.78045e+00   5.54897e+01   5.55000e+01
          5848   5.84800e+03   1.78009e+00   5.53231e+01   5.53333e+01
          5849   5.84900e+03   1.77970e+00   5.51564e+01   5.51667e+01
          5850   5.85000e+03   1.77931e+00   5.49897e+01   5.50000e+01
          5851   5.85100e+03   1.77887e+00   5.48231e+01   5.48333e+01
          5852   5.85200e+03   1.77848e+00   5.46564e+01   5.46667e+01
          5853   5.85300e+03   1.77805e+00   5.44897e+01   5.45000e+01
          5854   5.85400e+03   1.77759e+00   5.43230e+01   5.43333e+01
          5855   5.85500e+03   1.77718e+00   5.41564e+01   5.41667e+01
          5856   5.85600e+03   1.77688e+00   5.39897e+01   5.40000e+01
          5857   5.85700e+03   1.77653e+00   5.38230e+01   5.38333e+01
          5858   5.85800e+03   1.77612e+00   5.36564e+01   5.36667e+01
          5859   5.85900e+03   1.77578e+00   5.34897e+01   5.35000e+01
          5860   5.86000e+03   1.77545e+00   5.33231e+01   5.33333e+01
          5861   5.86100e+03   1.77509e+00   5.31564e+01   5.31667e+01
          5862   5.86200e+03   1.77472e+00   5.29897e+01   5.30000e+01
          5863   5.86300e+03   1.77433e+00   5.28231e+01   5.28333e+01
          5864   5.86400e+03   1.77393e+00   5.26564e+01   5.26667e+01
          5865   5.86500e+03   1.77348e+00   5.24898e+01   5.25000e+01
          5866   5.86600e+03   1.77304e+00   5.23231e+01   5.23333e+01
          5867   5.86700e+03   1.77272e+00   5.21565e+01   5.21667e+01
          5868   5.86800e+03   1.77234e+00   5.19898e+01   5.20000e+01
          5869   5.86900e+03   1.77190e+00   5.18232e+01   5.18333e+01
          5870   5.87000e+03   1.77148e+00   5.16565e+01   5.16667e+01
          5871   5.87100e+03   1.77109e+00   5.14899e+01   5.15000e+01
          5872   5.87200e+03   1.77074e+00   5.13232e+01   5.13333e+01
          5873   5.87300e+03   1.77046e+00   5.11566e+01   5.11667e+01
          5874   5.87400e+03   1.77009e+00   5.09899e+01   5.10000e+01
          5875   5.87500e+03   1.76973e+00   5.08233e+01   5.08333e+01
          5876   5.87600e+03   1.76928e+00   5.06567e+01   5.06667e+01
          5877   5.87700e+03   1.76884e+00   5.04900e+01   5.05000e+01
          5878   5.87800e+03   1.76850e+00   5.03234e+01   5.03333e+01
          5879   5.87900e+03   1.76816e+00   5.01567e+01   5.01667e+01
          5880   5.88000e+03   1.76783e+00   4.99901e+01   5.00000e+01
          5881   5.88100e+03   1.76747e+00   4.98234e+01   4.98333e+01
          5882   5.88200e+03   1.76711e+00   4.96568e+01   4.96667e+01
          5883   5.88300e+03   1.76682e+00   4.94901e+01   4.95000e+01
          5884   5.88400e+03   1.76653e+00   4.93235e+01   4.93333e+01
          5885   5.88500e+03   1.76627e+00   4.91568e+01   4.91667e+01
          5886   5.88600e+03   1.76602e+00   4.89902e+01   4.90000e+01
          5887   5.88700e+03   1.76570e+00   4.88235e+01   4.88333e+01
          5888   5.88800e+03   1.76536e+00   4.86568e+01   4.86667e+01
          5889   5.88900e+03   1.76498e+00   4.84901e+01   4.85000e+01
          5890   5.89000e+03   1.76461e+00   4.83235e+01   4.83333e+01
          5891   5.89100e+03   1.76419e+00   4.81568e+01   4.81667e+01
          5892   5.89200e+03   1.76372e+00   4.79901e+01   4.80000e+01
          5893   5.89300e+03   1.76329e+00   4.78235e+01   4.78333e+01
          5894   5.89400e+03   1.76288e+00   4.76568e+01   4.76667e+01
          5895   5.89500e+03   1.76248e+00   4.74901e+01   4.75000e+01
          5896   5.89600e+03   1.76210e+00   4.73235e+01   4.73333e+01
          5897   5.89700e+03   1.76170e+00   4.71568e+01   4.71667e+01
          5898   5.89800e+03   1.76134e+00   4.69902e+01   4.70000e+01
          5899   5.89900e+03   1.76093e+00   4.68235e+01   4.68333e+01
          5900   5.90000e+03   1.76052e+00   4.66568e+01   4.66667e+01
          5901   5.90100e+03   1.76018e+00   4.64902e+01   4.65000e+01
          5902   5.90200e+03   1.75983e+00   4.63235e+01   4.63333e+01
          5903   5.90300e+03   1.75949e+00   4.61568e+01   4.61667e+01
          5904   5.90400e+03   1.75908e+00   4.59902e+01   4.60000e+01
          5905   5.90500e+03   1.75865e+00   4.58235e+01   4.58333e+01
          5906   5.90600e+03   1.75829e+00   4.56569e+01   4.56667e+01
          5907   5.90700e+03   1.75792e+00   4.54902e+01   4.55000e+01
          5908   5.90800e+03   1.75761e+00   4.53236e+01   4.53333e+01
          5909   5.90900e+03   1.75725e+00   4.51569e+01   4.51667e+01
          5910   5.91000e+03   1.75688e+00   4.49902e+01   4.50000e+01
          5911   5.91100e+03   1.75647e+00   4.48236e+01   4.48333e+01
          5912   5.91200e+03   1.75612e+00   4.46569e+01   4.46667e+01
          5913   5.91300e+03   1.75581e+00   4.44903e+01   4.45000e+01
          5914   5.91400e+03   1.75549e+00   4.43236e+01   4.43333e+01
          5915   5.91500e+03   1.75516e+00   4.41570e+01   4.41667e+01
          5916   5.91600e+03   1.75474e+00   4.39904e+01   4.40000e+01
          5917   5.91700e+03   1.75433e+00   4.38238e+01   4.38333e+01
          5918   5.91800e+03   1.75401e+00   4.36571e+01   4.36667e+01
          5919   5.91900e+03   1.75365e+00   4.34905e+01   4.35000e+01
          5920   5.92000e+03   1.75334e+00   4.33238e+01   4.33333e+01
          5921   5.92100e+03   1.75293e+00   4.31572e+01   4.31667e+01
          5922   5.92200e+03   1.75254e+00   4.29906e+01   4.30000e+01
          5923   5.92300e+03   1.75218e+00   4.28239e+01   4.28333e+01
          5924   5.92400e+03   1.75187e+00   4.26573e+01   4.26667e+01
          5925   5.92500e+03   1.75159e+00   4.24907e+01   4.25000e+01
          5926   5.92600e+03   1.75131e+00   4.23240e+01   4.23333e+01
          5927   5.92700e+03   1.75096e+00   4.21574e+01   4.21667e+01
          5928   5.92800e+03   1.75067e+00   4.19908e+01   4.20000e+01
          5929   5.92900e+03   1.75030e+00   4.18241e+01   4.18333e+01
          5930   5.93000e+03   1.75003e+00   4.16575e+01   4.16667e+01
          5931   5.93100e+03   1.74966e+00   4.14908e+01   4.15000e+01
          5932   5.93200e+03   1.74928e+00   4.13242e+01   4.13333e+01
          5933   5.93300e+03   1.74888e+00   4.11575e+01   4.11667e+01
          5934   5.93400e+03   1.74855e+00   4.09908e+01   4.10000e+01
          5935   5.93500e+03   1.74819e+00   4.08242e+01   4.08333e+01
          5936   5.93600e+03   1.74785e+00   4.06575e+01   4.06667e+01
          5937   5.93700e+03   1.74758e+00   4.04908e+01   4.05000e+01
          5938   5.93800e+03   1.74730e+00   4.03242e+01   4.03333e+01
          5939   5.93900e+03   1.74693e+00   4.01575e+01   4.01667e+01
          5940   5.94000e+03   1.74664e+00   3.99908e+01   4.00000e+01
          5941   5.94100e+03   1.74632e+00   3.98242e+01   3.98333e+01
          5942   5.94200e+03   1.74601e+00   3.96576e+01   3.96667e+01
          5943   5.94300e+03   1.74560e+00   3.94909e+01   3.95000e+01
          5944   5.94400e+03   1.74523e+00   3.93243e+01   3.93333e+01
          5945   5.94500e+03   1.74484e+00   3.91576e+01   3.91667e+01
          5946   5.94600e+03   1.74433e+00   3.89910e+01   3.90000e+01
          5947   5.94700e+03   1.74389e+00   3.88244e+01   3.88333e+01
          5948   5.94800e+03   1.74348e+00   3.86578e+01   3.86667e+01
          5949   5.94900e+03   1.74309e+00   3.84911e+01   3.85000e+01
          5950   5.95000e+03   1.74277e+00   3.83245e+01   3.83333e+01
          5951   5.95100e+03   1.74241e+00   3.81579e+01   3.81667e+01
          5952   5.95200e+03   1.74211e+00   3.79912e+01   3.80000e+01
          5953   5.95300e+03   1.74180e+00   3.78246e+01   3.78333e+01
          5954   5.95400e+03   1.74149e+00   3.76579e+01   3.76667e+01
          5955   5.95500e+03   1.74121e+00   3.74913e+01   3.75000e+01
          5956   5.95600e+03   1.74092e+00   3.73246e+01   3.73333e+01
          5957   5.95700e+03   1.74060e+00   3.71580e+01   3.71667e+01
          5958   5.95800e+03   1.74028e+00   3.69914e+01   3.70000e+01
          5959   5.95900e+03   1.73993e+00   3.68247e+01   3.68333e+01
          5960   5.96000e+03   1.73958e+00   3.66581e+01   3.66667e+01
          5961   5.96100e+03   1.73917e+00   3.64915e+01   3.65000e+01
          5962   5.96200e+03   1.73879e+00   3.63248e+01   3.63333e+01
          5963   5.96300e+03   1.73848e+00   3.61582e+01   3.61667e+01
          5964   5.96400e+03   1.73816e+00   3.59915e+01   3.60000e+01
          5965   5.96500e+03   1.73781e+00   3.58249e+01   3.58333e+01
          5966   5.96600e+03   1.73742e+00   3.56582e+01   3.56667e+01
          5967   5.96700e+03   1.73705e+00   3.54916e+01   3.55000e+01
          5968   5.96800e+03   1.73664e+00   3.53249e+01   3.53333e+01
          5969   5.96900e+03   1.73630e+00   3.51583e+01   3.51667e+01
          5970   5.97000e+03   1.73598e+00   3.49916e+01   3.50000e+01
          5971   5.97100e+03   1.73558e+00   3.48250e+01   3.48333e+01
          5972   5.97200e+03   1.73520e+00   3.46583e+01   3.46667e+01
          5973   5.97300e+03   1.73483e+00   3.44917e+01   3.45000e+01
          5974   5.97400e+03   1.73442e+00   3.43251e+01   3.43333e+01
          5975   5.97500e+03   1.73406e+00   3.41584e+01   3.41667e+01
          5976   5.97600e+03   1.73375e+00   3.39918e+01   3.40000e+01
          5977   5.97700e+03   1.73345e+00   3.38252e+01   3.38333e+01
          5978   5.97800e+03   1.73307e+00   3.36585e+01   3.36667e+01
          5979   5.97900e+03   1.73274e+00   3.34919e+01   3.35000e+01
          5980   5.98000e+03   1.73242e+00   3.33253e+01   3.33333e+01
          5981   5.98100e+03   1.73204e+00   3.31586e+01   3.31667e+01
          5982   5.98200e+03   1.73162e+00   3.29920e+01   3.30000e+01
          5983   5.98300e+03   1.73124e+00   3.28254e+01   3.28333e+01
          5984   5.98400e+03   1.73089e+00   3.26587e+01   3.26667e+01
          5985   5.98500e+03   1.73046e+00   3.24921e+01   3.25000e+01
          5986   5.98600e+03   1.73008e+00   3.23255e+01   3.23333e+01
          5987   5.98700e+03   1.72969e+00   3.21589e+01   3.21667e+01
          5988   5.98800e+03   1.72932e+00   3.19922e+01   3.20000e+01
          5989   5.98900e+03   1.72891e+00   3.18256e+01   3.18333e+01
          5990   5.99000e+03   1.72852e+00   3.16590e+01   3.16667e+01
          5991   5.99100e+03   1.72818e+00   3.14923e+01   3.15000e+01
          5992   5.99200e+03   1.72785e+00   3.13257e+01   3.13333e+01
          5993   5.99300e+03   1.72750e+00   3.11591e+01   3.11667e+01
          5994   5.99400e+03   1.72714e+00   3.09925e+01   3.10000e+01
          5995   5.99500e+03   1.72676e+00   3.08258e+01   3.08333e+01
          5996   5.99600e+03   1.72642e+00   3.06592e+01   3.06667e+01
          5997   5.99700e+03   1.72604e+00   3.04926e+01   3.05000e+01
          5998   5.99800e+03   1.72570e+00   3.03259e+01   3.03333e+01
          5999   5.99900e+03   1.72536e+00   3.01593e+01   3.01667e+01
          6000   6.00000e+03   1.72504e+00   2.99927e+01   3.00000e+01
          6001   6.00100e+03   1.72464e+00   2.98260e+01   2.98333e+01
          6002   6.00200e+03   1.72432e+00   2.96594e+01   2.96667e+01
          6003   6.00300e+03   1.72401e+00   2.94927e+01   2.95000e+01
          6004   6.00400e+03   1.72372e+00   2.93261e+01   2.93333e+01
          6005   6.00500e+03   1.72338e+00   2.91595e+01   2.91667e+01
          6006   6.00600e+03   1.72300e+00   2.89928e+01   2.90000e+01
          6007   6.00700e+03   1.72266e+00   2.88262e+01   2.88333e+01
          6008   6.00800e+03   1.72228e+00   2.86595e+01   2.86667e+01
          6009   6.00900e+03   1.72187e+00   2.84929e+01   2.85000e+01
          6010   6.01000e+03   1.72154e+00   2.83263e+01   2.83333e+01
          6011   6.01100e+03   1.72118e+00   2.81596e+01   2.81667e+01
          6012   6.01200e+03   1.72078e+00   2.79930e+01   2.80000e+01
          6013   6.01300e+03   1.72031e+00   2.78264e+01   2.78333e+01
          6014   6.01400e+03   1.71985e+00   2.76598e+01   2.76667e+01
          6015   6.01500e+03   1.71946e+00   2.74931e+01   2.75000e+01
          6016   6.01600e+03   1.71905e+00   2.73265e+01   2.73333e+01
          6017   6.01700e+03   1.71864e+00   2.71599e+01   2.71667e+01
          6018   6.01800e+03   1.71824e+00   2.69932e+01   2.70000e+01
          6019   6.01900e+03   1.71780e+00   2.68266e+01   2.68333e+01
          6020   6.02000e+03   1.71734e+00   2.66600e+01   2.66667e+01
          6021   6.02100e+03   1.71687e+00   2.64934e+01   2.65000e+01
          6022   6.02200e+03   1.71654e+00   2.63268e+01   2.63333e+01
          6023   6.02300e+03   1.71621e+00   2.61602e+01   2.61667e+01
          6024   6.02400e+03   1.71588e+00   2.59936e+01   2.60000e+01
          6025   6.02500e+03   1.71555e+00   2.58270e+01   2.58333e+01
          6026   6.02600e+03   1.71523e+00   2.56604e+01   2.56667e+01
          6027   6.02700e+03   1.71497e+00   2.54938e+01   2.55000e+01
          6028   6.02800e+03   1.71475e+00   2.53272e+01   2.53333e+01
          6029   6.02900e+03   1.71460e+00   2.51606e+01   2.51667e+01
          6030   6.03000e+03   1.71450e+00   2.49939e+01   2.50000e+01
LUB443, 12.12.2025 14:02:50
